,AM.P1.D,AM.P1.R,AM.P2.D,AM.P2.R,TIA.P1.D,TIA.P1.R,TIA.P2.D,TIA.P2.R,TI.P1.D,TI.P1.R,TI.P2.D,TI.P2.R,TI.P3.D,TI.P3.R,TI.P4.D,TI.P4.R,VI.P1.D,VI.P1.R,VI.P2.D,VI.P2.R
"M00001 | Glycolysis (Embden-Meyerhof pathway), glucose => pyruvate",Complete,Complete,Complete,Complete,Complete,Complete,Complete,Complete,Complete,Complete,Complete,Complete,Complete,Complete,Complete,Complete,Complete,Complete,Complete,Complete
"M00002 | Glycolysis, core module involving three-carbon compounds",Complete,Complete,Complete,Complete,Complete,Complete,Complete,Complete,Complete,Complete,Complete,Complete,Complete,Complete,Complete,Complete,Complete,Complete,Complete,Complete
"M00003 | Gluconeogenesis, oxaloacetate => fructose-6P",Complete,Complete,Complete,Complete,Complete,Complete,Complete,Complete,Complete,Complete,Complete,Complete,Complete,Complete,Complete,Complete,Complete,Complete,Complete,Complete
M00004 | Pentose phosphate pathway (Pentose phosphate cycle),Complete,Complete,Complete,Complete,Complete,Complete,Complete,Complete,Complete,Complete,Complete,Complete,Complete,Complete,Complete,Complete,Complete,Complete,Complete,Complete
"M00005 | PRPP biosynthesis, ribose 5P => PRPP",Complete,Complete,Complete,Complete,Complete,Complete,Complete,Complete,Complete,Complete,Complete,Complete,Complete,Complete,Complete,Complete,Complete,Complete,Complete,Complete
"M00006 | Pentose phosphate pathway, oxidative phase, glucose 6P => ribulose 5P",Complete,Complete,Complete,Complete,Complete,Complete,Complete,Complete,Complete,Complete,Complete,Complete,Complete,Complete,Complete,Complete,Complete,Complete,Complete,Complete
"M00007 | Pentose phosphate pathway, non-oxidative phase, fructose 6P => ribose 5P",Complete,Complete,Complete,Complete,Complete,Complete,Complete,Complete,Complete,Complete,Complete,Complete,Complete,Complete,Complete,Complete,Complete,Complete,Complete,Complete
"M00008 | Entner-Doudoroff pathway, glucose-6P => glyceraldehyde-3P + pyruvate",1 block missing,1 block missing,1 block missing,1 block missing,1 block missing,1 block missing,1 block missing,1 block missing,1 block missing,1 block missing,1 block missing,Complete,1 block missing,1 block missing,1 block missing,Complete,1 block missing,1 block missing,1 block missing,1 block missing
"M00009 | Citrate cycle (TCA cycle, Krebs cycle)",Complete,Complete,Complete,Complete,Complete,Complete,1 block missing,1 block missing,Complete,1 block missing,Complete,Complete,Complete,1 block missing,1 block missing,Complete,Complete,Complete,Complete,Complete
"M00010 | Citrate cycle, first carbon oxidation, oxaloacetate => 2-oxoglutarate",Complete,Complete,Complete,Complete,Complete,Complete,Complete,Complete,Complete,Complete,Complete,Complete,Complete,Complete,Complete,Complete,Complete,Complete,Complete,Complete
"M00011 | Citrate cycle, second carbon oxidation, 2-oxoglutarate => oxaloacetate",Complete,Complete,Complete,Complete,Complete,Complete,1 block missing,1 block missing,Complete,1 block missing,Complete,Complete,Complete,1 block missing,1 block missing,Complete,Complete,Complete,Complete,Complete
M00012 | Glyoxylate cycle,Complete,Complete,Incomplete,Complete,Complete,Complete,Complete,Complete,Complete,Complete,Complete,Complete,Complete,Complete,Complete,Complete,Complete,Complete,Complete,Complete
"M00013 | Malonate semialdehyde pathway, propanoyl-CoA => acetyl-CoA",1 block missing,1 block missing,Incomplete,Incomplete,Incomplete,Incomplete,Incomplete,Incomplete,Incomplete,Incomplete,Incomplete,Incomplete,1 block missing,Incomplete,Incomplete,Incomplete,Incomplete,Incomplete,Incomplete,Incomplete
M00014 | Glucuronate pathway (uronate pathway),Incomplete,Incomplete,Incomplete,Incomplete,Incomplete,Incomplete,Incomplete,Incomplete,Complete,1 block missing,1 block missing,Incomplete,Incomplete,Incomplete,Incomplete,Incomplete,Incomplete,Incomplete,Incomplete,Incomplete
"M00015 | Proline biosynthesis, glutamate => proline",Complete,Complete,Complete,Complete,Complete,Complete,Complete,Complete,Complete,Complete,Complete,Complete,Complete,Complete,Complete,Complete,Complete,Complete,Complete,Complete
"M00016 | Lysine biosynthesis, succinyl-DAP pathway, aspartate => lysine",Complete,Complete,1 block missing,Complete,Complete,Complete,Complete,Complete,Complete,Complete,1 block missing,Complete,Complete,1 block missing,Complete,Complete,1 block missing,Complete,Complete,Complete
"M00017 | Methionine biosynthesis, apartate => homoserine => methionine",Complete,1 block missing,Complete,Complete,1 block missing,Complete,1 block missing,1 block missing,Complete,Complete,Complete,Complete,1 block missing,Complete,Complete,1 block missing,1 block missing,Complete,1 block missing,1 block missing
"M00018 | Threonine biosynthesis, aspartate => homoserine => threonine",Complete,Complete,Complete,Complete,Complete,Complete,Complete,Complete,Complete,Complete,Complete,Complete,Complete,Complete,Complete,Complete,Complete,Complete,Complete,Complete
"M00019 | Valine/isoleucine biosynthesis, pyruvate => valine / 2-oxobutanoate => isoleucine",Complete,Complete,Complete,Complete,Complete,Complete,Complete,Complete,Complete,Complete,Complete,Complete,Complete,Complete,Complete,Complete,Complete,Complete,Complete,Complete
"M00020 | Serine biosynthesis, glycerate-3P => serine",Complete,Complete,1 block missing,Complete,Complete,Complete,Complete,Complete,Complete,Complete,Complete,Complete,Complete,Complete,Complete,Complete,1 block missing,Complete,Complete,Complete
"M00021 | Cysteine biosynthesis, serine => cysteine",Complete,Complete,Complete,Complete,Complete,Complete,Complete,Complete,Complete,Complete,Complete,Complete,Complete,Complete,Complete,Complete,1 block missing,Complete,Complete,Complete
"M00022 | Shikimate pathway, phosphoenolpyruvate + erythrose-4P => chorismate",Complete,Complete,Complete,Complete,Complete,Complete,Complete,Complete,Complete,Complete,Complete,Complete,Complete,Complete,Complete,Complete,Incomplete,Complete,Complete,Complete
"M00023 | Tryptophan biosynthesis, chorismate => tryptophan",Complete,Complete,Complete,Complete,Complete,Complete,Complete,Complete,Complete,Complete,Complete,Complete,Complete,Complete,1 block missing,Complete,Incomplete,1 block missing,Complete,Complete
"M00024 | Phenylalanine biosynthesis, chorismate => phenylalanine",Complete,1 block missing,1 block missing,1 block missing,1 block missing,1 block missing,1 block missing,Complete,Complete,Complete,1 block missing,Complete,1 block missing,1 block missing,1 block missing,1 block missing,1 block missing,1 block missing,1 block missing,Complete
"M00025 | Tyrosine biosynthesis, chorismate => tyrosine",Complete,1 block missing,1 block missing,1 block missing,Complete,1 block missing,1 block missing,Complete,Complete,Complete,1 block missing,Complete,1 block missing,1 block missing,1 block missing,1 block missing,Incomplete,Complete,1 block missing,Complete
"M00026 | Histidine biosynthesis, PRPP => histidine",Complete,Complete,1 block missing,Complete,Complete,Complete,Complete,1 block missing,Complete,Complete,Complete,Complete,Complete,Complete,Complete,Complete,Incomplete,Complete,Complete,Complete
M00027 | GABA (gamma-Aminobutyrate) shunt,Complete,Complete,Complete,Complete,Complete,Complete,Complete,Complete,Complete,Complete,1 block missing,Complete,Complete,1 block missing,Complete,Complete,1 block missing,Complete,Complete,1 block missing
"M00028 | Ornithine biosynthesis, glutamate => ornithine",Complete,Complete,Complete,Complete,Complete,Complete,Complete,Complete,Complete,Complete,Complete,Complete,Complete,Complete,Complete,Complete,Complete,Complete,Complete,Complete
M00029 | Urea cycle,1 block missing,1 block missing,1 block missing,1 block missing,1 block missing,1 block missing,1 block missing,1 block missing,1 block missing,1 block missing,1 block missing,1 block missing,1 block missing,Incomplete,1 block missing,1 block missing,Incomplete,1 block missing,1 block missing,1 block missing
"M00030 | Lysine biosynthesis, AAA pathway, 2-oxoglutarate => 2-aminoadipate => lysine",Incomplete,Incomplete,Incomplete,Incomplete,Incomplete,Incomplete,Incomplete,Incomplete,Incomplete,Incomplete,Incomplete,Incomplete,Incomplete,Incomplete,Incomplete,Incomplete,Incomplete,Incomplete,Incomplete,Incomplete
"M00031 | Lysine biosynthesis, mediated by LysW, 2-aminoadipate => lysine",Incomplete,Incomplete,Incomplete,Incomplete,1 block missing,Incomplete,Incomplete,Incomplete,Incomplete,1 block missing,Incomplete,Incomplete,Incomplete,1 block missing,Incomplete,1 block missing,Incomplete,Incomplete,1 block missing,Incomplete
"M00032 | Lysine degradation, lysine => saccharopine => acetoacetyl-CoA",Incomplete,Incomplete,Incomplete,Incomplete,Incomplete,Incomplete,Incomplete,Incomplete,Incomplete,Incomplete,Incomplete,Incomplete,Incomplete,Incomplete,Incomplete,Incomplete,Incomplete,Incomplete,Incomplete,Incomplete
"M00033 | Ectoine biosynthesis, aspartate => ectoine",Incomplete,Incomplete,Incomplete,Incomplete,Incomplete,Incomplete,Incomplete,Incomplete,Incomplete,Incomplete,Incomplete,Incomplete,Incomplete,Incomplete,Incomplete,Incomplete,Incomplete,Incomplete,Incomplete,Incomplete
M00034 | Methionine salvage pathway,1 block missing,Incomplete,Incomplete,Incomplete,Incomplete,Incomplete,Incomplete,Incomplete,Incomplete,Incomplete,Incomplete,Incomplete,Incomplete,Incomplete,Incomplete,Incomplete,Incomplete,Incomplete,Incomplete,Incomplete
M00035 | Methionine degradation,Complete,Complete,Complete,Complete,1 block missing,Complete,Complete,Complete,Complete,Complete,Incomplete,1 block missing,Complete,Complete,Complete,Complete,1 block missing,Complete,Complete,1 block missing
"M00036 | Leucine degradation, leucine => acetoacetate + acetyl-CoA",1 block missing,Incomplete,Incomplete,1 block missing,1 block missing,Incomplete,Incomplete,Incomplete,Incomplete,Incomplete,Incomplete,Incomplete,1 block missing,Incomplete,Incomplete,1 block missing,Incomplete,Incomplete,1 block missing,Incomplete
"M00037 | Melatonin biosynthesis, tryptophan => serotonin => melatonin",Incomplete,Incomplete,Incomplete,Incomplete,Incomplete,Incomplete,Incomplete,Incomplete,Incomplete,Incomplete,Incomplete,Incomplete,Incomplete,Incomplete,Incomplete,Incomplete,Incomplete,Incomplete,Incomplete,Incomplete
"M00038 | Tryptophan metabolism, tryptophan => kynurenine => 2-aminomuconate",1 block missing,1 block missing,Incomplete,Incomplete,Incomplete,Incomplete,Incomplete,Incomplete,1 block missing,Incomplete,Incomplete,Incomplete,Incomplete,Incomplete,Incomplete,Incomplete,Incomplete,Incomplete,Incomplete,Incomplete
"M00039 | Monolignol biosynthesis, phenylalanine/tyrosine => monolignol",Incomplete,Incomplete,Incomplete,Incomplete,Incomplete,Incomplete,Incomplete,Incomplete,Incomplete,Incomplete,Incomplete,Incomplete,Incomplete,Incomplete,Incomplete,Incomplete,Incomplete,Incomplete,Incomplete,Incomplete
"M00040 | Tyrosine biosynthesis, prephanate => pretyrosine => tyrosine",Complete,Incomplete,1 block missing,Incomplete,Incomplete,1 block missing,Incomplete,1 block missing,Complete,1 block missing,Complete,Complete,Incomplete,Incomplete,Incomplete,1 block missing,1 block missing,Incomplete,1 block missing,Incomplete
"M00042 | Catecholamine biosynthesis, tyrosine => dopamine => noradrenaline => adrenaline",Incomplete,Incomplete,Incomplete,Incomplete,Incomplete,Incomplete,Incomplete,Incomplete,Incomplete,Incomplete,Incomplete,Incomplete,Incomplete,Incomplete,Incomplete,Incomplete,Incomplete,Incomplete,Incomplete,Incomplete
"M00043 | Thyroid hormone biosynthesis, tyrosine => triiodothyronine/thyroxine",1 block missing,1 block missing,1 block missing,1 block missing,1 block missing,1 block missing,1 block missing,1 block missing,1 block missing,1 block missing,1 block missing,1 block missing,1 block missing,1 block missing,1 block missing,1 block missing,1 block missing,1 block missing,1 block missing,1 block missing
"M00044 | Tyrosine degradation, tyrosine => homogentisate",1 block missing,1 block missing,Incomplete,Incomplete,1 block missing,Incomplete,Incomplete,Incomplete,1 block missing,Incomplete,Incomplete,Incomplete,Incomplete,Incomplete,Incomplete,1 block missing,Incomplete,Incomplete,Incomplete,Incomplete
"M00045 | Histidine degradation, histidine => N-formiminoglutamate => glutamate",Complete,Complete,Complete,Complete,Complete,Complete,Complete,Complete,Complete,Complete,Complete,Complete,Complete,Complete,Complete,Complete,Complete,Complete,Complete,Complete
"M00046 | Pyrimidine degradation, uracil => beta-alanine, thymine => 3-aminoisobutanoate",Complete,Complete,Complete,1 block missing,1 block missing,1 block missing,Incomplete,1 block missing,Complete,Complete,1 block missing,Complete,Complete,Incomplete,1 block missing,Complete,1 block missing,1 block missing,Complete,1 block missing
M00047 | Creatine pathway,Incomplete,Incomplete,Incomplete,Incomplete,Incomplete,Incomplete,1 block missing,Incomplete,Incomplete,Incomplete,Incomplete,Incomplete,Incomplete,Incomplete,Incomplete,Incomplete,Incomplete,1 block missing,Incomplete,Incomplete
"M00048 | Inosine monophosphate biosynthesis, PRPP + glutamine => IMP",Complete,Complete,Complete,Complete,Complete,Complete,Complete,Complete,Complete,Complete,Complete,Complete,Complete,Complete,Complete,Complete,Complete,Complete,Complete,Complete
"M00049 | Adenine ribonucleotide biosynthesis, IMP => ADP,ATP",Complete,Complete,Complete,Complete,Complete,Complete,Complete,Complete,Complete,Complete,Complete,Complete,Complete,Complete,Complete,Complete,Complete,Complete,Complete,Complete
"M00050 | Guanine ribonucleotide biosynthesis IMP => GDP,GTP",Complete,Complete,Complete,Complete,Complete,Complete,Complete,Complete,Complete,Complete,Complete,Complete,Complete,Complete,Complete,Complete,1 block missing,Complete,Complete,Complete
"M00051 | Uridine monophosphate biosynthesis, glutamine (+ PRPP) => UMP",Complete,Complete,Complete,Complete,Complete,Complete,Complete,Complete,Complete,Complete,Complete,Complete,Complete,Complete,Complete,Complete,Complete,Complete,Complete,Complete
"M00052 | Pyrimidine ribonucleotide biosynthesis, UMP => UDP/UTP,CDP/CTP",Complete,Complete,Complete,Complete,Complete,Complete,Complete,Complete,Complete,Complete,Complete,Complete,Complete,Complete,Complete,Complete,Complete,Complete,Complete,Complete
"M00053 | Pyrimidine deoxyribonuleotide biosynthesis, CDP/CTP => dCDP/dCTP,dTDP/dTTP",Complete,Complete,1 block missing,Complete,Complete,Complete,Complete,1 block missing,Complete,1 block missing,1 block missing,Complete,Complete,Incomplete,Complete,Complete,Incomplete,1 block missing,Incomplete,1 block missing
M00055 | N-glycan precursor biosynthesis,Incomplete,Incomplete,Incomplete,Incomplete,Incomplete,Incomplete,Incomplete,Incomplete,Incomplete,Incomplete,Incomplete,Incomplete,Incomplete,Incomplete,Incomplete,Incomplete,Incomplete,Incomplete,Incomplete,Incomplete
"M00056 | O-glycan biosynthesis, mucin type core",Incomplete,Incomplete,Incomplete,Incomplete,Incomplete,Incomplete,Incomplete,Incomplete,Incomplete,Incomplete,Incomplete,Incomplete,Incomplete,Incomplete,Incomplete,Incomplete,Incomplete,Incomplete,Incomplete,Incomplete
"M00057 | Glycosaminoglycan biosynthesis, linkage tetrasaccharide",Incomplete,Incomplete,Incomplete,Incomplete,Incomplete,Incomplete,Incomplete,Incomplete,Incomplete,Incomplete,Incomplete,Incomplete,Incomplete,Incomplete,Incomplete,Incomplete,Incomplete,Incomplete,Incomplete,Incomplete
"M00058 | Glycosaminoglycan biosynthesis, chondroitin sulfate backbone",Incomplete,Incomplete,Incomplete,Incomplete,Incomplete,Incomplete,Incomplete,Incomplete,Incomplete,Incomplete,Incomplete,Incomplete,Incomplete,1 block missing,Incomplete,Incomplete,Incomplete,Incomplete,Incomplete,Incomplete
"M00059 | Glycosaminoglycan biosynthesis, heparan sulfate backbone",Incomplete,Incomplete,Incomplete,Incomplete,Incomplete,Incomplete,Incomplete,Incomplete,Incomplete,Incomplete,Incomplete,Incomplete,Incomplete,Incomplete,Incomplete,Incomplete,Incomplete,Incomplete,Incomplete,Incomplete
"M00060 | KDO2-lipid A biosynthesis, Raetz pathway, LpxL-LpxM type",1 block missing,1 block missing,Incomplete,1 block missing,Incomplete,Incomplete,1 block missing,Incomplete,1 block missing,Incomplete,Incomplete,1 block missing,1 block missing,Incomplete,1 block missing,1 block missing,Incomplete,Incomplete,Incomplete,Incomplete
"M00061 | D-Glucuronate degradation, D-glucuronate => pyruvate + D-glyceraldehyde 3P",1 block missing,1 block missing,1 block missing,1 block missing,1 block missing,1 block missing,Complete,1 block missing,1 block missing,1 block missing,Incomplete,1 block missing,Complete,1 block missing,1 block missing,1 block missing,Incomplete,1 block missing,1 block missing,1 block missing
M00063 | CMP-KDO biosynthesis,Complete,Complete,1 block missing,Complete,Complete,Complete,Complete,Complete,Complete,Complete,Complete,Complete,Complete,Complete,Complete,Complete,1 block missing,Complete,Complete,Complete
M00064 | ADP-L-glycero-D-manno-heptose biosynthesis,Complete,Complete,1 block missing,Complete,1 block missing,Complete,Complete,Complete,Complete,1 block missing,Complete,1 block missing,Complete,1 block missing,Complete,Complete,Complete,Complete,Complete,Complete
"M00065 | GPI-anchor biosynthesis, core oligosaccharide",Incomplete,Incomplete,Incomplete,Incomplete,Incomplete,Incomplete,Incomplete,Incomplete,Incomplete,Incomplete,Incomplete,Incomplete,Incomplete,Incomplete,Incomplete,Incomplete,Incomplete,Incomplete,Incomplete,Incomplete
M00066 | Lactosylceramide biosynthesis,Complete,1 block missing,1 block missing,1 block missing,1 block missing,1 block missing,1 block missing,1 block missing,1 block missing,1 block missing,1 block missing,1 block missing,1 block missing,1 block missing,1 block missing,1 block missing,1 block missing,1 block missing,1 block missing,1 block missing
"M00067 | Sulfoglycolipids biosynthesis, ceramide/1-alkyl-2-acylglycerol => sulfatide/seminolipid",Incomplete,Incomplete,Incomplete,Incomplete,Incomplete,Incomplete,Incomplete,Incomplete,Incomplete,Incomplete,Incomplete,Incomplete,Incomplete,Incomplete,Incomplete,Incomplete,Incomplete,Incomplete,Incomplete,Incomplete
"M00068 | Glycosphingolipid biosynthesis, globo-series, LacCer => Gb4Cer",Incomplete,Incomplete,Incomplete,Incomplete,Incomplete,Incomplete,Incomplete,Incomplete,Incomplete,Incomplete,Incomplete,Incomplete,Incomplete,Incomplete,Incomplete,Incomplete,Incomplete,Incomplete,Incomplete,Incomplete
"M00069 | Glycosphingolipid biosynthesis, ganglio series, LacCer => GT3",Incomplete,Incomplete,Incomplete,Incomplete,Incomplete,Incomplete,Incomplete,Incomplete,Incomplete,Incomplete,Incomplete,Incomplete,Incomplete,Incomplete,Incomplete,Incomplete,Incomplete,Incomplete,Incomplete,Incomplete
"M00070 | Glycosphingolipid biosynthesis, lacto-series, LacCer => Lc4Cer",Incomplete,Incomplete,Incomplete,Incomplete,Incomplete,Incomplete,Incomplete,Incomplete,Incomplete,Incomplete,Incomplete,Incomplete,Incomplete,Incomplete,Incomplete,Incomplete,Incomplete,Incomplete,Incomplete,Incomplete
"M00071 | Glycosphingolipid biosynthesis, neolacto-series, LacCer => nLc4Cer",Incomplete,Incomplete,Incomplete,Incomplete,Incomplete,Incomplete,Incomplete,Incomplete,Incomplete,Incomplete,Incomplete,Incomplete,Incomplete,Incomplete,Incomplete,Incomplete,Incomplete,Incomplete,Incomplete,Incomplete
M00072 | N-glycosylation by oligosaccharyltransferase,1 block missing,1 block missing,1 block missing,1 block missing,1 block missing,1 block missing,1 block missing,1 block missing,1 block missing,1 block missing,1 block missing,1 block missing,1 block missing,1 block missing,1 block missing,1 block missing,1 block missing,1 block missing,1 block missing,1 block missing
M00073 | N-glycan precursor trimming,Incomplete,Incomplete,Incomplete,Incomplete,Incomplete,Incomplete,Incomplete,Incomplete,Incomplete,Incomplete,Incomplete,Incomplete,Incomplete,Incomplete,Incomplete,Incomplete,Incomplete,Incomplete,Incomplete,Incomplete
"M00074 | N-glycan biosynthesis, high-mannose type",Incomplete,Incomplete,Incomplete,Incomplete,Incomplete,Incomplete,Incomplete,Incomplete,Incomplete,Incomplete,Incomplete,Incomplete,Incomplete,Incomplete,Incomplete,Incomplete,Incomplete,Incomplete,Incomplete,Incomplete
"M00075 | N-glycan biosynthesis, complex type",Incomplete,Incomplete,Incomplete,Incomplete,Incomplete,Incomplete,Incomplete,Incomplete,Incomplete,Incomplete,Incomplete,Incomplete,Incomplete,Incomplete,Incomplete,Incomplete,Incomplete,Incomplete,Incomplete,Incomplete
M00076 | Dermatan sulfate degradation,Incomplete,Incomplete,Incomplete,Incomplete,Incomplete,Incomplete,Incomplete,Incomplete,Incomplete,Incomplete,Incomplete,Incomplete,Incomplete,Incomplete,Incomplete,Incomplete,Incomplete,Incomplete,Incomplete,Incomplete
M00077 | Chondroitin sulfate degradation,Incomplete,Incomplete,Incomplete,Incomplete,1 block missing,Incomplete,Incomplete,Incomplete,Incomplete,Incomplete,Incomplete,Incomplete,Incomplete,Complete,Incomplete,Incomplete,Incomplete,Incomplete,Incomplete,1 block missing
M00078 | Heparan sulfate degradation,Incomplete,Incomplete,Incomplete,Incomplete,Incomplete,Incomplete,Incomplete,Incomplete,Incomplete,Incomplete,Incomplete,Incomplete,Incomplete,Incomplete,Incomplete,Incomplete,Incomplete,Incomplete,Incomplete,Incomplete
M00079 | Keratan sulfate degradation,Incomplete,Incomplete,1 block missing,Incomplete,1 block missing,Incomplete,1 block missing,Incomplete,Incomplete,Incomplete,1 block missing,Incomplete,Incomplete,1 block missing,Incomplete,Incomplete,Incomplete,1 block missing,Incomplete,1 block missing
M00081 | Pectin degradation,Incomplete,Incomplete,Incomplete,Incomplete,Incomplete,Incomplete,Incomplete,Incomplete,Incomplete,Incomplete,Incomplete,Incomplete,Incomplete,Incomplete,Incomplete,Incomplete,Incomplete,Incomplete,Incomplete,Incomplete
"M00082 | Fatty acid biosynthesis, initiation",Complete,Complete,Complete,Complete,Complete,Complete,Complete,Complete,Complete,Complete,Complete,Complete,Complete,Complete,Complete,Complete,1 block missing,Complete,Complete,Complete
"M00083 | Fatty acid biosynthesis, elongation",Complete,Complete,Complete,Complete,Complete,Complete,Complete,Complete,Complete,Complete,Complete,Complete,Complete,Complete,Complete,Complete,Complete,Complete,Complete,Complete
M00085 | Fatty acid elongation in mitochondria,1 block missing,Incomplete,Incomplete,1 block missing,Incomplete,Incomplete,Incomplete,Incomplete,Incomplete,Incomplete,1 block missing,1 block missing,Incomplete,1 block missing,1 block missing,1 block missing,Incomplete,Incomplete,Incomplete,Incomplete
"M00086 | beta-Oxidation, acyl-CoA synthesis",Complete,Complete,Complete,Complete,Complete,Complete,Complete,Complete,Complete,Complete,Complete,Complete,Complete,Complete,Complete,Complete,Complete,Complete,Complete,Complete
M00087 | beta-Oxidation,Complete,Complete,Complete,Complete,Complete,Complete,Complete,Complete,Complete,Complete,Complete,Complete,Complete,Complete,Complete,Complete,Complete,Complete,Complete,Complete
"M00088 | Ketone body biosynthesis, acetyl-CoA => acetoacetate/3-hydroxybutyrate/acetone",Complete,1 block missing,Incomplete,1 block missing,Incomplete,Incomplete,Incomplete,Complete,Complete,Complete,1 block missing,1 block missing,Complete,Incomplete,Complete,Complete,Incomplete,Incomplete,1 block missing,1 block missing
M00089 | Triacylglycerol biosynthesis,Incomplete,Incomplete,Incomplete,Incomplete,Incomplete,Incomplete,Incomplete,Incomplete,Incomplete,Incomplete,Incomplete,Incomplete,Incomplete,Incomplete,Incomplete,Incomplete,Incomplete,Incomplete,Incomplete,Incomplete
"M00090 | Phosphatidylcholine (PC) biosynthesis, choline => PC",Incomplete,Incomplete,Incomplete,Incomplete,Incomplete,Incomplete,Incomplete,Incomplete,Incomplete,Incomplete,Incomplete,Incomplete,Incomplete,Incomplete,Incomplete,Incomplete,Incomplete,Incomplete,Incomplete,Incomplete
"M00091 | Phosphatidylcholine (PC) biosynthesis, PE => PC",Incomplete,Incomplete,Incomplete,Incomplete,Incomplete,Incomplete,Incomplete,Incomplete,Incomplete,Incomplete,Incomplete,Incomplete,Incomplete,Incomplete,Incomplete,Incomplete,Incomplete,Incomplete,Incomplete,Incomplete
"M00092 | Phosphatidylethanolamine (PE) biosynthesis, ethanolamine => PE",Incomplete,Incomplete,Incomplete,Incomplete,Incomplete,Incomplete,Incomplete,Incomplete,Incomplete,Incomplete,Incomplete,Incomplete,Incomplete,Incomplete,Incomplete,Incomplete,Incomplete,Incomplete,Incomplete,Incomplete
"M00093 | Phosphatidylethanolamine (PE) biosynthesis, PA => PS => PE",Complete,Complete,Complete,Complete,Complete,Complete,Complete,Complete,Complete,Complete,1 block missing,Complete,Complete,Complete,Complete,Complete,1 block missing,Complete,Complete,Complete
M00094 | Ceramide biosynthesis,Incomplete,Incomplete,Incomplete,Incomplete,Incomplete,Incomplete,Incomplete,Incomplete,1 block missing,Incomplete,Incomplete,1 block missing,Incomplete,Incomplete,Incomplete,Incomplete,Incomplete,1 block missing,Incomplete,Incomplete
"M00095 | C5 isoprenoid biosynthesis, mevalonate pathway",Incomplete,Incomplete,1 block missing,1 block missing,1 block missing,1 block missing,Incomplete,1 block missing,1 block missing,1 block missing,1 block missing,1 block missing,1 block missing,1 block missing,1 block missing,Incomplete,Incomplete,1 block missing,Incomplete,1 block missing
"M00096 | C5 isoprenoid biosynthesis, non-mevalonate pathway",Complete,Complete,Complete,Complete,Complete,Complete,Complete,Complete,Complete,Complete,Complete,Complete,Complete,Complete,Complete,Complete,Incomplete,Complete,Complete,Complete
"M00097 | beta-Carotene biosynthesis, GGAP => beta-carotene",Incomplete,Incomplete,Incomplete,Incomplete,Incomplete,Incomplete,Incomplete,Incomplete,1 block missing,Incomplete,Incomplete,Incomplete,Incomplete,Incomplete,Incomplete,Incomplete,Incomplete,Incomplete,Incomplete,Incomplete
M00098 | Acylglycerol degradation,Incomplete,1 block missing,Complete,Incomplete,1 block missing,1 block missing,1 block missing,Incomplete,1 block missing,1 block missing,Incomplete,1 block missing,1 block missing,Incomplete,Incomplete,Complete,1 block missing,1 block missing,1 block missing,Incomplete
M00099 | Sphingosine biosynthesis,Incomplete,Incomplete,Incomplete,Incomplete,Incomplete,Incomplete,Incomplete,Incomplete,Incomplete,Incomplete,Incomplete,Incomplete,Incomplete,Incomplete,Incomplete,Incomplete,Incomplete,Incomplete,Incomplete,Incomplete
M00100 | Sphingosine degradation,1 block missing,1 block missing,1 block missing,1 block missing,1 block missing,1 block missing,1 block missing,Incomplete,Complete,1 block missing,1 block missing,1 block missing,1 block missing,Incomplete,Complete,1 block missing,1 block missing,1 block missing,1 block missing,Complete
"M00101 | Cholesterol biosynthesis, squalene 2,3-epoxide => cholesterol",Incomplete,Incomplete,Incomplete,Incomplete,Incomplete,Incomplete,Incomplete,Incomplete,Incomplete,Incomplete,Incomplete,Incomplete,Incomplete,Incomplete,Incomplete,Incomplete,Incomplete,Incomplete,Incomplete,Incomplete
M00102 | Ergocalciferol biosynthesis,Incomplete,Incomplete,Incomplete,Incomplete,Incomplete,Incomplete,Incomplete,Incomplete,Incomplete,Incomplete,Incomplete,Incomplete,Incomplete,Incomplete,Incomplete,Incomplete,Incomplete,Incomplete,Incomplete,Incomplete
M00103 | Cholecalciferol biosynthesis,Incomplete,Incomplete,Incomplete,Incomplete,Incomplete,Incomplete,Incomplete,Incomplete,Incomplete,Incomplete,Incomplete,Incomplete,Incomplete,Incomplete,Incomplete,Incomplete,Incomplete,Incomplete,Incomplete,Incomplete
"M00104 | Bile acid biosynthesis, cholesterol => cholate/chenodeoxycholate",Incomplete,Incomplete,Incomplete,Incomplete,Incomplete,Incomplete,Incomplete,Incomplete,Incomplete,Incomplete,Incomplete,Incomplete,Incomplete,Incomplete,Incomplete,Incomplete,Incomplete,Incomplete,Incomplete,Incomplete
"M00106 | Conjugated bile acid biosynthesis, cholate => taurocholate/glycocholate",Incomplete,Incomplete,Incomplete,Incomplete,1 block missing,Incomplete,Incomplete,Incomplete,Incomplete,Incomplete,Incomplete,Incomplete,Incomplete,Incomplete,Incomplete,Incomplete,Incomplete,1 block missing,1 block missing,Incomplete
"M00107 | Steroid hormone biosynthesis, cholesterol => prognenolone => progesterone",Incomplete,Incomplete,Incomplete,Incomplete,Incomplete,Incomplete,1 block missing,Incomplete,Incomplete,Incomplete,Incomplete,1 block missing,Incomplete,Incomplete,Incomplete,Incomplete,Incomplete,Incomplete,Incomplete,1 block missing
"M00108 | C21-Steroid hormone biosynthesis, progesterone => corticosterone/aldosterone",Incomplete,Incomplete,Incomplete,Incomplete,Incomplete,Incomplete,Incomplete,Incomplete,Incomplete,Incomplete,Incomplete,Incomplete,Incomplete,Incomplete,Incomplete,Incomplete,Incomplete,Incomplete,Incomplete,Incomplete
"M00109 | C21-Steroid hormone biosynthesis, progesterone => cortisol/cortisone",Incomplete,Incomplete,Incomplete,Incomplete,Incomplete,Incomplete,Incomplete,Incomplete,Incomplete,Incomplete,Incomplete,Incomplete,Incomplete,Incomplete,Incomplete,Incomplete,Incomplete,Incomplete,Incomplete,Incomplete
"M00110 | C19/C18-Steroid hormone biosynthesis, pregnenolone => androstenedione => estrone",Incomplete,Incomplete,Incomplete,Incomplete,Incomplete,Incomplete,Incomplete,Incomplete,Incomplete,Incomplete,Incomplete,Incomplete,Incomplete,Incomplete,Incomplete,Incomplete,Incomplete,Incomplete,Incomplete,Incomplete
M00112 | Tocopherol/tocotorienol biosynthesis,Incomplete,Incomplete,Incomplete,Incomplete,Incomplete,Incomplete,Incomplete,Incomplete,1 block missing,Incomplete,Incomplete,Incomplete,Incomplete,Incomplete,Incomplete,Incomplete,Incomplete,Incomplete,Incomplete,Incomplete
M00113 | Jasmonic acid biosynthesis,Incomplete,Incomplete,Incomplete,Incomplete,Incomplete,Incomplete,Incomplete,Incomplete,Incomplete,Incomplete,Incomplete,Incomplete,Incomplete,Incomplete,Incomplete,Incomplete,Incomplete,Incomplete,Incomplete,Incomplete
"M00114 | Ascorbate biosynthesis, plants, glucose-6P => ascorbate",Incomplete,Incomplete,Incomplete,Incomplete,Incomplete,Incomplete,Incomplete,Incomplete,Incomplete,Incomplete,Incomplete,Incomplete,Incomplete,Incomplete,Incomplete,Incomplete,Incomplete,Incomplete,Incomplete,Incomplete
"M00115 | NAD biosynthesis, aspartate => NAD",Complete,1 block missing,Complete,Complete,Complete,Complete,Complete,Complete,Complete,Complete,Complete,Complete,Complete,Complete,Complete,Complete,Incomplete,1 block missing,1 block missing,Complete
"M00116 | Menaquinone biosynthesis, chorismate => menaquinol",1 block missing,1 block missing,Incomplete,Incomplete,Incomplete,Incomplete,Incomplete,Incomplete,Complete,Incomplete,Incomplete,1 block missing,Incomplete,Incomplete,Incomplete,1 block missing,Incomplete,Incomplete,Incomplete,Incomplete
"M00117 | Ubiquinone biosynthesis, prokaryotes, chorismate => ubiquinone",Incomplete,Incomplete,Incomplete,Incomplete,Incomplete,Incomplete,Incomplete,Incomplete,Incomplete,Incomplete,Incomplete,Incomplete,Incomplete,Incomplete,Incomplete,Incomplete,Incomplete,Incomplete,Incomplete,Incomplete
"M00118 | Glutathione biosynthesis, glutamate => glutathione",Complete,Complete,Incomplete,Complete,1 block missing,Complete,1 block missing,1 block missing,Complete,Complete,Incomplete,Complete,Complete,Incomplete,Complete,1 block missing,Incomplete,1 block missing,Incomplete,Incomplete
"M00119 | Pantothenate biosynthesis, valine/L-aspartate => pantothenate",Complete,1 block missing,1 block missing,Complete,Complete,Complete,Complete,Complete,Complete,Complete,Complete,Complete,Complete,Complete,Complete,Complete,1 block missing,1 block missing,1 block missing,Complete
"M00120 | Coenzyme A biosynthesis, pantothenate => CoA",Complete,Complete,Complete,Complete,Complete,Complete,Complete,Complete,Complete,Complete,Complete,Complete,Complete,Complete,Complete,Complete,Complete,Complete,Complete,Complete
"M00121 | Heme biosynthesis, plants and bacteria, glutamate => heme",Complete,Complete,Incomplete,Complete,Complete,Complete,Complete,1 block missing,Complete,Complete,1 block missing,Complete,Complete,Complete,1 block missing,Complete,1 block missing,1 block missing,1 block missing,1 block missing
"M00122 | Cobalamin biosynthesis, cobinamide => cobalamin",Incomplete,1 block missing,Incomplete,1 block missing,1 block missing,1 block missing,1 block missing,Incomplete,1 block missing,Incomplete,1 block missing,1 block missing,1 block missing,Incomplete,1 block missing,Incomplete,Incomplete,1 block missing,Complete,Complete
"M00123 | Biotin biosynthesis, pimeloyl-ACP/CoA => biotin",Complete,Complete,Incomplete,Complete,1 block missing,1 block missing,Complete,1 block missing,Complete,Complete,Complete,Complete,Complete,1 block missing,Complete,Complete,1 block missing,1 block missing,1 block missing,1 block missing
"M00124 | Pyridoxal biosynthesis, erythrose-4P => pyridoxal-5P",1 block missing,1 block missing,Incomplete,Incomplete,1 block missing,Incomplete,1 block missing,Incomplete,Incomplete,Incomplete,Incomplete,1 block missing,Incomplete,Incomplete,1 block missing,1 block missing,Incomplete,1 block missing,Incomplete,Incomplete
"M00125 | Riboflavin biosynthesis, GTP => riboflavin/FMN/FAD",Complete,Complete,Complete,Complete,1 block missing,1 block missing,1 block missing,1 block missing,1 block missing,1 block missing,1 block missing,1 block missing,1 block missing,1 block missing,1 block missing,1 block missing,Incomplete,Complete,1 block missing,Complete
"M00126 | Tetrahydrofolate biosynthesis, GTP => THF",1 block missing,Incomplete,Incomplete,1 block missing,Incomplete,Incomplete,Incomplete,Incomplete,Incomplete,Incomplete,Incomplete,Incomplete,Incomplete,Incomplete,Incomplete,Incomplete,Incomplete,Incomplete,Incomplete,Incomplete
"M00127 | Thiamine biosynthesis, AIR => thiamine-P/thiamine-2P",1 block missing,Complete,Incomplete,Complete,1 block missing,1 block missing,1 block missing,1 block missing,Complete,1 block missing,Complete,1 block missing,1 block missing,1 block missing,Complete,1 block missing,Incomplete,1 block missing,1 block missing,1 block missing
"M00128 | Ubiquinone biosynthesis, eukaryotes, 4-hydroxybenzoate => ubiquinone",Incomplete,1 block missing,Incomplete,1 block missing,Incomplete,Incomplete,Incomplete,Incomplete,Incomplete,Incomplete,Incomplete,Incomplete,Incomplete,Incomplete,Incomplete,Incomplete,Incomplete,Incomplete,Incomplete,Incomplete
"M00129 | Ascorbate biosynthesis, animals, glucose-1P => ascorbate",Incomplete,Incomplete,Incomplete,1 block missing,Incomplete,Incomplete,Incomplete,Incomplete,Incomplete,Incomplete,Incomplete,Incomplete,Incomplete,Incomplete,Incomplete,Incomplete,Incomplete,Incomplete,Incomplete,Incomplete
"M00130 | Inositol phosphate metabolism, PI=> PIP2 => Ins(1,4,5)P3 => Ins(1,3,4,5)P4",Incomplete,Incomplete,Incomplete,Incomplete,Incomplete,Incomplete,Incomplete,Incomplete,Incomplete,Incomplete,Incomplete,Incomplete,Incomplete,Incomplete,Incomplete,Incomplete,Incomplete,Incomplete,Incomplete,Incomplete
"M00131 | Inositol phosphate metabolism, Ins(1,3,4,5)P4 => Ins(1,3,4)P3 => myo-inositol",Incomplete,Incomplete,Incomplete,Incomplete,Incomplete,Incomplete,Incomplete,Incomplete,Incomplete,Incomplete,Incomplete,Incomplete,Incomplete,Incomplete,Incomplete,Incomplete,Incomplete,Incomplete,Incomplete,Incomplete
"M00132 | Inositol phosphate metabolism, Ins(1,3,4)P3 => phytate",Incomplete,Incomplete,Incomplete,Incomplete,Incomplete,Incomplete,Incomplete,Incomplete,Incomplete,Incomplete,Incomplete,Incomplete,Incomplete,Incomplete,Incomplete,Incomplete,Incomplete,Incomplete,Incomplete,Incomplete
"M00133 | Polyamine biosynthesis, arginine => agmatine => putrescine => spermidine",Complete,Complete,Complete,Complete,Complete,Complete,Complete,Complete,Complete,Complete,Complete,Complete,Complete,Complete,Complete,Complete,Incomplete,Complete,Complete,Complete
"M00134 | Polyamine biosynthesis, arginine => ornithine => putrescine",Complete,Complete,Complete,Complete,Complete,Complete,Complete,Complete,Complete,Complete,Complete,Complete,Complete,1 block missing,Complete,Complete,1 block missing,Complete,Complete,Complete
"M00135 | GABA biosynthesis, eukaryotes, putrescine => GABA",Complete,Complete,1 block missing,1 block missing,1 block missing,Incomplete,1 block missing,1 block missing,1 block missing,Incomplete,1 block missing,1 block missing,1 block missing,1 block missing,1 block missing,1 block missing,Incomplete,1 block missing,Incomplete,Incomplete
"M00136 | GABA biosynthesis, prokaryotes, putrescine => GABA",Incomplete,1 block missing,Incomplete,Incomplete,Incomplete,Incomplete,Incomplete,Incomplete,1 block missing,Incomplete,Incomplete,Incomplete,Incomplete,Incomplete,Incomplete,Incomplete,Incomplete,Incomplete,Incomplete,Incomplete
"M00137 | Flavanone biosynthesis, phenylalanine => naringenin",Incomplete,Incomplete,Incomplete,Incomplete,Incomplete,Incomplete,Incomplete,Incomplete,Incomplete,Incomplete,Incomplete,Incomplete,Incomplete,Incomplete,Incomplete,Incomplete,Incomplete,Incomplete,Incomplete,Incomplete
"M00138 | Flavonoid biosynthesis, naringenin => pelargonidin",Incomplete,Incomplete,Incomplete,Incomplete,Incomplete,Incomplete,Incomplete,Incomplete,Incomplete,Incomplete,Incomplete,Incomplete,Incomplete,Incomplete,Incomplete,Incomplete,Incomplete,Incomplete,Incomplete,Incomplete
"M00140 | C1-unit interconversion, prokaryotes",Complete,Complete,Complete,Complete,Complete,Complete,Complete,Complete,Complete,Complete,Complete,Complete,Complete,Complete,Complete,1 block missing,Complete,Complete,Complete,Complete
"M00141 | C1-unit interconversion, eukaryotes",Incomplete,Complete,Complete,Complete,Complete,Incomplete,1 block missing,Complete,Incomplete,1 block missing,Complete,Complete,Complete,Complete,Incomplete,Complete,Incomplete,Complete,Incomplete,Complete
"M00142 | NADH:ubiquinone oxidoreductase, mitochondria",1 block missing,1 block missing,1 block missing,1 block missing,1 block missing,1 block missing,1 block missing,1 block missing,1 block missing,1 block missing,1 block missing,1 block missing,1 block missing,1 block missing,1 block missing,1 block missing,1 block missing,1 block missing,1 block missing,1 block missing
"M00143 | NADH dehydrogenase (ubiquinone) Fe-S protein/flavoprotein complex, mitochondria",1 block missing,1 block missing,1 block missing,1 block missing,1 block missing,1 block missing,1 block missing,1 block missing,1 block missing,1 block missing,1 block missing,1 block missing,1 block missing,1 block missing,1 block missing,1 block missing,1 block missing,1 block missing,1 block missing,1 block missing
"M00144 | NADH:quinone oxidoreductase, prokaryotes",Complete,Complete,1 block missing,1 block missing,Complete,1 block missing,1 block missing,1 block missing,Complete,1 block missing,Complete,Complete,1 block missing,1 block missing,Complete,Complete,1 block missing,Complete,1 block missing,Complete
"M00145 | NAD(P)H:quinone oxidoreductase, chloroplasts and cyanobacteria",1 block missing,1 block missing,1 block missing,1 block missing,1 block missing,1 block missing,1 block missing,1 block missing,Complete,1 block missing,1 block missing,1 block missing,1 block missing,1 block missing,1 block missing,1 block missing,1 block missing,1 block missing,1 block missing,1 block missing
M00146 | NADH dehydrogenase (ubiquinone) 1 alpha subcomplex,1 block missing,1 block missing,1 block missing,1 block missing,1 block missing,1 block missing,1 block missing,1 block missing,1 block missing,1 block missing,1 block missing,1 block missing,1 block missing,1 block missing,1 block missing,1 block missing,1 block missing,1 block missing,1 block missing,1 block missing
M00147 | NADH dehydrogenase (ubiquinone) 1 beta subcomplex,1 block missing,1 block missing,1 block missing,1 block missing,1 block missing,1 block missing,1 block missing,1 block missing,1 block missing,1 block missing,1 block missing,1 block missing,1 block missing,1 block missing,1 block missing,1 block missing,1 block missing,1 block missing,1 block missing,1 block missing
M00148 | Succinate dehydrogenase (ubiquinone),1 block missing,1 block missing,1 block missing,1 block missing,1 block missing,1 block missing,1 block missing,1 block missing,1 block missing,1 block missing,1 block missing,1 block missing,1 block missing,1 block missing,1 block missing,1 block missing,1 block missing,1 block missing,1 block missing,1 block missing
"M00149 | Succinate dehydrogenase, prokaryotes",Complete,Complete,1 block missing,1 block missing,1 block missing,1 block missing,1 block missing,1 block missing,Complete,1 block missing,1 block missing,1 block missing,1 block missing,1 block missing,Complete,1 block missing,1 block missing,1 block missing,1 block missing,1 block missing
"M00150 | Fumarate reductase, prokaryotes",Complete,1 block missing,1 block missing,1 block missing,1 block missing,1 block missing,1 block missing,1 block missing,1 block missing,1 block missing,1 block missing,1 block missing,Complete,1 block missing,1 block missing,1 block missing,1 block missing,1 block missing,1 block missing,1 block missing
M00151 | Cytochrome bc1 complex respiratory unit,Complete,Complete,1 block missing,Complete,1 block missing,Complete,1 block missing,1 block missing,Complete,1 block missing,1 block missing,1 block missing,1 block missing,1 block missing,Complete,1 block missing,1 block missing,1 block missing,1 block missing,1 block missing
M00152 | Cytochrome bc1 complex,1 block missing,1 block missing,1 block missing,1 block missing,1 block missing,1 block missing,1 block missing,1 block missing,1 block missing,1 block missing,1 block missing,1 block missing,1 block missing,1 block missing,1 block missing,1 block missing,1 block missing,1 block missing,1 block missing,1 block missing
M00153 | Cytochrome bd ubiquinol oxidase,1 block missing,1 block missing,1 block missing,1 block missing,1 block missing,1 block missing,1 block missing,1 block missing,1 block missing,1 block missing,1 block missing,1 block missing,1 block missing,1 block missing,1 block missing,1 block missing,1 block missing,1 block missing,1 block missing,1 block missing
M00154 | Cytochrome c oxidase,1 block missing,1 block missing,1 block missing,1 block missing,1 block missing,1 block missing,1 block missing,1 block missing,1 block missing,1 block missing,1 block missing,1 block missing,1 block missing,1 block missing,1 block missing,1 block missing,1 block missing,1 block missing,1 block missing,1 block missing
"M00155 | Cytochrome c oxidase, prokaryotes",Complete,Complete,1 block missing,Complete,Complete,Complete,Complete,Complete,Complete,Complete,Complete,Complete,Complete,1 block missing,Complete,1 block missing,Complete,Complete,Complete,1 block missing
"M00156 | Cytochrome c oxidase, cbb3-type",1 block missing,1 block missing,1 block missing,1 block missing,1 block missing,1 block missing,1 block missing,1 block missing,1 block missing,1 block missing,1 block missing,1 block missing,1 block missing,1 block missing,1 block missing,1 block missing,1 block missing,1 block missing,1 block missing,1 block missing
"M00157 | F-type ATPase, prokaryotes and chloroplasts",Complete,1 block missing,1 block missing,1 block missing,1 block missing,1 block missing,1 block missing,1 block missing,Complete,1 block missing,1 block missing,1 block missing,1 block missing,1 block missing,1 block missing,1 block missing,1 block missing,1 block missing,1 block missing,1 block missing
"M00158 | F-type ATPase, eukaryotes",1 block missing,1 block missing,1 block missing,1 block missing,1 block missing,1 block missing,1 block missing,1 block missing,1 block missing,1 block missing,1 block missing,1 block missing,1 block missing,1 block missing,1 block missing,1 block missing,1 block missing,1 block missing,1 block missing,1 block missing
"M00159 | V/A-type ATPase, prokaryotes",1 block missing,1 block missing,1 block missing,1 block missing,1 block missing,1 block missing,1 block missing,1 block missing,1 block missing,1 block missing,1 block missing,1 block missing,1 block missing,1 block missing,1 block missing,1 block missing,1 block missing,1 block missing,1 block missing,1 block missing
"M00160 | V-type ATPase, eukaryotes",1 block missing,1 block missing,1 block missing,1 block missing,1 block missing,1 block missing,1 block missing,1 block missing,1 block missing,1 block missing,1 block missing,1 block missing,1 block missing,1 block missing,1 block missing,1 block missing,1 block missing,1 block missing,1 block missing,1 block missing
M00161 | Photosystem II,1 block missing,1 block missing,1 block missing,1 block missing,1 block missing,1 block missing,1 block missing,1 block missing,Complete,1 block missing,1 block missing,1 block missing,1 block missing,1 block missing,1 block missing,1 block missing,1 block missing,1 block missing,1 block missing,1 block missing
M00162 | Cytochrome b6f complex,1 block missing,1 block missing,1 block missing,1 block missing,1 block missing,1 block missing,1 block missing,1 block missing,1 block missing,1 block missing,1 block missing,1 block missing,1 block missing,1 block missing,1 block missing,1 block missing,1 block missing,1 block missing,1 block missing,1 block missing
M00163 | Photosystem I,1 block missing,1 block missing,1 block missing,1 block missing,1 block missing,1 block missing,1 block missing,1 block missing,Complete,1 block missing,1 block missing,1 block missing,1 block missing,1 block missing,1 block missing,1 block missing,1 block missing,1 block missing,1 block missing,1 block missing
M00165 | Reductive pentose phosphate cycle (Calvin cycle),Complete,Complete,1 block missing,1 block missing,Complete,1 block missing,1 block missing,Complete,Complete,1 block missing,1 block missing,1 block missing,Complete,1 block missing,Complete,1 block missing,1 block missing,1 block missing,1 block missing,1 block missing
"M00166 | Reductive pentose phosphate cycle, ribulose-5P => glyceraldehyde-3P",Complete,Complete,Complete,Complete,Complete,Complete,Complete,Complete,Complete,Complete,Complete,Complete,Complete,Complete,Complete,Complete,Complete,Complete,Complete,Complete
"M00167 | Reductive pentose phosphate cycle, glyceraldehyde-3P => ribulose-5P",Complete,Complete,1 block missing,1 block missing,Complete,1 block missing,1 block missing,Complete,Complete,1 block missing,1 block missing,1 block missing,Complete,1 block missing,Complete,1 block missing,1 block missing,1 block missing,1 block missing,1 block missing
"M00168 | CAM (Crassulacean acid metabolism), dark",Complete,Complete,1 block missing,Complete,Complete,Complete,Complete,Complete,Complete,Complete,Complete,Complete,Complete,Complete,Complete,Complete,Complete,Complete,Complete,Complete
"M00169 | CAM (Crassulacean acid metabolism), light",Complete,Complete,Complete,Complete,Complete,Complete,Complete,Complete,Complete,Complete,1 block missing,Complete,1 block missing,1 block missing,Complete,Complete,Complete,Complete,Complete,Complete
"M00170 | C4-dicarboxylic acid cycle, phosphoenolpyruvate carboxykinase type",Incomplete,1 block missing,Incomplete,Incomplete,1 block missing,1 block missing,Incomplete,Incomplete,Incomplete,Incomplete,Incomplete,Incomplete,1 block missing,Incomplete,Incomplete,1 block missing,Incomplete,Incomplete,Incomplete,Incomplete
"M00171 | C4-dicarboxylic acid cycle, NAD - malic enzyme type",Incomplete,Incomplete,Incomplete,Incomplete,1 block missing,Incomplete,Incomplete,Incomplete,Incomplete,Incomplete,Incomplete,Incomplete,Incomplete,Incomplete,Incomplete,Incomplete,Incomplete,Incomplete,Incomplete,Incomplete
"M00172 | C4-dicarboxylic acid cycle, NADP - malic enzyme type",1 block missing,1 block missing,Incomplete,1 block missing,1 block missing,1 block missing,1 block missing,1 block missing,1 block missing,1 block missing,Incomplete,1 block missing,Incomplete,Incomplete,1 block missing,1 block missing,1 block missing,1 block missing,1 block missing,1 block missing
M00173 | Reductive citrate cycle (Arnon-Buchanan cycle),1 block missing,1 block missing,Incomplete,1 block missing,1 block missing,Incomplete,Incomplete,1 block missing,Incomplete,1 block missing,Incomplete,1 block missing,1 block missing,1 block missing,1 block missing,1 block missing,1 block missing,1 block missing,1 block missing,1 block missing
"M00174 | Methane oxidation, methanotroph, methane => formaldehyde",Incomplete,Incomplete,Incomplete,Incomplete,Incomplete,Incomplete,Incomplete,Incomplete,Incomplete,Incomplete,Incomplete,Incomplete,Incomplete,Incomplete,Incomplete,Incomplete,Incomplete,Incomplete,Incomplete,Incomplete
"M00175 | Nitrogen fixation, nitrogen => ammonia",1 block missing,Complete,1 block missing,1 block missing,Complete,1 block missing,Complete,1 block missing,Complete,1 block missing,1 block missing,1 block missing,1 block missing,1 block missing,Complete,1 block missing,1 block missing,1 block missing,1 block missing,1 block missing
"M00176 | Assimilatory sulfate reduction, sulfate => H2S",Complete,Complete,1 block missing,Complete,1 block missing,Complete,1 block missing,1 block missing,Complete,1 block missing,1 block missing,1 block missing,Complete,1 block missing,Complete,Complete,Incomplete,1 block missing,1 block missing,1 block missing
"M00307 | Pyruvate oxidation, pyruvate => acetyl-CoA",Complete,Complete,Complete,Complete,Complete,Complete,Complete,Complete,Complete,Complete,Complete,Complete,Complete,Complete,Complete,Complete,Complete,Complete,Complete,Complete
"M00308 | Semi-phosphorylative Entner-Doudoroff pathway, gluconate => glycerate-3P",1 block missing,1 block missing,1 block missing,1 block missing,1 block missing,1 block missing,1 block missing,1 block missing,1 block missing,1 block missing,1 block missing,1 block missing,1 block missing,1 block missing,1 block missing,1 block missing,1 block missing,1 block missing,1 block missing,1 block missing
"M00309 | Non-phosphorylative Entner-Doudoroff pathway, gluconate/galactonate => glycerate",Incomplete,Incomplete,Incomplete,Incomplete,Incomplete,Incomplete,Incomplete,Incomplete,Incomplete,Incomplete,Incomplete,Incomplete,Incomplete,Incomplete,Incomplete,Incomplete,Incomplete,Incomplete,Incomplete,Incomplete
"M00338 | Cysteine biosynthesis, homocysteine + serine => cysteine",Complete,Complete,1 block missing,Complete,1 block missing,Complete,Complete,Complete,Complete,Complete,1 block missing,1 block missing,Complete,Complete,Complete,Complete,Complete,Complete,Complete,Complete
"M00344 | Formaldehyde assimilation, xylulose monophosphate pathway",1 block missing,1 block missing,1 block missing,Incomplete,1 block missing,1 block missing,1 block missing,Incomplete,1 block missing,1 block missing,1 block missing,1 block missing,1 block missing,Incomplete,1 block missing,1 block missing,Incomplete,1 block missing,1 block missing,1 block missing
"M00345 | Formaldehyde assimilation, ribulose monophosphate pathway",Complete,Complete,Complete,Complete,Complete,Complete,Complete,Complete,Complete,Complete,Complete,Complete,Complete,Complete,Complete,Complete,Complete,Complete,Complete,Complete
"M00346 | Formaldehyde assimilation, serine pathway",Incomplete,Incomplete,Incomplete,Incomplete,Incomplete,Incomplete,Incomplete,Incomplete,Incomplete,Incomplete,Incomplete,Incomplete,Incomplete,Incomplete,Incomplete,Incomplete,Incomplete,Incomplete,Incomplete,Incomplete
"M00356 | Methanogenesis, methanol => methane",1 block missing,1 block missing,1 block missing,1 block missing,1 block missing,1 block missing,1 block missing,Incomplete,Incomplete,1 block missing,1 block missing,1 block missing,1 block missing,1 block missing,Incomplete,Incomplete,Incomplete,1 block missing,1 block missing,Incomplete
"M00357 | Methanogenesis, acetate => methane",1 block missing,1 block missing,1 block missing,1 block missing,Incomplete,1 block missing,1 block missing,Incomplete,Incomplete,Incomplete,1 block missing,1 block missing,1 block missing,Incomplete,Incomplete,Incomplete,Incomplete,1 block missing,1 block missing,Incomplete
M00358 | Coenzyme M biosynthesis,1 block missing,1 block missing,1 block missing,1 block missing,1 block missing,1 block missing,1 block missing,Incomplete,1 block missing,1 block missing,1 block missing,1 block missing,1 block missing,1 block missing,1 block missing,1 block missing,Incomplete,1 block missing,1 block missing,1 block missing
"M00363 | EHEC pathogenicity signature, Shiga toxin",Incomplete,Incomplete,Incomplete,Incomplete,Incomplete,Incomplete,Incomplete,Incomplete,Incomplete,Incomplete,Incomplete,Incomplete,Incomplete,Incomplete,Incomplete,Incomplete,Incomplete,Incomplete,Incomplete,Incomplete
"M00364 | C10-C20 isoprenoid biosynthesis, bacteria",Complete,Complete,Complete,Complete,Complete,Complete,Complete,Complete,Complete,Complete,Complete,Complete,Complete,Complete,Complete,Complete,Complete,Complete,Complete,Complete
"M00365 | C10-C20 isoprenoid biosynthesis, archaea",Complete,Complete,Complete,Complete,Complete,Complete,Complete,Complete,Complete,Complete,Complete,Complete,Complete,Complete,Complete,1 block missing,Complete,Complete,Complete,Complete
"M00366 | C10-C20 isoprenoid biosynthesis, plants",Incomplete,Incomplete,Incomplete,1 block missing,1 block missing,Incomplete,Incomplete,Incomplete,Incomplete,Incomplete,Incomplete,Incomplete,Incomplete,Incomplete,Incomplete,Incomplete,Incomplete,Incomplete,Incomplete,Incomplete
"M00367 | C10-C20 isoprenoid biosynthesis, non-plant eukaryotes",Incomplete,Incomplete,Incomplete,1 block missing,1 block missing,Incomplete,Incomplete,Incomplete,Incomplete,1 block missing,Incomplete,Incomplete,Incomplete,Incomplete,Incomplete,1 block missing,Incomplete,Incomplete,Incomplete,Incomplete
"M00368 | Ethylene biosynthesis, methionine => ethylene",Incomplete,Incomplete,Incomplete,Incomplete,Incomplete,Incomplete,Incomplete,Incomplete,Incomplete,Incomplete,Incomplete,Incomplete,Incomplete,Incomplete,Incomplete,Incomplete,Incomplete,Incomplete,Incomplete,Incomplete
"M00369 | Cyanogenic glycoside biosynthesis, tyrosine => dhurrin",Incomplete,Incomplete,Incomplete,Incomplete,Incomplete,Incomplete,Incomplete,Incomplete,Incomplete,Incomplete,Incomplete,Incomplete,Incomplete,Incomplete,Incomplete,Incomplete,Incomplete,Incomplete,Incomplete,Incomplete
"M00370 | Glucosinolate biosynthesis, tryptophan => glucobrassicin",Incomplete,Incomplete,Incomplete,Incomplete,Incomplete,Incomplete,Incomplete,Incomplete,Incomplete,Incomplete,Incomplete,Incomplete,Incomplete,Incomplete,Incomplete,Incomplete,Incomplete,Incomplete,Incomplete,Incomplete
"M00371 | Castasterone biosynthesis, campesterol => castasterone",Incomplete,Incomplete,Incomplete,Incomplete,Incomplete,Incomplete,Incomplete,Incomplete,Incomplete,Incomplete,Incomplete,Incomplete,Incomplete,Incomplete,Incomplete,Incomplete,Incomplete,Incomplete,Incomplete,Incomplete
"M00372 | Abscisic acid biosynthesis, beta-carotene => abscisic acid",Incomplete,Incomplete,Incomplete,Incomplete,Incomplete,Incomplete,Incomplete,Incomplete,Incomplete,Incomplete,Incomplete,Incomplete,Incomplete,Incomplete,Incomplete,Incomplete,Incomplete,Incomplete,Incomplete,Incomplete
M00373 | Ethylmalonyl pathway,Incomplete,Incomplete,Incomplete,Incomplete,Incomplete,Incomplete,Incomplete,Incomplete,Incomplete,Incomplete,Incomplete,Incomplete,Incomplete,Incomplete,Incomplete,Incomplete,Incomplete,Incomplete,Incomplete,Incomplete
M00374 | Dicarboxylate-hydroxybutyrate cycle,Incomplete,Incomplete,Incomplete,Incomplete,Incomplete,Incomplete,Incomplete,Incomplete,Incomplete,Incomplete,Incomplete,Incomplete,Incomplete,Incomplete,Incomplete,Incomplete,Incomplete,Incomplete,Incomplete,Incomplete
M00375 | Hydroxypropionate-hydroxybutylate cycle,Incomplete,Incomplete,Incomplete,Incomplete,Incomplete,Incomplete,Incomplete,Incomplete,Incomplete,Incomplete,Incomplete,Incomplete,Incomplete,Incomplete,Incomplete,Incomplete,Incomplete,Incomplete,Incomplete,Incomplete
M00376 | 3-Hydroxypropionate bi-cycle,Incomplete,Incomplete,Incomplete,Incomplete,Incomplete,Incomplete,Incomplete,Incomplete,Incomplete,Incomplete,Incomplete,Incomplete,Incomplete,Incomplete,Incomplete,Incomplete,Incomplete,Incomplete,Incomplete,Incomplete
M00377 | Reductive acetyl-CoA pathway (Wood-Ljungdahl pathway),Incomplete,Incomplete,Incomplete,Incomplete,Incomplete,Incomplete,Incomplete,Incomplete,Incomplete,Incomplete,Incomplete,Incomplete,Incomplete,Incomplete,Incomplete,Incomplete,Incomplete,Incomplete,Incomplete,Incomplete
M00378 | F420 biosynthesis,Complete,1 block missing,1 block missing,1 block missing,1 block missing,1 block missing,Complete,1 block missing,Complete,Complete,Complete,Complete,1 block missing,Complete,Incomplete,Incomplete,1 block missing,Complete,1 block missing,Complete
M00415 | Fatty acid elongation in endoplasmic reticulum,Incomplete,Incomplete,Incomplete,Incomplete,Incomplete,Incomplete,Incomplete,Incomplete,Incomplete,Incomplete,Incomplete,Incomplete,Incomplete,Incomplete,Incomplete,1 block missing,Incomplete,Incomplete,Incomplete,Incomplete
M00416 | Cytochrome aa3-600 menaquinol oxidase,1 block missing,1 block missing,1 block missing,1 block missing,1 block missing,1 block missing,1 block missing,1 block missing,1 block missing,1 block missing,1 block missing,1 block missing,1 block missing,1 block missing,1 block missing,1 block missing,1 block missing,1 block missing,1 block missing,1 block missing
M00417 | Cytochrome o ubiquinol oxidase,1 block missing,1 block missing,1 block missing,1 block missing,1 block missing,1 block missing,1 block missing,1 block missing,1 block missing,1 block missing,1 block missing,1 block missing,1 block missing,1 block missing,1 block missing,1 block missing,1 block missing,1 block missing,1 block missing,1 block missing
"M00418 | Toluene degradation, anaerobic, toluene => benzoyl-CoA",Incomplete,Incomplete,Incomplete,Incomplete,Incomplete,Incomplete,Incomplete,Incomplete,Incomplete,Incomplete,Incomplete,Incomplete,Incomplete,Incomplete,Incomplete,Incomplete,Incomplete,Incomplete,Incomplete,Incomplete
"M00419 | Cymene degradation, p-cymene => p-cumate",Incomplete,Incomplete,Incomplete,Incomplete,Incomplete,Incomplete,Incomplete,Incomplete,Incomplete,Incomplete,Incomplete,Incomplete,Incomplete,Incomplete,Incomplete,Incomplete,Incomplete,Incomplete,Incomplete,Incomplete
"M00422 | Acetyl-CoA pathway, CO2 => acetyl-CoA",Complete,1 block missing,1 block missing,1 block missing,Incomplete,1 block missing,1 block missing,Incomplete,Incomplete,Incomplete,Complete,Complete,1 block missing,1 block missing,Incomplete,Incomplete,1 block missing,1 block missing,1 block missing,Complete
"M00432 | Leucine biosynthesis, 2-oxoisovalerate => 2-oxoisocaproate",Complete,Complete,Complete,Complete,Complete,Complete,Complete,Complete,Complete,Complete,Complete,Complete,Complete,Complete,Complete,Complete,Complete,Complete,Complete,Complete
"M00433 | Lysine biosynthesis, 2-oxoglutarate => 2-oxoadipate",1 block missing,1 block missing,Incomplete,1 block missing,Incomplete,Incomplete,Incomplete,1 block missing,Complete,Incomplete,Incomplete,1 block missing,Complete,Incomplete,1 block missing,1 block missing,Incomplete,Incomplete,Complete,Incomplete
"M00525 | Lysine biosynthesis, acetyl-DAP pathway, aspartate => lysine",Incomplete,Incomplete,Incomplete,Incomplete,Incomplete,1 block missing,1 block missing,Incomplete,Incomplete,Incomplete,Incomplete,Incomplete,Incomplete,Incomplete,Incomplete,Incomplete,Incomplete,Incomplete,Incomplete,Incomplete
"M00526 | Lysine biosynthesis, DAP dehydrogenase pathway, aspartate => lysine",1 block missing,1 block missing,Complete,1 block missing,1 block missing,Complete,1 block missing,Complete,1 block missing,1 block missing,1 block missing,1 block missing,1 block missing,1 block missing,1 block missing,1 block missing,1 block missing,Complete,1 block missing,1 block missing
"M00527 | Lysine biosynthesis, DAP aminotransferase pathway, aspartate => lysine",Complete,Complete,Complete,Complete,Complete,Complete,Complete,Complete,Complete,Complete,Complete,Complete,Complete,Complete,Complete,Complete,Complete,1 block missing,1 block missing,Complete
"M00528 | Nitrification, ammonia => nitrite",Incomplete,Incomplete,Incomplete,Incomplete,Incomplete,Incomplete,Incomplete,Incomplete,Incomplete,Incomplete,Incomplete,Incomplete,Incomplete,Incomplete,Incomplete,Incomplete,Incomplete,Incomplete,Incomplete,Incomplete
"M00529 | Denitrification, nitrate => nitrogen",Incomplete,Incomplete,Incomplete,Incomplete,Incomplete,Incomplete,Incomplete,Incomplete,Incomplete,Incomplete,Incomplete,Incomplete,Incomplete,Incomplete,Incomplete,Incomplete,Incomplete,Incomplete,Incomplete,Incomplete
"M00530 | Dissimilatory nitrate reduction, nitrate => ammonia",Complete,Complete,Incomplete,1 block missing,Incomplete,Incomplete,Incomplete,Incomplete,1 block missing,Incomplete,Incomplete,1 block missing,1 block missing,Incomplete,1 block missing,1 block missing,Incomplete,Incomplete,1 block missing,Incomplete
"M00531 | Assimilatory nitrate reduction, nitrate => ammonia",Complete,1 block missing,1 block missing,Complete,Complete,Incomplete,Complete,Incomplete,Complete,1 block missing,Incomplete,Complete,1 block missing,1 block missing,1 block missing,1 block missing,Incomplete,1 block missing,Incomplete,1 block missing
M00532 | Photorespiration,Incomplete,Incomplete,Incomplete,Incomplete,Incomplete,Incomplete,Incomplete,Incomplete,Incomplete,Incomplete,Incomplete,Incomplete,Incomplete,Incomplete,Incomplete,Incomplete,Incomplete,Incomplete,Incomplete,Incomplete
"M00533 | Homoprotocatechuate degradation, homoprotocatechuate => 2-oxohept-3-enedioate",Incomplete,Incomplete,Incomplete,Incomplete,Incomplete,Incomplete,Incomplete,Incomplete,Incomplete,Incomplete,Incomplete,Incomplete,Incomplete,Incomplete,Incomplete,Incomplete,Incomplete,Incomplete,Incomplete,Incomplete
"M00534 | Naphthalene degradation, naphthalene => salicylate",Incomplete,Incomplete,Incomplete,Incomplete,Incomplete,Incomplete,Incomplete,Incomplete,Incomplete,Incomplete,Incomplete,Incomplete,Incomplete,Incomplete,Incomplete,Incomplete,Incomplete,Incomplete,Incomplete,Incomplete
"M00535 | Isoleucine biosynthesis, pyruvate => 2-oxobutanoate",1 block missing,Complete,Complete,1 block missing,Complete,1 block missing,Complete,Complete,1 block missing,Complete,1 block missing,Complete,Complete,1 block missing,1 block missing,Complete,1 block missing,Complete,Complete,1 block missing
"M00537 | Xylene degradation, xylene => methylbenzoate",Incomplete,Incomplete,Incomplete,Incomplete,Incomplete,Incomplete,Incomplete,Incomplete,Incomplete,Incomplete,Incomplete,Incomplete,Incomplete,Incomplete,Incomplete,Incomplete,Incomplete,Incomplete,Incomplete,Incomplete
"M00538 | Toluene degradation, toluene => benzoate",Incomplete,Incomplete,Incomplete,Incomplete,Incomplete,Incomplete,Incomplete,Incomplete,Incomplete,Incomplete,Incomplete,Incomplete,Incomplete,Incomplete,Incomplete,Incomplete,Incomplete,Incomplete,Incomplete,Incomplete
"M00539 | Cumate degradation, p-cumate => 2-oxopent-4-enoate + 2-methylpropanoate",Incomplete,Incomplete,Incomplete,Incomplete,Incomplete,Incomplete,Incomplete,Incomplete,Incomplete,Incomplete,Incomplete,Incomplete,Incomplete,Incomplete,Incomplete,Incomplete,Incomplete,Incomplete,Incomplete,Incomplete
"M00540 | Benzoate degradation, cyclohexanecarboxylic acid =>pimeloyl-CoA",Incomplete,Incomplete,Incomplete,Incomplete,Incomplete,Incomplete,Incomplete,Incomplete,Incomplete,Incomplete,Incomplete,Incomplete,Incomplete,Incomplete,Incomplete,Incomplete,Incomplete,Incomplete,Incomplete,Incomplete
"M00541 | Benzoyl-CoA degradation, benzoyl-CoA => 3-hydroxypimeloyl-CoA",Incomplete,Incomplete,Incomplete,Incomplete,Incomplete,Incomplete,Incomplete,Incomplete,Incomplete,Incomplete,Incomplete,Incomplete,Incomplete,Incomplete,Incomplete,Incomplete,Incomplete,Incomplete,Incomplete,Incomplete
"M00542 | EHEC/EPEC pathogenicity signature, T3SS and effectors",Incomplete,Incomplete,Incomplete,Incomplete,Incomplete,Incomplete,Incomplete,Incomplete,Incomplete,Incomplete,Incomplete,Incomplete,Incomplete,Incomplete,Incomplete,Incomplete,Incomplete,Incomplete,Incomplete,Incomplete
"M00543 | Biphenyl degradation, biphenyl => 2-oxopent-4-enoate + benzoate",Incomplete,Incomplete,Incomplete,Incomplete,Incomplete,Incomplete,Incomplete,Incomplete,Incomplete,Incomplete,Incomplete,Incomplete,Incomplete,Incomplete,Incomplete,Incomplete,Incomplete,Incomplete,Incomplete,Incomplete
"M00544 | Carbazole degradation, carbazole => 2-oxopent-4-enoate + anthranilate",Incomplete,Incomplete,Incomplete,Incomplete,Incomplete,Incomplete,Incomplete,Incomplete,Incomplete,Incomplete,Incomplete,Incomplete,Incomplete,Incomplete,Incomplete,Incomplete,Incomplete,Incomplete,Incomplete,Incomplete
"M00545 | Trans-cinnamate degradation, trans-cinnamate => acetyl-CoA",Incomplete,Incomplete,Incomplete,1 block missing,Incomplete,Incomplete,Incomplete,Incomplete,Incomplete,Incomplete,Incomplete,Incomplete,Incomplete,Incomplete,Incomplete,Incomplete,Incomplete,Incomplete,Incomplete,Incomplete
"M00546 | Purine degradation, xanthine => urea",1 block missing,1 block missing,Incomplete,Incomplete,Incomplete,Incomplete,Incomplete,Incomplete,Incomplete,Incomplete,Incomplete,Incomplete,Incomplete,Incomplete,Incomplete,Incomplete,Incomplete,Incomplete,Incomplete,Incomplete
"M00547 | Benzene/toluene degradation, benzene => catechol / toluene => 3-methylcatechol",Incomplete,Incomplete,Incomplete,Incomplete,Incomplete,Incomplete,Incomplete,Incomplete,Incomplete,Incomplete,Incomplete,Incomplete,Incomplete,Incomplete,Incomplete,Incomplete,Incomplete,Incomplete,Incomplete,Incomplete
"M00548 | Benzene degradation, benzene => catechol",1 block missing,1 block missing,1 block missing,1 block missing,1 block missing,1 block missing,1 block missing,1 block missing,1 block missing,1 block missing,1 block missing,1 block missing,1 block missing,1 block missing,1 block missing,1 block missing,1 block missing,1 block missing,1 block missing,1 block missing
"M00549 | Nucleotide sugar biosynthesis, glucose => UDP-glucose",Complete,Complete,Complete,Complete,Complete,Complete,Complete,Complete,Complete,Complete,Complete,Complete,Complete,Complete,Complete,Complete,Complete,Complete,Complete,Complete
"M00550 | Ascorbate degradation, ascorbate => D-xylulose-5P",Incomplete,Incomplete,Incomplete,Incomplete,Incomplete,Incomplete,Incomplete,Incomplete,Incomplete,Incomplete,Incomplete,Incomplete,Incomplete,Incomplete,1 block missing,Incomplete,Incomplete,Incomplete,Incomplete,Incomplete
"M00551 | Benzoate degradation, benzoate => catechol / methylbenzoate => methylcatechol",Incomplete,Incomplete,Incomplete,Incomplete,Incomplete,Incomplete,Incomplete,Incomplete,Incomplete,Incomplete,Incomplete,Incomplete,Incomplete,Incomplete,Incomplete,Incomplete,Incomplete,Incomplete,Incomplete,Incomplete
"M00552 | D-galactonate degradation, De Ley-Doudoroff pathway, D-galactonate => glycerate-3P",Incomplete,Incomplete,Incomplete,Incomplete,1 block missing,Incomplete,Incomplete,Incomplete,Incomplete,Incomplete,Incomplete,Incomplete,Incomplete,Incomplete,1 block missing,Incomplete,Incomplete,Incomplete,Incomplete,Incomplete
"M00554 | Nucleotide sugar biosynthesis, galactose => UDP-galactose",Complete,Complete,Complete,Complete,Complete,Complete,Complete,Complete,Complete,Complete,Complete,Complete,Complete,Complete,Complete,Complete,Complete,Complete,Complete,Complete
"M00555 | Betaine biosynthesis, choline => betaine",Complete,Complete,1 block missing,1 block missing,Complete,Complete,Complete,1 block missing,Complete,1 block missing,Complete,Complete,Complete,1 block missing,Complete,Complete,Complete,1 block missing,1 block missing,Complete
"M00563 | Methanogenesis, methylamine/dimethylamine/trimethylamine => methane",Incomplete,Incomplete,Incomplete,Incomplete,Incomplete,Incomplete,Incomplete,Incomplete,Incomplete,Incomplete,Incomplete,Incomplete,Incomplete,Incomplete,Incomplete,Incomplete,Incomplete,Incomplete,Incomplete,Incomplete
"M00564 | Helicobacter pylori pathogenicity signature, cagA pathogenicity island",Incomplete,Incomplete,Incomplete,Incomplete,Incomplete,Incomplete,Incomplete,Incomplete,Incomplete,Incomplete,Incomplete,Incomplete,Incomplete,Incomplete,Incomplete,Incomplete,Incomplete,Incomplete,Incomplete,Incomplete
"M00565 | Trehalose biosynthesis, D-glucose 1P => trehalose",Complete,Complete,Incomplete,Incomplete,Complete,Incomplete,Incomplete,1 block missing,Complete,Incomplete,1 block missing,Complete,1 block missing,Complete,Complete,Complete,Incomplete,Complete,Complete,1 block missing
"M00567 | Methanogenesis, CO2 => methane",Incomplete,Incomplete,Incomplete,Incomplete,Incomplete,Incomplete,Incomplete,Incomplete,Incomplete,Incomplete,Incomplete,Incomplete,Incomplete,Incomplete,Incomplete,Incomplete,Incomplete,Incomplete,Incomplete,Incomplete
"M00568 | Catechol ortho-cleavage, catechol => 3-oxoadipate",Incomplete,Incomplete,Incomplete,Incomplete,Incomplete,Incomplete,Incomplete,Incomplete,Incomplete,Incomplete,Incomplete,Incomplete,Incomplete,Incomplete,Incomplete,Incomplete,Incomplete,Incomplete,Incomplete,Incomplete
"M00569 | Catechol meta-cleavage, catechol => acetyl-CoA / 4-methylcatechol => propanoyl-CoA",Incomplete,Incomplete,Incomplete,Incomplete,Incomplete,Incomplete,Incomplete,Incomplete,Incomplete,Incomplete,Incomplete,Incomplete,Incomplete,Incomplete,Incomplete,Incomplete,Incomplete,Incomplete,Incomplete,Incomplete
"M00570 | Isoleucine biosynthesis, threonine => 2-oxobutanoate => isoleucine",Complete,Complete,Complete,Complete,Complete,Complete,Complete,Complete,Complete,Complete,Complete,Complete,Complete,Complete,Complete,Complete,Complete,Complete,Complete,Complete
"M00572 | Pimeloyl-ACP biosynthesis, BioC-BioH pathway, malonyl-ACP => pimeloyl-ACP",Complete,1 block missing,Incomplete,Incomplete,1 block missing,Incomplete,Complete,Incomplete,Complete,Incomplete,Incomplete,Incomplete,Incomplete,1 block missing,1 block missing,Incomplete,Incomplete,Incomplete,Incomplete,Incomplete
"M00573 | Biotin biosynthesis, BioI pathway, long-chain-acyl-ACP => pimeloyl-ACP => biotin",1 block missing,Incomplete,Incomplete,1 block missing,Incomplete,Incomplete,Incomplete,Incomplete,1 block missing,Incomplete,Incomplete,Complete,1 block missing,Incomplete,1 block missing,1 block missing,Incomplete,Incomplete,Incomplete,Incomplete
"M00574 | Pertussis pathogenicity signature, pertussis toxin",Incomplete,Incomplete,Incomplete,Incomplete,Incomplete,Incomplete,Incomplete,Incomplete,Incomplete,Incomplete,Incomplete,Incomplete,Incomplete,Incomplete,Incomplete,Incomplete,Incomplete,Incomplete,Incomplete,Incomplete
"M00575 | Pertussis pathogenicity signature, T1SS",Incomplete,Incomplete,Incomplete,Incomplete,Incomplete,Incomplete,Incomplete,Incomplete,Incomplete,Incomplete,Incomplete,Incomplete,Incomplete,Incomplete,Incomplete,Incomplete,Incomplete,Incomplete,Incomplete,Incomplete
"M00576 | ETEC pathogenicity signature, heat-labile and heat-stable enterotoxins",Incomplete,Incomplete,Incomplete,Incomplete,Incomplete,Incomplete,Incomplete,Incomplete,Incomplete,Incomplete,Incomplete,Incomplete,Incomplete,Incomplete,Incomplete,Incomplete,Incomplete,Incomplete,Incomplete,Incomplete
"M00577 | Biotin biosynthesis, BioW pathway, pimelate => pimeloyl-CoA => biotin",Complete,1 block missing,Incomplete,1 block missing,Incomplete,Incomplete,1 block missing,Incomplete,Complete,1 block missing,1 block missing,Complete,Complete,1 block missing,Complete,Complete,1 block missing,1 block missing,Incomplete,Incomplete
"M00579 | Phosphate acetyltransferase-acetate kinase pathway, acetyl-CoA => acetate",Complete,Complete,Complete,Complete,Complete,Complete,Complete,Complete,Complete,Complete,Complete,Complete,Complete,Complete,Complete,Complete,Complete,Complete,Complete,Complete
"M00580 | Pentose phosphate pathway, archaea, fructose 6P => ribose 5P",Complete,Complete,Complete,Complete,Complete,Complete,Complete,Complete,Complete,Complete,Complete,Complete,Complete,Complete,Complete,Complete,Complete,Complete,Complete,Complete
"M00595 | Thiosulfate oxidation by SOX complex, thiosulfate => sulfate",1 block missing,1 block missing,1 block missing,1 block missing,1 block missing,1 block missing,1 block missing,1 block missing,1 block missing,1 block missing,1 block missing,1 block missing,1 block missing,1 block missing,1 block missing,1 block missing,1 block missing,1 block missing,1 block missing,1 block missing
"M00596 | Dissimilatory sulfate reduction, sulfate => H2S",Incomplete,Incomplete,Incomplete,Incomplete,Incomplete,Incomplete,Incomplete,Incomplete,Incomplete,Incomplete,Incomplete,Incomplete,Incomplete,Incomplete,Incomplete,Incomplete,Incomplete,Incomplete,Incomplete,Incomplete
M00597 | Anoxygenic photosystem II,1 block missing,1 block missing,1 block missing,1 block missing,1 block missing,1 block missing,1 block missing,1 block missing,1 block missing,1 block missing,1 block missing,1 block missing,1 block missing,1 block missing,1 block missing,1 block missing,1 block missing,1 block missing,1 block missing,1 block missing
M00598 | Anoxygenic photosystem I,1 block missing,1 block missing,1 block missing,1 block missing,1 block missing,1 block missing,1 block missing,1 block missing,1 block missing,1 block missing,1 block missing,1 block missing,1 block missing,1 block missing,1 block missing,1 block missing,1 block missing,1 block missing,1 block missing,1 block missing
"M00608 | 2-Oxocarboxylic acid chain extension, 2-oxoglutarate => 2-oxoadipate => 2-oxopimelate => 2-oxosuberate",Complete,Incomplete,1 block missing,1 block missing,Incomplete,Incomplete,Incomplete,Incomplete,Incomplete,Incomplete,Incomplete,Incomplete,Incomplete,Incomplete,Incomplete,Incomplete,Incomplete,Incomplete,1 block missing,Incomplete
"M00609 | Cysteine biosynthesis, methionine => cysteine",Incomplete,Incomplete,Incomplete,Incomplete,Incomplete,Incomplete,Incomplete,Incomplete,Incomplete,Incomplete,Incomplete,Incomplete,Incomplete,Incomplete,Incomplete,Incomplete,Incomplete,Incomplete,Incomplete,Incomplete
M00611 | Oxygenic_photosynthesis_in_plants_and_cyanobacteria,1 block missing,1 block missing,Incomplete,Incomplete,1 block missing,Incomplete,Incomplete,1 block missing,Complete,Incomplete,Incomplete,Incomplete,1 block missing,Incomplete,1 block missing,Incomplete,Incomplete,Incomplete,Incomplete,Incomplete
M00612 | Anoxygenic_photosynthesis_in_purple_bacteria,1 block missing,1 block missing,Incomplete,Incomplete,1 block missing,Incomplete,Incomplete,1 block missing,1 block missing,Incomplete,Incomplete,Incomplete,1 block missing,Incomplete,1 block missing,Incomplete,Incomplete,Incomplete,Incomplete,Incomplete
M00613 | Anoxygenic_photosynthesis_in_green_nonsulfur_bacteria,Incomplete,Incomplete,Incomplete,Incomplete,Incomplete,Incomplete,Incomplete,Incomplete,Incomplete,Incomplete,Incomplete,Incomplete,Incomplete,Incomplete,Incomplete,Incomplete,Incomplete,Incomplete,Incomplete,Incomplete
M00614 | Anoxygenic_photosynthesis_in_green_sulfur_bacteria,Incomplete,Incomplete,Incomplete,Incomplete,Incomplete,Incomplete,Incomplete,Incomplete,Incomplete,Incomplete,Incomplete,Incomplete,Incomplete,Incomplete,Incomplete,Incomplete,Incomplete,Incomplete,Incomplete,Incomplete
M00615 | Nitrate_assimilation,1 block missing,Incomplete,Incomplete,1 block missing,1 block missing,Incomplete,Incomplete,Incomplete,1 block missing,Incomplete,Incomplete,1 block missing,Incomplete,Incomplete,Incomplete,Incomplete,Incomplete,Incomplete,Incomplete,Incomplete
M00616 | Sulfate-sulfur_assimilation,Complete,Complete,Incomplete,Complete,Incomplete,Complete,1 block missing,Incomplete,1 block missing,1 block missing,Incomplete,1 block missing,1 block missing,Incomplete,1 block missing,1 block missing,Incomplete,1 block missing,Incomplete,Incomplete
M00617 | Methanogen,1 block missing,1 block missing,1 block missing,1 block missing,Incomplete,1 block missing,1 block missing,Incomplete,Incomplete,Incomplete,1 block missing,1 block missing,1 block missing,Incomplete,Incomplete,Incomplete,1 block missing,1 block missing,1 block missing,Incomplete
M00618 | Acetogen,Incomplete,Incomplete,Incomplete,Incomplete,Incomplete,Incomplete,Incomplete,Incomplete,Incomplete,Incomplete,Incomplete,Incomplete,Incomplete,Incomplete,Incomplete,Incomplete,Incomplete,Incomplete,Incomplete,Incomplete
"M00620 | Incomplete reductive citrate cycle, acetyl-CoA => oxoglutarate",Incomplete,Incomplete,1 block missing,1 block missing,1 block missing,Incomplete,Incomplete,Incomplete,Incomplete,1 block missing,1 block missing,1 block missing,1 block missing,1 block missing,Incomplete,1 block missing,Incomplete,1 block missing,Incomplete,1 block missing
"M00622 | Nicotinate degradation, nicotinate => fumarate",Incomplete,Incomplete,Incomplete,Incomplete,Incomplete,Incomplete,Incomplete,Incomplete,Incomplete,Incomplete,Incomplete,Incomplete,Incomplete,Incomplete,Incomplete,Incomplete,Incomplete,Incomplete,Incomplete,Incomplete
"M00623 | Phthalate degradation, phthalate => protocatechuate",Incomplete,Incomplete,Incomplete,Incomplete,Incomplete,Incomplete,Incomplete,Incomplete,Incomplete,Incomplete,Incomplete,Incomplete,Incomplete,Incomplete,Incomplete,Incomplete,Incomplete,Incomplete,Incomplete,Incomplete
"M00624 | Terephthalate degradation, terephthalate => 3,4-dihydroxybenzoate",Incomplete,Incomplete,Incomplete,Incomplete,Incomplete,Incomplete,Incomplete,Incomplete,Incomplete,Incomplete,Incomplete,Incomplete,Incomplete,Incomplete,Incomplete,Incomplete,Incomplete,Incomplete,Incomplete,Incomplete
M00625 | Methicillin resistance,Incomplete,Incomplete,Incomplete,Incomplete,Incomplete,Incomplete,Incomplete,Incomplete,Incomplete,Incomplete,Incomplete,Incomplete,Incomplete,Incomplete,Incomplete,Incomplete,Incomplete,Incomplete,Incomplete,Incomplete
"M00627 | beta-Lactam resistance, Bla system",Incomplete,Incomplete,Incomplete,Incomplete,Incomplete,Incomplete,Incomplete,Incomplete,Incomplete,Incomplete,Incomplete,Incomplete,Incomplete,Incomplete,Complete,Incomplete,Incomplete,1 block missing,Incomplete,Incomplete
"M00630 | D-Galacturonate degradation (fungi), D-galacturonate => glycerol",Incomplete,Incomplete,Incomplete,Incomplete,Incomplete,Incomplete,Incomplete,Incomplete,Incomplete,Incomplete,Incomplete,Incomplete,Incomplete,Incomplete,Incomplete,Incomplete,Incomplete,Incomplete,Incomplete,Incomplete
"M00631 | D-Galacturonate degradation (bacteria), D-galacturonate => pyruvate + D-glyceraldehyde 3P",Complete,1 block missing,Complete,Complete,Complete,1 block missing,Complete,1 block missing,1 block missing,1 block missing,1 block missing,1 block missing,Complete,Complete,1 block missing,1 block missing,Incomplete,1 block missing,Incomplete,Complete
"M00632 | Galactose degradation, Leloir pathway, galactose => alpha-D-glucose-1P",Complete,Complete,Complete,Complete,Complete,Complete,Complete,Complete,Complete,Complete,Complete,Complete,Complete,Complete,Complete,Complete,1 block missing,Complete,Complete,Complete
"M00633 | Semi-phosphorylative Entner-Doudoroff pathway, gluconate/galactonate => glycerate-3P",Incomplete,Incomplete,Incomplete,Incomplete,Incomplete,Incomplete,Incomplete,Incomplete,Incomplete,Incomplete,Incomplete,Incomplete,Incomplete,Incomplete,Incomplete,Incomplete,Incomplete,Incomplete,Incomplete,Incomplete
"M00636 | Phthalate degradation, phthalate => protocatechuate",Incomplete,Incomplete,Incomplete,Incomplete,Incomplete,Incomplete,Incomplete,Incomplete,Incomplete,Incomplete,Incomplete,Incomplete,Incomplete,Incomplete,Incomplete,Incomplete,Incomplete,Incomplete,Incomplete,Incomplete
"M00637 | Anthranilate degradation, anthranilate => catechol",1 block missing,1 block missing,1 block missing,1 block missing,1 block missing,1 block missing,1 block missing,1 block missing,1 block missing,1 block missing,1 block missing,1 block missing,1 block missing,1 block missing,1 block missing,1 block missing,1 block missing,1 block missing,1 block missing,1 block missing
"M00638 | Salicylate degradation, salicylate => gentisate",1 block missing,1 block missing,1 block missing,1 block missing,1 block missing,1 block missing,1 block missing,1 block missing,1 block missing,1 block missing,1 block missing,1 block missing,1 block missing,1 block missing,1 block missing,1 block missing,1 block missing,1 block missing,1 block missing,1 block missing
"M00639 | Multidrug resistance, efflux pump MexCD-OprJ",Incomplete,Incomplete,Incomplete,Incomplete,Incomplete,Incomplete,Incomplete,Incomplete,Incomplete,Incomplete,Incomplete,Incomplete,Incomplete,Incomplete,Incomplete,Incomplete,Incomplete,Incomplete,Incomplete,Incomplete
"M00641 | Multidrug resistance, efflux pump MexEF-OprN",Incomplete,Incomplete,Incomplete,Incomplete,Incomplete,Incomplete,Incomplete,Incomplete,Incomplete,Incomplete,Incomplete,Incomplete,Incomplete,Incomplete,Incomplete,Incomplete,Incomplete,Incomplete,Incomplete,Incomplete
"M00642 | Multidrug resistance, efflux pump MexJK-OprM",Incomplete,Incomplete,Incomplete,Incomplete,Incomplete,Incomplete,Incomplete,Incomplete,Incomplete,Incomplete,Incomplete,Incomplete,Incomplete,Incomplete,Incomplete,Incomplete,Incomplete,Incomplete,Incomplete,Incomplete
"M00643 | Multidrug resistance, efflux pump MexXY-OprM",Incomplete,Incomplete,Incomplete,Incomplete,Incomplete,Incomplete,Incomplete,Incomplete,Incomplete,Incomplete,Incomplete,Incomplete,Incomplete,Incomplete,Incomplete,Incomplete,Incomplete,Incomplete,Incomplete,Incomplete
"M00649 | Multidrug resistance, efflux pump AdeABC",Incomplete,Incomplete,Incomplete,Incomplete,Incomplete,Incomplete,Incomplete,Incomplete,Incomplete,Incomplete,Incomplete,Incomplete,Incomplete,Incomplete,Incomplete,Incomplete,Incomplete,Incomplete,Incomplete,Incomplete
"M00651 | Vancomycin resistance, D-Ala-D-Lac type",Incomplete,Incomplete,Incomplete,Incomplete,Incomplete,Incomplete,Incomplete,Incomplete,Incomplete,Incomplete,Incomplete,Incomplete,Incomplete,Incomplete,Incomplete,Incomplete,Incomplete,Incomplete,Incomplete,Incomplete
"M00652 | Vancomycin resistance, D-Ala-D-Ser type",Incomplete,Incomplete,Incomplete,Incomplete,Incomplete,Incomplete,Incomplete,Incomplete,Incomplete,Incomplete,Incomplete,Incomplete,Incomplete,Incomplete,Incomplete,Incomplete,Incomplete,Incomplete,Incomplete,Incomplete
"M00660 | Xanthomonas spp. pathogenicity signature, T3SS and effectors",Incomplete,Incomplete,Incomplete,Incomplete,Incomplete,Incomplete,Incomplete,Incomplete,Incomplete,Incomplete,Incomplete,Incomplete,Incomplete,Incomplete,Incomplete,Incomplete,Incomplete,Incomplete,Incomplete,Incomplete
"M00661 | Paspaline biosynthesis, geranylgeranyl-PP + indoleglycerol phosphate => paspaline",Incomplete,Incomplete,Incomplete,Incomplete,Incomplete,Incomplete,Incomplete,Incomplete,Incomplete,Incomplete,Incomplete,Incomplete,Incomplete,Incomplete,Incomplete,Incomplete,Incomplete,Incomplete,Incomplete,Incomplete
M00664 | Nodulation,Incomplete,Incomplete,Incomplete,Incomplete,Incomplete,Incomplete,Incomplete,Incomplete,Incomplete,Incomplete,Incomplete,Incomplete,Incomplete,Incomplete,Incomplete,Incomplete,Incomplete,Incomplete,Incomplete,Incomplete
"M00672 | Penicillin biosynthesis, aminoadipate + cycteine + valine => penicillin",Incomplete,Incomplete,Incomplete,Incomplete,Incomplete,Incomplete,Incomplete,Incomplete,Incomplete,Incomplete,Incomplete,Incomplete,Incomplete,Incomplete,Incomplete,Incomplete,Incomplete,Incomplete,Incomplete,Incomplete
"M00673 | Cephamycin C biosynthesis, aminoadipate + cycteine + valine => cephamycin C",Incomplete,Incomplete,Incomplete,Incomplete,Incomplete,Incomplete,Incomplete,Incomplete,Incomplete,Incomplete,Incomplete,Incomplete,Incomplete,Incomplete,Incomplete,Incomplete,Incomplete,Incomplete,Incomplete,Incomplete
"M00674 | Clavaminate biosynthesis, arginine + glyceraldehyde-3P => clavaminate",Incomplete,Incomplete,Incomplete,Incomplete,Incomplete,Incomplete,Incomplete,Incomplete,Incomplete,Incomplete,Incomplete,Incomplete,Incomplete,Incomplete,Incomplete,Incomplete,Incomplete,Incomplete,Incomplete,Incomplete
"M00675 | Carbapenem-3-carboxylate biosynthesis, pyrroline-5-carboxylate + malonyl-CoA => carbapenem-3-carboxylate",Incomplete,Incomplete,Incomplete,Incomplete,Incomplete,Incomplete,Incomplete,Incomplete,Incomplete,Incomplete,Incomplete,Incomplete,Incomplete,Incomplete,Incomplete,Incomplete,Incomplete,Incomplete,Incomplete,Incomplete
"M00696 | Multidrug resistance, efflux pump AcrEF-TolC",Incomplete,1 block missing,Incomplete,Incomplete,Incomplete,Incomplete,Incomplete,Incomplete,Incomplete,Incomplete,Incomplete,Incomplete,Incomplete,Incomplete,Incomplete,Incomplete,Incomplete,Incomplete,Incomplete,Incomplete
"M00697 | Multidrug resistance, efflux pump MdtEF-TolC",Incomplete,Incomplete,Incomplete,Incomplete,Incomplete,Incomplete,Incomplete,Incomplete,Incomplete,Incomplete,Incomplete,Incomplete,Incomplete,Incomplete,Incomplete,Incomplete,Incomplete,Incomplete,Incomplete,Incomplete
"M00698 | Multidrug resistance, efflux pump BpeEF-OprC",Incomplete,Incomplete,Incomplete,Incomplete,Incomplete,Incomplete,Incomplete,Incomplete,Incomplete,Incomplete,Incomplete,Incomplete,Incomplete,Incomplete,Incomplete,Incomplete,Incomplete,Incomplete,Incomplete,Incomplete
"M00700 | Multidrug resistance, efflux pump AbcA",Incomplete,Incomplete,1 block missing,1 block missing,Incomplete,Incomplete,Incomplete,Incomplete,Incomplete,Incomplete,Incomplete,Incomplete,Incomplete,Incomplete,Incomplete,Incomplete,Incomplete,Incomplete,Incomplete,Incomplete
"M00702 | Multidrug resistance, efflux pump NorB",Incomplete,Incomplete,1 block missing,1 block missing,Incomplete,Incomplete,Incomplete,Incomplete,Incomplete,Incomplete,Incomplete,Incomplete,Incomplete,Incomplete,Incomplete,Incomplete,Incomplete,Incomplete,Incomplete,Incomplete
"M00704 | Tetracycline resistance, efflux pump Tet38",Incomplete,Incomplete,Incomplete,Incomplete,Incomplete,Incomplete,Incomplete,Incomplete,Incomplete,Incomplete,Incomplete,Incomplete,Incomplete,Incomplete,Incomplete,Incomplete,Incomplete,Incomplete,Incomplete,Incomplete
"M00705 | Multidrug resistance, efflux pump MepA",Incomplete,Incomplete,Incomplete,Incomplete,Incomplete,Incomplete,Incomplete,Incomplete,Incomplete,Incomplete,Incomplete,Incomplete,Incomplete,Incomplete,Incomplete,Incomplete,Incomplete,Incomplete,Incomplete,Incomplete
"M00714 | Multidrug resistance, efflux pump QacA",Incomplete,Incomplete,Incomplete,Incomplete,Incomplete,Incomplete,Incomplete,Incomplete,Incomplete,Incomplete,Incomplete,Incomplete,Incomplete,Incomplete,Incomplete,Incomplete,Incomplete,Incomplete,Incomplete,Incomplete
"M00718 | Multidrug resistance, efflux pump MexAB-OprM",Incomplete,Incomplete,Incomplete,Incomplete,Incomplete,Incomplete,1 block missing,1 block missing,1 block missing,Incomplete,Incomplete,Incomplete,1 block missing,Incomplete,1 block missing,Incomplete,Incomplete,Incomplete,Incomplete,Incomplete
"M00725 | Cationic antimicrobial peptide (CAMP) resistance, dltABCD operon",Incomplete,Incomplete,Incomplete,Incomplete,Incomplete,Incomplete,Incomplete,Incomplete,Incomplete,Incomplete,Incomplete,Incomplete,Incomplete,Incomplete,Incomplete,Incomplete,Incomplete,Incomplete,Incomplete,Incomplete
"M00726 | Cationic antimicrobial peptide (CAMP) resistance, lysyl-phosphatidylglycerol (L-PG) synthase MprF",Incomplete,Incomplete,Incomplete,Incomplete,Incomplete,Incomplete,Incomplete,Incomplete,Incomplete,Incomplete,Incomplete,Incomplete,Incomplete,Incomplete,Incomplete,Incomplete,Incomplete,Incomplete,Incomplete,Incomplete
"M00730 | Cationic antimicrobial peptide (CAMP) resistance, VraFG transporter",Incomplete,Incomplete,Incomplete,Incomplete,Incomplete,Incomplete,Incomplete,Incomplete,Incomplete,Incomplete,Incomplete,Incomplete,Incomplete,Incomplete,Incomplete,Incomplete,Incomplete,Incomplete,Incomplete,Incomplete
"M00736 | Nocardicin A biosynthesis, L-pHPG + arginine + serine => nocardicin A",Incomplete,Incomplete,Incomplete,Incomplete,Incomplete,Incomplete,Incomplete,Incomplete,Incomplete,Incomplete,Incomplete,Incomplete,Incomplete,Incomplete,Incomplete,Incomplete,Incomplete,Incomplete,Incomplete,Incomplete
M00740 | Methylaspartate cycle,Incomplete,Incomplete,Incomplete,Incomplete,Incomplete,Incomplete,Incomplete,Incomplete,Incomplete,Incomplete,Incomplete,Incomplete,Incomplete,Incomplete,Incomplete,Incomplete,Incomplete,Incomplete,Incomplete,Incomplete
"M00741 | Propanoyl-CoA metabolism, propanoyl-CoA => succinyl-CoA",Complete,1 block missing,1 block missing,1 block missing,1 block missing,1 block missing,1 block missing,1 block missing,1 block missing,1 block missing,1 block missing,1 block missing,1 block missing,1 block missing,1 block missing,1 block missing,1 block missing,1 block missing,1 block missing,1 block missing
"M00744 | Cationic antimicrobial peptide (CAMP) resistance, protease PgtE",Incomplete,Incomplete,Incomplete,Incomplete,Incomplete,Incomplete,Incomplete,Incomplete,Incomplete,Incomplete,Incomplete,Incomplete,Incomplete,Incomplete,Incomplete,Incomplete,Incomplete,Incomplete,Incomplete,Incomplete
"M00745 | Imipenem resistance, repression of porin OprD",Incomplete,Incomplete,Incomplete,Incomplete,Incomplete,Incomplete,Incomplete,1 block missing,1 block missing,Incomplete,Incomplete,Incomplete,Incomplete,Incomplete,Incomplete,Incomplete,Incomplete,1 block missing,Incomplete,Incomplete
"M00746 | Multidrug resistance, repression of porin OmpF",Incomplete,Incomplete,Incomplete,Incomplete,Incomplete,Incomplete,Incomplete,Incomplete,Incomplete,Incomplete,Incomplete,Incomplete,Incomplete,Incomplete,Incomplete,Incomplete,Incomplete,Incomplete,Incomplete,Incomplete
"M00761 | Undecaprenylphosphate alpha-L-Ara4N biosynthesis, UDP-GlcA => undecaprenyl phosphate alpha-L-Ara4N",1 block missing,1 block missing,Complete,Complete,1 block missing,1 block missing,1 block missing,Incomplete,Complete,Complete,Incomplete,Complete,1 block missing,Complete,Complete,1 block missing,Incomplete,Incomplete,Complete,1 block missing
"M00763 | Ornithine biosynthesis, mediated by LysW, glutamate => ornithine",Incomplete,Incomplete,Incomplete,Incomplete,Incomplete,Incomplete,Incomplete,Incomplete,Incomplete,Incomplete,Incomplete,Incomplete,Incomplete,Incomplete,Incomplete,Incomplete,Incomplete,Incomplete,Incomplete,Incomplete
"M00769 | Multidrug resistance, efflux pump MexPQ-OpmE",Incomplete,Incomplete,Incomplete,Incomplete,Incomplete,Incomplete,Incomplete,Incomplete,Incomplete,Incomplete,Incomplete,Incomplete,Incomplete,Incomplete,Incomplete,Incomplete,Incomplete,Incomplete,Incomplete,Incomplete
"M00773 | Tylosin biosynthesis, methylmalonyl-CoA + malonyl-CoA => tylactone => tylosin",Incomplete,Incomplete,Incomplete,Incomplete,Incomplete,Incomplete,Incomplete,Incomplete,Incomplete,Incomplete,Incomplete,Incomplete,Incomplete,Incomplete,Incomplete,Incomplete,Incomplete,Incomplete,Incomplete,Incomplete
"M00774 | Erythromycin biosynthesis, propanoyl-CoA + methylmalonyl-CoA => deoxyerythronolide B => erythromycin A/B",Incomplete,Incomplete,Incomplete,Incomplete,Incomplete,Incomplete,Incomplete,Incomplete,Incomplete,Incomplete,Incomplete,Incomplete,Incomplete,Incomplete,Incomplete,Incomplete,Incomplete,Incomplete,Incomplete,Incomplete
"M00775 | Oleandomycin biosynthesis, malonyl-CoA + methylmalonyl-CoA => 8,8a-deoxyoleandolide => oleandomycin",Incomplete,Incomplete,Incomplete,Incomplete,Incomplete,Incomplete,Incomplete,Incomplete,Incomplete,Incomplete,Incomplete,Incomplete,Incomplete,Incomplete,Incomplete,Incomplete,Incomplete,Incomplete,Incomplete,Incomplete
"M00776 | Pikromycin/methymycin biosynthesis, methylmalonyl-CoA + malonyl-CoA => narbonolide/10-deoxymethynolide => pikromycin/methymycin",Incomplete,Incomplete,Incomplete,Incomplete,Incomplete,Incomplete,Incomplete,Incomplete,Incomplete,Incomplete,Incomplete,Incomplete,Incomplete,Incomplete,Incomplete,Incomplete,Incomplete,Incomplete,Incomplete,Incomplete
"M00777 | Avermectin biosynthesis, 2-methylbutanoyl-CoA/isobutyryl-CoA => 6,8a-Seco-6,8a-deoxy-5-oxoavermectin 1a/1b aglycone => avermectin A1a/B1a/A1b/B1b",Incomplete,Incomplete,Incomplete,Incomplete,Incomplete,Incomplete,Incomplete,Incomplete,Incomplete,Incomplete,Incomplete,Incomplete,Incomplete,Incomplete,Incomplete,Incomplete,Incomplete,Incomplete,Incomplete,Incomplete
"M00778 | Type II polyketide backbone biosynthesis, acyl-CoA + malonyl-CoA => polyketide",Incomplete,Incomplete,Incomplete,Incomplete,Incomplete,Incomplete,Incomplete,Incomplete,Incomplete,Incomplete,Incomplete,Incomplete,Incomplete,Incomplete,Incomplete,Incomplete,Incomplete,Incomplete,Incomplete,Incomplete
"M00779 | Dihydrokalafungin biosynthesis, octaketide => dihydrokalafungin",Incomplete,Incomplete,Incomplete,Incomplete,Incomplete,Incomplete,Incomplete,Incomplete,Incomplete,Incomplete,Incomplete,Incomplete,Incomplete,Incomplete,Incomplete,Incomplete,Incomplete,Incomplete,Incomplete,Incomplete
"M00780 | Tetracycline/oxytetracycline biosynthesis, pretetramide => tetracycline/oxytetracycline",Incomplete,Incomplete,Incomplete,Incomplete,Incomplete,Incomplete,Incomplete,Incomplete,Incomplete,Incomplete,Incomplete,Incomplete,Incomplete,Incomplete,Incomplete,Incomplete,Incomplete,Incomplete,Incomplete,Incomplete
"M00781 | Nogalavinone/aklavinone biosynthesis, deoxynogalonate/deoxyaklanonate => nogalavinone/aklavinone",Incomplete,Incomplete,Incomplete,Incomplete,Incomplete,Incomplete,Incomplete,Incomplete,Incomplete,Incomplete,Incomplete,Incomplete,Incomplete,Incomplete,Incomplete,Incomplete,Incomplete,Incomplete,Incomplete,Incomplete
"M00782 | Mithramycin biosynthesis, 4-demethylpremithramycinone => mithramycin",Incomplete,Incomplete,Incomplete,Incomplete,Incomplete,Incomplete,Incomplete,Incomplete,Incomplete,Incomplete,Incomplete,Incomplete,Incomplete,Incomplete,Incomplete,Incomplete,Incomplete,Incomplete,Incomplete,Incomplete
"M00783 | Tetracenomycin C/8-demethyltetracenomycin C biosynthesis, tetracenomycin F2 => tetracenomycin C/8-demethyltetracenomycin C",Incomplete,Incomplete,Incomplete,Incomplete,Incomplete,Incomplete,Incomplete,Incomplete,Incomplete,Incomplete,Incomplete,Incomplete,Incomplete,Incomplete,Incomplete,Incomplete,Incomplete,Incomplete,Incomplete,Incomplete
"M00784 | Elloramycin biosynthesis, 8-demethyltetracenomycin C => elloramycin A",Incomplete,Incomplete,Incomplete,Incomplete,Incomplete,Incomplete,Incomplete,Incomplete,Incomplete,Incomplete,Incomplete,Incomplete,Incomplete,Incomplete,Incomplete,Incomplete,Incomplete,Incomplete,Incomplete,Incomplete
"M00785 | Cycloserine biosynthesis, arginine/serine => cycloserine",Incomplete,Incomplete,Incomplete,Incomplete,Incomplete,Incomplete,Incomplete,Incomplete,Incomplete,Incomplete,Incomplete,Incomplete,Incomplete,Incomplete,Incomplete,Incomplete,Incomplete,Incomplete,Incomplete,Incomplete
"M00786 | Fumitremorgin alkaloid biosynthesis, tryptophan + proline => fumitremorgin C/A",Incomplete,Incomplete,Incomplete,Incomplete,Incomplete,Incomplete,Incomplete,Incomplete,Incomplete,Incomplete,Incomplete,Incomplete,Incomplete,Incomplete,Incomplete,Incomplete,Incomplete,Incomplete,Incomplete,Incomplete
"M00787 | Bacilysin biosynthesis, prephenate => bacilysin",Incomplete,Incomplete,Incomplete,Incomplete,Incomplete,Incomplete,Incomplete,Incomplete,Incomplete,Incomplete,Incomplete,Incomplete,Incomplete,Incomplete,Incomplete,Incomplete,Incomplete,Incomplete,Incomplete,Incomplete
"M00788 | Terpentecin biosynthesis, GGAP => terpentecin",Incomplete,Incomplete,Incomplete,Incomplete,Incomplete,Incomplete,Incomplete,Incomplete,Incomplete,Incomplete,Incomplete,Incomplete,Incomplete,Incomplete,Incomplete,Incomplete,Incomplete,Incomplete,Incomplete,Incomplete
"M00789 | Rebeccamycin biosynthesis, tryptophan => rebeccamycin",Incomplete,Incomplete,Incomplete,Incomplete,Incomplete,Incomplete,Incomplete,Incomplete,Incomplete,Incomplete,Incomplete,Incomplete,Incomplete,Incomplete,Incomplete,Incomplete,Incomplete,Incomplete,Incomplete,Incomplete
"M00790 | Pyrrolnitrin biosynthesis, tryptophan => pyrrolnitrin",Incomplete,Incomplete,Incomplete,Incomplete,Incomplete,Incomplete,Incomplete,Incomplete,Incomplete,Incomplete,Incomplete,Incomplete,Incomplete,Incomplete,Incomplete,Incomplete,Incomplete,Incomplete,Incomplete,Incomplete
M00793 | dTDP-L-rhamnose biosynthesis,Complete,Complete,Complete,Complete,Complete,Complete,Complete,Complete,Complete,Complete,Complete,Complete,Complete,Complete,Complete,Complete,Complete,Complete,Complete,Complete
M00794 | dTDP-6-deoxy-D-allose biosynthesis,Incomplete,Incomplete,Incomplete,Incomplete,Incomplete,Incomplete,Incomplete,Incomplete,Incomplete,Incomplete,Incomplete,Incomplete,Incomplete,Incomplete,Incomplete,Incomplete,Incomplete,Incomplete,Incomplete,Incomplete
M00795 | dTDP-beta-L-noviose biosynthesis,Incomplete,Incomplete,Incomplete,Incomplete,Incomplete,Incomplete,Incomplete,Incomplete,Incomplete,Incomplete,Incomplete,Incomplete,Incomplete,Incomplete,Incomplete,Incomplete,Incomplete,Incomplete,Incomplete,Incomplete
M00796 | dTDP-D-mycaminose biosynthesis,Incomplete,Incomplete,Incomplete,Incomplete,Incomplete,Incomplete,Incomplete,Incomplete,Incomplete,Incomplete,Incomplete,Incomplete,Incomplete,Incomplete,Incomplete,Incomplete,Incomplete,Incomplete,Incomplete,Incomplete
M00797 | dTDP-D-desosamine biosynthesis,Incomplete,Incomplete,Incomplete,Incomplete,Incomplete,Incomplete,Incomplete,Incomplete,Incomplete,Incomplete,Incomplete,Incomplete,Incomplete,Incomplete,Incomplete,Incomplete,Incomplete,Incomplete,Incomplete,Incomplete
M00798 | dTDP-L-mycarose biosynthesis,Incomplete,Incomplete,Incomplete,Incomplete,Incomplete,Incomplete,Incomplete,Incomplete,Incomplete,Incomplete,Incomplete,Incomplete,Incomplete,Incomplete,Incomplete,Incomplete,Incomplete,Incomplete,Incomplete,Incomplete
M00799 | dTDP-L-oleandrose biosynthesis,Incomplete,Incomplete,Incomplete,Incomplete,Incomplete,Incomplete,Incomplete,Incomplete,Incomplete,Incomplete,Incomplete,Incomplete,Incomplete,Incomplete,Incomplete,Incomplete,Incomplete,Incomplete,Incomplete,Incomplete
M00800 | dTDP-L-megosamine biosynthesis,Incomplete,Incomplete,Incomplete,Incomplete,Incomplete,Incomplete,Incomplete,Incomplete,Incomplete,Incomplete,Incomplete,Incomplete,Incomplete,Incomplete,Incomplete,Incomplete,Incomplete,Incomplete,Incomplete,Incomplete
M00801 | dTDP-L-olivose biosynthesis,Incomplete,Incomplete,Incomplete,Incomplete,Incomplete,Incomplete,Incomplete,Incomplete,Incomplete,Incomplete,Incomplete,Incomplete,Incomplete,Incomplete,Incomplete,Incomplete,Incomplete,Incomplete,Incomplete,Incomplete
M00802 | dTDP-D-forosamine biosynthesis,Incomplete,Incomplete,Incomplete,Incomplete,Incomplete,Incomplete,Incomplete,Incomplete,Incomplete,Incomplete,Incomplete,Incomplete,Incomplete,Incomplete,Incomplete,Incomplete,Incomplete,Incomplete,Incomplete,Incomplete
M00803 | dTDP-D-angolosamine biosynthesis,Incomplete,Incomplete,Incomplete,Incomplete,Incomplete,Incomplete,Incomplete,Incomplete,Incomplete,Incomplete,Incomplete,Incomplete,Incomplete,Incomplete,Incomplete,Incomplete,Incomplete,Incomplete,Incomplete,Incomplete
"M00804 | Complete nitrification, comammox, ammonia => nitrite => nitrate",Incomplete,Incomplete,Incomplete,Incomplete,Incomplete,Incomplete,Incomplete,Incomplete,Incomplete,Incomplete,Incomplete,Incomplete,Incomplete,Incomplete,Incomplete,Incomplete,Incomplete,Incomplete,Incomplete,Incomplete
"M00805 | Staurosporine biosynthesis, tryptophan => staurosporine",Incomplete,Incomplete,Incomplete,Incomplete,Incomplete,Incomplete,Incomplete,Incomplete,Incomplete,Incomplete,Incomplete,Incomplete,Incomplete,Incomplete,Incomplete,Incomplete,Incomplete,Incomplete,Incomplete,Incomplete
"M00808 | Violacein biosynthesis, tryptophan => violacein",Incomplete,Incomplete,Incomplete,Incomplete,Incomplete,Incomplete,Incomplete,Incomplete,Incomplete,Incomplete,Incomplete,Incomplete,Incomplete,Incomplete,Incomplete,Incomplete,Incomplete,Incomplete,Incomplete,Incomplete
"M00810 | Nicotine degradation, pyridine pathway, nicotine => 2,6-dihydroxypyridine/succinate semialdehyde",Incomplete,Incomplete,Incomplete,Incomplete,Incomplete,Incomplete,Incomplete,Incomplete,Incomplete,Incomplete,Incomplete,Incomplete,Incomplete,Incomplete,Incomplete,Incomplete,Incomplete,Incomplete,Incomplete,Incomplete
"M00811 | Nicotine degradation, pyrrolidine pathway, nicotine => succinate semialdehyde",Incomplete,Incomplete,Incomplete,Incomplete,Incomplete,Incomplete,Incomplete,Incomplete,Incomplete,Incomplete,Incomplete,Incomplete,Incomplete,Incomplete,Incomplete,Incomplete,Incomplete,Incomplete,Incomplete,Incomplete
"M00814 | Acarbose biosynthesis, sedoheptulopyranose-7P => acarbose",Incomplete,Incomplete,Incomplete,Incomplete,Incomplete,Incomplete,Incomplete,Incomplete,Incomplete,Incomplete,Incomplete,Incomplete,Incomplete,Incomplete,Incomplete,Incomplete,Incomplete,Incomplete,Incomplete,Incomplete
"M00815 | Validamycin A biosynthesis, sedoheptulopyranose-7P => validamycin A",Incomplete,Incomplete,Incomplete,Incomplete,Incomplete,Incomplete,Incomplete,Incomplete,Incomplete,Incomplete,Incomplete,Incomplete,Incomplete,Incomplete,Incomplete,Incomplete,Incomplete,Incomplete,Incomplete,Incomplete
"M00819 | Pentalenolactone biosynthesis, farnesyl-PP => pentalenolactone",Incomplete,Incomplete,Incomplete,Incomplete,Incomplete,Incomplete,Incomplete,Incomplete,Incomplete,Incomplete,Incomplete,Incomplete,Incomplete,Incomplete,Incomplete,Incomplete,Incomplete,Incomplete,Incomplete,Incomplete
"M00823 | Chlortetracycline biosynthesis, pretetramide => chlortetracycline",Incomplete,Incomplete,Incomplete,Incomplete,Incomplete,Incomplete,Incomplete,Incomplete,Incomplete,Incomplete,Incomplete,Incomplete,Incomplete,Incomplete,Incomplete,Incomplete,Incomplete,Incomplete,Incomplete,Incomplete
"M00824 | 9-membered enediyne core biosynthesis, malonyl-CoA => 3-hydroxyhexadeca-4,6,8,10,12,14-hexaenoyl-ACP => 9-membered enediyne core",Incomplete,Incomplete,Incomplete,Incomplete,Incomplete,Incomplete,Incomplete,Incomplete,Incomplete,Incomplete,Incomplete,Incomplete,Incomplete,Incomplete,Incomplete,Incomplete,Incomplete,Incomplete,Incomplete,Incomplete
"M00825 | 10-membered enediyne core biosynthesis, malonyl-CoA => 3-hydroxyhexadeca-4,6,8,10,12,14-hexaenoyl-ACP => 10-membered enediyne core",Incomplete,Incomplete,Incomplete,Incomplete,Incomplete,Incomplete,Incomplete,Incomplete,Incomplete,Incomplete,Incomplete,Incomplete,Incomplete,Incomplete,Incomplete,Incomplete,Incomplete,Incomplete,Incomplete,Incomplete
"M00826 | C-1027 benzoxazolinate moiety biosynthesis, chorismate => benzoxazolinyl-CoA",Incomplete,Incomplete,Incomplete,Incomplete,Incomplete,Incomplete,Incomplete,Incomplete,Incomplete,Incomplete,Incomplete,Incomplete,Incomplete,Incomplete,Incomplete,Incomplete,Incomplete,Incomplete,Incomplete,Incomplete
"M00827 | C-1027 beta-amino acid moiety biosynthesis, tyrosine => 3-chloro-4,5-dihydroxy-beta-phenylalanyl-PCP",Incomplete,Incomplete,Incomplete,Incomplete,Incomplete,Incomplete,Incomplete,Incomplete,Incomplete,Incomplete,Incomplete,Incomplete,Incomplete,Incomplete,Incomplete,Incomplete,Incomplete,Incomplete,Incomplete,Incomplete
"M00828 | Maduropeptin beta-hydroxy acid moiety biosynthesis, tyrosine => 3-(4-hydroxyphenyl)-3-oxopropanoyl-PCP",Incomplete,Incomplete,Incomplete,Incomplete,Incomplete,Incomplete,Incomplete,Incomplete,Incomplete,Incomplete,Incomplete,Incomplete,Incomplete,Incomplete,Incomplete,Incomplete,Incomplete,Incomplete,Incomplete,Incomplete
"M00829 | 3,6-Dimethylsalicylyl-CoA biosynthesis, malonyl-CoA => 6-methylsalicylate => 3,6-dimethylsalicylyl-CoA",Incomplete,Incomplete,Incomplete,Incomplete,Incomplete,Incomplete,Incomplete,Incomplete,Incomplete,Incomplete,Incomplete,Incomplete,Incomplete,Incomplete,Incomplete,Incomplete,Incomplete,Incomplete,Incomplete,Incomplete
"M00830 | Neocarzinostatin naphthoate moiety biosynthesis, malonyl-CoA => 2-hydroxy-5-methyl-1-naphthoate => 2-hydroxy-7-methoxy-5-methyl-1-naphthoyl-CoA",Incomplete,Incomplete,Incomplete,Incomplete,Incomplete,Incomplete,Incomplete,Incomplete,Incomplete,Incomplete,Incomplete,Incomplete,Incomplete,Incomplete,Incomplete,Incomplete,Incomplete,Incomplete,Incomplete,Incomplete
"M00831 | Kedarcidin 2-hydroxynaphthoate moiety biosynthesis, malonyl-CoA => 3,6,8-trihydroxy-2-naphthoate => 3-hydroxy-7,8-dimethoxy-6-isopropoxy-2-naphthoyl-CoA",Incomplete,Incomplete,Incomplete,Incomplete,Incomplete,Incomplete,Incomplete,Incomplete,Incomplete,Incomplete,Incomplete,Incomplete,Incomplete,Incomplete,Incomplete,Incomplete,Incomplete,Incomplete,Incomplete,Incomplete
"M00832 | Kedarcidin 2-aza-3-chloro-beta-tyrosine moiety biosynthesis, azatyrosine => 2-aza-3-chloro-beta-tyrosyl-PCP",Incomplete,Incomplete,Incomplete,Incomplete,Incomplete,Incomplete,Incomplete,Incomplete,Incomplete,Incomplete,Incomplete,Incomplete,Incomplete,Incomplete,Incomplete,Incomplete,Incomplete,Incomplete,Incomplete,Incomplete
"M00833 | Calicheamicin biosynthesis, calicheamicinone => calicheamicin",Incomplete,Incomplete,Incomplete,Incomplete,Incomplete,Incomplete,Incomplete,Incomplete,Incomplete,Incomplete,Incomplete,Incomplete,Incomplete,Incomplete,Incomplete,Incomplete,Incomplete,Incomplete,Incomplete,Incomplete
"M00834 | Calicheamicin orsellinate moiety biosynthesis, malonyl-CoA => orsellinate-ACP => 5-iodo-2,3-dimethoxyorsellinate-ACP",Incomplete,Incomplete,Incomplete,Incomplete,Incomplete,Incomplete,Incomplete,Incomplete,Incomplete,Incomplete,Incomplete,Incomplete,Incomplete,Incomplete,Incomplete,Incomplete,Incomplete,Incomplete,Incomplete,Incomplete
"M00835 | Pyocyanine biosynthesis, chorismate => pyocyanine",Incomplete,Incomplete,Incomplete,Incomplete,Incomplete,Incomplete,Incomplete,Incomplete,Incomplete,Incomplete,Incomplete,Incomplete,Incomplete,Incomplete,Incomplete,Incomplete,Incomplete,Incomplete,Incomplete,Incomplete
"M00836 | Coenzyme F430 biosynthesis, sirohydrochlorin => coenzyme F430",Incomplete,Incomplete,Incomplete,Incomplete,Incomplete,Incomplete,Incomplete,Incomplete,Incomplete,Incomplete,Incomplete,Incomplete,Incomplete,Incomplete,Incomplete,Incomplete,Incomplete,Incomplete,Incomplete,Incomplete
"M00837 | Prodigiosin biosynthesis, L-proline => prodigiosin",Incomplete,Incomplete,Incomplete,Incomplete,Incomplete,Incomplete,Incomplete,Incomplete,Incomplete,Incomplete,Incomplete,Incomplete,Incomplete,Incomplete,Incomplete,Incomplete,Incomplete,Incomplete,Incomplete,Incomplete
"M00838 | Undecylprodigiosin biosynthesis, L-proline => undecylprodigiosin",Incomplete,Incomplete,Incomplete,Incomplete,Incomplete,Incomplete,Incomplete,Incomplete,Incomplete,Incomplete,Incomplete,Incomplete,Incomplete,Incomplete,Incomplete,Incomplete,Incomplete,Incomplete,Incomplete,Incomplete
"M00840 | Tetrahydrofolate biosynthesis, mediated by ribA and trpF, GTP => THF",Incomplete,Incomplete,Incomplete,Incomplete,Incomplete,Incomplete,Incomplete,Incomplete,Incomplete,Incomplete,Incomplete,Incomplete,Incomplete,Incomplete,Incomplete,Incomplete,Incomplete,Incomplete,Incomplete,Incomplete
"M00841 | Tetrahydrofolate biosynthesis, mediated by PTPS, GTP => THF",Incomplete,Incomplete,Incomplete,1 block missing,Incomplete,Incomplete,Incomplete,Incomplete,Incomplete,Incomplete,Incomplete,Incomplete,Incomplete,Incomplete,Incomplete,Incomplete,Incomplete,Incomplete,Incomplete,Incomplete
"M00842 | Tetrahydrobiopterin biosynthesis, GTP => BH4",1 block missing,1 block missing,1 block missing,1 block missing,1 block missing,1 block missing,1 block missing,1 block missing,1 block missing,1 block missing,1 block missing,1 block missing,1 block missing,1 block missing,1 block missing,1 block missing,Incomplete,1 block missing,1 block missing,1 block missing
"M00843 | L-threo-Tetrahydrobiopterin biosynthesis, GTP => L-threo-BH4",1 block missing,1 block missing,1 block missing,1 block missing,1 block missing,1 block missing,1 block missing,1 block missing,1 block missing,1 block missing,1 block missing,1 block missing,1 block missing,1 block missing,1 block missing,1 block missing,Incomplete,1 block missing,1 block missing,1 block missing
"M00844 | Arginine biosynthesis, ornithine => arginine",Complete,Complete,Complete,Complete,Complete,Complete,Complete,Complete,Complete,Complete,Complete,Complete,Complete,Complete,Complete,Complete,Complete,Complete,Complete,Complete
"M00845 | Arginine biosynthesis, glutamate => acetylcitrulline => arginine",Incomplete,Incomplete,Incomplete,Incomplete,Incomplete,Incomplete,Incomplete,Incomplete,Incomplete,Incomplete,Incomplete,Incomplete,Incomplete,Incomplete,Incomplete,Incomplete,Incomplete,Incomplete,Incomplete,Incomplete
"M00846 | Siroheme biosynthesis, glutamate => siroheme",1 block missing,Complete,1 block missing,Complete,1 block missing,1 block missing,1 block missing,Incomplete,Complete,1 block missing,Incomplete,1 block missing,1 block missing,1 block missing,1 block missing,Complete,Incomplete,1 block missing,Complete,1 block missing
"M00847 | Heme biosynthesis, archaea, siroheme => heme",Incomplete,Incomplete,Incomplete,Incomplete,Incomplete,Incomplete,Incomplete,Incomplete,Incomplete,Incomplete,Incomplete,Incomplete,Incomplete,Incomplete,Incomplete,Incomplete,Incomplete,Incomplete,Incomplete,Incomplete
"M00848 | Aurachin biosynthesis, anthranilate => aurachin A",Incomplete,Incomplete,Incomplete,Incomplete,Incomplete,Incomplete,Incomplete,Incomplete,Incomplete,Incomplete,Incomplete,Incomplete,Incomplete,Incomplete,Incomplete,Incomplete,Incomplete,Incomplete,Incomplete,Incomplete
"M00849 | C5 isoprenoid biosynthesis, mevalonate pathway, archaea",Incomplete,1 block missing,1 block missing,1 block missing,1 block missing,1 block missing,1 block missing,1 block missing,1 block missing,1 block missing,1 block missing,1 block missing,1 block missing,1 block missing,Incomplete,Incomplete,Incomplete,1 block missing,Incomplete,Incomplete
"M00850 | Vibrio cholerae pathogenicity signature, cholera toxins",Incomplete,Incomplete,Incomplete,Incomplete,Incomplete,Incomplete,Incomplete,Incomplete,Incomplete,Incomplete,Incomplete,Incomplete,Incomplete,Incomplete,Incomplete,Incomplete,Incomplete,Incomplete,Incomplete,Incomplete
M00851 | Carbapenem resistance,1 block missing,1 block missing,1 block missing,1 block missing,1 block missing,1 block missing,1 block missing,1 block missing,1 block missing,1 block missing,1 block missing,1 block missing,1 block missing,1 block missing,1 block missing,1 block missing,1 block missing,1 block missing,1 block missing,1 block missing
"M00852 | Vibrio cholerae pathogenicity signature, toxin coregulated pilus",Incomplete,Incomplete,Incomplete,Incomplete,Incomplete,Incomplete,Incomplete,Incomplete,Incomplete,Incomplete,Incomplete,Incomplete,Incomplete,Incomplete,Incomplete,Incomplete,Incomplete,Incomplete,Incomplete,Incomplete
"M00853 | ETEC pathogenicity signature, colonization factors",Incomplete,Incomplete,Incomplete,Incomplete,Incomplete,Incomplete,Incomplete,Incomplete,Incomplete,Incomplete,Incomplete,Incomplete,Incomplete,Incomplete,Incomplete,Incomplete,Incomplete,Incomplete,Incomplete,Incomplete
"M00854 | Glycogen biosynthesis, glucose-1P => glycogen/starch",Complete,Complete,Complete,Complete,Complete,Complete,Complete,Complete,Complete,Complete,Complete,Complete,Complete,Complete,Complete,Complete,Complete,Complete,Complete,Complete
"M00855 | Glycogen degradation, glycogen => glucose-6P",Complete,Complete,Complete,Complete,Complete,Complete,Complete,Complete,Complete,Complete,Complete,Complete,Complete,Complete,Complete,Complete,Complete,Complete,Complete,Complete
"M00856 | Salmonella enterica pathogenicity signature, typhoid toxin",Incomplete,Incomplete,Incomplete,Incomplete,Incomplete,Incomplete,Incomplete,Incomplete,Incomplete,Incomplete,Incomplete,Incomplete,Incomplete,Incomplete,Incomplete,Incomplete,Incomplete,Incomplete,Incomplete,Incomplete
"M00857 | Salmonella enterica pathogenicity signature, Vi antigen",Incomplete,Incomplete,Incomplete,Incomplete,Incomplete,Incomplete,Incomplete,Incomplete,Incomplete,Incomplete,Incomplete,Incomplete,Incomplete,Incomplete,Incomplete,Incomplete,Incomplete,Incomplete,Incomplete,Incomplete
"M00859 | Bacillus anthracis pathogenicity signature, anthrax toxin",Incomplete,Incomplete,Incomplete,Incomplete,Incomplete,Incomplete,Incomplete,Incomplete,Incomplete,Incomplete,Incomplete,Incomplete,Incomplete,Incomplete,Incomplete,Incomplete,Incomplete,Incomplete,Incomplete,Incomplete
"M00860 | Bacillus anthracis pathogenicity signature, polyglutamic acid capsule biosynthesis",Incomplete,Incomplete,Incomplete,Incomplete,Incomplete,Incomplete,Incomplete,Incomplete,Incomplete,Incomplete,Incomplete,Incomplete,Incomplete,Incomplete,Incomplete,Incomplete,Incomplete,Incomplete,Incomplete,Incomplete
"M00861 | beta-Oxidation, peroxisome, VLCFA",1 block missing,Incomplete,1 block missing,Incomplete,1 block missing,Complete,Incomplete,1 block missing,1 block missing,1 block missing,1 block missing,1 block missing,1 block missing,Incomplete,Complete,1 block missing,1 block missing,1 block missing,1 block missing,1 block missing
"M00862 | beta-Oxidation, peroxisome, tri/dihydroxycholestanoyl-CoA => choloyl/chenodeoxycholoyl-CoA",Incomplete,Incomplete,1 block missing,Incomplete,1 block missing,Incomplete,Incomplete,Incomplete,1 block missing,1 block missing,1 block missing,1 block missing,1 block missing,Incomplete,1 block missing,1 block missing,1 block missing,1 block missing,1 block missing,1 block missing
"M00866 | KDO2-lipid A biosynthesis, Raetz pathway, non-LpxL-LpxM type",Complete,Complete,1 block missing,Complete,1 block missing,Incomplete,Complete,Incomplete,1 block missing,Complete,1 block missing,Complete,Complete,1 block missing,1 block missing,Complete,Incomplete,Incomplete,Incomplete,1 block missing
M00867 | KDO2-lipid A modification pathway,Incomplete,Incomplete,Incomplete,Incomplete,Incomplete,Incomplete,Incomplete,Incomplete,Incomplete,Incomplete,Incomplete,Incomplete,Incomplete,Incomplete,Incomplete,Incomplete,Incomplete,Incomplete,Incomplete,Incomplete
"M00868 | Heme biosynthesis, animals and fungi, glycine => heme",Incomplete,Complete,Incomplete,1 block missing,Incomplete,Incomplete,Incomplete,Incomplete,Complete,Incomplete,Incomplete,1 block missing,Incomplete,Incomplete,Incomplete,1 block missing,Incomplete,Incomplete,1 block missing,Incomplete
"M00872 | O-glycan biosynthesis, mannose type (core M3)",Incomplete,Incomplete,Incomplete,Incomplete,Incomplete,Incomplete,Incomplete,Incomplete,Incomplete,Incomplete,Incomplete,Incomplete,Incomplete,Incomplete,Incomplete,Incomplete,Incomplete,Incomplete,Incomplete,Incomplete
"M00873 | Fatty acid biosynthesis in mitochondria, animals",Incomplete,Incomplete,Incomplete,Incomplete,Incomplete,Incomplete,Incomplete,Incomplete,Incomplete,Incomplete,Incomplete,Incomplete,Incomplete,Incomplete,Incomplete,Incomplete,Incomplete,Incomplete,Incomplete,Incomplete
"M00874 | Fatty acid biosynthesis in mitochondria, fungi",Incomplete,Incomplete,Incomplete,Incomplete,Incomplete,Incomplete,Incomplete,Incomplete,Incomplete,Incomplete,Incomplete,Incomplete,Incomplete,Incomplete,Incomplete,Incomplete,Incomplete,Incomplete,Incomplete,Incomplete
"M00875 | Staphyloferrin B biosynthesis, L-serine => staphyloferrin B",Incomplete,Incomplete,Incomplete,Incomplete,Incomplete,Incomplete,Incomplete,Incomplete,Incomplete,Incomplete,Incomplete,Incomplete,Incomplete,Incomplete,Incomplete,Incomplete,Incomplete,Incomplete,Incomplete,Incomplete
"M00876 | Staphyloferrin A biosynthesis, L-ornithine => staphyloferrin A",Incomplete,Incomplete,Incomplete,Incomplete,Incomplete,Incomplete,Incomplete,Incomplete,Incomplete,Incomplete,Incomplete,Incomplete,Incomplete,Incomplete,Incomplete,Incomplete,Incomplete,Incomplete,Incomplete,Incomplete
"M00877 | Kanosamine biosynthesis, glucose 6-phosphate => kanosamine",Incomplete,Incomplete,Incomplete,Incomplete,Incomplete,Incomplete,Incomplete,Incomplete,Incomplete,Incomplete,Incomplete,Incomplete,Incomplete,Incomplete,Incomplete,Incomplete,Incomplete,Incomplete,Incomplete,Incomplete
"M00878 | Phenylacetate degradation, phenylaxetate => acetyl-CoA/succinyl-CoA",1 block missing,1 block missing,Incomplete,1 block missing,1 block missing,Incomplete,1 block missing,Incomplete,1 block missing,Incomplete,Incomplete,Incomplete,1 block missing,Incomplete,Incomplete,Incomplete,Incomplete,1 block missing,Incomplete,Incomplete
"M00879 | Arginine succinyltransferase pathway, arginine => glutamate",Incomplete,Incomplete,Incomplete,Incomplete,Incomplete,Incomplete,Incomplete,Incomplete,Incomplete,Incomplete,Incomplete,Incomplete,Incomplete,Incomplete,Incomplete,Incomplete,Incomplete,Incomplete,Incomplete,Incomplete
"M00880 | Molybdenum cofactor biosynthesis, GTP => molybdenum cofactor",Complete,Complete,Complete,Complete,Complete,Complete,Complete,Complete,Complete,Complete,Complete,Complete,Complete,Complete,Complete,Complete,Complete,Complete,Complete,Complete
"M00889 | Puromycin biosynthesis, ATP => puromycin",Incomplete,Incomplete,Incomplete,Incomplete,Incomplete,Incomplete,Incomplete,Incomplete,Incomplete,Incomplete,Incomplete,Incomplete,Incomplete,Incomplete,Incomplete,Incomplete,Incomplete,Incomplete,Incomplete,Incomplete
"M00890 | Roseoflavin biosynthesis, FMN => roseoflavin",Incomplete,Incomplete,Incomplete,Incomplete,Incomplete,Incomplete,Incomplete,Incomplete,Incomplete,Incomplete,Incomplete,Incomplete,Incomplete,Incomplete,Incomplete,Incomplete,Incomplete,Incomplete,Incomplete,Incomplete
"M00891 | Ditryptophenaline biosynthesis, tryptophan + phenylalanine => ditryptophenaline",Incomplete,Incomplete,Incomplete,Incomplete,Incomplete,Incomplete,Incomplete,Incomplete,Incomplete,Incomplete,Incomplete,Incomplete,Incomplete,Incomplete,Incomplete,Incomplete,Incomplete,Incomplete,Incomplete,Incomplete
"M00892 | UDP-N-acetyl-D-glucosamine biosynthesis, eukaryotes, glucose => UDP-GlcNAc",Incomplete,Incomplete,Incomplete,Incomplete,Incomplete,Incomplete,Incomplete,Incomplete,Incomplete,Incomplete,Incomplete,Incomplete,Incomplete,Incomplete,1 block missing,Incomplete,Incomplete,Incomplete,Incomplete,Incomplete
"M00893 | Lovastatin biosynthesis, malonyl-CoA => lovastatin acid",Incomplete,Incomplete,Incomplete,Incomplete,Incomplete,Incomplete,Incomplete,Incomplete,Incomplete,Incomplete,Incomplete,Incomplete,Incomplete,Incomplete,Incomplete,Incomplete,Incomplete,Incomplete,Incomplete,Incomplete
"M00894 | Cannabidiol biosynthesis, malonyl-CoA => cannabidiol/dronabinol",Incomplete,Incomplete,Incomplete,Incomplete,Incomplete,Incomplete,Incomplete,Incomplete,Incomplete,Incomplete,Incomplete,Incomplete,Incomplete,Incomplete,Incomplete,Incomplete,Incomplete,Incomplete,Incomplete,Incomplete
"M00900 | Crocin biosynthesis, crocetin => crocin",Incomplete,Incomplete,Incomplete,Incomplete,Incomplete,Incomplete,Incomplete,Incomplete,Incomplete,Incomplete,Incomplete,Incomplete,Incomplete,Incomplete,Incomplete,Incomplete,Incomplete,Incomplete,Incomplete,Incomplete
"M00901 | Fumiquinazoline biosynthesis, tryptophan + alanine + anthranilate => fumiquinazoline",Incomplete,Incomplete,Incomplete,Incomplete,Incomplete,Incomplete,Incomplete,Incomplete,Incomplete,Incomplete,Incomplete,Incomplete,Incomplete,Incomplete,Incomplete,Incomplete,Incomplete,Incomplete,Incomplete,Incomplete
"M00902 | Podophyllotoxin biosynthesis, coniferyl alcohol => podophyllotoxin",Incomplete,Incomplete,Incomplete,Incomplete,Incomplete,Incomplete,Incomplete,Incomplete,Incomplete,Incomplete,Incomplete,Incomplete,Incomplete,Incomplete,Incomplete,Incomplete,Incomplete,Incomplete,Incomplete,Incomplete
"M00903 | Fosfomycin biosynthesis, phosphoenolpyruvate => fosfomycin",Incomplete,Incomplete,Incomplete,Incomplete,Incomplete,Incomplete,Incomplete,Incomplete,Incomplete,Incomplete,Incomplete,Incomplete,Incomplete,Incomplete,Incomplete,Incomplete,Incomplete,Incomplete,Incomplete,Incomplete
"M00904 | Dapdiamides biosynthesis, L-2,3-diaminopropanoate => dapdiamide A/B/C",Incomplete,Incomplete,Incomplete,Incomplete,Incomplete,Incomplete,Incomplete,Incomplete,Incomplete,Incomplete,Incomplete,Incomplete,Incomplete,Incomplete,Incomplete,Incomplete,Incomplete,Incomplete,Incomplete,Incomplete
"M00905 | Grixazone biosynthesis, aspartate 4-semialdehyde => grixazone B",Incomplete,Incomplete,Incomplete,Incomplete,Incomplete,Incomplete,Incomplete,Incomplete,Incomplete,Incomplete,Incomplete,Incomplete,Incomplete,Incomplete,Incomplete,Incomplete,Incomplete,Incomplete,Incomplete,Incomplete
"M00906 | Ethynylserine biosynthesis, lysine => ethynylserine",Incomplete,Incomplete,Incomplete,Incomplete,Incomplete,Incomplete,Incomplete,Incomplete,Incomplete,Incomplete,Incomplete,Incomplete,Incomplete,Incomplete,Incomplete,Incomplete,Incomplete,Incomplete,Incomplete,Incomplete
"M00909 | UDP-N-acetyl-D-glucosamine biosynthesis, prokaryotes, glucose => UDP-GlcNAc",Complete,Complete,Complete,Complete,Complete,Complete,Complete,Complete,Complete,Complete,Complete,Complete,Complete,Complete,Complete,Complete,Complete,Complete,Complete,Complete
M00910 | Phenylalanine_biosynthesis,Incomplete,Incomplete,Incomplete,Incomplete,Incomplete,Incomplete,Incomplete,Incomplete,Incomplete,Incomplete,Incomplete,Incomplete,Incomplete,Incomplete,Incomplete,Incomplete,Incomplete,Incomplete,1 block missing,Incomplete
M00911 | Riboflavin_biosynthesis_fungi,1 block missing,1 block missing,Incomplete,1 block missing,Incomplete,Incomplete,Incomplete,Incomplete,1 block missing,Incomplete,Incomplete,Incomplete,1 block missing,Incomplete,1 block missing,1 block missing,Incomplete,Incomplete,Incomplete,Incomplete
M00912 | NAD_biosynthesis,Complete,Complete,Incomplete,Incomplete,Incomplete,Incomplete,Incomplete,Incomplete,Complete,Incomplete,Incomplete,Incomplete,Incomplete,Incomplete,Incomplete,1 block missing,Incomplete,Incomplete,Incomplete,Incomplete
M00913 | Pantothenate_biosynthesis,1 block missing,Incomplete,Incomplete,1 block missing,1 block missing,1 block missing,1 block missing,1 block missing,1 block missing,1 block missing,1 block missing,1 block missing,1 block missing,1 block missing,1 block missing,1 block missing,1 block missing,Incomplete,Incomplete,1 block missing
M00914 | Coenzyme_A_biosynthesis_archaea,1 block missing,Incomplete,Incomplete,Incomplete,1 block missing,Incomplete,1 block missing,1 block missing,Incomplete,Complete,1 block missing,1 block missing,Incomplete,1 block missing,Incomplete,1 block missing,1 block missing,1 block missing,Incomplete,1 block missing
M00915 | Caffeine_degradation,Incomplete,Incomplete,Incomplete,Incomplete,Incomplete,Incomplete,Incomplete,Incomplete,Incomplete,Incomplete,Incomplete,Incomplete,Incomplete,Incomplete,Incomplete,Incomplete,Incomplete,Incomplete,Incomplete,Incomplete
M00916 | Pyridoxal-P_biosynthesis,Complete,Complete,Complete,Complete,Complete,Complete,Complete,Complete,Complete,Complete,Complete,Complete,Complete,Complete,Complete,Complete,Complete,Complete,Complete,Complete
M00917 | Phytosterol_biosynthesis_squalene_2,Incomplete,Incomplete,Incomplete,Incomplete,Incomplete,Incomplete,Incomplete,Incomplete,Incomplete,Incomplete,Incomplete,Incomplete,Incomplete,Incomplete,Incomplete,Incomplete,Incomplete,Incomplete,Incomplete,Incomplete
M00918 | Aerobactin_biosynthesis,Incomplete,Incomplete,Incomplete,Incomplete,Incomplete,Incomplete,Incomplete,Incomplete,Incomplete,Incomplete,Incomplete,Incomplete,Incomplete,Incomplete,Incomplete,Incomplete,Incomplete,Incomplete,Incomplete,Incomplete
M00919 | Ectoine_degradation,Incomplete,Incomplete,Incomplete,Incomplete,Incomplete,Incomplete,Incomplete,Incomplete,Incomplete,Incomplete,Incomplete,Incomplete,Incomplete,Incomplete,Incomplete,Incomplete,Incomplete,Incomplete,Incomplete,Incomplete
M00921 | Cyclooctatin_biosynthesis,Incomplete,Incomplete,Incomplete,Incomplete,Incomplete,Incomplete,Incomplete,Incomplete,Incomplete,Incomplete,Incomplete,Incomplete,Incomplete,Incomplete,Incomplete,Incomplete,Incomplete,Incomplete,Incomplete,Incomplete
M00922 | CMP-Neu5Ac_biosynthesis,Incomplete,Incomplete,1 block missing,Incomplete,1 block missing,Incomplete,1 block missing,Incomplete,1 block missing,Incomplete,Incomplete,1 block missing,1 block missing,1 block missing,Incomplete,Incomplete,Incomplete,Incomplete,Incomplete,Incomplete
M00923 | UDP-L-FucNAm_biosynthesis,Incomplete,Incomplete,Incomplete,Incomplete,Incomplete,Incomplete,Incomplete,Incomplete,Incomplete,Incomplete,Incomplete,Incomplete,Incomplete,Incomplete,Incomplete,Incomplete,Incomplete,Incomplete,Incomplete,Incomplete
M00924 | Cobalamin_biosynthesis_anaerobicc-diamide,1 block missing,Incomplete,Incomplete,Incomplete,Incomplete,Incomplete,Incomplete,Incomplete,Complete,Incomplete,Incomplete,Incomplete,1 block missing,Incomplete,Incomplete,Incomplete,Incomplete,Incomplete,Incomplete,Incomplete
M00925 | Cobalamin_biosynthesis_aerobicc-diamide,Incomplete,Incomplete,Incomplete,Incomplete,Incomplete,Incomplete,Incomplete,Incomplete,Incomplete,Incomplete,Incomplete,Incomplete,Incomplete,Incomplete,Incomplete,Incomplete,Incomplete,Incomplete,Incomplete,Incomplete
M00926 | Heme_biosynthesis_bacteria,Complete,Complete,Incomplete,Complete,1 block missing,1 block missing,1 block missing,Incomplete,1 block missing,1 block missing,1 block missing,1 block missing,Complete,1 block missing,Incomplete,1 block missing,1 block missing,1 block missing,1 block missing,1 block missing
M00927 | Gibberellin_A12_biosynthesis,Incomplete,Incomplete,Incomplete,Incomplete,Incomplete,Incomplete,Incomplete,Incomplete,Incomplete,Incomplete,Incomplete,Incomplete,Incomplete,Incomplete,Incomplete,Incomplete,Incomplete,Incomplete,Incomplete,Incomplete
M00928 | Gibberellin_A4--A1_biosynthesis,Incomplete,Incomplete,Incomplete,Incomplete,Incomplete,Incomplete,Incomplete,Incomplete,Incomplete,Incomplete,Incomplete,Incomplete,Incomplete,Incomplete,Incomplete,Incomplete,Incomplete,Incomplete,Incomplete,Incomplete
M00929 | Gibberellin_A1_biosynthesis,Incomplete,Incomplete,Incomplete,Incomplete,Incomplete,Incomplete,Incomplete,Incomplete,Incomplete,Incomplete,Incomplete,Incomplete,Incomplete,Incomplete,Incomplete,Incomplete,Incomplete,Incomplete,Incomplete,Incomplete
M00930 | Menaquinone_biosynthesis_futalosine_pathway,Incomplete,1 block missing,Incomplete,Incomplete,Incomplete,Incomplete,Incomplete,Incomplete,Incomplete,Incomplete,Incomplete,1 block missing,Incomplete,Incomplete,Incomplete,Incomplete,Incomplete,Incomplete,Incomplete,Incomplete
M00931 | Menaquinone_biosynthesis_modified_futalosine_pathway,Incomplete,1 block missing,Incomplete,Incomplete,Incomplete,Incomplete,Incomplete,Incomplete,Incomplete,Incomplete,Incomplete,1 block missing,Incomplete,Incomplete,Incomplete,Incomplete,Incomplete,Incomplete,Incomplete,Incomplete
M00932 | Phylloquinone_biosynthesis,Incomplete,Incomplete,Incomplete,Incomplete,Incomplete,Incomplete,Incomplete,Incomplete,Incomplete,Incomplete,Incomplete,Incomplete,Incomplete,Incomplete,Incomplete,Incomplete,Incomplete,Incomplete,Incomplete,Incomplete
M00933 | Plastoquinone_biosynthesis,Incomplete,Incomplete,Incomplete,1 block missing,Incomplete,Incomplete,Incomplete,Incomplete,Incomplete,Incomplete,Incomplete,Incomplete,Incomplete,Incomplete,Incomplete,Incomplete,Incomplete,Incomplete,Incomplete,Incomplete
M00934 | Mycinamicin_biosynthesis,Incomplete,Incomplete,Incomplete,Incomplete,Incomplete,Incomplete,Incomplete,Incomplete,Incomplete,Incomplete,Incomplete,Incomplete,Incomplete,Incomplete,Incomplete,Incomplete,Incomplete,Incomplete,Incomplete,Incomplete
M00935 | Methanofuran_biosynthesis,1 block missing,Incomplete,Incomplete,1 block missing,Incomplete,Incomplete,Incomplete,Incomplete,Incomplete,Incomplete,Incomplete,Incomplete,Incomplete,Incomplete,Incomplete,1 block missing,Incomplete,Incomplete,1 block missing,Incomplete
M00936 | Melatonin_biosynthesis_plants,Incomplete,Incomplete,Incomplete,Incomplete,Incomplete,Incomplete,Incomplete,Incomplete,Incomplete,Incomplete,Incomplete,Incomplete,Incomplete,Incomplete,Incomplete,Incomplete,Incomplete,Incomplete,Incomplete,Incomplete
M00937 | Aflatoxin_biosynthesis,Incomplete,Incomplete,Incomplete,Incomplete,Incomplete,Incomplete,Incomplete,Incomplete,Incomplete,Incomplete,Incomplete,Incomplete,Incomplete,Incomplete,Incomplete,Incomplete,Incomplete,Incomplete,Incomplete,Incomplete
M00938 | Pyrimidine_deoxyribonucleotide_biosynthesis,Complete,Complete,1 block missing,Complete,Complete,Complete,Complete,1 block missing,Complete,1 block missing,1 block missing,Complete,Complete,1 block missing,Complete,Complete,1 block missing,1 block missing,1 block missing,1 block missing
M00939 | Pyrimidine_degradation,Incomplete,Incomplete,Incomplete,Incomplete,1 block missing,Incomplete,Incomplete,Incomplete,Incomplete,Incomplete,Incomplete,Incomplete,Incomplete,Incomplete,Incomplete,Incomplete,Incomplete,Incomplete,Incomplete,Incomplete
M00940 | Flavanone_biosynthesis,Incomplete,Incomplete,Incomplete,Incomplete,Incomplete,Incomplete,Incomplete,Incomplete,Incomplete,Incomplete,Incomplete,Incomplete,Incomplete,Incomplete,Incomplete,Incomplete,Incomplete,Incomplete,Incomplete,Incomplete
M00941 | Isoflavone_biosynthesis,Incomplete,Incomplete,Incomplete,Incomplete,Incomplete,Incomplete,Incomplete,Incomplete,Incomplete,Incomplete,Incomplete,Incomplete,Incomplete,Incomplete,Incomplete,Incomplete,Incomplete,Incomplete,Incomplete,Incomplete
M00942 | Pterocarpan_biosynthesis,Incomplete,Incomplete,Incomplete,Incomplete,Incomplete,Incomplete,Incomplete,Incomplete,Incomplete,Incomplete,Incomplete,Incomplete,Incomplete,Incomplete,Incomplete,Incomplete,Incomplete,Incomplete,Incomplete,Incomplete
M00943 | Reticuline_biosynthesis,Incomplete,Incomplete,Incomplete,Incomplete,Incomplete,Incomplete,Incomplete,Incomplete,Incomplete,Incomplete,Incomplete,Incomplete,Incomplete,Incomplete,Incomplete,Incomplete,Incomplete,Incomplete,Incomplete,Incomplete
M00944 | Morphine_biosynthesis,Incomplete,Incomplete,Incomplete,Incomplete,Incomplete,Incomplete,Incomplete,Incomplete,Incomplete,Incomplete,Incomplete,Incomplete,Incomplete,Incomplete,Incomplete,Incomplete,Incomplete,Incomplete,Incomplete,Incomplete
M00945 | Sanguinarine_biosynthesis,Incomplete,Incomplete,Incomplete,Incomplete,Incomplete,Incomplete,Incomplete,Incomplete,Incomplete,Incomplete,Incomplete,Incomplete,Incomplete,Incomplete,Incomplete,Incomplete,Incomplete,Incomplete,Incomplete,Incomplete
M00946 | Noscapine_biosynthesis,Incomplete,Incomplete,Incomplete,Incomplete,Incomplete,Incomplete,Incomplete,Incomplete,Incomplete,Incomplete,Incomplete,Incomplete,Incomplete,Incomplete,Incomplete,Incomplete,Incomplete,Incomplete,Incomplete,Incomplete
M00947 | D-Arginine_racemization,Incomplete,Incomplete,Incomplete,Incomplete,Incomplete,Incomplete,Incomplete,Incomplete,Incomplete,Incomplete,Incomplete,Incomplete,Incomplete,Incomplete,Incomplete,Incomplete,Incomplete,Incomplete,Incomplete,Incomplete
M00948 | Hydroxyproline_degradation,Incomplete,Incomplete,Incomplete,Incomplete,Incomplete,Incomplete,Incomplete,Incomplete,Incomplete,Incomplete,Incomplete,Incomplete,Incomplete,Incomplete,Incomplete,Incomplete,Incomplete,Incomplete,Incomplete,Incomplete
M00949 | Staphylopine_biosynthesis,Incomplete,Incomplete,Incomplete,Incomplete,Incomplete,Incomplete,Incomplete,Incomplete,Incomplete,Incomplete,Incomplete,Incomplete,Incomplete,Incomplete,Incomplete,Incomplete,Incomplete,Incomplete,Incomplete,Incomplete
M00950 | Biotin_biosynthesis_BioU_pathway,1 block missing,1 block missing,Incomplete,1 block missing,1 block missing,Incomplete,1 block missing,1 block missing,1 block missing,1 block missing,1 block missing,1 block missing,1 block missing,Incomplete,1 block missing,1 block missing,Incomplete,Incomplete,Incomplete,Incomplete
