,Acid mine drainage 3300038494,Lab enriched acid 3300038413,Acid mine drainage 3300008567,Acid mine drainage 3300030091,Hydrotherm Fe rich 3300023310,Metatransc of lab 3300046014,Metatransc of lab 3300055056,Freshwater sediment microbial 3300010391,Freshwater sediment microbial 3300031898,Freshwater microbial communitie 3300024300,Metatransc of lab 3300055061,Hydrotherm Fe rich 3300023368,Acid mine drainage 3300038487,Freshwater sediment microbial 3300031593,Acid mine drainage 3300030082,Freshwater sediment microbial 3300031604,Freshwater sediment microbial 3300021518,Acid mine drainage 3300030398,Acid mine drainage 3300030242,Hydrotherm Fe rich 3300023439,Freshwater microbial communitie 3300024333,Lab enriched sediment 3300039027,Acid mine drainage 3300039205,Freshwater microbial communitie 3300043827,Lab enriched acid 3300038471,Acid mine drainage 3300030335,Freshwater microbial communitie 3300028737,Lab enriched acid 3300038411,Freshwater sediment microbial 3300031877,Acid mine drainage 3300038731,Acid mine drainage 3300038979,Hydrotherm Fe rich 3300023548,Metatransc of freshwater 3300061576,Acid mine drainage 3300038486,Freshwater sediment microbial 3300031587,Acid Mine Drainage 3300005360,Acid mine drainage 3300008723,Acid mine drainage 3300038493,Freshwater sediment microbial 3300036045,Metatransc of lab 3300046013,Acid mine drainage 3300038729,Acid mine drainage 3300030413,Lab enriched acid 3300038412,Freshwater sediment microbial 3300031806,Metatransc of lab 3300055057,Hydrotherm Fe rich 3300023440,Lab enriched sediment 3300039028,Acid mine drainage 3300008566,Freshwater microbial communitie 3300024341,Freshwater sediment microbial 3300021517,Metatransc of lab 3300055062,Hydrotherm Fe rich 3300023442,Freshwater sediment microbial 3300036046,Hydrotherm Fe rich 3300023313,Acid mine drainage 3300039211,Acid mine drainage 3300008721,Pink biofilm microbial 3300003104,Acid mine drainage 3300038681,Acid mine drainage 3300030228,Metatransc of lab 3300055069,Acid Mine Drainage 2010484004,Hydrotherm Fe rich 3300023307,Freshwater sediment microbial 3300031876,Freshwater microbial communitie 3300023177,Biofilm microbial communitie 3300021476,Acid Mine Drainage 3300003083,Hydrotherm Fe rich 3300023444
"M00001 | Glycolysis (Embden-Meyerhof pathway), glucose => pyruvate",Incomplete,Incomplete,Incomplete,Incomplete,Incomplete,Incomplete,Incomplete,Incomplete,Incomplete,Incomplete,Incomplete,Incomplete,Incomplete,Incomplete,Incomplete,Incomplete,Incomplete,Incomplete,Incomplete,Incomplete,1 block missing,Incomplete,Incomplete,Incomplete,Incomplete,Incomplete,Incomplete,Incomplete,Incomplete,Incomplete,Incomplete,Incomplete,Incomplete,Incomplete,Incomplete,Incomplete,Incomplete,Incomplete,Incomplete,Incomplete,Incomplete,Incomplete,Incomplete,Incomplete,Incomplete,Incomplete,Incomplete,Incomplete,Incomplete,Incomplete,Incomplete,Incomplete,Incomplete,Incomplete,Incomplete,Incomplete,Incomplete,Incomplete,Incomplete,Incomplete,Incomplete,Incomplete,Incomplete,Incomplete,Incomplete,Incomplete,Incomplete
"M00002 | Glycolysis, core module involving three-carbon compounds",Incomplete,1 block missing,Incomplete,Incomplete,1 block missing,Incomplete,Incomplete,1 block missing,1 block missing,1 block missing,Incomplete,1 block missing,Incomplete,1 block missing,Incomplete,1 block missing,Incomplete,Incomplete,Incomplete,1 block missing,1 block missing,Incomplete,Incomplete,Incomplete,Incomplete,Incomplete,1 block missing,Incomplete,1 block missing,Incomplete,Incomplete,1 block missing,Incomplete,Incomplete,1 block missing,Incomplete,Incomplete,Incomplete,Incomplete,Incomplete,Incomplete,Incomplete,Incomplete,1 block missing,Incomplete,1 block missing,Incomplete,Incomplete,1 block missing,Incomplete,Incomplete,1 block missing,Incomplete,1 block missing,Incomplete,Incomplete,Incomplete,Incomplete,Incomplete,Incomplete,Incomplete,Incomplete,1 block missing,1 block missing,Incomplete,Incomplete,1 block missing
"M00003 | Gluconeogenesis, oxaloacetate => fructose-6P",Incomplete,Complete,Incomplete,Incomplete,Incomplete,Incomplete,Incomplete,Complete,Incomplete,1 block missing,Incomplete,Incomplete,Incomplete,Incomplete,Incomplete,Incomplete,1 block missing,Incomplete,Incomplete,Incomplete,Complete,Incomplete,Incomplete,1 block missing,Complete,Incomplete,1 block missing,Complete,Incomplete,Incomplete,Incomplete,Incomplete,Incomplete,Incomplete,Incomplete,Incomplete,Incomplete,Incomplete,Complete,1 block missing,Incomplete,Incomplete,Complete,Incomplete,Incomplete,Incomplete,Incomplete,Incomplete,1 block missing,1 block missing,Incomplete,Incomplete,Complete,Incomplete,Incomplete,Incomplete,Incomplete,Incomplete,Incomplete,Incomplete,Incomplete,Incomplete,Incomplete,Complete,Complete,Incomplete,1 block missing
M00004 | Pentose phosphate pathway (Pentose phosphate cycle),Incomplete,1 block missing,Incomplete,Incomplete,Incomplete,Incomplete,Incomplete,Complete,1 block missing,Complete,Incomplete,Incomplete,Incomplete,1 block missing,Incomplete,1 block missing,1 block missing,Incomplete,Incomplete,Incomplete,Complete,Incomplete,Incomplete,Incomplete,Incomplete,Incomplete,Complete,1 block missing,1 block missing,Incomplete,Incomplete,Incomplete,Incomplete,Incomplete,1 block missing,Incomplete,Incomplete,Incomplete,1 block missing,Incomplete,Incomplete,Incomplete,Incomplete,1 block missing,Incomplete,Incomplete,Incomplete,Incomplete,Complete,1 block missing,Incomplete,1 block missing,Complete,Incomplete,Incomplete,Incomplete,Incomplete,Incomplete,Incomplete,Incomplete,Incomplete,Incomplete,1 block missing,Complete,1 block missing,Incomplete,1 block missing
"M00005 | PRPP biosynthesis, ribose 5P => PRPP",Complete,Complete,Complete,Complete,Complete,Complete,Complete,Complete,Complete,Complete,Complete,Complete,Complete,Complete,Complete,Complete,Complete,Complete,Complete,Complete,Complete,Complete,Complete,Complete,Complete,Complete,Complete,Complete,Complete,Complete,Complete,Complete,Complete,Complete,Complete,Complete,Complete,Complete,Complete,Complete,Complete,Complete,Complete,Complete,Complete,Complete,Complete,Complete,Complete,Complete,Complete,Complete,Complete,Complete,Complete,Complete,Complete,Complete,Complete,Complete,Complete,Complete,Complete,Complete,Complete,Complete,Complete
"M00006 | Pentose phosphate pathway, oxidative phase, glucose 6P => ribulose 5P",Incomplete,1 block missing,Incomplete,Incomplete,Incomplete,Incomplete,Incomplete,Complete,1 block missing,Complete,Incomplete,Incomplete,Incomplete,1 block missing,Incomplete,1 block missing,1 block missing,Incomplete,Incomplete,Incomplete,Complete,Incomplete,Incomplete,Incomplete,Incomplete,Incomplete,Complete,1 block missing,1 block missing,Incomplete,Incomplete,Incomplete,1 block missing,Incomplete,1 block missing,Incomplete,Incomplete,Incomplete,1 block missing,Incomplete,Incomplete,Incomplete,Incomplete,1 block missing,Incomplete,Incomplete,Incomplete,Incomplete,Complete,1 block missing,Incomplete,1 block missing,Complete,Incomplete,Incomplete,Incomplete,Incomplete,Incomplete,Incomplete,Incomplete,Incomplete,Incomplete,1 block missing,Complete,1 block missing,Incomplete,1 block missing
"M00007 | Pentose phosphate pathway, non-oxidative phase, fructose 6P => ribose 5P",Complete,Complete,Incomplete,Complete,Complete,Incomplete,Incomplete,Complete,Complete,Complete,1 block missing,Complete,Complete,Complete,Complete,Complete,Complete,Complete,Complete,Complete,Complete,Complete,Complete,Complete,Complete,Complete,Complete,Complete,Complete,Complete,Complete,Complete,1 block missing,1 block missing,Complete,Complete,Incomplete,Complete,Complete,Complete,Complete,Complete,Complete,Complete,Incomplete,Complete,Complete,1 block missing,Complete,Complete,1 block missing,Complete,Complete,Complete,Complete,1 block missing,Complete,Complete,Complete,1 block missing,1 block missing,Complete,Complete,Complete,Complete,1 block missing,Complete
"M00008 | Entner-Doudoroff pathway, glucose-6P => glyceraldehyde-3P + pyruvate",Incomplete,Complete,Incomplete,Incomplete,Complete,Complete,Incomplete,Complete,1 block missing,Complete,Incomplete,Complete,Incomplete,1 block missing,Incomplete,1 block missing,Complete,Incomplete,Incomplete,1 block missing,Complete,Complete,Incomplete,Complete,Complete,Incomplete,Complete,Complete,1 block missing,Incomplete,Incomplete,Complete,Complete,Incomplete,1 block missing,Incomplete,Incomplete,Incomplete,Complete,Complete,Incomplete,Incomplete,Complete,1 block missing,Incomplete,Complete,Complete,Incomplete,Complete,Complete,Incomplete,Complete,Complete,1 block missing,Incomplete,Incomplete,Incomplete,Incomplete,Incomplete,Incomplete,Incomplete,Incomplete,1 block missing,Complete,Complete,Incomplete,Complete
"M00009 | Citrate cycle (TCA cycle, Krebs cycle)",Incomplete,Incomplete,Incomplete,Incomplete,Incomplete,Incomplete,Incomplete,Incomplete,Incomplete,Incomplete,Incomplete,Incomplete,Incomplete,Incomplete,Incomplete,Incomplete,Incomplete,Incomplete,Incomplete,Incomplete,Incomplete,Incomplete,Incomplete,Incomplete,Incomplete,Incomplete,Incomplete,Incomplete,Incomplete,Incomplete,Incomplete,Incomplete,Incomplete,Incomplete,Incomplete,Incomplete,Incomplete,Incomplete,Incomplete,Incomplete,Incomplete,Incomplete,Incomplete,Incomplete,Incomplete,Incomplete,Incomplete,Incomplete,Incomplete,Incomplete,Incomplete,Incomplete,Incomplete,Incomplete,Incomplete,Incomplete,Incomplete,Incomplete,Incomplete,Incomplete,Incomplete,Incomplete,Incomplete,Incomplete,Incomplete,Incomplete,Incomplete
"M00010 | Citrate cycle, first carbon oxidation, oxaloacetate => 2-oxoglutarate",Incomplete,1 block missing,Incomplete,Incomplete,1 block missing,1 block missing,Incomplete,1 block missing,1 block missing,1 block missing,Incomplete,1 block missing,Incomplete,1 block missing,Incomplete,1 block missing,1 block missing,Incomplete,Incomplete,1 block missing,1 block missing,1 block missing,Incomplete,1 block missing,1 block missing,Incomplete,1 block missing,1 block missing,1 block missing,Incomplete,Incomplete,1 block missing,1 block missing,Incomplete,1 block missing,Incomplete,Incomplete,Incomplete,1 block missing,1 block missing,Incomplete,Incomplete,1 block missing,1 block missing,Incomplete,1 block missing,1 block missing,Incomplete,1 block missing,1 block missing,Incomplete,1 block missing,1 block missing,1 block missing,Incomplete,Incomplete,Incomplete,Incomplete,Incomplete,Incomplete,Incomplete,1 block missing,1 block missing,1 block missing,1 block missing,Incomplete,1 block missing
"M00011 | Citrate cycle, second carbon oxidation, 2-oxoglutarate => oxaloacetate",Incomplete,Incomplete,Incomplete,Incomplete,Incomplete,Incomplete,Incomplete,Incomplete,Incomplete,Incomplete,Incomplete,Incomplete,Incomplete,Incomplete,Incomplete,Incomplete,Incomplete,Incomplete,Incomplete,Incomplete,Incomplete,Incomplete,Incomplete,Incomplete,Incomplete,Incomplete,Incomplete,Incomplete,Incomplete,Incomplete,Incomplete,Incomplete,Incomplete,Incomplete,Incomplete,Incomplete,Incomplete,Incomplete,Incomplete,Incomplete,Incomplete,Incomplete,Incomplete,Incomplete,Incomplete,Incomplete,Incomplete,Incomplete,Incomplete,Incomplete,Incomplete,Incomplete,Incomplete,Incomplete,Incomplete,Incomplete,Incomplete,Incomplete,Incomplete,Incomplete,Incomplete,Incomplete,Incomplete,Incomplete,Incomplete,Incomplete,Incomplete
M00012 | Glyoxylate cycle,Incomplete,Incomplete,Incomplete,Incomplete,Incomplete,Incomplete,Incomplete,Incomplete,Incomplete,Incomplete,Incomplete,Incomplete,Incomplete,Incomplete,Incomplete,Incomplete,Incomplete,Incomplete,Incomplete,Incomplete,1 block missing,Incomplete,Incomplete,Incomplete,Incomplete,Incomplete,1 block missing,Incomplete,Incomplete,Incomplete,Incomplete,Incomplete,1 block missing,Incomplete,Incomplete,Incomplete,Incomplete,Incomplete,Incomplete,1 block missing,Incomplete,Incomplete,Incomplete,Incomplete,Incomplete,Incomplete,Incomplete,Incomplete,1 block missing,Incomplete,Incomplete,Incomplete,1 block missing,Incomplete,Incomplete,Incomplete,Incomplete,Incomplete,Incomplete,Incomplete,Incomplete,Incomplete,Incomplete,1 block missing,Incomplete,Incomplete,Incomplete
"M00013 | Malonate semialdehyde pathway, propanoyl-CoA => acetyl-CoA",Incomplete,Incomplete,Incomplete,Incomplete,Incomplete,Incomplete,Incomplete,Incomplete,Incomplete,Incomplete,Incomplete,Incomplete,Incomplete,Incomplete,Incomplete,Incomplete,Incomplete,Incomplete,Incomplete,Incomplete,Incomplete,Incomplete,Incomplete,Incomplete,Incomplete,Incomplete,Incomplete,Incomplete,Incomplete,Incomplete,Incomplete,Incomplete,Incomplete,Incomplete,Incomplete,Incomplete,Incomplete,Incomplete,Incomplete,Incomplete,Incomplete,Incomplete,Incomplete,Incomplete,Incomplete,Incomplete,Incomplete,Incomplete,Incomplete,Incomplete,Incomplete,Incomplete,Incomplete,Incomplete,Incomplete,Incomplete,Incomplete,Incomplete,Incomplete,Incomplete,Incomplete,Incomplete,Incomplete,Incomplete,Incomplete,Incomplete,Incomplete
M00014 | Glucuronate pathway (uronate pathway),Incomplete,Incomplete,Incomplete,Incomplete,Incomplete,Incomplete,Incomplete,Incomplete,Incomplete,Incomplete,Incomplete,Incomplete,Incomplete,Incomplete,Incomplete,Incomplete,Incomplete,Incomplete,Incomplete,Incomplete,Incomplete,Incomplete,Incomplete,Incomplete,Incomplete,Incomplete,Incomplete,Incomplete,Incomplete,Incomplete,Incomplete,Incomplete,Incomplete,Incomplete,Incomplete,Incomplete,Incomplete,Incomplete,Incomplete,Incomplete,Incomplete,Incomplete,Incomplete,Incomplete,Incomplete,Incomplete,Incomplete,Incomplete,Incomplete,Incomplete,Incomplete,Incomplete,Incomplete,Incomplete,Incomplete,Incomplete,Incomplete,Incomplete,Incomplete,Incomplete,Incomplete,Incomplete,Incomplete,Incomplete,Incomplete,Incomplete,Incomplete
"M00015 | Proline biosynthesis, glutamate => proline",1 block missing,1 block missing,Incomplete,1 block missing,1 block missing,Incomplete,Incomplete,Complete,1 block missing,1 block missing,Incomplete,1 block missing,1 block missing,1 block missing,1 block missing,1 block missing,Complete,1 block missing,1 block missing,1 block missing,1 block missing,1 block missing,1 block missing,1 block missing,1 block missing,1 block missing,Complete,1 block missing,Complete,1 block missing,1 block missing,1 block missing,1 block missing,1 block missing,1 block missing,1 block missing,1 block missing,1 block missing,Complete,1 block missing,1 block missing,1 block missing,1 block missing,1 block missing,Incomplete,1 block missing,1 block missing,1 block missing,1 block missing,Complete,Complete,1 block missing,Complete,1 block missing,1 block missing,1 block missing,1 block missing,1 block missing,1 block missing,1 block missing,1 block missing,1 block missing,1 block missing,1 block missing,1 block missing,1 block missing,1 block missing
"M00016 | Lysine biosynthesis, succinyl-DAP pathway, aspartate => lysine",Incomplete,1 block missing,Incomplete,Incomplete,Incomplete,Incomplete,Incomplete,Complete,1 block missing,1 block missing,Incomplete,1 block missing,Incomplete,1 block missing,Incomplete,Incomplete,Complete,Incomplete,Incomplete,Complete,1 block missing,Incomplete,Incomplete,1 block missing,1 block missing,Incomplete,1 block missing,1 block missing,1 block missing,Incomplete,Incomplete,Complete,Incomplete,Incomplete,Incomplete,Incomplete,Incomplete,Incomplete,Complete,1 block missing,Incomplete,Incomplete,1 block missing,1 block missing,Incomplete,Complete,Incomplete,Incomplete,1 block missing,Complete,1 block missing,Complete,Complete,Complete,Incomplete,Incomplete,Incomplete,Incomplete,Incomplete,Incomplete,Incomplete,Incomplete,1 block missing,1 block missing,1 block missing,Incomplete,1 block missing
"M00017 | Methionine biosynthesis, apartate => homoserine => methionine",Incomplete,1 block missing,Incomplete,Incomplete,1 block missing,Incomplete,Incomplete,Complete,Complete,1 block missing,Incomplete,1 block missing,Incomplete,1 block missing,Incomplete,1 block missing,Complete,Incomplete,Incomplete,Complete,1 block missing,Incomplete,Incomplete,1 block missing,1 block missing,Incomplete,1 block missing,1 block missing,1 block missing,Incomplete,Incomplete,Complete,Incomplete,Incomplete,1 block missing,Incomplete,Incomplete,Incomplete,Complete,1 block missing,Incomplete,Incomplete,1 block missing,1 block missing,Incomplete,Complete,1 block missing,Incomplete,1 block missing,Complete,1 block missing,Complete,Complete,Complete,Incomplete,Incomplete,Incomplete,Incomplete,Incomplete,Incomplete,Incomplete,Incomplete,1 block missing,1 block missing,1 block missing,Incomplete,1 block missing
"M00018 | Threonine biosynthesis, aspartate => homoserine => threonine",Incomplete,1 block missing,Incomplete,Incomplete,Incomplete,Incomplete,Incomplete,Complete,Incomplete,1 block missing,Incomplete,1 block missing,Incomplete,Incomplete,Incomplete,Incomplete,Complete,Incomplete,Incomplete,1 block missing,1 block missing,Incomplete,Incomplete,Incomplete,1 block missing,Incomplete,1 block missing,1 block missing,1 block missing,Incomplete,Incomplete,Complete,Incomplete,Incomplete,Incomplete,Incomplete,Incomplete,Incomplete,Complete,Incomplete,Incomplete,Incomplete,1 block missing,Incomplete,Incomplete,Complete,Incomplete,Incomplete,1 block missing,Complete,Incomplete,Complete,Complete,Complete,Incomplete,Incomplete,Incomplete,Incomplete,Incomplete,Incomplete,Incomplete,Incomplete,Incomplete,1 block missing,1 block missing,Incomplete,1 block missing
"M00019 | Valine/isoleucine biosynthesis, pyruvate => valine / 2-oxobutanoate => isoleucine",1 block missing,1 block missing,Incomplete,1 block missing,1 block missing,1 block missing,Incomplete,Complete,1 block missing,Complete,Incomplete,Complete,1 block missing,1 block missing,1 block missing,1 block missing,Complete,1 block missing,1 block missing,Complete,1 block missing,1 block missing,1 block missing,1 block missing,Complete,1 block missing,1 block missing,Complete,1 block missing,1 block missing,1 block missing,Complete,1 block missing,1 block missing,1 block missing,1 block missing,1 block missing,1 block missing,Complete,1 block missing,1 block missing,1 block missing,Complete,1 block missing,1 block missing,Complete,1 block missing,1 block missing,1 block missing,Complete,1 block missing,Complete,Complete,Complete,1 block missing,1 block missing,1 block missing,1 block missing,1 block missing,1 block missing,1 block missing,1 block missing,1 block missing,1 block missing,1 block missing,1 block missing,1 block missing
"M00020 | Serine biosynthesis, glycerate-3P => serine",Incomplete,1 block missing,Incomplete,Incomplete,1 block missing,Incomplete,Incomplete,1 block missing,Incomplete,1 block missing,Incomplete,1 block missing,Incomplete,Incomplete,Incomplete,Incomplete,1 block missing,Incomplete,Incomplete,Incomplete,1 block missing,1 block missing,Incomplete,Incomplete,1 block missing,Incomplete,1 block missing,1 block missing,1 block missing,Incomplete,Incomplete,1 block missing,1 block missing,Incomplete,Incomplete,Incomplete,Incomplete,Incomplete,1 block missing,Incomplete,Incomplete,Incomplete,1 block missing,Incomplete,Incomplete,1 block missing,1 block missing,Incomplete,1 block missing,1 block missing,Incomplete,1 block missing,1 block missing,1 block missing,Incomplete,Incomplete,Incomplete,Incomplete,Incomplete,Incomplete,Incomplete,Incomplete,Incomplete,1 block missing,1 block missing,Incomplete,1 block missing
"M00021 | Cysteine biosynthesis, serine => cysteine",Incomplete,Incomplete,Incomplete,Incomplete,Incomplete,Incomplete,Incomplete,Incomplete,Incomplete,Incomplete,Incomplete,Incomplete,Incomplete,Incomplete,Incomplete,Incomplete,Incomplete,Incomplete,Incomplete,Incomplete,Incomplete,Incomplete,Incomplete,Incomplete,Incomplete,Incomplete,Incomplete,Incomplete,Incomplete,Incomplete,Incomplete,Incomplete,Incomplete,Incomplete,Incomplete,Incomplete,Incomplete,Incomplete,Incomplete,Incomplete,Incomplete,Incomplete,Incomplete,Incomplete,Incomplete,Incomplete,Incomplete,Incomplete,Incomplete,Incomplete,Incomplete,Incomplete,Incomplete,Incomplete,Incomplete,Incomplete,Incomplete,Incomplete,Incomplete,Incomplete,Incomplete,Incomplete,Incomplete,Incomplete,Incomplete,Incomplete,Incomplete
"M00022 | Shikimate pathway, phosphoenolpyruvate + erythrose-4P => chorismate",Incomplete,1 block missing,Incomplete,Incomplete,Incomplete,Incomplete,Incomplete,1 block missing,1 block missing,Incomplete,Incomplete,Incomplete,Incomplete,Incomplete,Incomplete,Incomplete,1 block missing,Incomplete,Incomplete,Incomplete,1 block missing,Incomplete,Incomplete,Incomplete,Incomplete,Incomplete,Incomplete,Incomplete,Incomplete,Incomplete,Incomplete,Incomplete,Incomplete,Incomplete,Incomplete,Incomplete,Incomplete,Incomplete,1 block missing,Incomplete,Incomplete,Incomplete,Incomplete,Incomplete,Incomplete,Incomplete,Incomplete,Incomplete,Incomplete,1 block missing,Incomplete,Incomplete,1 block missing,Incomplete,Incomplete,Incomplete,Incomplete,Incomplete,Incomplete,Incomplete,Incomplete,Incomplete,Incomplete,1 block missing,Incomplete,Incomplete,1 block missing
"M00023 | Tryptophan biosynthesis, chorismate => tryptophan",Incomplete,Incomplete,Incomplete,Incomplete,Incomplete,Incomplete,Incomplete,1 block missing,Incomplete,1 block missing,Incomplete,Incomplete,Incomplete,Incomplete,Incomplete,1 block missing,Incomplete,Incomplete,Incomplete,Incomplete,Incomplete,Incomplete,Incomplete,Incomplete,Incomplete,Incomplete,Incomplete,Incomplete,Incomplete,Incomplete,Incomplete,Incomplete,Incomplete,Incomplete,Incomplete,Incomplete,Incomplete,Incomplete,Incomplete,Incomplete,Incomplete,Incomplete,Incomplete,Incomplete,Incomplete,Incomplete,Incomplete,Incomplete,1 block missing,1 block missing,Incomplete,Incomplete,Incomplete,Incomplete,Incomplete,Incomplete,Incomplete,Incomplete,Incomplete,Incomplete,Incomplete,Incomplete,Incomplete,1 block missing,Incomplete,Incomplete,Incomplete
"M00024 | Phenylalanine biosynthesis, chorismate => phenylalanine",Incomplete,Incomplete,Incomplete,Incomplete,Incomplete,Incomplete,Incomplete,Incomplete,Incomplete,Incomplete,Incomplete,Incomplete,Incomplete,Incomplete,Incomplete,Incomplete,1 block missing,Incomplete,Incomplete,Incomplete,Incomplete,Incomplete,Incomplete,Incomplete,Incomplete,Incomplete,Incomplete,Incomplete,Incomplete,Incomplete,Incomplete,Incomplete,Incomplete,Incomplete,Incomplete,Incomplete,Incomplete,Incomplete,Incomplete,Incomplete,Incomplete,Incomplete,Incomplete,Incomplete,Incomplete,Incomplete,Incomplete,Incomplete,Incomplete,1 block missing,Incomplete,Incomplete,1 block missing,Incomplete,Incomplete,Incomplete,Incomplete,Incomplete,Incomplete,Incomplete,Incomplete,Incomplete,Incomplete,1 block missing,Incomplete,Incomplete,Incomplete
"M00025 | Tyrosine biosynthesis, chorismate => tyrosine",Incomplete,Incomplete,Incomplete,Incomplete,Incomplete,Incomplete,Incomplete,Incomplete,Incomplete,Incomplete,Incomplete,Incomplete,Incomplete,Incomplete,Incomplete,Incomplete,Incomplete,Incomplete,Incomplete,Incomplete,Incomplete,Incomplete,Incomplete,Incomplete,Incomplete,Incomplete,Incomplete,Incomplete,Incomplete,Incomplete,Incomplete,Incomplete,Incomplete,Incomplete,Incomplete,Incomplete,Incomplete,Incomplete,1 block missing,Incomplete,Incomplete,Incomplete,Incomplete,Incomplete,Incomplete,Incomplete,Incomplete,Incomplete,Incomplete,Incomplete,Incomplete,Incomplete,Incomplete,Incomplete,Incomplete,Incomplete,Incomplete,Incomplete,Incomplete,Incomplete,Incomplete,Incomplete,Incomplete,Incomplete,Incomplete,Incomplete,Incomplete
"M00026 | Histidine biosynthesis, PRPP => histidine",Incomplete,Incomplete,Incomplete,Incomplete,Incomplete,Incomplete,Incomplete,1 block missing,Incomplete,1 block missing,Incomplete,1 block missing,Incomplete,Incomplete,Incomplete,Incomplete,1 block missing,Incomplete,Incomplete,Incomplete,1 block missing,Incomplete,Incomplete,Incomplete,Incomplete,Incomplete,1 block missing,1 block missing,Incomplete,Incomplete,Incomplete,Incomplete,Incomplete,Incomplete,Incomplete,Incomplete,Incomplete,Incomplete,1 block missing,Incomplete,Incomplete,Incomplete,Incomplete,Incomplete,Incomplete,1 block missing,Incomplete,Incomplete,1 block missing,1 block missing,Incomplete,1 block missing,1 block missing,Incomplete,Incomplete,Incomplete,Incomplete,Incomplete,Incomplete,Incomplete,Incomplete,Incomplete,Incomplete,Incomplete,1 block missing,Incomplete,1 block missing
M00027 | GABA (gamma-Aminobutyrate) shunt,Incomplete,Incomplete,Incomplete,Incomplete,Incomplete,Incomplete,Incomplete,1 block missing,Incomplete,Incomplete,Incomplete,Incomplete,Incomplete,Incomplete,Incomplete,Incomplete,Incomplete,Incomplete,Incomplete,Incomplete,Incomplete,Incomplete,Incomplete,Incomplete,Incomplete,Incomplete,Incomplete,Incomplete,Incomplete,Incomplete,Incomplete,Incomplete,Incomplete,Incomplete,Incomplete,Incomplete,Incomplete,Incomplete,Incomplete,Incomplete,Incomplete,Incomplete,Incomplete,Incomplete,Incomplete,Incomplete,Incomplete,Incomplete,Incomplete,Incomplete,Incomplete,Incomplete,Incomplete,Incomplete,Incomplete,Incomplete,Incomplete,Incomplete,Incomplete,Incomplete,Incomplete,Incomplete,Incomplete,Incomplete,1 block missing,Incomplete,Incomplete
"M00028 | Ornithine biosynthesis, glutamate => ornithine",Incomplete,Incomplete,Incomplete,Incomplete,Incomplete,Incomplete,Incomplete,Incomplete,Incomplete,Incomplete,Incomplete,Incomplete,Incomplete,Incomplete,Incomplete,Incomplete,Incomplete,Incomplete,Incomplete,Incomplete,Incomplete,Incomplete,Incomplete,Incomplete,Incomplete,Incomplete,Incomplete,Incomplete,Incomplete,Incomplete,Incomplete,Incomplete,Incomplete,Incomplete,Incomplete,Incomplete,Incomplete,Incomplete,Incomplete,Incomplete,Incomplete,Incomplete,Incomplete,Incomplete,Incomplete,Incomplete,Incomplete,Incomplete,Incomplete,Incomplete,Incomplete,Incomplete,Incomplete,Incomplete,Incomplete,Incomplete,Incomplete,Incomplete,Incomplete,Incomplete,Incomplete,Incomplete,Incomplete,Incomplete,Incomplete,Incomplete,Incomplete
M00029 | Urea cycle,Incomplete,Incomplete,Incomplete,Incomplete,Incomplete,Incomplete,Incomplete,Complete,Complete,Complete,Incomplete,Incomplete,Incomplete,Complete,Incomplete,Complete,Complete,Incomplete,Incomplete,1 block missing,Complete,Incomplete,Incomplete,1 block missing,Incomplete,Incomplete,Complete,1 block missing,Complete,Incomplete,Incomplete,Incomplete,Incomplete,Incomplete,Complete,Incomplete,Incomplete,Incomplete,1 block missing,Incomplete,Incomplete,Incomplete,1 block missing,Complete,Incomplete,1 block missing,Incomplete,Incomplete,Complete,Complete,Incomplete,1 block missing,1 block missing,1 block missing,Incomplete,Incomplete,Incomplete,Incomplete,Incomplete,Incomplete,Incomplete,Incomplete,Complete,Complete,1 block missing,Incomplete,Complete
"M00030 | Lysine biosynthesis, AAA pathway, 2-oxoglutarate => 2-aminoadipate => lysine",Incomplete,Incomplete,Incomplete,Incomplete,Incomplete,Incomplete,Incomplete,Incomplete,Incomplete,Incomplete,Incomplete,Incomplete,Incomplete,Incomplete,Incomplete,Incomplete,Incomplete,Incomplete,Incomplete,Incomplete,Incomplete,Incomplete,Incomplete,Incomplete,Incomplete,Incomplete,Incomplete,1 block missing,Incomplete,Incomplete,Incomplete,Incomplete,Incomplete,Incomplete,Incomplete,Incomplete,Incomplete,Incomplete,Incomplete,Incomplete,Incomplete,Incomplete,Incomplete,Incomplete,Incomplete,Incomplete,Incomplete,Incomplete,Incomplete,Incomplete,Incomplete,Incomplete,Incomplete,Incomplete,Incomplete,Incomplete,Incomplete,Incomplete,Incomplete,Incomplete,Incomplete,Incomplete,Incomplete,Incomplete,Incomplete,Incomplete,Incomplete
"M00031 | Lysine biosynthesis, mediated by LysW, 2-aminoadipate => lysine",Complete,Complete,Incomplete,Complete,1 block missing,Incomplete,Incomplete,Complete,Complete,Complete,Incomplete,Complete,Complete,Complete,Complete,Complete,Complete,Complete,Complete,Complete,Complete,Incomplete,Complete,Complete,Complete,Complete,Complete,Complete,Complete,Complete,Complete,Complete,Complete,Complete,Complete,Complete,Incomplete,Complete,Complete,Incomplete,Complete,Complete,Complete,Complete,Incomplete,Complete,Incomplete,Incomplete,Complete,Complete,Incomplete,Complete,Complete,Complete,Complete,Incomplete,Complete,Complete,Complete,Incomplete,Incomplete,Incomplete,Complete,Complete,Complete,Incomplete,Complete
"M00032 | Lysine degradation, lysine => saccharopine => acetoacetyl-CoA",Incomplete,Incomplete,Incomplete,Incomplete,Incomplete,Incomplete,Incomplete,Incomplete,Incomplete,Incomplete,Incomplete,Incomplete,Incomplete,Incomplete,Incomplete,Incomplete,Incomplete,Incomplete,Incomplete,Incomplete,Incomplete,Incomplete,Incomplete,Incomplete,Incomplete,Incomplete,Incomplete,Incomplete,Incomplete,Incomplete,Incomplete,Incomplete,Incomplete,Incomplete,Incomplete,Incomplete,Incomplete,Incomplete,Incomplete,Incomplete,Incomplete,Incomplete,Incomplete,Incomplete,Incomplete,Incomplete,Incomplete,Incomplete,Incomplete,Incomplete,Incomplete,Incomplete,Incomplete,Incomplete,Incomplete,Incomplete,Incomplete,Incomplete,Incomplete,Incomplete,Incomplete,Incomplete,Incomplete,Incomplete,Incomplete,Incomplete,Incomplete
"M00033 | Ectoine biosynthesis, aspartate => ectoine",Complete,Complete,Incomplete,Complete,1 block missing,Incomplete,Incomplete,1 block missing,Incomplete,1 block missing,Incomplete,1 block missing,Complete,1 block missing,Complete,Incomplete,1 block missing,Complete,Complete,Incomplete,Incomplete,Incomplete,Complete,Incomplete,Complete,Complete,Incomplete,1 block missing,1 block missing,Complete,Complete,Complete,Incomplete,Complete,Incomplete,Complete,Complete,Complete,1 block missing,Incomplete,Complete,Complete,Complete,1 block missing,Incomplete,Complete,Complete,Complete,Incomplete,1 block missing,Incomplete,1 block missing,1 block missing,Incomplete,Complete,Complete,Complete,Complete,Complete,Incomplete,Incomplete,Incomplete,1 block missing,Incomplete,Incomplete,Complete,Complete
M00034 | Methionine salvage pathway,Incomplete,Incomplete,Incomplete,Incomplete,Incomplete,Incomplete,Incomplete,Incomplete,Incomplete,Incomplete,Incomplete,Incomplete,Incomplete,Incomplete,Incomplete,Incomplete,Incomplete,Incomplete,Incomplete,Incomplete,Incomplete,Incomplete,Incomplete,Incomplete,Incomplete,Incomplete,Incomplete,Incomplete,Incomplete,Incomplete,Incomplete,Incomplete,Incomplete,Incomplete,Incomplete,Incomplete,Incomplete,Incomplete,Incomplete,Incomplete,Incomplete,Incomplete,Incomplete,Incomplete,Incomplete,Incomplete,Incomplete,Incomplete,Incomplete,Incomplete,Incomplete,Incomplete,Incomplete,Incomplete,Incomplete,Incomplete,Incomplete,Incomplete,Incomplete,Incomplete,Incomplete,Incomplete,Incomplete,Incomplete,Incomplete,Incomplete,Incomplete
M00035 | Methionine degradation,Incomplete,Incomplete,Incomplete,Incomplete,Incomplete,Incomplete,Incomplete,Incomplete,Incomplete,Incomplete,Incomplete,Incomplete,Incomplete,Incomplete,Incomplete,Incomplete,Incomplete,Incomplete,Incomplete,1 block missing,Incomplete,Incomplete,Incomplete,Incomplete,Incomplete,Incomplete,Incomplete,Incomplete,Incomplete,Incomplete,Incomplete,Incomplete,Incomplete,Incomplete,Incomplete,Incomplete,Incomplete,Incomplete,Incomplete,Incomplete,Incomplete,Incomplete,Incomplete,Incomplete,Incomplete,1 block missing,Incomplete,Incomplete,Incomplete,Incomplete,Incomplete,Incomplete,Incomplete,1 block missing,Incomplete,Incomplete,Incomplete,Incomplete,Incomplete,Incomplete,Incomplete,Incomplete,Incomplete,Incomplete,Incomplete,Incomplete,Incomplete
"M00036 | Leucine degradation, leucine => acetoacetate + acetyl-CoA",Incomplete,Complete,Incomplete,Incomplete,1 block missing,Incomplete,Incomplete,Complete,1 block missing,1 block missing,Incomplete,Complete,Incomplete,Complete,Incomplete,1 block missing,1 block missing,Incomplete,Incomplete,1 block missing,Complete,Incomplete,Incomplete,1 block missing,1 block missing,Incomplete,1 block missing,Complete,1 block missing,Incomplete,Incomplete,Complete,1 block missing,Incomplete,1 block missing,Incomplete,Incomplete,Incomplete,Complete,Incomplete,Incomplete,Incomplete,1 block missing,Complete,Incomplete,Complete,1 block missing,Incomplete,1 block missing,1 block missing,Incomplete,Complete,1 block missing,1 block missing,Incomplete,Incomplete,Incomplete,Incomplete,Incomplete,Incomplete,Incomplete,Incomplete,Complete,1 block missing,Complete,Incomplete,Complete
"M00037 | Melatonin biosynthesis, tryptophan => serotonin => melatonin",Incomplete,Incomplete,Incomplete,Incomplete,Incomplete,Incomplete,Incomplete,Incomplete,Incomplete,Incomplete,Incomplete,Incomplete,Incomplete,Incomplete,Incomplete,Incomplete,Incomplete,Incomplete,Incomplete,Incomplete,Incomplete,Incomplete,Incomplete,Incomplete,Incomplete,Incomplete,Incomplete,Incomplete,Incomplete,Incomplete,Incomplete,Incomplete,Incomplete,Incomplete,Incomplete,Incomplete,Incomplete,Incomplete,Incomplete,Incomplete,Incomplete,Incomplete,Incomplete,Incomplete,Incomplete,Incomplete,Incomplete,Incomplete,Incomplete,Incomplete,Incomplete,Incomplete,Incomplete,Incomplete,Incomplete,Incomplete,Incomplete,Incomplete,Incomplete,Incomplete,Incomplete,Incomplete,Incomplete,Incomplete,Incomplete,Incomplete,Incomplete
"M00038 | Tryptophan metabolism, tryptophan => kynurenine => 2-aminomuconate",Incomplete,Incomplete,Incomplete,Incomplete,Incomplete,Incomplete,Incomplete,Incomplete,Incomplete,Incomplete,Incomplete,Incomplete,Incomplete,Incomplete,Incomplete,Incomplete,Incomplete,Incomplete,Incomplete,Incomplete,Incomplete,Incomplete,Incomplete,Incomplete,Incomplete,Incomplete,Incomplete,Incomplete,Incomplete,Incomplete,Incomplete,Incomplete,Incomplete,Incomplete,Incomplete,Incomplete,Incomplete,Incomplete,Incomplete,Incomplete,Incomplete,Incomplete,Incomplete,Incomplete,Incomplete,Incomplete,Incomplete,Incomplete,Incomplete,Incomplete,Incomplete,Incomplete,Incomplete,Incomplete,Incomplete,Incomplete,Incomplete,Incomplete,Incomplete,Incomplete,Incomplete,Incomplete,Incomplete,Incomplete,Incomplete,Incomplete,Incomplete
"M00039 | Monolignol biosynthesis, phenylalanine/tyrosine => monolignol",Incomplete,Incomplete,Incomplete,Incomplete,Incomplete,Incomplete,Incomplete,Incomplete,Incomplete,Incomplete,Incomplete,Incomplete,Incomplete,Incomplete,Incomplete,Incomplete,Incomplete,Incomplete,Incomplete,Incomplete,Incomplete,Incomplete,Incomplete,Incomplete,Incomplete,Incomplete,Incomplete,Incomplete,Incomplete,Incomplete,Incomplete,Incomplete,Incomplete,Incomplete,Incomplete,Incomplete,Incomplete,Incomplete,Incomplete,Incomplete,Incomplete,Incomplete,Incomplete,Incomplete,Incomplete,Incomplete,Incomplete,Incomplete,Incomplete,Incomplete,Incomplete,Incomplete,Incomplete,Incomplete,Incomplete,Incomplete,Incomplete,Incomplete,Incomplete,Incomplete,Incomplete,Incomplete,Incomplete,Incomplete,Incomplete,Incomplete,Incomplete
"M00040 | Tyrosine biosynthesis, prephanate => pretyrosine => tyrosine",Incomplete,Incomplete,Incomplete,Incomplete,Incomplete,Incomplete,Incomplete,1 block missing,Incomplete,1 block missing,Incomplete,Incomplete,Incomplete,Incomplete,Incomplete,Incomplete,Complete,Incomplete,Incomplete,Incomplete,1 block missing,Incomplete,Incomplete,Incomplete,Incomplete,Incomplete,Incomplete,Incomplete,Incomplete,Incomplete,Incomplete,Incomplete,Incomplete,Incomplete,Incomplete,Incomplete,Incomplete,Incomplete,Incomplete,Incomplete,Incomplete,Incomplete,Incomplete,Incomplete,Incomplete,Incomplete,Incomplete,Incomplete,Incomplete,Incomplete,Incomplete,Incomplete,1 block missing,Incomplete,Incomplete,Incomplete,Incomplete,Incomplete,Incomplete,Incomplete,Incomplete,Incomplete,Incomplete,Complete,Incomplete,Incomplete,Incomplete
"M00042 | Catecholamine biosynthesis, tyrosine => dopamine => noradrenaline => adrenaline",Incomplete,Incomplete,Incomplete,Incomplete,Incomplete,Incomplete,Incomplete,Incomplete,Incomplete,Incomplete,Incomplete,Incomplete,Incomplete,Incomplete,Incomplete,Incomplete,Incomplete,Incomplete,Incomplete,Incomplete,Incomplete,Incomplete,Incomplete,Incomplete,Incomplete,Incomplete,Incomplete,Incomplete,Incomplete,Incomplete,Incomplete,Incomplete,Incomplete,Incomplete,Incomplete,Incomplete,Incomplete,Incomplete,Incomplete,Incomplete,Incomplete,Incomplete,Incomplete,Incomplete,Incomplete,Incomplete,Incomplete,Incomplete,Incomplete,Incomplete,Incomplete,Incomplete,Incomplete,Incomplete,Incomplete,Incomplete,Incomplete,Incomplete,Incomplete,Incomplete,Incomplete,Incomplete,Incomplete,Incomplete,Incomplete,Incomplete,Incomplete
"M00043 | Thyroid hormone biosynthesis, tyrosine => triiodothyronine/thyroxine",1 block missing,1 block missing,1 block missing,1 block missing,1 block missing,1 block missing,1 block missing,1 block missing,1 block missing,1 block missing,1 block missing,1 block missing,1 block missing,1 block missing,1 block missing,1 block missing,1 block missing,1 block missing,1 block missing,1 block missing,1 block missing,1 block missing,1 block missing,1 block missing,1 block missing,1 block missing,1 block missing,1 block missing,1 block missing,1 block missing,1 block missing,1 block missing,1 block missing,1 block missing,1 block missing,1 block missing,1 block missing,1 block missing,1 block missing,1 block missing,1 block missing,1 block missing,1 block missing,1 block missing,1 block missing,1 block missing,1 block missing,1 block missing,1 block missing,1 block missing,1 block missing,1 block missing,1 block missing,1 block missing,1 block missing,1 block missing,1 block missing,1 block missing,1 block missing,1 block missing,1 block missing,1 block missing,1 block missing,1 block missing,1 block missing,1 block missing,1 block missing
"M00044 | Tyrosine degradation, tyrosine => homogentisate",Incomplete,Incomplete,Incomplete,Incomplete,Incomplete,Incomplete,Incomplete,Incomplete,Incomplete,Incomplete,Incomplete,Incomplete,Incomplete,Incomplete,Incomplete,Incomplete,Incomplete,Incomplete,Incomplete,Incomplete,Incomplete,Incomplete,Incomplete,Incomplete,Incomplete,Incomplete,Incomplete,Incomplete,Incomplete,Incomplete,Incomplete,Incomplete,Incomplete,Incomplete,Incomplete,Incomplete,Incomplete,Incomplete,Incomplete,Incomplete,Incomplete,Incomplete,Incomplete,Incomplete,Incomplete,Incomplete,Incomplete,Incomplete,Incomplete,Incomplete,Incomplete,Incomplete,Incomplete,Incomplete,Incomplete,Incomplete,Incomplete,Incomplete,Incomplete,Incomplete,Incomplete,Incomplete,Incomplete,Incomplete,Incomplete,Incomplete,Incomplete
"M00045 | Histidine degradation, histidine => N-formiminoglutamate => glutamate",Incomplete,Complete,Incomplete,Incomplete,1 block missing,Incomplete,Incomplete,Complete,Incomplete,Complete,Incomplete,Complete,Incomplete,Incomplete,Incomplete,Incomplete,Complete,Incomplete,Incomplete,1 block missing,Complete,1 block missing,Incomplete,Complete,Complete,Incomplete,Complete,Complete,Incomplete,Incomplete,Incomplete,Complete,1 block missing,Incomplete,Incomplete,Incomplete,Incomplete,Incomplete,Complete,1 block missing,Incomplete,Incomplete,Complete,Incomplete,Incomplete,Complete,Complete,Incomplete,Complete,Complete,Incomplete,Complete,Complete,Complete,Incomplete,Incomplete,Incomplete,Incomplete,Incomplete,Incomplete,Incomplete,Incomplete,Incomplete,Complete,Complete,Incomplete,Complete
"M00046 | Pyrimidine degradation, uracil => beta-alanine, thymine => 3-aminoisobutanoate",Incomplete,Incomplete,Incomplete,Incomplete,Incomplete,Incomplete,Incomplete,1 block missing,Incomplete,1 block missing,Incomplete,Complete,Incomplete,1 block missing,Incomplete,1 block missing,1 block missing,Incomplete,Incomplete,Incomplete,1 block missing,Incomplete,Incomplete,Incomplete,1 block missing,Incomplete,Complete,Incomplete,Incomplete,Incomplete,Incomplete,Complete,Incomplete,Incomplete,Incomplete,Incomplete,Incomplete,Incomplete,1 block missing,Incomplete,Incomplete,Incomplete,Incomplete,Incomplete,Incomplete,Incomplete,Incomplete,Incomplete,1 block missing,1 block missing,Incomplete,Incomplete,1 block missing,Incomplete,Incomplete,Incomplete,Incomplete,Incomplete,Incomplete,Incomplete,Incomplete,Incomplete,Incomplete,1 block missing,Incomplete,Incomplete,Complete
M00047 | Creatine pathway,Incomplete,Complete,Incomplete,Incomplete,Incomplete,Incomplete,Incomplete,1 block missing,Incomplete,1 block missing,Incomplete,1 block missing,Incomplete,Incomplete,Incomplete,Incomplete,Complete,Incomplete,Incomplete,Incomplete,Complete,Incomplete,Incomplete,1 block missing,Complete,Incomplete,1 block missing,1 block missing,Incomplete,Incomplete,Incomplete,Incomplete,Incomplete,Incomplete,Incomplete,Incomplete,Incomplete,Incomplete,Complete,Incomplete,Incomplete,Incomplete,1 block missing,Incomplete,Incomplete,1 block missing,Incomplete,Incomplete,1 block missing,Complete,Incomplete,Complete,Complete,1 block missing,Incomplete,Incomplete,Incomplete,Incomplete,Incomplete,Incomplete,Incomplete,Incomplete,Incomplete,Complete,1 block missing,Incomplete,Incomplete
"M00048 | Inosine monophosphate biosynthesis, PRPP + glutamine => IMP",Incomplete,Incomplete,Incomplete,Incomplete,Incomplete,Incomplete,Incomplete,Incomplete,Incomplete,Incomplete,Incomplete,Incomplete,Incomplete,Incomplete,Incomplete,Incomplete,Incomplete,Incomplete,Incomplete,Incomplete,Incomplete,Incomplete,Incomplete,Incomplete,Incomplete,Incomplete,Incomplete,Incomplete,Incomplete,Incomplete,Incomplete,Incomplete,Incomplete,Incomplete,Incomplete,Incomplete,Incomplete,Incomplete,Incomplete,Incomplete,Incomplete,Incomplete,Incomplete,Incomplete,Incomplete,Incomplete,Incomplete,Incomplete,Incomplete,Incomplete,Incomplete,Incomplete,Incomplete,Incomplete,Incomplete,Incomplete,Incomplete,Incomplete,Incomplete,Incomplete,Incomplete,Incomplete,Incomplete,Incomplete,Incomplete,Incomplete,Incomplete
"M00049 | Adenine ribonucleotide biosynthesis, IMP => ADP,ATP",Incomplete,Incomplete,Incomplete,Incomplete,Incomplete,Incomplete,Incomplete,Incomplete,Incomplete,Incomplete,Incomplete,Incomplete,Incomplete,Incomplete,Incomplete,Incomplete,Incomplete,Incomplete,Incomplete,Incomplete,Incomplete,Incomplete,Incomplete,Incomplete,Incomplete,Incomplete,Incomplete,Incomplete,Incomplete,Incomplete,Incomplete,Incomplete,Incomplete,Incomplete,Incomplete,Incomplete,Incomplete,Incomplete,Incomplete,Incomplete,Incomplete,Incomplete,Incomplete,Incomplete,Incomplete,Incomplete,Incomplete,Incomplete,Incomplete,Incomplete,Incomplete,Incomplete,Incomplete,Incomplete,Incomplete,Incomplete,Incomplete,Incomplete,Incomplete,Incomplete,Incomplete,Incomplete,Incomplete,Incomplete,Incomplete,Incomplete,Incomplete
"M00050 | Guanine ribonucleotide biosynthesis IMP => GDP,GTP",Incomplete,Incomplete,Incomplete,Incomplete,Incomplete,Incomplete,Incomplete,Incomplete,Incomplete,Incomplete,Incomplete,Incomplete,Incomplete,Incomplete,Incomplete,Incomplete,Incomplete,Incomplete,Incomplete,Incomplete,Incomplete,Incomplete,Incomplete,Incomplete,Incomplete,Incomplete,Incomplete,Incomplete,Incomplete,Incomplete,Incomplete,Incomplete,1 block missing,Incomplete,Incomplete,Incomplete,Incomplete,Incomplete,Incomplete,Incomplete,Incomplete,Incomplete,Incomplete,Incomplete,Incomplete,Incomplete,Incomplete,Incomplete,Incomplete,Incomplete,Incomplete,Incomplete,Incomplete,Incomplete,Incomplete,Incomplete,Incomplete,Incomplete,Incomplete,Incomplete,Incomplete,Incomplete,Incomplete,Incomplete,Incomplete,Incomplete,Incomplete
"M00051 | Uridine monophosphate biosynthesis, glutamine (+ PRPP) => UMP",Incomplete,Incomplete,Incomplete,Incomplete,Incomplete,Incomplete,Incomplete,1 block missing,1 block missing,Complete,Incomplete,Incomplete,Incomplete,Incomplete,Incomplete,1 block missing,Incomplete,Incomplete,Incomplete,Incomplete,Complete,Incomplete,Incomplete,Incomplete,Incomplete,Incomplete,1 block missing,Incomplete,1 block missing,Incomplete,Incomplete,Incomplete,Incomplete,Incomplete,1 block missing,Incomplete,Incomplete,Incomplete,Incomplete,Incomplete,Incomplete,Incomplete,1 block missing,Incomplete,Incomplete,Incomplete,Incomplete,Incomplete,Incomplete,Incomplete,Incomplete,Incomplete,Incomplete,Incomplete,Incomplete,Incomplete,Incomplete,Incomplete,Incomplete,Incomplete,Incomplete,Incomplete,1 block missing,Complete,Incomplete,Incomplete,Incomplete
"M00052 | Pyrimidine ribonucleotide biosynthesis, UMP => UDP/UTP,CDP/CTP",Incomplete,Incomplete,Incomplete,Incomplete,Incomplete,Incomplete,Incomplete,Incomplete,Incomplete,Incomplete,Incomplete,Incomplete,Incomplete,Incomplete,Incomplete,Incomplete,Incomplete,Incomplete,Incomplete,Incomplete,Incomplete,Incomplete,Incomplete,Incomplete,Incomplete,Incomplete,Incomplete,Incomplete,Incomplete,Incomplete,Incomplete,Incomplete,1 block missing,Incomplete,Incomplete,Incomplete,Incomplete,Incomplete,Incomplete,Incomplete,Incomplete,Incomplete,Incomplete,Incomplete,Incomplete,Incomplete,Incomplete,Incomplete,Incomplete,Incomplete,Incomplete,Incomplete,Incomplete,Incomplete,Incomplete,Incomplete,Incomplete,Incomplete,Incomplete,Incomplete,Incomplete,Incomplete,Incomplete,Incomplete,Incomplete,Incomplete,Incomplete
"M00053 | Pyrimidine deoxyribonuleotide biosynthesis, CDP/CTP => dCDP/dCTP,dTDP/dTTP",Incomplete,Incomplete,Incomplete,Incomplete,Incomplete,Incomplete,Incomplete,Incomplete,Incomplete,Incomplete,Incomplete,Incomplete,Incomplete,Incomplete,Incomplete,Incomplete,Incomplete,Incomplete,Incomplete,Incomplete,Incomplete,Incomplete,Incomplete,Incomplete,Incomplete,Incomplete,Incomplete,Incomplete,Incomplete,Incomplete,Incomplete,Incomplete,Incomplete,Incomplete,Incomplete,Incomplete,Incomplete,Incomplete,Incomplete,Incomplete,Incomplete,Incomplete,Incomplete,Incomplete,Incomplete,Incomplete,Incomplete,Incomplete,Incomplete,Incomplete,Incomplete,Incomplete,Incomplete,Incomplete,Incomplete,Incomplete,Incomplete,Incomplete,Incomplete,Incomplete,Incomplete,Incomplete,Incomplete,Incomplete,Incomplete,Incomplete,Incomplete
M00055 | N-glycan precursor biosynthesis,Incomplete,Incomplete,Incomplete,Incomplete,Incomplete,Incomplete,Incomplete,Incomplete,Incomplete,Incomplete,Incomplete,Incomplete,Incomplete,Incomplete,Incomplete,Incomplete,Incomplete,Incomplete,Incomplete,Incomplete,Incomplete,Incomplete,Incomplete,Incomplete,Incomplete,Incomplete,Incomplete,Incomplete,Incomplete,Incomplete,Incomplete,Incomplete,Incomplete,Incomplete,Incomplete,Incomplete,Incomplete,Incomplete,Incomplete,Incomplete,Incomplete,Incomplete,Incomplete,Incomplete,Incomplete,Incomplete,Incomplete,Incomplete,Incomplete,Incomplete,Incomplete,Incomplete,1 block missing,Incomplete,Incomplete,Incomplete,Incomplete,Incomplete,Incomplete,Incomplete,Incomplete,Incomplete,Incomplete,Incomplete,Incomplete,Incomplete,Incomplete
"M00056 | O-glycan biosynthesis, mucin type core",Incomplete,Incomplete,Incomplete,Incomplete,Incomplete,Incomplete,Incomplete,Incomplete,Incomplete,Incomplete,Incomplete,Incomplete,Incomplete,Incomplete,Incomplete,Incomplete,Incomplete,Incomplete,Incomplete,Incomplete,Incomplete,Incomplete,Incomplete,Incomplete,Incomplete,Incomplete,Incomplete,Incomplete,Incomplete,Incomplete,Incomplete,Incomplete,Incomplete,Incomplete,Incomplete,Incomplete,Incomplete,Incomplete,Incomplete,Incomplete,Incomplete,Incomplete,Incomplete,Incomplete,Incomplete,Incomplete,Incomplete,Incomplete,Incomplete,Incomplete,Incomplete,Incomplete,Incomplete,Incomplete,Incomplete,Incomplete,Incomplete,Incomplete,Incomplete,Incomplete,Incomplete,Incomplete,Incomplete,Incomplete,Incomplete,Incomplete,Incomplete
"M00057 | Glycosaminoglycan biosynthesis, linkage tetrasaccharide",Incomplete,Incomplete,Incomplete,Incomplete,Incomplete,Incomplete,Incomplete,Incomplete,Incomplete,Incomplete,Incomplete,Incomplete,Incomplete,Incomplete,Incomplete,Incomplete,Incomplete,Incomplete,Incomplete,Incomplete,Incomplete,Incomplete,Incomplete,Incomplete,Incomplete,Incomplete,Incomplete,Incomplete,Incomplete,Incomplete,Incomplete,Incomplete,Incomplete,Incomplete,Incomplete,Incomplete,Incomplete,Incomplete,Incomplete,Incomplete,Incomplete,Incomplete,Incomplete,Incomplete,Incomplete,Incomplete,Incomplete,Incomplete,Incomplete,Incomplete,Incomplete,Incomplete,Incomplete,Incomplete,Incomplete,Incomplete,Incomplete,Incomplete,Incomplete,Incomplete,Incomplete,Incomplete,Incomplete,Incomplete,Incomplete,Incomplete,Incomplete
"M00058 | Glycosaminoglycan biosynthesis, chondroitin sulfate backbone",Incomplete,Incomplete,Incomplete,Incomplete,Incomplete,Incomplete,Incomplete,Incomplete,Incomplete,Incomplete,Incomplete,Incomplete,Incomplete,Incomplete,Incomplete,Incomplete,Incomplete,Incomplete,Incomplete,Incomplete,Incomplete,Incomplete,Incomplete,Incomplete,Incomplete,Incomplete,Incomplete,Incomplete,Incomplete,Incomplete,Incomplete,Incomplete,Incomplete,Incomplete,Incomplete,Incomplete,Incomplete,Incomplete,Incomplete,Incomplete,Incomplete,Incomplete,Incomplete,Incomplete,Incomplete,Incomplete,Incomplete,Incomplete,Incomplete,Incomplete,Incomplete,Incomplete,Incomplete,Incomplete,Incomplete,Incomplete,Incomplete,Incomplete,Incomplete,Incomplete,Incomplete,Incomplete,Incomplete,Incomplete,Incomplete,Incomplete,Incomplete
"M00059 | Glycosaminoglycan biosynthesis, heparan sulfate backbone",Incomplete,Incomplete,Incomplete,Incomplete,Incomplete,Incomplete,Incomplete,Incomplete,Incomplete,Incomplete,Incomplete,Incomplete,Incomplete,Incomplete,Incomplete,Incomplete,Incomplete,Incomplete,Incomplete,Incomplete,Incomplete,Incomplete,Incomplete,Incomplete,Incomplete,Incomplete,Incomplete,Incomplete,Incomplete,Incomplete,Incomplete,Incomplete,Incomplete,Incomplete,Incomplete,Incomplete,Incomplete,Incomplete,Incomplete,Incomplete,Incomplete,Incomplete,Incomplete,Incomplete,Incomplete,Incomplete,Incomplete,Incomplete,Incomplete,Incomplete,Incomplete,Incomplete,Incomplete,Incomplete,Incomplete,Incomplete,Incomplete,Incomplete,Incomplete,Incomplete,Incomplete,Incomplete,Incomplete,Incomplete,Incomplete,Incomplete,Incomplete
"M00060 | KDO2-lipid A biosynthesis, Raetz pathway, LpxL-LpxM type",Incomplete,1 block missing,Incomplete,Incomplete,1 block missing,Incomplete,Incomplete,1 block missing,1 block missing,1 block missing,Incomplete,1 block missing,Incomplete,1 block missing,Incomplete,1 block missing,Complete,Incomplete,Incomplete,1 block missing,1 block missing,Incomplete,Incomplete,1 block missing,1 block missing,Incomplete,1 block missing,1 block missing,1 block missing,Incomplete,Incomplete,1 block missing,1 block missing,Incomplete,1 block missing,Incomplete,Incomplete,Incomplete,Complete,1 block missing,Incomplete,Incomplete,1 block missing,1 block missing,Incomplete,Complete,1 block missing,Incomplete,1 block missing,Complete,1 block missing,Complete,Complete,Complete,Incomplete,Incomplete,Incomplete,Incomplete,Incomplete,Incomplete,Incomplete,1 block missing,1 block missing,1 block missing,1 block missing,Incomplete,Complete
"M00061 | D-Glucuronate degradation, D-glucuronate => pyruvate + D-glyceraldehyde 3P",Incomplete,1 block missing,Incomplete,Incomplete,Incomplete,Incomplete,Incomplete,1 block missing,1 block missing,1 block missing,Incomplete,Incomplete,Incomplete,Incomplete,Incomplete,Incomplete,1 block missing,Incomplete,Incomplete,Incomplete,1 block missing,Incomplete,Incomplete,1 block missing,1 block missing,Incomplete,1 block missing,1 block missing,1 block missing,Incomplete,Incomplete,Incomplete,Incomplete,Incomplete,Incomplete,Incomplete,Incomplete,Incomplete,1 block missing,Incomplete,Incomplete,Incomplete,Complete,1 block missing,Incomplete,1 block missing,Incomplete,Incomplete,1 block missing,1 block missing,Incomplete,1 block missing,1 block missing,Incomplete,Incomplete,Incomplete,Incomplete,Incomplete,Incomplete,Incomplete,Incomplete,Incomplete,Incomplete,1 block missing,1 block missing,Incomplete,1 block missing
M00063 | CMP-KDO biosynthesis,Complete,Complete,Incomplete,Complete,Complete,Incomplete,Incomplete,Complete,Complete,Complete,1 block missing,Complete,Complete,Complete,Complete,Complete,Complete,Complete,Complete,Complete,Complete,1 block missing,Complete,Complete,Complete,Complete,Complete,Complete,Complete,Complete,Complete,Complete,Complete,Complete,Complete,Complete,Complete,Complete,Complete,Complete,Complete,Complete,Complete,Complete,Incomplete,Complete,Complete,Complete,Complete,Complete,Complete,Complete,Complete,Complete,Complete,Complete,Complete,Complete,Complete,Complete,1 block missing,Complete,Complete,Complete,Complete,Complete,Complete
M00064 | ADP-L-glycero-D-manno-heptose biosynthesis,Incomplete,Incomplete,Incomplete,Incomplete,Incomplete,Incomplete,Incomplete,Incomplete,Incomplete,Incomplete,Incomplete,Incomplete,Incomplete,Incomplete,Incomplete,Incomplete,Incomplete,Incomplete,Incomplete,Incomplete,Incomplete,Incomplete,Incomplete,Incomplete,Incomplete,Incomplete,Incomplete,Incomplete,Incomplete,Incomplete,Incomplete,Incomplete,Complete,Incomplete,Incomplete,Incomplete,Incomplete,Incomplete,Incomplete,Incomplete,Incomplete,Incomplete,Incomplete,Incomplete,Incomplete,Incomplete,Incomplete,Incomplete,Incomplete,Incomplete,Incomplete,Incomplete,Incomplete,Incomplete,Incomplete,Incomplete,Incomplete,Incomplete,Incomplete,Incomplete,Incomplete,Incomplete,Incomplete,Incomplete,Incomplete,Incomplete,Incomplete
"M00065 | GPI-anchor biosynthesis, core oligosaccharide",Incomplete,Incomplete,Incomplete,Incomplete,Incomplete,Incomplete,Incomplete,Incomplete,Incomplete,Incomplete,Incomplete,Incomplete,Incomplete,Incomplete,Incomplete,Incomplete,Incomplete,Incomplete,Incomplete,Incomplete,Incomplete,Incomplete,Incomplete,Incomplete,Incomplete,Incomplete,Incomplete,Incomplete,Incomplete,Incomplete,Incomplete,Incomplete,Incomplete,Incomplete,Incomplete,Incomplete,Incomplete,Incomplete,Incomplete,Incomplete,Incomplete,Incomplete,Incomplete,Incomplete,Incomplete,Incomplete,Incomplete,Incomplete,Incomplete,Incomplete,Incomplete,Incomplete,Incomplete,Incomplete,Incomplete,Incomplete,Incomplete,Incomplete,Incomplete,Incomplete,Incomplete,Incomplete,Incomplete,Incomplete,Incomplete,Incomplete,Incomplete
M00066 | Lactosylceramide biosynthesis,1 block missing,1 block missing,Incomplete,1 block missing,1 block missing,Incomplete,Incomplete,1 block missing,1 block missing,1 block missing,Incomplete,1 block missing,1 block missing,1 block missing,1 block missing,1 block missing,1 block missing,1 block missing,1 block missing,1 block missing,1 block missing,1 block missing,1 block missing,1 block missing,1 block missing,1 block missing,1 block missing,1 block missing,1 block missing,1 block missing,1 block missing,1 block missing,Incomplete,1 block missing,1 block missing,1 block missing,1 block missing,1 block missing,1 block missing,1 block missing,1 block missing,1 block missing,1 block missing,1 block missing,Incomplete,1 block missing,Incomplete,1 block missing,1 block missing,1 block missing,1 block missing,1 block missing,1 block missing,1 block missing,1 block missing,1 block missing,1 block missing,1 block missing,1 block missing,Incomplete,1 block missing,1 block missing,1 block missing,1 block missing,1 block missing,1 block missing,1 block missing
"M00067 | Sulfoglycolipids biosynthesis, ceramide/1-alkyl-2-acylglycerol => sulfatide/seminolipid",Incomplete,Incomplete,Incomplete,Incomplete,Incomplete,Incomplete,Incomplete,Incomplete,Incomplete,Incomplete,Incomplete,Incomplete,Incomplete,Incomplete,Incomplete,Incomplete,Incomplete,Incomplete,Incomplete,Incomplete,Incomplete,Incomplete,Incomplete,Incomplete,Incomplete,Incomplete,Incomplete,Incomplete,Incomplete,Incomplete,Incomplete,Incomplete,Incomplete,Incomplete,Incomplete,Incomplete,Incomplete,Incomplete,Incomplete,Incomplete,Incomplete,Incomplete,Incomplete,Incomplete,Incomplete,Incomplete,Incomplete,Incomplete,Incomplete,Incomplete,Incomplete,Incomplete,Incomplete,Incomplete,Incomplete,Incomplete,Incomplete,Incomplete,Incomplete,Incomplete,Incomplete,Incomplete,Incomplete,Incomplete,Incomplete,Incomplete,Incomplete
"M00068 | Glycosphingolipid biosynthesis, globo-series, LacCer => Gb4Cer",Incomplete,Incomplete,Incomplete,Incomplete,Incomplete,Incomplete,Incomplete,Incomplete,Incomplete,Incomplete,Incomplete,Incomplete,Incomplete,Incomplete,Incomplete,Incomplete,Incomplete,Incomplete,Incomplete,Incomplete,Incomplete,Incomplete,Incomplete,Incomplete,Incomplete,Incomplete,Incomplete,Incomplete,Incomplete,Incomplete,Incomplete,Incomplete,Incomplete,Incomplete,Incomplete,Incomplete,Incomplete,Incomplete,Incomplete,Incomplete,Incomplete,Incomplete,Incomplete,Incomplete,Incomplete,Incomplete,Incomplete,Incomplete,Incomplete,Incomplete,1 block missing,Incomplete,Incomplete,Incomplete,Incomplete,Incomplete,Incomplete,Incomplete,Incomplete,1 block missing,Incomplete,Incomplete,Incomplete,Incomplete,Incomplete,Incomplete,Incomplete
"M00069 | Glycosphingolipid biosynthesis, ganglio series, LacCer => GT3",Incomplete,Incomplete,Incomplete,Incomplete,Incomplete,Incomplete,Incomplete,Incomplete,Incomplete,Incomplete,Incomplete,Incomplete,Incomplete,Incomplete,Incomplete,Incomplete,Incomplete,Incomplete,Incomplete,Incomplete,Incomplete,Incomplete,Incomplete,Incomplete,Incomplete,Incomplete,Incomplete,Incomplete,Incomplete,Incomplete,Incomplete,Incomplete,Incomplete,Incomplete,Incomplete,Incomplete,Incomplete,Incomplete,Incomplete,Incomplete,Incomplete,Incomplete,Incomplete,Incomplete,Incomplete,Incomplete,Incomplete,Incomplete,Incomplete,Incomplete,Incomplete,Incomplete,Incomplete,Incomplete,Incomplete,Incomplete,Incomplete,Incomplete,Incomplete,Incomplete,Incomplete,Incomplete,Incomplete,Incomplete,Incomplete,Incomplete,Incomplete
"M00070 | Glycosphingolipid biosynthesis, lacto-series, LacCer => Lc4Cer",Incomplete,Incomplete,Incomplete,Incomplete,Incomplete,Incomplete,Incomplete,Incomplete,Incomplete,Incomplete,Incomplete,Incomplete,Incomplete,Incomplete,Incomplete,Incomplete,Incomplete,Incomplete,Incomplete,Incomplete,Incomplete,Incomplete,Incomplete,Incomplete,Incomplete,Incomplete,Incomplete,Incomplete,Incomplete,Incomplete,Incomplete,Incomplete,Incomplete,Incomplete,Incomplete,Incomplete,Incomplete,Incomplete,Incomplete,Incomplete,Incomplete,Incomplete,Incomplete,Incomplete,Incomplete,Incomplete,Incomplete,Incomplete,Incomplete,Incomplete,Incomplete,Incomplete,Incomplete,Incomplete,Incomplete,Incomplete,Incomplete,Incomplete,Incomplete,Incomplete,Incomplete,Incomplete,Incomplete,Incomplete,Incomplete,Incomplete,Incomplete
"M00071 | Glycosphingolipid biosynthesis, neolacto-series, LacCer => nLc4Cer",Incomplete,Incomplete,Incomplete,Incomplete,Incomplete,Incomplete,Incomplete,Incomplete,Incomplete,Incomplete,Incomplete,Incomplete,Incomplete,Incomplete,Incomplete,Incomplete,Incomplete,Incomplete,Incomplete,Incomplete,Incomplete,Incomplete,Incomplete,Incomplete,Incomplete,Incomplete,Incomplete,Incomplete,Incomplete,Incomplete,Incomplete,Incomplete,Incomplete,Incomplete,Incomplete,Incomplete,Incomplete,Incomplete,Incomplete,Incomplete,Incomplete,Incomplete,Incomplete,Incomplete,Incomplete,Incomplete,Incomplete,Incomplete,Incomplete,Incomplete,Incomplete,Incomplete,Incomplete,Incomplete,Incomplete,Incomplete,Incomplete,Incomplete,Incomplete,Incomplete,Incomplete,Incomplete,Incomplete,Incomplete,Incomplete,Incomplete,Incomplete
M00072 | N-glycosylation by oligosaccharyltransferase,Incomplete,Incomplete,Incomplete,Incomplete,Incomplete,Incomplete,Incomplete,Incomplete,Incomplete,Incomplete,Incomplete,Incomplete,Incomplete,Incomplete,Incomplete,Incomplete,Incomplete,Incomplete,Incomplete,Incomplete,Incomplete,Incomplete,Incomplete,Incomplete,Incomplete,Incomplete,Incomplete,Incomplete,Incomplete,Incomplete,Incomplete,Incomplete,Incomplete,Incomplete,Incomplete,Incomplete,Incomplete,Incomplete,Incomplete,Incomplete,Incomplete,Incomplete,Incomplete,Incomplete,Incomplete,Incomplete,Incomplete,Incomplete,Incomplete,Incomplete,Incomplete,Incomplete,Incomplete,Incomplete,Incomplete,Incomplete,Incomplete,Incomplete,Incomplete,Incomplete,Incomplete,Incomplete,Incomplete,Incomplete,Incomplete,Incomplete,Incomplete
M00073 | N-glycan precursor trimming,Incomplete,1 block missing,Incomplete,Incomplete,Incomplete,Incomplete,Incomplete,Incomplete,Incomplete,Incomplete,Incomplete,Incomplete,Incomplete,Incomplete,Incomplete,Incomplete,1 block missing,Incomplete,Incomplete,Incomplete,Incomplete,Incomplete,Incomplete,Incomplete,Incomplete,Incomplete,Incomplete,Incomplete,Incomplete,Incomplete,Incomplete,Incomplete,Incomplete,Incomplete,Incomplete,Incomplete,Incomplete,Incomplete,1 block missing,Incomplete,Incomplete,Incomplete,Incomplete,Incomplete,Incomplete,Incomplete,Incomplete,Incomplete,Incomplete,Incomplete,Incomplete,Incomplete,1 block missing,Incomplete,Incomplete,Incomplete,Incomplete,Incomplete,Incomplete,Incomplete,Incomplete,Incomplete,Incomplete,Incomplete,Incomplete,Incomplete,Incomplete
"M00074 | N-glycan biosynthesis, high-mannose type",Incomplete,Incomplete,Incomplete,Incomplete,Incomplete,Incomplete,Incomplete,Incomplete,Incomplete,Incomplete,Incomplete,Incomplete,Incomplete,Incomplete,Incomplete,Incomplete,Incomplete,Incomplete,Incomplete,Incomplete,Incomplete,Incomplete,Incomplete,Incomplete,Incomplete,Incomplete,Incomplete,Incomplete,Incomplete,Incomplete,Incomplete,Incomplete,Incomplete,Incomplete,Incomplete,Incomplete,Incomplete,Incomplete,Incomplete,Incomplete,Incomplete,Incomplete,Incomplete,Incomplete,Incomplete,Incomplete,Incomplete,Incomplete,Incomplete,Incomplete,Incomplete,Incomplete,Incomplete,Incomplete,Incomplete,Incomplete,Incomplete,Incomplete,Incomplete,Incomplete,Incomplete,Incomplete,Incomplete,Incomplete,Incomplete,Incomplete,Incomplete
"M00075 | N-glycan biosynthesis, complex type",Incomplete,Incomplete,Incomplete,Incomplete,Incomplete,Incomplete,Incomplete,Incomplete,Incomplete,Incomplete,Incomplete,Incomplete,Incomplete,Incomplete,Incomplete,Incomplete,Incomplete,Incomplete,Incomplete,Incomplete,Incomplete,Incomplete,Incomplete,Incomplete,Incomplete,Incomplete,Incomplete,Incomplete,Incomplete,Incomplete,Incomplete,Incomplete,Incomplete,Incomplete,Incomplete,Incomplete,Incomplete,Incomplete,Incomplete,Incomplete,Incomplete,Incomplete,Incomplete,Incomplete,Incomplete,Incomplete,Incomplete,Incomplete,Incomplete,Incomplete,Incomplete,Incomplete,Incomplete,Incomplete,Incomplete,Incomplete,Incomplete,Incomplete,Incomplete,Incomplete,Incomplete,Incomplete,Incomplete,Incomplete,Incomplete,Incomplete,Incomplete
M00076 | Dermatan sulfate degradation,Incomplete,1 block missing,Incomplete,Incomplete,Incomplete,Incomplete,Incomplete,1 block missing,Complete,Incomplete,Incomplete,Incomplete,Incomplete,1 block missing,Incomplete,Complete,Complete,Incomplete,Incomplete,Incomplete,Complete,Incomplete,Incomplete,Incomplete,1 block missing,Incomplete,1 block missing,1 block missing,1 block missing,Incomplete,Incomplete,1 block missing,Incomplete,Incomplete,1 block missing,Incomplete,Incomplete,Incomplete,Complete,Incomplete,Incomplete,Incomplete,1 block missing,Complete,Incomplete,Incomplete,Incomplete,Incomplete,Complete,Complete,Incomplete,1 block missing,Complete,Incomplete,Incomplete,Incomplete,Incomplete,Incomplete,Incomplete,Incomplete,Incomplete,Incomplete,Complete,1 block missing,1 block missing,Incomplete,1 block missing
M00077 | Chondroitin sulfate degradation,Incomplete,Complete,Incomplete,Incomplete,Incomplete,Incomplete,Incomplete,Complete,Complete,1 block missing,Incomplete,Incomplete,Incomplete,Complete,Incomplete,Complete,Complete,Incomplete,Incomplete,Incomplete,Complete,Incomplete,Incomplete,Incomplete,Complete,Incomplete,Complete,Complete,Complete,Incomplete,Incomplete,1 block missing,Incomplete,Incomplete,Complete,Incomplete,Incomplete,Incomplete,Complete,Incomplete,Incomplete,Incomplete,Complete,Complete,Incomplete,1 block missing,Incomplete,Incomplete,Complete,Complete,Incomplete,Complete,Complete,Incomplete,Incomplete,Incomplete,Incomplete,Incomplete,Incomplete,Incomplete,Incomplete,Incomplete,Complete,Complete,Complete,Incomplete,Complete
M00078 | Heparan sulfate degradation,Incomplete,Incomplete,Incomplete,Incomplete,Incomplete,Incomplete,Incomplete,Incomplete,Incomplete,Incomplete,Incomplete,Incomplete,Incomplete,Incomplete,Incomplete,Incomplete,Incomplete,Incomplete,Incomplete,Incomplete,Incomplete,Incomplete,Incomplete,Incomplete,Incomplete,Incomplete,Incomplete,Incomplete,Incomplete,Incomplete,Incomplete,Incomplete,Incomplete,Incomplete,Incomplete,Incomplete,Incomplete,Incomplete,1 block missing,Incomplete,Incomplete,Incomplete,Incomplete,Incomplete,Incomplete,Incomplete,Incomplete,Incomplete,Incomplete,Incomplete,Incomplete,Incomplete,Incomplete,Incomplete,Incomplete,Incomplete,Incomplete,Incomplete,Incomplete,Incomplete,Incomplete,Incomplete,Incomplete,Incomplete,Incomplete,Incomplete,Incomplete
M00079 | Keratan sulfate degradation,Incomplete,1 block missing,Incomplete,Incomplete,Incomplete,Incomplete,Incomplete,Complete,Complete,1 block missing,Incomplete,Incomplete,Incomplete,1 block missing,Incomplete,1 block missing,Complete,Incomplete,Incomplete,Incomplete,1 block missing,Incomplete,Incomplete,1 block missing,1 block missing,Incomplete,1 block missing,1 block missing,Complete,Incomplete,Incomplete,Incomplete,Incomplete,Incomplete,Complete,Incomplete,Incomplete,Incomplete,Complete,Incomplete,Incomplete,Incomplete,1 block missing,1 block missing,Incomplete,1 block missing,Incomplete,Incomplete,1 block missing,Complete,Incomplete,1 block missing,Complete,Incomplete,Incomplete,Incomplete,Incomplete,Incomplete,Incomplete,Incomplete,Incomplete,Incomplete,1 block missing,1 block missing,1 block missing,Incomplete,1 block missing
M00081 | Pectin degradation,Incomplete,1 block missing,Incomplete,Incomplete,Incomplete,Incomplete,Incomplete,1 block missing,Incomplete,1 block missing,Incomplete,Incomplete,Incomplete,Incomplete,Incomplete,1 block missing,Incomplete,Incomplete,Incomplete,Incomplete,1 block missing,Incomplete,Incomplete,Incomplete,1 block missing,Incomplete,1 block missing,1 block missing,Incomplete,Incomplete,Incomplete,Incomplete,Incomplete,Incomplete,1 block missing,Incomplete,Incomplete,Incomplete,Incomplete,Incomplete,Incomplete,Incomplete,1 block missing,1 block missing,1 block missing,Incomplete,Incomplete,Incomplete,Complete,Incomplete,Incomplete,Incomplete,Incomplete,Incomplete,Incomplete,Incomplete,Incomplete,Incomplete,Incomplete,1 block missing,Incomplete,Incomplete,Incomplete,1 block missing,1 block missing,Incomplete,Incomplete
"M00082 | Fatty acid biosynthesis, initiation",Incomplete,Incomplete,Incomplete,Incomplete,Incomplete,Incomplete,Incomplete,Incomplete,Incomplete,Incomplete,Incomplete,Incomplete,Incomplete,Incomplete,Incomplete,Incomplete,Incomplete,Incomplete,Incomplete,Incomplete,Incomplete,Incomplete,Incomplete,Incomplete,Incomplete,Incomplete,Incomplete,Incomplete,Incomplete,Incomplete,Incomplete,Incomplete,Incomplete,Incomplete,Incomplete,Incomplete,Incomplete,Incomplete,Complete,Incomplete,Incomplete,Incomplete,Incomplete,Incomplete,Incomplete,Incomplete,Incomplete,Incomplete,Incomplete,Incomplete,Incomplete,Incomplete,Incomplete,Incomplete,Incomplete,Incomplete,Incomplete,Incomplete,Incomplete,Incomplete,Incomplete,Incomplete,Incomplete,Incomplete,Incomplete,Incomplete,Incomplete
"M00083 | Fatty acid biosynthesis, elongation",Incomplete,Incomplete,Incomplete,Incomplete,Incomplete,Incomplete,Incomplete,Incomplete,Incomplete,1 block missing,Incomplete,Incomplete,Incomplete,Incomplete,Incomplete,Incomplete,Incomplete,Incomplete,Incomplete,Incomplete,1 block missing,Incomplete,Incomplete,Incomplete,Incomplete,Incomplete,Incomplete,Incomplete,Incomplete,Incomplete,Incomplete,Incomplete,Incomplete,Incomplete,Incomplete,Incomplete,Incomplete,Incomplete,Complete,Incomplete,Incomplete,Incomplete,Incomplete,Incomplete,Incomplete,Incomplete,Incomplete,Incomplete,Incomplete,Incomplete,Incomplete,Incomplete,Incomplete,Incomplete,Incomplete,Incomplete,Incomplete,Incomplete,Incomplete,Incomplete,Incomplete,Incomplete,Incomplete,Incomplete,Incomplete,Incomplete,Incomplete
M00085 | Fatty acid elongation in mitochondria,Incomplete,1 block missing,Incomplete,Incomplete,Incomplete,Incomplete,Incomplete,Complete,Incomplete,1 block missing,Incomplete,Incomplete,Incomplete,Incomplete,Incomplete,Incomplete,Incomplete,Incomplete,Incomplete,Incomplete,1 block missing,Incomplete,Incomplete,Incomplete,Incomplete,Incomplete,Incomplete,Incomplete,Incomplete,Incomplete,Incomplete,Incomplete,Incomplete,Incomplete,Incomplete,Incomplete,Incomplete,Incomplete,1 block missing,Incomplete,Incomplete,Incomplete,Incomplete,Incomplete,Incomplete,Incomplete,Incomplete,Incomplete,1 block missing,Incomplete,Incomplete,Incomplete,Incomplete,Incomplete,Incomplete,Incomplete,Incomplete,Incomplete,Incomplete,Incomplete,Incomplete,Incomplete,Incomplete,Incomplete,Incomplete,Incomplete,Incomplete
"M00086 | beta-Oxidation, acyl-CoA synthesis",1 block missing,Complete,Incomplete,1 block missing,Complete,1 block missing,1 block missing,Complete,1 block missing,Complete,1 block missing,Complete,1 block missing,1 block missing,1 block missing,Complete,1 block missing,1 block missing,1 block missing,1 block missing,Complete,1 block missing,1 block missing,Complete,1 block missing,1 block missing,Complete,1 block missing,1 block missing,1 block missing,1 block missing,Complete,Complete,1 block missing,1 block missing,1 block missing,1 block missing,1 block missing,1 block missing,1 block missing,1 block missing,1 block missing,1 block missing,1 block missing,Incomplete,1 block missing,1 block missing,1 block missing,Complete,1 block missing,1 block missing,1 block missing,1 block missing,Complete,1 block missing,1 block missing,1 block missing,1 block missing,1 block missing,1 block missing,1 block missing,1 block missing,1 block missing,Complete,1 block missing,1 block missing,Complete
M00087 | beta-Oxidation,Incomplete,Incomplete,Incomplete,Incomplete,Incomplete,Incomplete,Incomplete,Incomplete,Incomplete,1 block missing,Incomplete,Incomplete,Incomplete,Incomplete,Incomplete,Incomplete,Incomplete,Incomplete,Incomplete,Incomplete,Incomplete,Incomplete,Incomplete,Incomplete,Incomplete,Incomplete,Incomplete,Incomplete,Incomplete,Incomplete,Incomplete,Incomplete,Incomplete,Incomplete,Incomplete,Incomplete,Incomplete,Incomplete,Incomplete,Incomplete,Incomplete,Incomplete,Incomplete,Incomplete,Incomplete,Incomplete,Incomplete,Incomplete,Incomplete,Incomplete,Incomplete,Incomplete,Incomplete,Incomplete,Incomplete,Incomplete,Incomplete,Incomplete,Incomplete,Incomplete,Incomplete,Incomplete,Incomplete,Incomplete,Incomplete,Incomplete,Incomplete
"M00088 | Ketone body biosynthesis, acetyl-CoA => acetoacetate/3-hydroxybutyrate/acetone",Incomplete,Complete,Incomplete,Incomplete,Complete,1 block missing,Incomplete,Complete,Complete,Complete,Incomplete,Complete,Incomplete,Complete,Incomplete,Complete,Complete,Incomplete,1 block missing,Complete,Complete,Incomplete,Incomplete,Complete,Complete,Incomplete,Complete,Complete,Complete,Incomplete,Incomplete,Complete,Complete,Incomplete,Complete,Incomplete,Incomplete,Incomplete,Complete,Complete,Incomplete,Incomplete,Complete,Complete,Incomplete,Complete,1 block missing,Incomplete,Complete,Complete,Complete,Complete,Complete,Complete,Incomplete,Incomplete,Incomplete,Incomplete,Incomplete,Incomplete,Incomplete,Incomplete,Complete,Complete,Complete,Incomplete,Complete
M00089 | Triacylglycerol biosynthesis,Incomplete,Incomplete,Incomplete,Incomplete,Incomplete,Incomplete,Incomplete,Incomplete,Incomplete,Incomplete,Incomplete,Incomplete,Incomplete,Incomplete,Incomplete,Incomplete,Incomplete,Incomplete,Incomplete,Incomplete,Incomplete,Incomplete,Incomplete,Incomplete,Incomplete,Incomplete,Incomplete,Incomplete,Incomplete,Incomplete,Incomplete,Incomplete,Incomplete,Incomplete,Incomplete,Incomplete,Incomplete,Incomplete,Incomplete,Incomplete,Incomplete,Incomplete,Incomplete,Incomplete,Incomplete,Incomplete,Incomplete,Incomplete,Incomplete,Incomplete,Incomplete,Incomplete,Incomplete,Incomplete,Incomplete,Incomplete,Incomplete,Incomplete,Incomplete,Incomplete,Incomplete,Incomplete,Incomplete,Incomplete,Incomplete,Incomplete,Incomplete
"M00090 | Phosphatidylcholine (PC) biosynthesis, choline => PC",Incomplete,Incomplete,Incomplete,Incomplete,Incomplete,Incomplete,Incomplete,Incomplete,Incomplete,Incomplete,Incomplete,Incomplete,Incomplete,Incomplete,Incomplete,Incomplete,Incomplete,Incomplete,Incomplete,Incomplete,Incomplete,Incomplete,Incomplete,Incomplete,Incomplete,Incomplete,Incomplete,Incomplete,Incomplete,Incomplete,Incomplete,Incomplete,Incomplete,Incomplete,Incomplete,Incomplete,Incomplete,Incomplete,Incomplete,Incomplete,Incomplete,Incomplete,Incomplete,Incomplete,Incomplete,Incomplete,Incomplete,Incomplete,Incomplete,Incomplete,Incomplete,Incomplete,Incomplete,Incomplete,Incomplete,Incomplete,Incomplete,Incomplete,Incomplete,Incomplete,Incomplete,Incomplete,Incomplete,Incomplete,Incomplete,Incomplete,Incomplete
"M00091 | Phosphatidylcholine (PC) biosynthesis, PE => PC",Incomplete,Incomplete,Incomplete,Incomplete,Incomplete,Incomplete,Incomplete,Incomplete,Incomplete,Incomplete,Incomplete,Incomplete,Incomplete,Incomplete,Incomplete,Incomplete,Incomplete,Incomplete,Incomplete,Incomplete,Incomplete,Incomplete,Incomplete,Incomplete,Incomplete,Incomplete,Incomplete,Incomplete,Incomplete,Incomplete,Incomplete,Incomplete,Incomplete,Incomplete,Incomplete,Incomplete,Incomplete,Incomplete,Incomplete,Incomplete,Incomplete,Incomplete,1 block missing,Incomplete,Incomplete,Incomplete,Incomplete,Incomplete,Incomplete,Incomplete,Incomplete,Incomplete,1 block missing,Incomplete,Incomplete,Incomplete,Incomplete,Incomplete,Incomplete,Incomplete,Incomplete,Incomplete,Incomplete,Incomplete,Incomplete,Incomplete,Incomplete
"M00092 | Phosphatidylethanolamine (PE) biosynthesis, ethanolamine => PE",Incomplete,Incomplete,Incomplete,Incomplete,Incomplete,Incomplete,Incomplete,Incomplete,Incomplete,Incomplete,Incomplete,Incomplete,Incomplete,Incomplete,Incomplete,Incomplete,Incomplete,Incomplete,Incomplete,Incomplete,Incomplete,Incomplete,Incomplete,Incomplete,Incomplete,Incomplete,Incomplete,Incomplete,Incomplete,Incomplete,Incomplete,Incomplete,Incomplete,Incomplete,Incomplete,Incomplete,Incomplete,Incomplete,Incomplete,Incomplete,Incomplete,Incomplete,Incomplete,Incomplete,Incomplete,Incomplete,Incomplete,Incomplete,Incomplete,Incomplete,Incomplete,Incomplete,Incomplete,Incomplete,Incomplete,Incomplete,Incomplete,Incomplete,Incomplete,Incomplete,Incomplete,Incomplete,Incomplete,Incomplete,Incomplete,Incomplete,Incomplete
"M00093 | Phosphatidylethanolamine (PE) biosynthesis, PA => PS => PE",1 block missing,Complete,Incomplete,1 block missing,1 block missing,1 block missing,Incomplete,Complete,1 block missing,1 block missing,1 block missing,1 block missing,1 block missing,1 block missing,1 block missing,1 block missing,Complete,1 block missing,1 block missing,Complete,1 block missing,1 block missing,1 block missing,1 block missing,1 block missing,1 block missing,1 block missing,1 block missing,1 block missing,1 block missing,1 block missing,1 block missing,1 block missing,1 block missing,1 block missing,1 block missing,1 block missing,1 block missing,Complete,1 block missing,1 block missing,1 block missing,Complete,1 block missing,1 block missing,Complete,1 block missing,1 block missing,1 block missing,Complete,1 block missing,Complete,Complete,Complete,1 block missing,1 block missing,1 block missing,1 block missing,1 block missing,1 block missing,1 block missing,Complete,1 block missing,1 block missing,1 block missing,1 block missing,1 block missing
M00094 | Ceramide biosynthesis,Incomplete,Incomplete,Incomplete,Incomplete,Incomplete,Incomplete,Incomplete,Incomplete,Incomplete,Incomplete,Incomplete,Incomplete,Incomplete,Incomplete,Incomplete,Incomplete,Incomplete,Incomplete,Incomplete,Incomplete,Incomplete,Incomplete,Incomplete,Incomplete,Incomplete,Incomplete,Incomplete,Incomplete,Incomplete,Incomplete,Incomplete,Incomplete,Incomplete,Incomplete,Incomplete,Incomplete,Incomplete,Incomplete,Incomplete,Incomplete,Incomplete,Incomplete,Incomplete,Incomplete,Incomplete,Incomplete,Incomplete,Incomplete,Incomplete,Incomplete,Incomplete,Incomplete,Incomplete,Incomplete,Incomplete,Incomplete,Incomplete,Incomplete,Incomplete,Incomplete,Incomplete,Incomplete,Incomplete,Incomplete,Incomplete,Incomplete,Incomplete
"M00095 | C5 isoprenoid biosynthesis, mevalonate pathway",Incomplete,1 block missing,Incomplete,Incomplete,Incomplete,Incomplete,Incomplete,1 block missing,Incomplete,Complete,Incomplete,1 block missing,Incomplete,Incomplete,Incomplete,Incomplete,Incomplete,Incomplete,Incomplete,1 block missing,1 block missing,Incomplete,Incomplete,1 block missing,1 block missing,Incomplete,Complete,1 block missing,1 block missing,Incomplete,Incomplete,1 block missing,Incomplete,Incomplete,1 block missing,Incomplete,Incomplete,Incomplete,1 block missing,Incomplete,Incomplete,Incomplete,1 block missing,Incomplete,Incomplete,1 block missing,Incomplete,Incomplete,1 block missing,Incomplete,1 block missing,1 block missing,1 block missing,Incomplete,Incomplete,Incomplete,Incomplete,Incomplete,Incomplete,1 block missing,Incomplete,Incomplete,1 block missing,1 block missing,1 block missing,Incomplete,1 block missing
"M00096 | C5 isoprenoid biosynthesis, non-mevalonate pathway",Incomplete,Complete,Incomplete,Complete,Complete,Incomplete,Incomplete,Complete,Complete,Complete,Incomplete,Complete,Incomplete,Complete,Complete,Complete,Complete,Incomplete,Complete,Complete,Complete,Complete,Incomplete,Complete,Complete,Complete,Complete,Complete,Complete,Incomplete,Incomplete,Complete,1 block missing,Incomplete,Complete,Incomplete,Incomplete,Incomplete,Complete,Complete,Incomplete,1 block missing,Complete,Complete,Incomplete,Complete,Complete,Incomplete,Complete,Complete,1 block missing,Complete,Complete,Complete,Incomplete,Incomplete,Incomplete,Incomplete,Incomplete,Incomplete,1 block missing,1 block missing,Complete,Complete,Complete,Incomplete,Complete
"M00097 | beta-Carotene biosynthesis, GGAP => beta-carotene",Incomplete,Incomplete,Incomplete,Incomplete,Incomplete,Incomplete,Incomplete,1 block missing,Incomplete,1 block missing,Incomplete,Incomplete,Incomplete,Incomplete,Incomplete,Incomplete,1 block missing,Incomplete,Incomplete,Incomplete,1 block missing,Incomplete,Incomplete,1 block missing,1 block missing,Incomplete,1 block missing,1 block missing,Incomplete,Incomplete,Incomplete,1 block missing,1 block missing,Incomplete,Incomplete,Incomplete,Incomplete,Incomplete,1 block missing,Incomplete,Incomplete,Incomplete,1 block missing,Incomplete,Incomplete,Incomplete,Incomplete,Incomplete,1 block missing,1 block missing,Incomplete,Incomplete,Complete,Incomplete,Incomplete,Incomplete,Incomplete,Incomplete,Incomplete,Incomplete,Incomplete,Incomplete,Incomplete,1 block missing,1 block missing,Incomplete,Incomplete
M00098 | Acylglycerol degradation,Incomplete,Incomplete,Incomplete,Incomplete,Incomplete,Incomplete,Incomplete,Incomplete,Incomplete,Incomplete,Incomplete,Incomplete,Incomplete,Incomplete,Incomplete,Incomplete,Incomplete,Incomplete,Incomplete,Incomplete,Incomplete,Incomplete,Incomplete,Incomplete,Incomplete,Incomplete,Incomplete,Incomplete,Incomplete,Incomplete,Incomplete,Incomplete,Incomplete,Incomplete,Incomplete,Incomplete,Incomplete,Incomplete,Incomplete,Incomplete,Incomplete,Incomplete,Incomplete,Incomplete,Incomplete,Incomplete,Incomplete,Incomplete,Incomplete,Incomplete,Incomplete,Incomplete,Incomplete,Incomplete,Incomplete,Incomplete,Incomplete,Incomplete,Incomplete,Incomplete,Incomplete,Incomplete,Incomplete,Incomplete,Incomplete,Incomplete,Incomplete
M00099 | Sphingosine biosynthesis,Incomplete,Incomplete,Incomplete,Incomplete,Incomplete,Incomplete,Incomplete,Incomplete,Incomplete,Incomplete,Incomplete,Incomplete,Incomplete,Incomplete,Incomplete,Incomplete,Incomplete,Incomplete,Incomplete,Incomplete,Incomplete,Incomplete,Incomplete,Incomplete,Incomplete,Incomplete,Incomplete,Incomplete,Incomplete,Incomplete,Incomplete,Incomplete,Incomplete,Incomplete,Incomplete,Incomplete,Incomplete,Incomplete,Incomplete,Incomplete,Incomplete,Incomplete,Incomplete,Incomplete,Incomplete,Incomplete,Incomplete,Incomplete,Incomplete,Incomplete,Incomplete,Incomplete,Incomplete,Incomplete,Incomplete,Incomplete,Incomplete,Incomplete,Incomplete,Incomplete,Incomplete,Incomplete,Incomplete,Incomplete,Incomplete,Incomplete,Incomplete
M00100 | Sphingosine degradation,Incomplete,Incomplete,Incomplete,Incomplete,Incomplete,Incomplete,Incomplete,1 block missing,Incomplete,Complete,Incomplete,Incomplete,Incomplete,1 block missing,Incomplete,1 block missing,1 block missing,Incomplete,Incomplete,1 block missing,Complete,Incomplete,Incomplete,1 block missing,Incomplete,Incomplete,1 block missing,1 block missing,Incomplete,Incomplete,Incomplete,1 block missing,Incomplete,Incomplete,Incomplete,Incomplete,Incomplete,Incomplete,1 block missing,1 block missing,Incomplete,Incomplete,1 block missing,1 block missing,Incomplete,Incomplete,Incomplete,Incomplete,1 block missing,1 block missing,1 block missing,Incomplete,1 block missing,Incomplete,Incomplete,Incomplete,Incomplete,Incomplete,Incomplete,Complete,1 block missing,Incomplete,Incomplete,Complete,1 block missing,Incomplete,1 block missing
"M00101 | Cholesterol biosynthesis, squalene 2,3-epoxide => cholesterol",Incomplete,Incomplete,Incomplete,Incomplete,Incomplete,Incomplete,Incomplete,Incomplete,Incomplete,Incomplete,Incomplete,Incomplete,Incomplete,Incomplete,Incomplete,Incomplete,Incomplete,Incomplete,Incomplete,Incomplete,Incomplete,Incomplete,Incomplete,Incomplete,Incomplete,Incomplete,Incomplete,Incomplete,Incomplete,Incomplete,Incomplete,Incomplete,Incomplete,Incomplete,Incomplete,Incomplete,Incomplete,Incomplete,Incomplete,Incomplete,Incomplete,Incomplete,Incomplete,Incomplete,Incomplete,Incomplete,Incomplete,Incomplete,Incomplete,Incomplete,Incomplete,Incomplete,Incomplete,Incomplete,Incomplete,Incomplete,Incomplete,Incomplete,Incomplete,Incomplete,Incomplete,Incomplete,Incomplete,Incomplete,Incomplete,Incomplete,Incomplete
M00102 | Ergocalciferol biosynthesis,Incomplete,Incomplete,Incomplete,Incomplete,Incomplete,Incomplete,Incomplete,Incomplete,Incomplete,Incomplete,Incomplete,Incomplete,Incomplete,Incomplete,Incomplete,Incomplete,Incomplete,Incomplete,Incomplete,Incomplete,Incomplete,Incomplete,Incomplete,Incomplete,Incomplete,Incomplete,Incomplete,Incomplete,Incomplete,Incomplete,Incomplete,Incomplete,Incomplete,Incomplete,Incomplete,Incomplete,Incomplete,Incomplete,Incomplete,Incomplete,Incomplete,Incomplete,Incomplete,Incomplete,Incomplete,Incomplete,Incomplete,Incomplete,Incomplete,Incomplete,Incomplete,Incomplete,Incomplete,Incomplete,Incomplete,Incomplete,Incomplete,Incomplete,Incomplete,Incomplete,Incomplete,Incomplete,Incomplete,Incomplete,Incomplete,Incomplete,Incomplete
M00103 | Cholecalciferol biosynthesis,Incomplete,Incomplete,Incomplete,Incomplete,Incomplete,Incomplete,Incomplete,Incomplete,Incomplete,Incomplete,Incomplete,Incomplete,Incomplete,Incomplete,Incomplete,Incomplete,Incomplete,Incomplete,Incomplete,Incomplete,Incomplete,Incomplete,Incomplete,Incomplete,Incomplete,Incomplete,Incomplete,Incomplete,Incomplete,Incomplete,Incomplete,Incomplete,Incomplete,Incomplete,Incomplete,Incomplete,Incomplete,Incomplete,Incomplete,Incomplete,Incomplete,Incomplete,Incomplete,Incomplete,Incomplete,Incomplete,Incomplete,Incomplete,Incomplete,Incomplete,Incomplete,Incomplete,Incomplete,Incomplete,Incomplete,Incomplete,Incomplete,Incomplete,Incomplete,Incomplete,Incomplete,Incomplete,Incomplete,Incomplete,Incomplete,Incomplete,Incomplete
"M00104 | Bile acid biosynthesis, cholesterol => cholate/chenodeoxycholate",Incomplete,Incomplete,Incomplete,Incomplete,Incomplete,Incomplete,Incomplete,Incomplete,Incomplete,Incomplete,Incomplete,Incomplete,Incomplete,Incomplete,Incomplete,Incomplete,Incomplete,Incomplete,Incomplete,Incomplete,Incomplete,Incomplete,Incomplete,Incomplete,Incomplete,Incomplete,Incomplete,Incomplete,Incomplete,Incomplete,Incomplete,Incomplete,Incomplete,Incomplete,Incomplete,Incomplete,Incomplete,Incomplete,Incomplete,Incomplete,Incomplete,Incomplete,Incomplete,Incomplete,Incomplete,Incomplete,Incomplete,Incomplete,Incomplete,Incomplete,Incomplete,Incomplete,Incomplete,Incomplete,Incomplete,Incomplete,Incomplete,Incomplete,Incomplete,Incomplete,Incomplete,Incomplete,Incomplete,Incomplete,Incomplete,Incomplete,Incomplete
"M00106 | Conjugated bile acid biosynthesis, cholate => taurocholate/glycocholate",Incomplete,Incomplete,Incomplete,Incomplete,Incomplete,Incomplete,Incomplete,Incomplete,Incomplete,Incomplete,Incomplete,Incomplete,Incomplete,Incomplete,Incomplete,Incomplete,Incomplete,Incomplete,Incomplete,Incomplete,Incomplete,Incomplete,Incomplete,Incomplete,Incomplete,Incomplete,Incomplete,Incomplete,Incomplete,Incomplete,Incomplete,Incomplete,Incomplete,Incomplete,Incomplete,Incomplete,Incomplete,Incomplete,Incomplete,Incomplete,Incomplete,Incomplete,Incomplete,Incomplete,Incomplete,Incomplete,Incomplete,Incomplete,Incomplete,Incomplete,Incomplete,Incomplete,Incomplete,1 block missing,Incomplete,Incomplete,Incomplete,Incomplete,Incomplete,Incomplete,Incomplete,Incomplete,Incomplete,Incomplete,1 block missing,Incomplete,Incomplete
"M00107 | Steroid hormone biosynthesis, cholesterol => prognenolone => progesterone",Incomplete,Incomplete,Incomplete,Incomplete,Incomplete,Incomplete,Incomplete,Incomplete,Incomplete,Incomplete,Incomplete,Incomplete,Incomplete,Incomplete,Incomplete,Incomplete,Incomplete,Incomplete,Incomplete,Incomplete,Incomplete,Incomplete,Incomplete,Incomplete,Incomplete,Incomplete,Incomplete,Incomplete,Incomplete,Incomplete,Incomplete,Incomplete,Incomplete,Incomplete,Incomplete,Incomplete,Incomplete,Incomplete,Incomplete,Incomplete,Incomplete,Incomplete,Incomplete,Incomplete,Incomplete,Incomplete,Incomplete,Incomplete,Incomplete,Incomplete,Incomplete,Incomplete,Incomplete,Incomplete,Incomplete,Incomplete,Incomplete,Incomplete,Incomplete,Incomplete,Incomplete,Incomplete,Incomplete,Incomplete,Incomplete,Incomplete,Incomplete
"M00108 | C21-Steroid hormone biosynthesis, progesterone => corticosterone/aldosterone",Incomplete,Incomplete,Incomplete,Incomplete,Incomplete,Incomplete,Incomplete,Incomplete,Incomplete,Incomplete,Incomplete,Incomplete,Incomplete,Incomplete,Incomplete,Incomplete,Incomplete,Incomplete,Incomplete,Incomplete,Incomplete,Incomplete,Incomplete,Incomplete,Incomplete,Incomplete,Incomplete,Incomplete,Incomplete,Incomplete,Incomplete,Incomplete,Incomplete,Incomplete,Incomplete,Incomplete,Incomplete,Incomplete,Incomplete,Incomplete,Incomplete,Incomplete,Incomplete,Incomplete,Incomplete,Incomplete,Incomplete,Incomplete,Incomplete,Incomplete,Incomplete,Incomplete,Incomplete,Incomplete,Incomplete,Incomplete,Incomplete,Incomplete,Incomplete,Incomplete,Incomplete,Incomplete,Incomplete,Incomplete,Incomplete,Incomplete,Incomplete
"M00109 | C21-Steroid hormone biosynthesis, progesterone => cortisol/cortisone",Incomplete,Incomplete,Incomplete,Incomplete,Incomplete,Incomplete,Incomplete,Incomplete,Incomplete,Incomplete,Incomplete,Incomplete,Incomplete,Incomplete,Incomplete,Incomplete,Incomplete,Incomplete,Incomplete,Incomplete,Incomplete,Incomplete,Incomplete,Incomplete,Incomplete,Incomplete,Incomplete,Incomplete,Incomplete,Incomplete,Incomplete,Incomplete,Incomplete,Incomplete,Incomplete,Incomplete,Incomplete,Incomplete,Incomplete,Incomplete,Incomplete,Incomplete,Incomplete,Incomplete,Incomplete,Incomplete,Incomplete,Incomplete,Incomplete,Incomplete,Incomplete,Incomplete,Incomplete,Incomplete,Incomplete,Incomplete,Incomplete,Incomplete,Incomplete,Incomplete,Incomplete,Incomplete,Incomplete,Incomplete,Incomplete,Incomplete,Incomplete
"M00110 | C19/C18-Steroid hormone biosynthesis, pregnenolone => androstenedione => estrone",Incomplete,Incomplete,Incomplete,Incomplete,Incomplete,Incomplete,Incomplete,Incomplete,Incomplete,Incomplete,Incomplete,Incomplete,Incomplete,Incomplete,Incomplete,Incomplete,Incomplete,Incomplete,Incomplete,Incomplete,Incomplete,Incomplete,Incomplete,Incomplete,Incomplete,Incomplete,Incomplete,Incomplete,Incomplete,Incomplete,Incomplete,Incomplete,Incomplete,Incomplete,Incomplete,Incomplete,Incomplete,Incomplete,Incomplete,Incomplete,Incomplete,Incomplete,Incomplete,Incomplete,Incomplete,Incomplete,Incomplete,Incomplete,Incomplete,Incomplete,Incomplete,Incomplete,Incomplete,Incomplete,Incomplete,Incomplete,Incomplete,Incomplete,Incomplete,Incomplete,Incomplete,Incomplete,Incomplete,Incomplete,Incomplete,Incomplete,Incomplete
M00112 | Tocopherol/tocotorienol biosynthesis,Incomplete,Incomplete,Incomplete,Incomplete,Incomplete,Incomplete,Incomplete,1 block missing,Incomplete,Incomplete,Incomplete,Incomplete,Incomplete,Incomplete,Incomplete,Incomplete,Complete,Incomplete,Incomplete,Incomplete,1 block missing,Incomplete,Incomplete,Incomplete,1 block missing,Incomplete,Incomplete,Incomplete,Incomplete,Incomplete,Incomplete,Incomplete,Incomplete,Incomplete,Incomplete,Incomplete,Incomplete,Incomplete,Complete,Incomplete,Incomplete,Incomplete,Incomplete,Incomplete,Incomplete,Incomplete,Incomplete,Incomplete,Incomplete,Complete,Incomplete,Incomplete,Complete,Incomplete,Incomplete,Incomplete,Incomplete,Incomplete,Incomplete,Incomplete,Incomplete,Incomplete,Incomplete,Incomplete,Incomplete,Incomplete,Incomplete
M00113 | Jasmonic acid biosynthesis,Incomplete,Incomplete,Incomplete,Incomplete,Incomplete,Incomplete,Incomplete,Incomplete,Incomplete,Incomplete,Incomplete,Incomplete,Incomplete,Incomplete,Incomplete,Incomplete,Incomplete,Incomplete,Incomplete,Incomplete,Incomplete,Incomplete,Incomplete,Incomplete,Incomplete,Incomplete,Incomplete,Incomplete,Incomplete,Incomplete,Incomplete,Incomplete,Incomplete,Incomplete,Incomplete,Incomplete,Incomplete,Incomplete,Incomplete,Incomplete,Incomplete,Incomplete,Incomplete,Incomplete,Incomplete,Incomplete,Incomplete,Incomplete,Incomplete,Incomplete,Incomplete,Incomplete,Incomplete,Incomplete,Incomplete,Incomplete,Incomplete,Incomplete,Incomplete,Complete,Incomplete,Incomplete,Incomplete,Incomplete,Incomplete,Incomplete,Incomplete
"M00114 | Ascorbate biosynthesis, plants, glucose-6P => ascorbate",Incomplete,Incomplete,Incomplete,Incomplete,Incomplete,Incomplete,Incomplete,Incomplete,Incomplete,Incomplete,Incomplete,Incomplete,Incomplete,Incomplete,Incomplete,Incomplete,Incomplete,Incomplete,Incomplete,Incomplete,Incomplete,Incomplete,Incomplete,Incomplete,Incomplete,Incomplete,Incomplete,Incomplete,Incomplete,Incomplete,Incomplete,Incomplete,Incomplete,Incomplete,Incomplete,Incomplete,Incomplete,Incomplete,Incomplete,Incomplete,Incomplete,Incomplete,Incomplete,Incomplete,Incomplete,Incomplete,Incomplete,Incomplete,Incomplete,Incomplete,Incomplete,Incomplete,Complete,Incomplete,Incomplete,Incomplete,Incomplete,Incomplete,Incomplete,Complete,Incomplete,Incomplete,Incomplete,Incomplete,Incomplete,Incomplete,Incomplete
"M00115 | NAD biosynthesis, aspartate => NAD",1 block missing,1 block missing,Incomplete,1 block missing,1 block missing,Incomplete,Incomplete,1 block missing,1 block missing,1 block missing,Incomplete,1 block missing,1 block missing,1 block missing,1 block missing,1 block missing,1 block missing,1 block missing,1 block missing,1 block missing,1 block missing,1 block missing,1 block missing,1 block missing,1 block missing,1 block missing,1 block missing,1 block missing,1 block missing,1 block missing,1 block missing,1 block missing,1 block missing,1 block missing,1 block missing,1 block missing,Incomplete,1 block missing,1 block missing,1 block missing,1 block missing,1 block missing,1 block missing,1 block missing,Incomplete,1 block missing,1 block missing,1 block missing,1 block missing,1 block missing,1 block missing,1 block missing,1 block missing,1 block missing,1 block missing,Incomplete,1 block missing,1 block missing,1 block missing,Incomplete,Incomplete,1 block missing,1 block missing,1 block missing,1 block missing,Incomplete,1 block missing
"M00116 | Menaquinone biosynthesis, chorismate => menaquinol",Incomplete,Complete,Incomplete,Incomplete,Complete,Incomplete,Incomplete,Complete,1 block missing,Complete,Incomplete,Complete,Incomplete,Incomplete,Incomplete,Incomplete,Complete,Incomplete,Incomplete,Complete,Complete,Incomplete,Incomplete,Complete,Complete,Incomplete,Complete,Complete,1 block missing,Incomplete,Incomplete,Complete,1 block missing,Incomplete,1 block missing,Incomplete,Incomplete,Incomplete,Complete,1 block missing,Incomplete,Incomplete,Complete,Incomplete,Incomplete,Complete,Incomplete,Incomplete,Complete,Complete,Incomplete,Complete,Complete,Complete,Incomplete,Incomplete,Incomplete,Incomplete,Incomplete,Incomplete,Incomplete,Incomplete,Incomplete,Complete,Complete,Incomplete,Complete
"M00117 | Ubiquinone biosynthesis, prokaryotes, chorismate => ubiquinone",Incomplete,Complete,Incomplete,Incomplete,1 block missing,Incomplete,Incomplete,Complete,Incomplete,Complete,Incomplete,Complete,Incomplete,Incomplete,Incomplete,Incomplete,Complete,Incomplete,Incomplete,1 block missing,Complete,Incomplete,Incomplete,Incomplete,Complete,Incomplete,Complete,Complete,Incomplete,Incomplete,Incomplete,Complete,Incomplete,Incomplete,Incomplete,Incomplete,Incomplete,Incomplete,Complete,Complete,Incomplete,Incomplete,Complete,Incomplete,Incomplete,1 block missing,Incomplete,Incomplete,1 block missing,1 block missing,Incomplete,Complete,Complete,1 block missing,Incomplete,Incomplete,Incomplete,Incomplete,Incomplete,Incomplete,Incomplete,Incomplete,Incomplete,1 block missing,Incomplete,Incomplete,Complete
"M00118 | Glutathione biosynthesis, glutamate => glutathione",Incomplete,Incomplete,Incomplete,Incomplete,Incomplete,Incomplete,Incomplete,Incomplete,Incomplete,Incomplete,Incomplete,Incomplete,Incomplete,Incomplete,Incomplete,Incomplete,Incomplete,Incomplete,Incomplete,Incomplete,Incomplete,Incomplete,Incomplete,Incomplete,Incomplete,Incomplete,Incomplete,Incomplete,Incomplete,Incomplete,Incomplete,Incomplete,Incomplete,Incomplete,Incomplete,Incomplete,Incomplete,Incomplete,Incomplete,Incomplete,Incomplete,Incomplete,Incomplete,Incomplete,Incomplete,Incomplete,Incomplete,Incomplete,Incomplete,Incomplete,Incomplete,Incomplete,1 block missing,Incomplete,Incomplete,Incomplete,Incomplete,Incomplete,Incomplete,Incomplete,Incomplete,Incomplete,Incomplete,Incomplete,Incomplete,Incomplete,Incomplete
"M00119 | Pantothenate biosynthesis, valine/L-aspartate => pantothenate",Incomplete,Complete,Incomplete,Incomplete,Complete,Incomplete,Incomplete,Complete,1 block missing,Complete,Incomplete,Complete,Incomplete,1 block missing,Incomplete,Complete,Complete,Incomplete,Complete,1 block missing,Complete,1 block missing,Incomplete,Complete,Complete,Incomplete,Complete,1 block missing,Complete,Incomplete,Incomplete,Complete,1 block missing,Incomplete,1 block missing,Incomplete,Incomplete,Incomplete,Complete,1 block missing,Incomplete,Incomplete,Complete,1 block missing,Incomplete,1 block missing,1 block missing,Incomplete,Complete,Complete,1 block missing,Complete,Complete,Complete,Incomplete,1 block missing,Incomplete,Incomplete,Incomplete,Incomplete,Incomplete,1 block missing,1 block missing,Complete,Complete,Incomplete,Complete
"M00120 | Coenzyme A biosynthesis, pantothenate => CoA",Incomplete,Incomplete,Incomplete,Incomplete,Incomplete,Incomplete,Incomplete,1 block missing,Incomplete,Incomplete,Incomplete,Incomplete,Incomplete,Incomplete,Incomplete,Incomplete,Incomplete,Incomplete,Incomplete,Incomplete,Incomplete,Incomplete,Incomplete,Incomplete,Incomplete,Incomplete,Incomplete,Incomplete,Incomplete,Incomplete,Incomplete,Incomplete,Incomplete,Incomplete,Incomplete,Incomplete,Incomplete,Incomplete,Incomplete,Incomplete,Incomplete,Incomplete,Incomplete,Incomplete,Incomplete,Incomplete,Incomplete,Incomplete,Incomplete,Incomplete,Incomplete,Incomplete,Incomplete,Incomplete,Incomplete,Incomplete,Incomplete,Incomplete,Incomplete,Incomplete,Incomplete,Incomplete,Incomplete,Incomplete,Incomplete,Incomplete,Incomplete
"M00121 | Heme biosynthesis, plants and bacteria, glutamate => heme",Incomplete,1 block missing,Incomplete,Incomplete,Incomplete,Incomplete,Incomplete,Complete,Incomplete,Complete,Incomplete,1 block missing,Incomplete,Incomplete,Incomplete,Incomplete,Complete,Incomplete,Incomplete,1 block missing,Complete,Incomplete,Incomplete,1 block missing,1 block missing,Incomplete,1 block missing,1 block missing,Incomplete,Incomplete,Incomplete,Incomplete,Incomplete,Incomplete,Incomplete,Incomplete,Incomplete,Incomplete,Complete,Incomplete,Incomplete,Incomplete,1 block missing,Incomplete,Incomplete,1 block missing,Incomplete,Incomplete,Complete,Complete,Incomplete,1 block missing,Complete,1 block missing,Incomplete,Incomplete,Incomplete,Incomplete,Incomplete,Incomplete,Incomplete,Incomplete,Incomplete,1 block missing,1 block missing,Incomplete,1 block missing
"M00122 | Cobalamin biosynthesis, cobinamide => cobalamin",Incomplete,1 block missing,Incomplete,Incomplete,1 block missing,Incomplete,Incomplete,1 block missing,1 block missing,1 block missing,Incomplete,1 block missing,Incomplete,1 block missing,Incomplete,1 block missing,1 block missing,Incomplete,Incomplete,1 block missing,1 block missing,1 block missing,Incomplete,1 block missing,1 block missing,Incomplete,1 block missing,1 block missing,Incomplete,Incomplete,Incomplete,1 block missing,Incomplete,Incomplete,Incomplete,Incomplete,Incomplete,Incomplete,1 block missing,Incomplete,Incomplete,Incomplete,1 block missing,Incomplete,Incomplete,1 block missing,1 block missing,Incomplete,1 block missing,1 block missing,Incomplete,1 block missing,1 block missing,1 block missing,Incomplete,Incomplete,Incomplete,Incomplete,Incomplete,Incomplete,Incomplete,1 block missing,Incomplete,1 block missing,1 block missing,Incomplete,1 block missing
"M00123 | Biotin biosynthesis, pimeloyl-ACP/CoA => biotin",Incomplete,Incomplete,Incomplete,Incomplete,Incomplete,Incomplete,Incomplete,1 block missing,1 block missing,1 block missing,Incomplete,1 block missing,Incomplete,Incomplete,Incomplete,Incomplete,1 block missing,Incomplete,Incomplete,Incomplete,Incomplete,Incomplete,Incomplete,Incomplete,1 block missing,Incomplete,Incomplete,1 block missing,1 block missing,Incomplete,Incomplete,Incomplete,Incomplete,Incomplete,1 block missing,Incomplete,Incomplete,Incomplete,1 block missing,Incomplete,Incomplete,Incomplete,Incomplete,Incomplete,Incomplete,Incomplete,Incomplete,Incomplete,Incomplete,Incomplete,Incomplete,Incomplete,1 block missing,Incomplete,Incomplete,Incomplete,Incomplete,Incomplete,Incomplete,Incomplete,Incomplete,Incomplete,1 block missing,1 block missing,1 block missing,Incomplete,Incomplete
"M00124 | Pyridoxal biosynthesis, erythrose-4P => pyridoxal-5P",Incomplete,Complete,Incomplete,Incomplete,1 block missing,Incomplete,Incomplete,1 block missing,Complete,1 block missing,Incomplete,Complete,Incomplete,Incomplete,Incomplete,Incomplete,Complete,Incomplete,Incomplete,Complete,Complete,Incomplete,Incomplete,Incomplete,1 block missing,Incomplete,1 block missing,1 block missing,1 block missing,Incomplete,Incomplete,1 block missing,Incomplete,Incomplete,Incomplete,Incomplete,Incomplete,Incomplete,Complete,Incomplete,Incomplete,Incomplete,1 block missing,Incomplete,Incomplete,Complete,Incomplete,Incomplete,Complete,Complete,Incomplete,Complete,Complete,Complete,Incomplete,Incomplete,Incomplete,Incomplete,Incomplete,Incomplete,Incomplete,1 block missing,1 block missing,Complete,Incomplete,Incomplete,Complete
"M00125 | Riboflavin biosynthesis, GTP => riboflavin/FMN/FAD",Incomplete,Incomplete,Incomplete,Incomplete,Incomplete,Incomplete,Incomplete,Incomplete,Incomplete,Incomplete,Incomplete,Incomplete,Incomplete,Incomplete,Incomplete,Incomplete,Incomplete,Incomplete,Incomplete,Incomplete,Incomplete,Incomplete,Incomplete,Incomplete,Incomplete,Incomplete,Incomplete,Incomplete,Incomplete,Incomplete,Incomplete,Incomplete,Incomplete,Incomplete,Incomplete,Incomplete,Incomplete,Incomplete,Incomplete,Incomplete,Incomplete,Incomplete,Incomplete,Incomplete,Incomplete,Incomplete,Incomplete,Incomplete,Incomplete,Incomplete,Incomplete,Incomplete,Incomplete,Incomplete,Incomplete,Incomplete,Incomplete,Incomplete,Incomplete,Incomplete,Incomplete,Incomplete,Incomplete,Incomplete,Incomplete,Incomplete,Incomplete
"M00126 | Tetrahydrofolate biosynthesis, GTP => THF",Incomplete,Incomplete,Incomplete,Incomplete,Incomplete,Incomplete,Incomplete,Incomplete,Incomplete,Incomplete,Incomplete,Incomplete,Incomplete,Incomplete,Incomplete,Incomplete,Incomplete,Incomplete,Incomplete,Incomplete,Incomplete,Incomplete,Incomplete,Incomplete,Incomplete,Incomplete,Incomplete,Incomplete,Incomplete,Incomplete,Incomplete,Incomplete,Incomplete,Incomplete,Incomplete,Incomplete,Incomplete,Incomplete,Incomplete,Incomplete,Incomplete,Incomplete,Incomplete,Incomplete,Incomplete,Incomplete,Incomplete,Incomplete,Incomplete,Incomplete,Incomplete,Incomplete,Incomplete,Incomplete,Incomplete,Incomplete,Incomplete,Incomplete,Incomplete,Incomplete,Incomplete,Incomplete,Incomplete,Incomplete,Incomplete,Incomplete,Incomplete
"M00127 | Thiamine biosynthesis, AIR => thiamine-P/thiamine-2P",Incomplete,1 block missing,Incomplete,Incomplete,1 block missing,Incomplete,Incomplete,1 block missing,1 block missing,1 block missing,Incomplete,Incomplete,Incomplete,1 block missing,Incomplete,1 block missing,1 block missing,Incomplete,Incomplete,1 block missing,1 block missing,Incomplete,Incomplete,Incomplete,1 block missing,Incomplete,Incomplete,Incomplete,1 block missing,Incomplete,Incomplete,Incomplete,Incomplete,Incomplete,1 block missing,Incomplete,Incomplete,Incomplete,1 block missing,Incomplete,Incomplete,Incomplete,1 block missing,1 block missing,Incomplete,1 block missing,Incomplete,Incomplete,1 block missing,1 block missing,Incomplete,1 block missing,1 block missing,1 block missing,Incomplete,Incomplete,Incomplete,Incomplete,Incomplete,Incomplete,Incomplete,Incomplete,1 block missing,1 block missing,1 block missing,Incomplete,1 block missing
"M00128 | Ubiquinone biosynthesis, eukaryotes, 4-hydroxybenzoate => ubiquinone",Incomplete,Incomplete,Incomplete,Incomplete,Incomplete,Incomplete,Incomplete,Incomplete,Incomplete,Incomplete,Incomplete,Incomplete,Incomplete,Incomplete,Incomplete,Incomplete,Incomplete,Incomplete,Incomplete,Incomplete,Incomplete,Incomplete,Incomplete,Incomplete,Incomplete,Incomplete,Incomplete,Incomplete,Incomplete,Incomplete,Incomplete,Incomplete,Incomplete,Incomplete,Incomplete,Incomplete,Incomplete,Incomplete,Incomplete,Incomplete,Incomplete,Incomplete,Incomplete,Incomplete,Incomplete,Incomplete,Incomplete,Incomplete,Incomplete,Incomplete,Incomplete,Incomplete,Incomplete,Incomplete,Incomplete,Incomplete,Incomplete,Incomplete,Incomplete,Incomplete,Incomplete,Incomplete,Incomplete,Incomplete,Incomplete,Incomplete,Incomplete
"M00129 | Ascorbate biosynthesis, animals, glucose-1P => ascorbate",Incomplete,Incomplete,Incomplete,Incomplete,Incomplete,Incomplete,Incomplete,Incomplete,Incomplete,1 block missing,Incomplete,Incomplete,Incomplete,Incomplete,Incomplete,Incomplete,1 block missing,Incomplete,Incomplete,Incomplete,1 block missing,Incomplete,Incomplete,Incomplete,Incomplete,Incomplete,1 block missing,Incomplete,Incomplete,Incomplete,Incomplete,Incomplete,Incomplete,Incomplete,Incomplete,Incomplete,Incomplete,Incomplete,Incomplete,Incomplete,Incomplete,Incomplete,Incomplete,Incomplete,Incomplete,Incomplete,Incomplete,Incomplete,Incomplete,Incomplete,Incomplete,Incomplete,1 block missing,Incomplete,Incomplete,Incomplete,Incomplete,Incomplete,Incomplete,Incomplete,Incomplete,Incomplete,Incomplete,Incomplete,Incomplete,Incomplete,Incomplete
"M00130 | Inositol phosphate metabolism, PI=> PIP2 => Ins(1,4,5)P3 => Ins(1,3,4,5)P4",Incomplete,Incomplete,Incomplete,Incomplete,Incomplete,Incomplete,Incomplete,Incomplete,Incomplete,Incomplete,Incomplete,Incomplete,Incomplete,Incomplete,Incomplete,Incomplete,Incomplete,Incomplete,Incomplete,Incomplete,Incomplete,Incomplete,Incomplete,Incomplete,Incomplete,Incomplete,Incomplete,Incomplete,Incomplete,Incomplete,Incomplete,Incomplete,Incomplete,Incomplete,Incomplete,Incomplete,Incomplete,Incomplete,Incomplete,Incomplete,Incomplete,Incomplete,Incomplete,Incomplete,Incomplete,Incomplete,Incomplete,Incomplete,Incomplete,Incomplete,Incomplete,Incomplete,Incomplete,Incomplete,Incomplete,Incomplete,Incomplete,Incomplete,Incomplete,Incomplete,Incomplete,Incomplete,Incomplete,Incomplete,Incomplete,Incomplete,Incomplete
"M00131 | Inositol phosphate metabolism, Ins(1,3,4,5)P4 => Ins(1,3,4)P3 => myo-inositol",Incomplete,Incomplete,Incomplete,Incomplete,Incomplete,Incomplete,Incomplete,Incomplete,Incomplete,Incomplete,Incomplete,Incomplete,Incomplete,Incomplete,Incomplete,Incomplete,Incomplete,Incomplete,Incomplete,Incomplete,Incomplete,Incomplete,Incomplete,Incomplete,Incomplete,Incomplete,Incomplete,Incomplete,Incomplete,Incomplete,Incomplete,Incomplete,Incomplete,Incomplete,Incomplete,Incomplete,Incomplete,Incomplete,Incomplete,Incomplete,Incomplete,Incomplete,Incomplete,Incomplete,Incomplete,Incomplete,Incomplete,Incomplete,Incomplete,Incomplete,Incomplete,Incomplete,Incomplete,Incomplete,Incomplete,Incomplete,Incomplete,Incomplete,Incomplete,Incomplete,Incomplete,Incomplete,Incomplete,Incomplete,Incomplete,Incomplete,Incomplete
"M00132 | Inositol phosphate metabolism, Ins(1,3,4)P3 => phytate",Incomplete,Incomplete,Incomplete,Incomplete,Incomplete,Incomplete,Incomplete,Incomplete,Incomplete,Incomplete,Incomplete,Incomplete,Incomplete,Incomplete,Incomplete,Incomplete,Incomplete,Incomplete,Incomplete,Incomplete,Incomplete,Incomplete,Incomplete,Incomplete,Incomplete,Incomplete,Incomplete,Incomplete,Incomplete,Incomplete,Incomplete,Incomplete,Incomplete,Incomplete,Incomplete,Incomplete,Incomplete,Incomplete,Incomplete,Incomplete,Incomplete,Incomplete,Incomplete,Incomplete,Incomplete,Incomplete,Incomplete,Incomplete,Incomplete,Incomplete,Incomplete,Incomplete,Incomplete,Incomplete,Incomplete,Incomplete,Incomplete,Incomplete,Incomplete,Incomplete,Incomplete,Incomplete,Incomplete,Incomplete,Incomplete,Incomplete,Incomplete
"M00133 | Polyamine biosynthesis, arginine => agmatine => putrescine => spermidine",Incomplete,Complete,Incomplete,Incomplete,1 block missing,Incomplete,Incomplete,Complete,Complete,Complete,Incomplete,1 block missing,Incomplete,Incomplete,Incomplete,Incomplete,Complete,Incomplete,Incomplete,1 block missing,Complete,Incomplete,Incomplete,Incomplete,Complete,Incomplete,Complete,Complete,Complete,Incomplete,Incomplete,1 block missing,1 block missing,Incomplete,1 block missing,Incomplete,Incomplete,Incomplete,Complete,Complete,Incomplete,Incomplete,Complete,1 block missing,Incomplete,1 block missing,1 block missing,Incomplete,Complete,Complete,Complete,Complete,Complete,1 block missing,Incomplete,Incomplete,Incomplete,Incomplete,Incomplete,Incomplete,Incomplete,Incomplete,Incomplete,Complete,Complete,Incomplete,1 block missing
"M00134 | Polyamine biosynthesis, arginine => ornithine => putrescine",1 block missing,Complete,Incomplete,1 block missing,Complete,Complete,1 block missing,Complete,Complete,Complete,1 block missing,Complete,1 block missing,Complete,1 block missing,Complete,Complete,1 block missing,1 block missing,Complete,Complete,Complete,1 block missing,Complete,Complete,1 block missing,Complete,Complete,Complete,1 block missing,1 block missing,Complete,Complete,1 block missing,Complete,1 block missing,Incomplete,1 block missing,Complete,Complete,1 block missing,1 block missing,Complete,Complete,1 block missing,Complete,Complete,Incomplete,Complete,Complete,Complete,Complete,Complete,Complete,1 block missing,Incomplete,1 block missing,1 block missing,1 block missing,1 block missing,Complete,1 block missing,Complete,Complete,Complete,Incomplete,Complete
"M00135 | GABA biosynthesis, eukaryotes, putrescine => GABA",Incomplete,Incomplete,Incomplete,Incomplete,Incomplete,Incomplete,Incomplete,1 block missing,Incomplete,Incomplete,Incomplete,Incomplete,Incomplete,Incomplete,Incomplete,Incomplete,1 block missing,Incomplete,Incomplete,Incomplete,1 block missing,Incomplete,Incomplete,Incomplete,Incomplete,Incomplete,1 block missing,Incomplete,Incomplete,Incomplete,Incomplete,Incomplete,1 block missing,Incomplete,Incomplete,Incomplete,Incomplete,Incomplete,1 block missing,1 block missing,Incomplete,Incomplete,1 block missing,Incomplete,Incomplete,Incomplete,Incomplete,Incomplete,1 block missing,1 block missing,Incomplete,1 block missing,1 block missing,1 block missing,Incomplete,Incomplete,Incomplete,Incomplete,Incomplete,Incomplete,Incomplete,Incomplete,Incomplete,Incomplete,Incomplete,Incomplete,Incomplete
"M00136 | GABA biosynthesis, prokaryotes, putrescine => GABA",Incomplete,Incomplete,Incomplete,Incomplete,Incomplete,Incomplete,Incomplete,1 block missing,Incomplete,Complete,Incomplete,Incomplete,Incomplete,Incomplete,Incomplete,Incomplete,Complete,Incomplete,Incomplete,Incomplete,Incomplete,Incomplete,Incomplete,Incomplete,Incomplete,Incomplete,Complete,Incomplete,Incomplete,Incomplete,Incomplete,Incomplete,Incomplete,Incomplete,Incomplete,Incomplete,Incomplete,Incomplete,1 block missing,Incomplete,Incomplete,Incomplete,Incomplete,Incomplete,Incomplete,Incomplete,Incomplete,Incomplete,Incomplete,1 block missing,Incomplete,Incomplete,Complete,Incomplete,Incomplete,Incomplete,Incomplete,Incomplete,Incomplete,Incomplete,Incomplete,Incomplete,Incomplete,1 block missing,Incomplete,Incomplete,Incomplete
"M00137 | Flavanone biosynthesis, phenylalanine => naringenin",Incomplete,Incomplete,Incomplete,Incomplete,Incomplete,Incomplete,Incomplete,Incomplete,Incomplete,Incomplete,Incomplete,Incomplete,Incomplete,Incomplete,Incomplete,Incomplete,Incomplete,Incomplete,Incomplete,Incomplete,Incomplete,Incomplete,Incomplete,Incomplete,Incomplete,Incomplete,Incomplete,Incomplete,Incomplete,Incomplete,Incomplete,Incomplete,Incomplete,Incomplete,Incomplete,Incomplete,Incomplete,Incomplete,Incomplete,Incomplete,Incomplete,Incomplete,Incomplete,Incomplete,Incomplete,Incomplete,Incomplete,Incomplete,Incomplete,Incomplete,Complete,Incomplete,Incomplete,Incomplete,Incomplete,Incomplete,Incomplete,Incomplete,Incomplete,Complete,Incomplete,Incomplete,Incomplete,Incomplete,Incomplete,Incomplete,Incomplete
"M00138 | Flavonoid biosynthesis, naringenin => pelargonidin",Incomplete,Incomplete,Incomplete,Incomplete,Incomplete,Incomplete,Incomplete,Incomplete,Incomplete,Incomplete,Incomplete,Incomplete,Incomplete,Incomplete,Incomplete,Incomplete,Incomplete,Incomplete,Incomplete,Incomplete,Incomplete,Incomplete,Incomplete,Incomplete,Incomplete,Incomplete,Incomplete,Incomplete,Incomplete,Incomplete,Incomplete,Incomplete,Incomplete,Incomplete,Incomplete,Incomplete,Incomplete,Incomplete,Incomplete,Incomplete,Incomplete,Incomplete,Incomplete,Incomplete,Incomplete,Incomplete,Incomplete,Incomplete,Incomplete,Incomplete,Incomplete,Incomplete,Incomplete,Incomplete,Incomplete,Incomplete,Incomplete,Incomplete,Incomplete,Incomplete,Incomplete,Incomplete,Incomplete,Incomplete,Incomplete,Incomplete,Incomplete
"M00140 | C1-unit interconversion, prokaryotes",Incomplete,Incomplete,Incomplete,Incomplete,Incomplete,Incomplete,Incomplete,Incomplete,Incomplete,Incomplete,Incomplete,Incomplete,Incomplete,Incomplete,Incomplete,Incomplete,Incomplete,Incomplete,Incomplete,Incomplete,Incomplete,Incomplete,Incomplete,Incomplete,Incomplete,Incomplete,Incomplete,Incomplete,Incomplete,Incomplete,Incomplete,Incomplete,Incomplete,Incomplete,Incomplete,Incomplete,Incomplete,Incomplete,Incomplete,Incomplete,Incomplete,Incomplete,Incomplete,Incomplete,Incomplete,Incomplete,Incomplete,Incomplete,Incomplete,Incomplete,Incomplete,Incomplete,Incomplete,Incomplete,Incomplete,Incomplete,Incomplete,Incomplete,Incomplete,Incomplete,Incomplete,Incomplete,Incomplete,Incomplete,Incomplete,Incomplete,Incomplete
"M00141 | C1-unit interconversion, eukaryotes",Incomplete,Incomplete,Incomplete,Incomplete,Incomplete,Incomplete,Incomplete,1 block missing,1 block missing,1 block missing,Incomplete,Incomplete,Incomplete,Incomplete,Incomplete,Incomplete,Incomplete,Incomplete,Incomplete,Incomplete,1 block missing,Incomplete,Incomplete,Incomplete,Incomplete,Incomplete,Incomplete,Incomplete,Incomplete,Incomplete,Incomplete,Incomplete,Incomplete,Incomplete,Incomplete,Incomplete,Incomplete,Incomplete,Incomplete,Incomplete,Incomplete,Incomplete,Incomplete,Incomplete,Incomplete,Incomplete,Incomplete,Incomplete,1 block missing,1 block missing,Incomplete,Incomplete,Incomplete,Incomplete,Incomplete,Incomplete,Incomplete,Incomplete,Incomplete,Incomplete,Incomplete,Incomplete,1 block missing,1 block missing,Incomplete,Incomplete,Incomplete
"M00142 | NADH:ubiquinone oxidoreductase, mitochondria",Incomplete,Incomplete,Incomplete,Incomplete,Incomplete,1 block missing,Incomplete,Incomplete,Incomplete,1 block missing,Incomplete,Incomplete,Incomplete,Incomplete,Incomplete,Incomplete,1 block missing,1 block missing,1 block missing,Incomplete,Complete,Incomplete,Incomplete,Incomplete,Incomplete,Incomplete,Incomplete,Incomplete,Incomplete,Incomplete,1 block missing,Incomplete,Incomplete,Incomplete,Incomplete,Incomplete,Incomplete,1 block missing,Complete,1 block missing,Incomplete,1 block missing,Incomplete,Incomplete,Incomplete,Incomplete,Incomplete,Incomplete,Incomplete,1 block missing,Incomplete,Incomplete,1 block missing,1 block missing,1 block missing,Incomplete,Incomplete,Incomplete,1 block missing,Incomplete,Incomplete,Incomplete,Incomplete,1 block missing,Incomplete,Incomplete,Incomplete
"M00143 | NADH dehydrogenase (ubiquinone) Fe-S protein/flavoprotein complex, mitochondria",Incomplete,Incomplete,Incomplete,Incomplete,Incomplete,Incomplete,Incomplete,Incomplete,Incomplete,Incomplete,Incomplete,Incomplete,Incomplete,Incomplete,Incomplete,Incomplete,Incomplete,Incomplete,Incomplete,Incomplete,Incomplete,Incomplete,Incomplete,Incomplete,Incomplete,Incomplete,Incomplete,Incomplete,Incomplete,Incomplete,Incomplete,Incomplete,Incomplete,Incomplete,Incomplete,Incomplete,Incomplete,Incomplete,Incomplete,Incomplete,Incomplete,Incomplete,Incomplete,Incomplete,Incomplete,Incomplete,Incomplete,Incomplete,Incomplete,Incomplete,Incomplete,Incomplete,Incomplete,Incomplete,Incomplete,Incomplete,Incomplete,Incomplete,Incomplete,Incomplete,Incomplete,Incomplete,Incomplete,Incomplete,Incomplete,Incomplete,Incomplete
"M00144 | NADH:quinone oxidoreductase, prokaryotes",Incomplete,Incomplete,Incomplete,Incomplete,1 block missing,Incomplete,Incomplete,1 block missing,1 block missing,1 block missing,Incomplete,1 block missing,Incomplete,1 block missing,Incomplete,Complete,1 block missing,Incomplete,Incomplete,1 block missing,1 block missing,Incomplete,Incomplete,Incomplete,Incomplete,Incomplete,1 block missing,1 block missing,1 block missing,Incomplete,Incomplete,1 block missing,Incomplete,Incomplete,1 block missing,Incomplete,Incomplete,Incomplete,1 block missing,Incomplete,Incomplete,Incomplete,1 block missing,1 block missing,Incomplete,1 block missing,Incomplete,Incomplete,1 block missing,1 block missing,Incomplete,1 block missing,1 block missing,Incomplete,Incomplete,Incomplete,Incomplete,Incomplete,Incomplete,Incomplete,Incomplete,Incomplete,Complete,1 block missing,Incomplete,Incomplete,1 block missing
"M00145 | NAD(P)H:quinone oxidoreductase, chloroplasts and cyanobacteria",Incomplete,Incomplete,Incomplete,Incomplete,Incomplete,Incomplete,Incomplete,Incomplete,Incomplete,Incomplete,Incomplete,Incomplete,Incomplete,Incomplete,Incomplete,Incomplete,Complete,Incomplete,Incomplete,Incomplete,Incomplete,Incomplete,Incomplete,Complete,Incomplete,Incomplete,Incomplete,Incomplete,Incomplete,Incomplete,Incomplete,Incomplete,Incomplete,Incomplete,Incomplete,Incomplete,Incomplete,Incomplete,Complete,Incomplete,Incomplete,Incomplete,Incomplete,Incomplete,Incomplete,Incomplete,Incomplete,Incomplete,Incomplete,Complete,Incomplete,Incomplete,Complete,Incomplete,Incomplete,Incomplete,Incomplete,Incomplete,Incomplete,Incomplete,Incomplete,Incomplete,Incomplete,Incomplete,Incomplete,Incomplete,Incomplete
M00146 | NADH dehydrogenase (ubiquinone) 1 alpha subcomplex,Incomplete,Incomplete,Incomplete,Incomplete,Incomplete,Incomplete,Incomplete,Incomplete,Incomplete,Incomplete,Incomplete,Incomplete,Incomplete,Incomplete,Incomplete,Incomplete,Incomplete,Incomplete,Incomplete,Incomplete,Incomplete,Incomplete,Incomplete,Incomplete,Incomplete,Incomplete,Incomplete,Incomplete,Incomplete,Incomplete,Incomplete,Incomplete,Incomplete,Incomplete,Incomplete,Incomplete,Incomplete,Incomplete,Incomplete,Incomplete,Incomplete,Incomplete,Incomplete,Incomplete,Incomplete,Incomplete,Incomplete,Incomplete,Incomplete,Incomplete,Incomplete,Incomplete,Incomplete,Incomplete,Incomplete,Incomplete,Incomplete,Incomplete,Incomplete,Incomplete,Incomplete,Incomplete,Incomplete,Incomplete,Incomplete,Incomplete,Incomplete
M00147 | NADH dehydrogenase (ubiquinone) 1 beta subcomplex,Incomplete,Incomplete,Incomplete,Incomplete,Incomplete,Incomplete,Incomplete,Incomplete,Incomplete,Incomplete,Incomplete,Incomplete,Incomplete,Incomplete,Incomplete,Incomplete,Incomplete,Incomplete,Incomplete,Incomplete,Incomplete,Incomplete,Incomplete,Incomplete,Incomplete,Incomplete,Incomplete,Incomplete,Incomplete,Incomplete,Incomplete,Incomplete,Incomplete,Incomplete,Incomplete,Incomplete,Incomplete,Incomplete,Incomplete,Incomplete,Incomplete,Incomplete,Incomplete,Incomplete,Incomplete,Incomplete,Incomplete,Incomplete,Incomplete,Incomplete,Incomplete,Incomplete,Incomplete,Incomplete,Incomplete,Incomplete,Incomplete,Incomplete,Incomplete,Incomplete,Incomplete,Incomplete,Incomplete,Incomplete,Incomplete,Incomplete,Incomplete
M00148 | Succinate dehydrogenase (ubiquinone),Incomplete,Incomplete,Incomplete,Incomplete,Incomplete,Incomplete,Incomplete,Incomplete,Incomplete,Incomplete,Incomplete,Incomplete,Incomplete,Incomplete,Incomplete,Incomplete,Incomplete,Incomplete,Incomplete,Incomplete,Incomplete,Incomplete,Incomplete,Incomplete,Incomplete,Incomplete,Incomplete,Incomplete,Incomplete,Incomplete,Incomplete,Incomplete,Complete,Incomplete,Incomplete,Incomplete,Incomplete,Incomplete,Incomplete,Complete,Incomplete,Incomplete,Incomplete,Incomplete,Incomplete,Incomplete,Incomplete,Incomplete,Incomplete,Incomplete,1 block missing,Incomplete,Incomplete,Incomplete,Incomplete,Incomplete,Incomplete,Incomplete,Incomplete,1 block missing,Incomplete,Incomplete,Incomplete,Incomplete,Incomplete,Incomplete,Incomplete
"M00149 | Succinate dehydrogenase, prokaryotes",Incomplete,Incomplete,Incomplete,Incomplete,Incomplete,Incomplete,Incomplete,Incomplete,Incomplete,Incomplete,Incomplete,Incomplete,Incomplete,Incomplete,Incomplete,Incomplete,Incomplete,1 block missing,1 block missing,Incomplete,Incomplete,Incomplete,1 block missing,Incomplete,Incomplete,Incomplete,Incomplete,Incomplete,Incomplete,Incomplete,Incomplete,Incomplete,Incomplete,Incomplete,Incomplete,Incomplete,Incomplete,1 block missing,Incomplete,Incomplete,Incomplete,1 block missing,Incomplete,Incomplete,Incomplete,Incomplete,Incomplete,Incomplete,Incomplete,Incomplete,Incomplete,Incomplete,Incomplete,Incomplete,Incomplete,Incomplete,Incomplete,Incomplete,1 block missing,Incomplete,Incomplete,Incomplete,Incomplete,Incomplete,Incomplete,Incomplete,Incomplete
"M00150 | Fumarate reductase, prokaryotes",Incomplete,Complete,Incomplete,Incomplete,Incomplete,Incomplete,Incomplete,Complete,1 block missing,Complete,Incomplete,Complete,Incomplete,1 block missing,Incomplete,1 block missing,Complete,Incomplete,Incomplete,Incomplete,Complete,Incomplete,Incomplete,Complete,Complete,Incomplete,1 block missing,Complete,1 block missing,Incomplete,Incomplete,1 block missing,Incomplete,Incomplete,1 block missing,Incomplete,Incomplete,Incomplete,Complete,1 block missing,Incomplete,Incomplete,Complete,1 block missing,Incomplete,Complete,Complete,Incomplete,1 block missing,Complete,Incomplete,Complete,Complete,1 block missing,Incomplete,Incomplete,Incomplete,Incomplete,Incomplete,Incomplete,Incomplete,Incomplete,1 block missing,Complete,Complete,Incomplete,1 block missing
M00151 | Cytochrome bc1 complex respiratory unit,Incomplete,Complete,Incomplete,Incomplete,Incomplete,Incomplete,Incomplete,Complete,Incomplete,Complete,Incomplete,Complete,Incomplete,Incomplete,Incomplete,Incomplete,Complete,Incomplete,Incomplete,Incomplete,Complete,Incomplete,Incomplete,Incomplete,Complete,Incomplete,Complete,Complete,Incomplete,Incomplete,Incomplete,Incomplete,Complete,Incomplete,Incomplete,Incomplete,Incomplete,Incomplete,Complete,1 block missing,Incomplete,Incomplete,1 block missing,Incomplete,Incomplete,1 block missing,Incomplete,Incomplete,Complete,Complete,Incomplete,Complete,Complete,Incomplete,Incomplete,Incomplete,Incomplete,Incomplete,Incomplete,Incomplete,Incomplete,Incomplete,Incomplete,1 block missing,Complete,Incomplete,Incomplete
M00152 | Cytochrome bc1 complex,Incomplete,Incomplete,Incomplete,Incomplete,Incomplete,Incomplete,Incomplete,Incomplete,Incomplete,Incomplete,Incomplete,Incomplete,Incomplete,Incomplete,Incomplete,Incomplete,Incomplete,Incomplete,Incomplete,Incomplete,Incomplete,Incomplete,Incomplete,Incomplete,Incomplete,Incomplete,Incomplete,Incomplete,Incomplete,Incomplete,Incomplete,Incomplete,Incomplete,Incomplete,Incomplete,Incomplete,Incomplete,Incomplete,Incomplete,Incomplete,Incomplete,Incomplete,Incomplete,Incomplete,Incomplete,Incomplete,Incomplete,Incomplete,Incomplete,Incomplete,Incomplete,Incomplete,Incomplete,Incomplete,Incomplete,Incomplete,Incomplete,Incomplete,Incomplete,Incomplete,Incomplete,Incomplete,Incomplete,Incomplete,Incomplete,Incomplete,Incomplete
M00153 | Cytochrome bd ubiquinol oxidase,Incomplete,Incomplete,Incomplete,Incomplete,Incomplete,Incomplete,Incomplete,Incomplete,Incomplete,Incomplete,Incomplete,Incomplete,Incomplete,Incomplete,Incomplete,Incomplete,Incomplete,Incomplete,Incomplete,Incomplete,Incomplete,Incomplete,Incomplete,Incomplete,Incomplete,Incomplete,Incomplete,Incomplete,Incomplete,Incomplete,Incomplete,Incomplete,Incomplete,Incomplete,Incomplete,Incomplete,Incomplete,Incomplete,Incomplete,Incomplete,Incomplete,Incomplete,Incomplete,Incomplete,Incomplete,Incomplete,Incomplete,Incomplete,Incomplete,Incomplete,Incomplete,Incomplete,Incomplete,Incomplete,Incomplete,Incomplete,Incomplete,Incomplete,Incomplete,Incomplete,Incomplete,Incomplete,Incomplete,Incomplete,Incomplete,Incomplete,Incomplete
M00154 | Cytochrome c oxidase,Incomplete,Incomplete,Incomplete,Incomplete,Incomplete,Incomplete,Incomplete,Incomplete,Incomplete,Incomplete,Incomplete,Incomplete,Incomplete,Incomplete,Incomplete,Incomplete,Incomplete,Incomplete,Incomplete,Incomplete,Incomplete,Incomplete,Incomplete,Incomplete,Incomplete,Incomplete,Incomplete,Incomplete,Incomplete,Incomplete,Incomplete,Incomplete,Incomplete,Incomplete,Incomplete,Incomplete,Incomplete,Incomplete,Incomplete,Incomplete,Incomplete,Incomplete,Incomplete,Incomplete,Incomplete,Incomplete,Incomplete,Incomplete,Incomplete,Incomplete,Incomplete,Incomplete,Incomplete,Incomplete,Incomplete,Incomplete,Incomplete,Incomplete,Incomplete,Incomplete,Incomplete,Incomplete,Incomplete,Incomplete,Incomplete,Incomplete,Incomplete
"M00155 | Cytochrome c oxidase, prokaryotes",Incomplete,Complete,Incomplete,Incomplete,1 block missing,Incomplete,Incomplete,Complete,Incomplete,Complete,1 block missing,Complete,Incomplete,Complete,Incomplete,1 block missing,Complete,Incomplete,1 block missing,Complete,Complete,Incomplete,Incomplete,Complete,Complete,Incomplete,Complete,Complete,1 block missing,Incomplete,Incomplete,Complete,1 block missing,Incomplete,Complete,Incomplete,Incomplete,Incomplete,Complete,1 block missing,Incomplete,1 block missing,Complete,1 block missing,Incomplete,Complete,Incomplete,Incomplete,Complete,Complete,Incomplete,Complete,Complete,Complete,Incomplete,Incomplete,Incomplete,Incomplete,Incomplete,1 block missing,Incomplete,1 block missing,1 block missing,Complete,Complete,Incomplete,Complete
"M00156 | Cytochrome c oxidase, cbb3-type",Incomplete,Complete,Incomplete,Incomplete,Complete,1 block missing,Incomplete,Complete,1 block missing,Complete,Incomplete,Complete,Incomplete,Incomplete,Incomplete,Incomplete,Complete,Incomplete,Incomplete,Complete,Complete,1 block missing,Incomplete,Complete,Complete,Incomplete,Complete,Complete,Incomplete,Incomplete,Incomplete,Complete,1 block missing,Incomplete,Incomplete,Incomplete,Incomplete,Incomplete,Complete,Complete,Incomplete,Incomplete,Complete,1 block missing,Incomplete,Complete,Complete,Incomplete,Complete,Complete,1 block missing,Complete,Complete,Complete,Incomplete,Incomplete,Incomplete,Incomplete,Incomplete,1 block missing,Incomplete,Complete,Incomplete,Complete,Complete,Incomplete,Complete
"M00157 | F-type ATPase, prokaryotes and chloroplasts",Complete,Complete,Incomplete,Complete,Complete,Complete,Complete,Complete,Complete,Complete,1 block missing,Complete,Complete,Complete,Complete,Complete,Complete,Complete,Complete,Complete,Complete,Complete,Complete,Complete,Complete,Complete,Complete,Complete,Complete,Complete,Complete,Complete,Complete,Complete,Complete,1 block missing,Complete,Complete,Complete,Complete,Complete,Complete,Complete,Complete,Complete,Complete,Complete,Complete,Complete,Complete,Complete,Complete,Complete,Complete,Complete,Complete,1 block missing,Complete,Complete,Complete,Incomplete,Complete,Complete,Complete,Complete,1 block missing,Complete
"M00158 | F-type ATPase, eukaryotes",Incomplete,Incomplete,Incomplete,Incomplete,Incomplete,Incomplete,Incomplete,Incomplete,Incomplete,Incomplete,Incomplete,Incomplete,Incomplete,Incomplete,Incomplete,Incomplete,Incomplete,Incomplete,Incomplete,Incomplete,Incomplete,Incomplete,Incomplete,Incomplete,Incomplete,Incomplete,Incomplete,Incomplete,Incomplete,Incomplete,Incomplete,Incomplete,Incomplete,Incomplete,Incomplete,Incomplete,Incomplete,Incomplete,Incomplete,Incomplete,Incomplete,Incomplete,Incomplete,Incomplete,Incomplete,Incomplete,Incomplete,Incomplete,Incomplete,Incomplete,Incomplete,Incomplete,Incomplete,Incomplete,Incomplete,Incomplete,Incomplete,Incomplete,Incomplete,Incomplete,Incomplete,Incomplete,Incomplete,Incomplete,Incomplete,Incomplete,Incomplete
"M00159 | V/A-type ATPase, prokaryotes",1 block missing,1 block missing,Incomplete,Complete,1 block missing,Incomplete,Incomplete,Complete,Complete,Complete,Incomplete,1 block missing,1 block missing,Complete,Complete,Complete,Complete,Complete,Complete,Complete,Complete,Incomplete,Incomplete,Incomplete,Complete,Complete,Complete,1 block missing,Complete,Incomplete,1 block missing,Incomplete,Incomplete,Incomplete,Complete,Complete,Incomplete,1 block missing,1 block missing,Incomplete,1 block missing,Complete,Complete,Complete,Incomplete,Complete,Incomplete,Incomplete,Complete,1 block missing,Incomplete,Complete,Complete,1 block missing,1 block missing,Incomplete,1 block missing,Incomplete,Complete,Incomplete,1 block missing,Incomplete,Complete,Complete,1 block missing,Incomplete,Complete
"M00160 | V-type ATPase, eukaryotes",Incomplete,Incomplete,Incomplete,Incomplete,Incomplete,Incomplete,Incomplete,Incomplete,Incomplete,Incomplete,Incomplete,Incomplete,Incomplete,Incomplete,Incomplete,Incomplete,Incomplete,Incomplete,Incomplete,Incomplete,Incomplete,Incomplete,Incomplete,Incomplete,Incomplete,Incomplete,Incomplete,Incomplete,Incomplete,Incomplete,Incomplete,Incomplete,Incomplete,Incomplete,Incomplete,Incomplete,Incomplete,Incomplete,Incomplete,Incomplete,Incomplete,Incomplete,Incomplete,Incomplete,Incomplete,Incomplete,Incomplete,Incomplete,Incomplete,Incomplete,Incomplete,Incomplete,Incomplete,Incomplete,Incomplete,Incomplete,Incomplete,Incomplete,Incomplete,Incomplete,Incomplete,Incomplete,Incomplete,Incomplete,Incomplete,Incomplete,Incomplete
M00161 | Photosystem II,Incomplete,Incomplete,Incomplete,Incomplete,Incomplete,1 block missing,Complete,Incomplete,Incomplete,Incomplete,Incomplete,Incomplete,Incomplete,Incomplete,Incomplete,Incomplete,Complete,Incomplete,Incomplete,Incomplete,Incomplete,Incomplete,Incomplete,Complete,1 block missing,Incomplete,Incomplete,Incomplete,Incomplete,Incomplete,Incomplete,Incomplete,Complete,Incomplete,Incomplete,Incomplete,Incomplete,Incomplete,Complete,1 block missing,Incomplete,Incomplete,Incomplete,Incomplete,1 block missing,Incomplete,Incomplete,Incomplete,Incomplete,Complete,Incomplete,Incomplete,Complete,Incomplete,Incomplete,Incomplete,Incomplete,Incomplete,Incomplete,Incomplete,Incomplete,Incomplete,Incomplete,Incomplete,Incomplete,Incomplete,Incomplete
M00162 | Cytochrome b6f complex,Incomplete,Incomplete,Incomplete,Incomplete,Incomplete,Incomplete,Incomplete,Incomplete,Incomplete,Incomplete,Incomplete,Incomplete,Incomplete,Incomplete,Incomplete,Incomplete,Complete,Incomplete,Incomplete,Incomplete,Incomplete,Incomplete,Incomplete,Complete,Incomplete,Incomplete,Incomplete,Incomplete,Incomplete,Incomplete,Incomplete,Incomplete,Incomplete,Incomplete,Incomplete,Incomplete,Incomplete,Incomplete,Complete,Incomplete,Incomplete,Incomplete,Incomplete,Incomplete,Incomplete,Incomplete,Incomplete,Incomplete,Incomplete,Complete,Incomplete,Incomplete,Complete,Incomplete,Incomplete,Incomplete,Incomplete,Incomplete,Incomplete,Incomplete,Incomplete,Incomplete,Incomplete,Incomplete,Incomplete,Incomplete,Incomplete
M00163 | Photosystem I,Incomplete,Incomplete,Incomplete,Incomplete,Incomplete,Incomplete,1 block missing,Incomplete,Incomplete,Incomplete,Incomplete,Incomplete,Incomplete,Incomplete,Incomplete,Incomplete,Complete,Incomplete,Incomplete,Incomplete,Incomplete,Incomplete,Incomplete,Complete,Incomplete,Incomplete,Incomplete,Incomplete,Incomplete,Incomplete,Incomplete,Incomplete,Complete,Incomplete,Incomplete,Incomplete,Incomplete,Incomplete,Complete,Incomplete,Incomplete,Incomplete,Incomplete,Incomplete,Incomplete,Incomplete,Incomplete,Incomplete,Incomplete,Complete,Incomplete,Incomplete,Complete,Incomplete,Incomplete,Incomplete,Incomplete,Incomplete,Incomplete,Incomplete,Incomplete,Incomplete,Incomplete,Incomplete,Incomplete,Incomplete,Incomplete
M00165 | Reductive pentose phosphate cycle (Calvin cycle),Incomplete,Incomplete,Incomplete,Incomplete,Incomplete,Incomplete,Incomplete,Incomplete,Incomplete,Incomplete,Incomplete,Incomplete,Incomplete,Incomplete,Incomplete,Incomplete,Incomplete,Incomplete,Incomplete,Incomplete,1 block missing,Incomplete,Incomplete,Incomplete,Incomplete,Incomplete,Complete,Incomplete,Incomplete,Incomplete,Incomplete,Incomplete,Incomplete,Incomplete,Incomplete,Incomplete,Incomplete,Incomplete,Incomplete,Incomplete,Incomplete,Incomplete,Incomplete,Incomplete,Incomplete,Incomplete,Incomplete,Incomplete,Complete,Incomplete,Incomplete,Incomplete,Complete,Incomplete,Incomplete,Incomplete,Incomplete,Incomplete,Incomplete,Incomplete,Incomplete,Incomplete,Incomplete,1 block missing,Incomplete,Incomplete,Incomplete
"M00166 | Reductive pentose phosphate cycle, ribulose-5P => glyceraldehyde-3P",Incomplete,1 block missing,Incomplete,Incomplete,Incomplete,Incomplete,1 block missing,1 block missing,Incomplete,1 block missing,Incomplete,1 block missing,Incomplete,Incomplete,Incomplete,Incomplete,1 block missing,Incomplete,Incomplete,1 block missing,1 block missing,Incomplete,Incomplete,1 block missing,1 block missing,Incomplete,Complete,1 block missing,Incomplete,Incomplete,Incomplete,Incomplete,1 block missing,Incomplete,Incomplete,Incomplete,Incomplete,Incomplete,1 block missing,1 block missing,Incomplete,Incomplete,1 block missing,Incomplete,Incomplete,1 block missing,1 block missing,Incomplete,Complete,1 block missing,1 block missing,1 block missing,Complete,1 block missing,Incomplete,Incomplete,Incomplete,Incomplete,Incomplete,Incomplete,Incomplete,Incomplete,Incomplete,1 block missing,1 block missing,Incomplete,Complete
"M00167 | Reductive pentose phosphate cycle, glyceraldehyde-3P => ribulose-5P",Incomplete,1 block missing,Incomplete,Incomplete,Incomplete,Incomplete,Incomplete,1 block missing,Incomplete,1 block missing,Incomplete,Incomplete,Incomplete,Incomplete,Incomplete,Incomplete,1 block missing,Incomplete,Incomplete,1 block missing,Complete,Incomplete,Incomplete,1 block missing,1 block missing,Incomplete,Complete,1 block missing,Incomplete,Incomplete,Incomplete,Incomplete,1 block missing,Incomplete,Incomplete,Incomplete,Incomplete,Incomplete,1 block missing,1 block missing,Incomplete,Incomplete,1 block missing,Incomplete,Incomplete,Incomplete,Incomplete,Incomplete,Complete,1 block missing,Incomplete,Incomplete,Complete,Incomplete,Incomplete,Incomplete,Incomplete,Incomplete,Incomplete,Incomplete,Incomplete,Incomplete,Incomplete,Complete,1 block missing,Incomplete,Incomplete
"M00168 | CAM (Crassulacean acid metabolism), dark",Incomplete,Incomplete,Incomplete,Incomplete,Incomplete,Incomplete,Complete,Incomplete,Incomplete,1 block missing,Incomplete,Incomplete,Incomplete,Incomplete,Incomplete,Incomplete,Incomplete,Incomplete,Incomplete,1 block missing,Complete,Incomplete,Incomplete,Incomplete,Incomplete,Incomplete,Complete,Incomplete,Incomplete,Incomplete,Incomplete,Incomplete,Complete,Incomplete,Incomplete,Incomplete,Incomplete,Incomplete,1 block missing,Complete,Incomplete,Incomplete,Incomplete,Incomplete,Complete,Incomplete,Incomplete,Incomplete,Complete,1 block missing,Complete,1 block missing,Complete,Incomplete,Incomplete,Incomplete,Incomplete,Incomplete,Incomplete,Complete,Incomplete,Incomplete,Incomplete,Complete,Incomplete,Incomplete,Incomplete
"M00169 | CAM (Crassulacean acid metabolism), light",1 block missing,Complete,Incomplete,Complete,Complete,Complete,Complete,Complete,Complete,Complete,Complete,Complete,Complete,Complete,Complete,Complete,Complete,Complete,Complete,Complete,Complete,Complete,1 block missing,Complete,Complete,Complete,Complete,Complete,Complete,Complete,Complete,Complete,Complete,1 block missing,Complete,1 block missing,Incomplete,1 block missing,Complete,Complete,Complete,Complete,Complete,Complete,1 block missing,Complete,Complete,Incomplete,Complete,Complete,Complete,Complete,Complete,Complete,1 block missing,1 block missing,1 block missing,Complete,Complete,1 block missing,Complete,Complete,Complete,Complete,Complete,Incomplete,Complete
"M00170 | C4-dicarboxylic acid cycle, phosphoenolpyruvate carboxykinase type",Incomplete,Incomplete,Incomplete,Incomplete,Incomplete,Incomplete,Incomplete,Incomplete,Incomplete,1 block missing,Incomplete,Incomplete,Incomplete,Incomplete,Incomplete,Incomplete,1 block missing,Incomplete,Incomplete,1 block missing,Complete,Incomplete,Incomplete,Incomplete,Incomplete,Incomplete,Incomplete,Incomplete,Incomplete,Incomplete,Incomplete,Incomplete,1 block missing,Incomplete,Incomplete,Incomplete,Incomplete,Incomplete,1 block missing,Complete,Incomplete,Incomplete,Incomplete,Incomplete,1 block missing,Incomplete,Incomplete,Incomplete,Complete,Incomplete,Complete,Incomplete,Complete,Incomplete,Incomplete,Incomplete,Incomplete,Incomplete,Incomplete,Complete,Incomplete,Incomplete,Incomplete,Complete,Incomplete,Incomplete,Incomplete
"M00171 | C4-dicarboxylic acid cycle, NAD - malic enzyme type",Incomplete,Incomplete,Incomplete,Incomplete,Incomplete,Incomplete,Incomplete,Incomplete,Incomplete,Incomplete,Incomplete,Incomplete,Incomplete,Incomplete,Incomplete,Incomplete,Incomplete,Incomplete,Incomplete,Incomplete,1 block missing,Incomplete,Incomplete,Incomplete,Incomplete,Incomplete,Incomplete,Incomplete,Incomplete,Incomplete,Incomplete,Incomplete,1 block missing,Incomplete,Incomplete,Incomplete,Incomplete,Incomplete,Incomplete,Incomplete,Incomplete,Incomplete,Incomplete,Incomplete,Incomplete,Incomplete,Incomplete,Incomplete,1 block missing,Incomplete,1 block missing,Incomplete,1 block missing,Incomplete,Incomplete,Incomplete,Incomplete,Incomplete,Incomplete,1 block missing,Incomplete,Incomplete,Incomplete,1 block missing,Incomplete,Incomplete,Incomplete
"M00172 | C4-dicarboxylic acid cycle, NADP - malic enzyme type",Incomplete,1 block missing,Incomplete,1 block missing,1 block missing,Incomplete,1 block missing,Complete,1 block missing,1 block missing,1 block missing,1 block missing,1 block missing,1 block missing,1 block missing,1 block missing,Complete,1 block missing,1 block missing,1 block missing,1 block missing,1 block missing,Incomplete,1 block missing,1 block missing,1 block missing,1 block missing,1 block missing,1 block missing,1 block missing,1 block missing,1 block missing,1 block missing,Incomplete,1 block missing,Incomplete,Incomplete,Incomplete,1 block missing,1 block missing,1 block missing,1 block missing,1 block missing,1 block missing,Incomplete,1 block missing,1 block missing,Incomplete,Complete,Complete,1 block missing,1 block missing,Complete,1 block missing,Incomplete,Incomplete,Incomplete,1 block missing,1 block missing,Incomplete,1 block missing,Incomplete,1 block missing,1 block missing,1 block missing,Incomplete,1 block missing
M00173 | Reductive citrate cycle (Arnon-Buchanan cycle),Incomplete,Incomplete,Incomplete,Incomplete,Incomplete,Incomplete,Incomplete,Incomplete,Incomplete,Incomplete,Incomplete,Incomplete,Incomplete,Incomplete,Incomplete,Incomplete,Incomplete,Incomplete,Incomplete,Incomplete,Incomplete,Incomplete,Incomplete,Incomplete,Incomplete,Incomplete,Incomplete,Incomplete,Incomplete,Incomplete,Incomplete,Incomplete,Incomplete,Incomplete,Incomplete,Incomplete,Incomplete,Incomplete,Incomplete,Incomplete,Incomplete,Incomplete,Incomplete,Incomplete,Incomplete,Incomplete,Incomplete,Incomplete,Incomplete,Incomplete,Incomplete,Incomplete,Incomplete,1 block missing,Incomplete,Incomplete,Incomplete,Incomplete,Incomplete,Incomplete,Incomplete,Incomplete,Incomplete,Incomplete,Incomplete,Incomplete,Incomplete
"M00174 | Methane oxidation, methanotroph, methane => formaldehyde",Incomplete,Incomplete,Incomplete,Incomplete,Incomplete,Incomplete,Incomplete,Incomplete,Incomplete,1 block missing,Incomplete,Incomplete,Incomplete,Incomplete,Incomplete,Incomplete,Incomplete,Incomplete,Incomplete,Incomplete,Incomplete,Incomplete,Incomplete,Incomplete,Incomplete,Incomplete,1 block missing,Incomplete,Incomplete,Incomplete,Incomplete,Incomplete,Incomplete,Incomplete,Incomplete,Incomplete,Incomplete,Incomplete,Incomplete,Incomplete,Incomplete,Incomplete,Incomplete,Incomplete,Incomplete,1 block missing,Incomplete,Incomplete,Incomplete,Incomplete,Incomplete,Complete,Incomplete,Incomplete,Incomplete,Incomplete,Incomplete,Incomplete,Incomplete,Incomplete,Incomplete,Incomplete,Incomplete,Incomplete,Incomplete,Incomplete,Incomplete
"M00175 | Nitrogen fixation, nitrogen => ammonia",Incomplete,Incomplete,Incomplete,Incomplete,Incomplete,Incomplete,Incomplete,Incomplete,Incomplete,Incomplete,Incomplete,Incomplete,Incomplete,Incomplete,Incomplete,Incomplete,Incomplete,Incomplete,Incomplete,Incomplete,Incomplete,Incomplete,Incomplete,Incomplete,Incomplete,Incomplete,Incomplete,Incomplete,Incomplete,Incomplete,Incomplete,Incomplete,Incomplete,Incomplete,Incomplete,Incomplete,Incomplete,Incomplete,Incomplete,Incomplete,Incomplete,Incomplete,Incomplete,Incomplete,Incomplete,Incomplete,Incomplete,Incomplete,Incomplete,Incomplete,Incomplete,Incomplete,Incomplete,Incomplete,Incomplete,Incomplete,Incomplete,Incomplete,Incomplete,Incomplete,Incomplete,Incomplete,Incomplete,Incomplete,Incomplete,Incomplete,Incomplete
"M00176 | Assimilatory sulfate reduction, sulfate => H2S",Incomplete,Complete,Incomplete,Incomplete,1 block missing,Incomplete,Incomplete,Complete,Complete,Complete,Incomplete,1 block missing,Incomplete,Complete,Incomplete,1 block missing,Complete,Incomplete,Incomplete,1 block missing,Complete,Incomplete,Incomplete,1 block missing,1 block missing,Incomplete,Complete,Complete,Complete,Incomplete,Incomplete,1 block missing,Complete,Incomplete,1 block missing,Incomplete,Incomplete,Incomplete,Complete,Complete,Incomplete,Incomplete,1 block missing,Complete,Incomplete,Complete,1 block missing,Incomplete,Complete,Complete,Incomplete,Complete,Complete,Complete,Incomplete,Incomplete,Incomplete,Incomplete,Incomplete,Incomplete,Incomplete,1 block missing,Complete,Complete,Complete,Incomplete,Complete
"M00307 | Pyruvate oxidation, pyruvate => acetyl-CoA",Incomplete,1 block missing,Incomplete,Incomplete,1 block missing,Incomplete,Incomplete,1 block missing,1 block missing,1 block missing,Incomplete,1 block missing,Incomplete,1 block missing,Incomplete,1 block missing,Incomplete,Incomplete,Incomplete,1 block missing,1 block missing,Incomplete,Incomplete,Incomplete,1 block missing,Incomplete,1 block missing,1 block missing,1 block missing,Incomplete,Incomplete,1 block missing,1 block missing,Incomplete,1 block missing,Incomplete,Incomplete,Incomplete,1 block missing,1 block missing,Incomplete,Incomplete,1 block missing,1 block missing,Incomplete,1 block missing,1 block missing,Incomplete,1 block missing,1 block missing,Incomplete,1 block missing,Incomplete,1 block missing,Incomplete,Incomplete,Incomplete,Incomplete,Incomplete,1 block missing,Incomplete,Incomplete,Complete,Complete,1 block missing,Incomplete,1 block missing
"M00308 | Semi-phosphorylative Entner-Doudoroff pathway, gluconate => glycerate-3P",Incomplete,1 block missing,Incomplete,Incomplete,Incomplete,Incomplete,Incomplete,1 block missing,Complete,1 block missing,Incomplete,1 block missing,Incomplete,Complete,Incomplete,Complete,1 block missing,Incomplete,Complete,Complete,1 block missing,Incomplete,Incomplete,Incomplete,Incomplete,Incomplete,1 block missing,1 block missing,Complete,Incomplete,Incomplete,1 block missing,Incomplete,Incomplete,Complete,Incomplete,Incomplete,Incomplete,1 block missing,Incomplete,Incomplete,Incomplete,Incomplete,Complete,Incomplete,Complete,Incomplete,Incomplete,Complete,1 block missing,Incomplete,Complete,1 block missing,1 block missing,Incomplete,Incomplete,Incomplete,Incomplete,1 block missing,Incomplete,Incomplete,Incomplete,Complete,Complete,Complete,Incomplete,Complete
"M00309 | Non-phosphorylative Entner-Doudoroff pathway, gluconate/galactonate => glycerate",Incomplete,Incomplete,Incomplete,Incomplete,Incomplete,Incomplete,Incomplete,Incomplete,Incomplete,Incomplete,Incomplete,Incomplete,Incomplete,Incomplete,Incomplete,Incomplete,Incomplete,Incomplete,Incomplete,Incomplete,Incomplete,Incomplete,Incomplete,Incomplete,Incomplete,Incomplete,Incomplete,Incomplete,Incomplete,Incomplete,Incomplete,Incomplete,Incomplete,Incomplete,Incomplete,Incomplete,Incomplete,Incomplete,Incomplete,Incomplete,Incomplete,Incomplete,Incomplete,Incomplete,Incomplete,Incomplete,Incomplete,Incomplete,Incomplete,Incomplete,Incomplete,Incomplete,Incomplete,Incomplete,Incomplete,Incomplete,Incomplete,Incomplete,Incomplete,Incomplete,Incomplete,Incomplete,Incomplete,Incomplete,Incomplete,Incomplete,Incomplete
"M00338 | Cysteine biosynthesis, homocysteine + serine => cysteine",Incomplete,1 block missing,Incomplete,1 block missing,1 block missing,Incomplete,Incomplete,1 block missing,Complete,1 block missing,1 block missing,1 block missing,Incomplete,Complete,1 block missing,Complete,1 block missing,1 block missing,1 block missing,Complete,1 block missing,Incomplete,Incomplete,1 block missing,1 block missing,Incomplete,1 block missing,1 block missing,1 block missing,Incomplete,Incomplete,1 block missing,1 block missing,Incomplete,Complete,Incomplete,Incomplete,Incomplete,1 block missing,1 block missing,Incomplete,1 block missing,1 block missing,Complete,Incomplete,Complete,1 block missing,Incomplete,1 block missing,1 block missing,1 block missing,1 block missing,1 block missing,Complete,Incomplete,Incomplete,Incomplete,Incomplete,1 block missing,Incomplete,1 block missing,Incomplete,Complete,1 block missing,1 block missing,Incomplete,1 block missing
"M00344 | Formaldehyde assimilation, xylulose monophosphate pathway",Incomplete,1 block missing,Incomplete,Incomplete,Incomplete,Incomplete,Incomplete,1 block missing,1 block missing,1 block missing,Incomplete,1 block missing,Incomplete,1 block missing,Incomplete,Incomplete,1 block missing,Incomplete,Incomplete,Incomplete,1 block missing,Incomplete,Incomplete,1 block missing,1 block missing,Incomplete,1 block missing,1 block missing,1 block missing,Incomplete,Incomplete,1 block missing,1 block missing,Incomplete,1 block missing,Incomplete,Incomplete,Incomplete,1 block missing,Incomplete,Incomplete,Incomplete,1 block missing,Incomplete,1 block missing,1 block missing,1 block missing,Incomplete,1 block missing,1 block missing,Incomplete,1 block missing,1 block missing,1 block missing,Incomplete,Incomplete,Incomplete,Incomplete,Incomplete,Incomplete,Incomplete,Incomplete,1 block missing,1 block missing,1 block missing,Incomplete,Incomplete
"M00345 | Formaldehyde assimilation, ribulose monophosphate pathway",Incomplete,1 block missing,Incomplete,Incomplete,Complete,Incomplete,Incomplete,Complete,Complete,Complete,Incomplete,Complete,Incomplete,Complete,Incomplete,Complete,1 block missing,Incomplete,Incomplete,Complete,Complete,Incomplete,Incomplete,Incomplete,1 block missing,Incomplete,Complete,1 block missing,Complete,Incomplete,Incomplete,1 block missing,Incomplete,Incomplete,Complete,Incomplete,Incomplete,Incomplete,1 block missing,Incomplete,Incomplete,Incomplete,Incomplete,Complete,Incomplete,Complete,Incomplete,Incomplete,Complete,1 block missing,Incomplete,Complete,1 block missing,Incomplete,Incomplete,Incomplete,Incomplete,Incomplete,Incomplete,Incomplete,Incomplete,Incomplete,Complete,Complete,1 block missing,Incomplete,Complete
"M00346 | Formaldehyde assimilation, serine pathway",Incomplete,Complete,Incomplete,Incomplete,Complete,Incomplete,Incomplete,Complete,1 block missing,Complete,Incomplete,Complete,Incomplete,Incomplete,Incomplete,1 block missing,Complete,Incomplete,Incomplete,Complete,Complete,Incomplete,Incomplete,Complete,Complete,Incomplete,Complete,Complete,1 block missing,Incomplete,Incomplete,Complete,1 block missing,Incomplete,Incomplete,Incomplete,Incomplete,Incomplete,Complete,1 block missing,Incomplete,Incomplete,Complete,1 block missing,Incomplete,Complete,1 block missing,Incomplete,Complete,Complete,1 block missing,Complete,Complete,Complete,Incomplete,Incomplete,Incomplete,Incomplete,Incomplete,Incomplete,Incomplete,Incomplete,Incomplete,Complete,Complete,Incomplete,Complete
"M00356 | Methanogenesis, methanol => methane",Incomplete,Incomplete,Incomplete,Incomplete,Incomplete,Incomplete,Incomplete,Incomplete,Incomplete,Incomplete,Incomplete,Incomplete,Incomplete,Incomplete,Incomplete,Incomplete,Incomplete,Incomplete,Incomplete,Incomplete,Incomplete,Incomplete,Incomplete,Incomplete,Incomplete,Incomplete,Incomplete,Incomplete,Incomplete,Incomplete,Incomplete,Incomplete,Incomplete,Incomplete,Incomplete,Incomplete,Incomplete,Incomplete,Incomplete,Incomplete,Incomplete,Incomplete,Incomplete,Incomplete,Incomplete,Incomplete,Incomplete,Incomplete,Incomplete,Incomplete,Incomplete,Incomplete,Incomplete,Incomplete,Incomplete,Incomplete,Incomplete,Incomplete,Incomplete,Incomplete,Incomplete,Incomplete,Incomplete,Incomplete,Incomplete,Incomplete,Incomplete
"M00357 | Methanogenesis, acetate => methane",Incomplete,Incomplete,Incomplete,Incomplete,Incomplete,Incomplete,Incomplete,Incomplete,Incomplete,Incomplete,Incomplete,Incomplete,Incomplete,Incomplete,Incomplete,Incomplete,Incomplete,Incomplete,Incomplete,Incomplete,Incomplete,Incomplete,Incomplete,Incomplete,Incomplete,Incomplete,Incomplete,Incomplete,Incomplete,Incomplete,Incomplete,Incomplete,Incomplete,Incomplete,Incomplete,Incomplete,Incomplete,Incomplete,Incomplete,Incomplete,Incomplete,Incomplete,Incomplete,Incomplete,Incomplete,Incomplete,Incomplete,Incomplete,Incomplete,Incomplete,Incomplete,Incomplete,Incomplete,Incomplete,Incomplete,Incomplete,Incomplete,Incomplete,Incomplete,Incomplete,Incomplete,Incomplete,Incomplete,Incomplete,Incomplete,Incomplete,Incomplete
M00358 | Coenzyme M biosynthesis,Incomplete,Complete,Incomplete,Incomplete,1 block missing,Incomplete,Incomplete,Complete,Complete,Complete,Incomplete,1 block missing,Incomplete,Complete,Incomplete,Complete,Complete,Incomplete,Incomplete,1 block missing,Complete,Incomplete,Incomplete,Incomplete,Complete,Incomplete,Complete,Complete,Complete,Incomplete,Incomplete,Complete,Incomplete,Incomplete,Complete,Incomplete,Incomplete,Incomplete,Complete,1 block missing,Incomplete,Incomplete,Complete,Complete,Incomplete,1 block missing,Incomplete,Incomplete,Complete,Complete,Incomplete,Complete,Complete,Incomplete,Incomplete,Incomplete,Incomplete,Incomplete,Incomplete,Incomplete,Incomplete,Incomplete,Complete,Complete,Complete,Incomplete,Complete
"M00363 | EHEC pathogenicity signature, Shiga toxin",Incomplete,Incomplete,Incomplete,Incomplete,Incomplete,Incomplete,Incomplete,Incomplete,Incomplete,Incomplete,Incomplete,Incomplete,Incomplete,Incomplete,Incomplete,Incomplete,Incomplete,Incomplete,Incomplete,Incomplete,Incomplete,Incomplete,Incomplete,Incomplete,Incomplete,Incomplete,Incomplete,Incomplete,Incomplete,Incomplete,Incomplete,Incomplete,Incomplete,Incomplete,Incomplete,Incomplete,Incomplete,Incomplete,Incomplete,Incomplete,Incomplete,Incomplete,Incomplete,Incomplete,Incomplete,Incomplete,Incomplete,Incomplete,Incomplete,Incomplete,Incomplete,Incomplete,Incomplete,Incomplete,Incomplete,Incomplete,Incomplete,Incomplete,Incomplete,Incomplete,Incomplete,Incomplete,Incomplete,Incomplete,Incomplete,Incomplete,Incomplete
"M00364 | C10-C20 isoprenoid biosynthesis, bacteria",1 block missing,Complete,Incomplete,1 block missing,Complete,Incomplete,Incomplete,Complete,Complete,Complete,1 block missing,Complete,1 block missing,Complete,1 block missing,Complete,Complete,1 block missing,1 block missing,Complete,Complete,Complete,1 block missing,Complete,Complete,1 block missing,Complete,Complete,Complete,1 block missing,1 block missing,Complete,Complete,1 block missing,Complete,1 block missing,Incomplete,1 block missing,Complete,Complete,1 block missing,1 block missing,Complete,Complete,1 block missing,Complete,1 block missing,Incomplete,Complete,Complete,1 block missing,Complete,Complete,Complete,1 block missing,Incomplete,1 block missing,1 block missing,1 block missing,Incomplete,Incomplete,1 block missing,Complete,Complete,Complete,Incomplete,Complete
"M00365 | C10-C20 isoprenoid biosynthesis, archaea",Complete,Complete,Incomplete,Complete,Complete,Incomplete,Complete,Complete,Complete,Complete,Complete,Complete,Complete,Complete,Complete,Complete,Complete,Complete,Complete,Complete,Complete,Complete,Complete,Complete,Complete,Complete,Complete,Complete,Complete,Complete,Complete,Complete,Complete,Complete,Complete,Complete,Incomplete,Complete,Complete,Complete,Complete,Complete,Complete,Complete,Complete,Complete,1 block missing,Incomplete,Complete,Complete,1 block missing,Complete,Complete,Complete,Complete,Incomplete,Complete,Complete,Complete,1 block missing,1 block missing,1 block missing,Complete,Complete,Complete,Incomplete,Complete
"M00366 | C10-C20 isoprenoid biosynthesis, plants",Incomplete,Incomplete,Incomplete,Incomplete,Incomplete,Incomplete,Incomplete,Incomplete,Incomplete,1 block missing,Incomplete,Incomplete,Incomplete,Incomplete,Incomplete,Incomplete,Incomplete,Incomplete,Incomplete,Incomplete,Incomplete,Incomplete,Incomplete,Incomplete,Incomplete,Incomplete,Incomplete,Incomplete,Incomplete,Incomplete,Incomplete,Incomplete,Incomplete,Incomplete,Incomplete,Incomplete,Incomplete,Incomplete,1 block missing,Incomplete,Incomplete,Incomplete,1 block missing,Incomplete,Incomplete,Incomplete,Incomplete,Incomplete,Incomplete,Incomplete,1 block missing,Incomplete,1 block missing,Incomplete,Incomplete,Incomplete,Incomplete,Incomplete,Incomplete,Complete,Incomplete,Incomplete,Incomplete,Incomplete,Incomplete,Incomplete,Incomplete
"M00367 | C10-C20 isoprenoid biosynthesis, non-plant eukaryotes",Incomplete,Incomplete,Incomplete,Incomplete,Incomplete,Incomplete,Incomplete,1 block missing,1 block missing,Complete,Incomplete,Incomplete,Incomplete,1 block missing,Incomplete,1 block missing,Incomplete,1 block missing,Incomplete,1 block missing,1 block missing,Incomplete,Incomplete,Incomplete,Incomplete,Incomplete,1 block missing,Incomplete,1 block missing,Incomplete,Incomplete,Incomplete,Incomplete,Incomplete,1 block missing,Incomplete,Incomplete,Incomplete,1 block missing,Incomplete,Incomplete,1 block missing,1 block missing,1 block missing,Incomplete,Incomplete,Incomplete,Incomplete,1 block missing,1 block missing,1 block missing,1 block missing,Incomplete,Incomplete,Incomplete,Incomplete,Incomplete,Incomplete,1 block missing,1 block missing,Complete,Incomplete,1 block missing,1 block missing,1 block missing,Incomplete,1 block missing
"M00368 | Ethylene biosynthesis, methionine => ethylene",Incomplete,Incomplete,Incomplete,Incomplete,Incomplete,Incomplete,Incomplete,Incomplete,Incomplete,Incomplete,Incomplete,Incomplete,Incomplete,Incomplete,Incomplete,Incomplete,Incomplete,Incomplete,Incomplete,Incomplete,Incomplete,Incomplete,Incomplete,Incomplete,Incomplete,Incomplete,Incomplete,Incomplete,Incomplete,Incomplete,Incomplete,Incomplete,Incomplete,Incomplete,Incomplete,Incomplete,Incomplete,Incomplete,Incomplete,Incomplete,Incomplete,Incomplete,Incomplete,Incomplete,Incomplete,Incomplete,Incomplete,Incomplete,Incomplete,Incomplete,1 block missing,Incomplete,Incomplete,Incomplete,Incomplete,Incomplete,Incomplete,Incomplete,Incomplete,Incomplete,Incomplete,Incomplete,Incomplete,Incomplete,Incomplete,Incomplete,Incomplete
"M00369 | Cyanogenic glycoside biosynthesis, tyrosine => dhurrin",Incomplete,Incomplete,Incomplete,Incomplete,Incomplete,Incomplete,Incomplete,Incomplete,Incomplete,Incomplete,Incomplete,Incomplete,Incomplete,Incomplete,Incomplete,Incomplete,Incomplete,Incomplete,Incomplete,Incomplete,Incomplete,Incomplete,Incomplete,Incomplete,Incomplete,Incomplete,Incomplete,Incomplete,Incomplete,Incomplete,Incomplete,Incomplete,Incomplete,Incomplete,Incomplete,Incomplete,Incomplete,Incomplete,Incomplete,Incomplete,Incomplete,Incomplete,Incomplete,Incomplete,Incomplete,Incomplete,Incomplete,Incomplete,Incomplete,Incomplete,Incomplete,Incomplete,Incomplete,Incomplete,Incomplete,Incomplete,Incomplete,Incomplete,Incomplete,Incomplete,Incomplete,Incomplete,Incomplete,Incomplete,Incomplete,Incomplete,Incomplete
"M00370 | Glucosinolate biosynthesis, tryptophan => glucobrassicin",Incomplete,Incomplete,Incomplete,Incomplete,Incomplete,Incomplete,Incomplete,Incomplete,Incomplete,Incomplete,Incomplete,Incomplete,Incomplete,Incomplete,Incomplete,Incomplete,Incomplete,Incomplete,Incomplete,Incomplete,Incomplete,Incomplete,Incomplete,Incomplete,Incomplete,Incomplete,Incomplete,Incomplete,Incomplete,Incomplete,Incomplete,Incomplete,Incomplete,Incomplete,Incomplete,Incomplete,Incomplete,Incomplete,Incomplete,Incomplete,Incomplete,Incomplete,Incomplete,Incomplete,Incomplete,Incomplete,Incomplete,Incomplete,Incomplete,Incomplete,Complete,Incomplete,Incomplete,Incomplete,Incomplete,Incomplete,Incomplete,Incomplete,Incomplete,Complete,Incomplete,Incomplete,Incomplete,Incomplete,Incomplete,Incomplete,Incomplete
"M00371 | Castasterone biosynthesis, campesterol => castasterone",Incomplete,Incomplete,Incomplete,Incomplete,Incomplete,Incomplete,Incomplete,Incomplete,Incomplete,Incomplete,Incomplete,Incomplete,Incomplete,Incomplete,Incomplete,Incomplete,Incomplete,Incomplete,Incomplete,Incomplete,Incomplete,Incomplete,Incomplete,Incomplete,Incomplete,Incomplete,Incomplete,Incomplete,Incomplete,Incomplete,Incomplete,Incomplete,Incomplete,Incomplete,Incomplete,Incomplete,Incomplete,Incomplete,Incomplete,Incomplete,Incomplete,Incomplete,Incomplete,Incomplete,Incomplete,Incomplete,Incomplete,Incomplete,Incomplete,Incomplete,Incomplete,Incomplete,Incomplete,Incomplete,Incomplete,Incomplete,Incomplete,Incomplete,Incomplete,Incomplete,Incomplete,Incomplete,Incomplete,Incomplete,Incomplete,Incomplete,Incomplete
"M00372 | Abscisic acid biosynthesis, beta-carotene => abscisic acid",Incomplete,Incomplete,Incomplete,Incomplete,Incomplete,Incomplete,Incomplete,Incomplete,Incomplete,Incomplete,Incomplete,Incomplete,Incomplete,Incomplete,Incomplete,Incomplete,Incomplete,Incomplete,Incomplete,Incomplete,Incomplete,Incomplete,Incomplete,Incomplete,Incomplete,Incomplete,Incomplete,Incomplete,Incomplete,Incomplete,Incomplete,Incomplete,Incomplete,Incomplete,Incomplete,Incomplete,Incomplete,Incomplete,Incomplete,Incomplete,Incomplete,Incomplete,Incomplete,Incomplete,Incomplete,Incomplete,Incomplete,Incomplete,Incomplete,Incomplete,Incomplete,Incomplete,Incomplete,Incomplete,Incomplete,Incomplete,Incomplete,Incomplete,Incomplete,Incomplete,Incomplete,Incomplete,Incomplete,Incomplete,Incomplete,Incomplete,Incomplete
M00373 | Ethylmalonyl pathway,Incomplete,1 block missing,Incomplete,Incomplete,1 block missing,Incomplete,Incomplete,Complete,Incomplete,Complete,Incomplete,Complete,Incomplete,Incomplete,Incomplete,Incomplete,Complete,Incomplete,Incomplete,Complete,Complete,1 block missing,Incomplete,Complete,1 block missing,Incomplete,1 block missing,1 block missing,Incomplete,Incomplete,Incomplete,Complete,Incomplete,Incomplete,Incomplete,Incomplete,Incomplete,Incomplete,Complete,Incomplete,Incomplete,Incomplete,1 block missing,Incomplete,Incomplete,Complete,1 block missing,Incomplete,Complete,Complete,Incomplete,Complete,Complete,Complete,Incomplete,Incomplete,Incomplete,Incomplete,Incomplete,Incomplete,Incomplete,Incomplete,Incomplete,Complete,Complete,Incomplete,1 block missing
M00374 | Dicarboxylate-hydroxybutyrate cycle,Incomplete,Incomplete,Incomplete,Incomplete,Incomplete,Incomplete,Incomplete,Incomplete,Incomplete,Incomplete,Incomplete,Incomplete,Incomplete,Incomplete,Incomplete,Incomplete,Incomplete,Incomplete,Incomplete,Incomplete,Incomplete,Incomplete,Incomplete,Incomplete,Incomplete,Incomplete,Incomplete,Incomplete,Incomplete,Incomplete,Incomplete,Incomplete,Incomplete,Incomplete,Incomplete,Incomplete,Incomplete,Incomplete,Incomplete,Incomplete,Incomplete,Incomplete,Incomplete,Incomplete,Incomplete,Incomplete,Incomplete,Incomplete,Incomplete,Incomplete,Incomplete,Incomplete,Incomplete,Incomplete,Incomplete,Incomplete,Incomplete,Incomplete,Incomplete,Incomplete,Incomplete,Incomplete,Incomplete,Incomplete,Incomplete,Incomplete,Incomplete
M00375 | Hydroxypropionate-hydroxybutylate cycle,Incomplete,Incomplete,Incomplete,Incomplete,Incomplete,Incomplete,Incomplete,Incomplete,Incomplete,Incomplete,Incomplete,Incomplete,Incomplete,Incomplete,Incomplete,Incomplete,Incomplete,Incomplete,Incomplete,Incomplete,Incomplete,Incomplete,Incomplete,Incomplete,Incomplete,Incomplete,Incomplete,Incomplete,Incomplete,Incomplete,Incomplete,Incomplete,Incomplete,Incomplete,Incomplete,Incomplete,Incomplete,Incomplete,Incomplete,Incomplete,Incomplete,Incomplete,Incomplete,Incomplete,Incomplete,Incomplete,Incomplete,Incomplete,Incomplete,Incomplete,Incomplete,Incomplete,Incomplete,Incomplete,Incomplete,Incomplete,Incomplete,Incomplete,Incomplete,Incomplete,Incomplete,Incomplete,Incomplete,Incomplete,Incomplete,Incomplete,Incomplete
M00376 | 3-Hydroxypropionate bi-cycle,Incomplete,Complete,Incomplete,Incomplete,Incomplete,Incomplete,Incomplete,1 block missing,Incomplete,1 block missing,Incomplete,Incomplete,Incomplete,Incomplete,Incomplete,Incomplete,Complete,Incomplete,Incomplete,Incomplete,1 block missing,Incomplete,Incomplete,Incomplete,Incomplete,Incomplete,Complete,1 block missing,Incomplete,Incomplete,Incomplete,Incomplete,Incomplete,Incomplete,Incomplete,Incomplete,Incomplete,Incomplete,Complete,Incomplete,Incomplete,Incomplete,Incomplete,Incomplete,Incomplete,Incomplete,Incomplete,Incomplete,Complete,Complete,Incomplete,1 block missing,Complete,Incomplete,Incomplete,Incomplete,Incomplete,Incomplete,Incomplete,Incomplete,Incomplete,Incomplete,Incomplete,Complete,1 block missing,Incomplete,Incomplete
M00377 | Reductive acetyl-CoA pathway (Wood-Ljungdahl pathway),Incomplete,Incomplete,Incomplete,Incomplete,Incomplete,Incomplete,Incomplete,Complete,Complete,Complete,Incomplete,Complete,Incomplete,Complete,Incomplete,Complete,1 block missing,Incomplete,Incomplete,Complete,Complete,Incomplete,Incomplete,Incomplete,Incomplete,Incomplete,Complete,Incomplete,Complete,Incomplete,Incomplete,Complete,Incomplete,Incomplete,Complete,Incomplete,Incomplete,Incomplete,Complete,Incomplete,Incomplete,Incomplete,Incomplete,Complete,Incomplete,Complete,Incomplete,Incomplete,Complete,1 block missing,Incomplete,Complete,1 block missing,Incomplete,Incomplete,Incomplete,Incomplete,Incomplete,Incomplete,Incomplete,Incomplete,Incomplete,Complete,Complete,1 block missing,Incomplete,Complete
M00378 | F420 biosynthesis,Incomplete,1 block missing,Incomplete,Incomplete,Incomplete,Incomplete,Incomplete,Complete,Complete,Complete,Incomplete,1 block missing,Incomplete,Complete,Incomplete,Complete,Complete,Incomplete,Incomplete,Complete,Complete,Incomplete,Incomplete,Complete,1 block missing,Incomplete,Complete,1 block missing,Complete,Incomplete,Incomplete,1 block missing,Incomplete,Incomplete,Complete,Incomplete,Incomplete,Incomplete,Complete,Incomplete,Incomplete,Incomplete,1 block missing,Complete,Incomplete,Complete,Incomplete,Incomplete,Complete,Complete,Incomplete,Complete,Complete,Incomplete,Incomplete,Incomplete,Incomplete,Incomplete,Incomplete,Incomplete,Incomplete,Incomplete,Complete,Complete,Complete,Incomplete,Complete
M00415 | Fatty acid elongation in endoplasmic reticulum,Incomplete,Incomplete,Incomplete,Incomplete,Incomplete,Incomplete,Incomplete,Incomplete,Incomplete,Incomplete,Incomplete,Incomplete,Incomplete,Incomplete,Incomplete,Incomplete,Incomplete,Incomplete,Incomplete,Incomplete,Incomplete,Incomplete,Incomplete,Incomplete,Incomplete,Incomplete,Incomplete,Incomplete,Incomplete,Incomplete,Incomplete,Incomplete,Incomplete,Incomplete,Incomplete,Incomplete,Incomplete,Incomplete,Incomplete,Incomplete,Incomplete,Incomplete,Incomplete,Incomplete,Incomplete,Incomplete,Incomplete,Incomplete,Incomplete,Incomplete,Incomplete,Incomplete,Incomplete,Incomplete,Incomplete,Incomplete,Incomplete,Incomplete,Incomplete,Incomplete,Incomplete,Incomplete,Incomplete,Incomplete,Incomplete,Incomplete,Incomplete
M00416 | Cytochrome aa3-600 menaquinol oxidase,Incomplete,Incomplete,Incomplete,Incomplete,Incomplete,Incomplete,Incomplete,Incomplete,Incomplete,Incomplete,Incomplete,Incomplete,Incomplete,Incomplete,Incomplete,Incomplete,Complete,Incomplete,Complete,Incomplete,Incomplete,Incomplete,Incomplete,Incomplete,Incomplete,Incomplete,Incomplete,Incomplete,Incomplete,Incomplete,Incomplete,Incomplete,Incomplete,Incomplete,Incomplete,Incomplete,Incomplete,Incomplete,Complete,Incomplete,Incomplete,Incomplete,Incomplete,Incomplete,Incomplete,Incomplete,Incomplete,Incomplete,Incomplete,Complete,Incomplete,Incomplete,Complete,Incomplete,Incomplete,Incomplete,Incomplete,Incomplete,Incomplete,Incomplete,Incomplete,Incomplete,Incomplete,Incomplete,Incomplete,Incomplete,Incomplete
M00417 | Cytochrome o ubiquinol oxidase,Incomplete,Complete,Incomplete,Incomplete,Incomplete,Complete,Incomplete,Complete,Incomplete,Complete,Incomplete,1 block missing,Incomplete,Incomplete,Incomplete,Incomplete,Complete,Incomplete,Incomplete,Complete,Complete,Complete,Incomplete,Complete,Complete,Incomplete,Complete,Complete,Incomplete,Incomplete,Incomplete,Incomplete,Incomplete,Incomplete,Incomplete,Incomplete,Incomplete,Incomplete,Complete,Complete,Incomplete,Incomplete,Complete,Incomplete,Incomplete,Incomplete,Complete,Incomplete,Complete,Complete,Complete,Incomplete,Complete,1 block missing,Incomplete,Incomplete,Incomplete,Incomplete,Incomplete,Incomplete,Incomplete,Incomplete,Incomplete,Complete,Complete,Incomplete,Incomplete
"M00418 | Toluene degradation, anaerobic, toluene => benzoyl-CoA",Incomplete,Incomplete,Incomplete,Incomplete,Incomplete,Incomplete,Incomplete,1 block missing,Incomplete,1 block missing,Incomplete,Incomplete,Incomplete,Incomplete,Incomplete,Incomplete,Incomplete,Incomplete,Incomplete,Incomplete,1 block missing,Incomplete,Incomplete,Incomplete,Incomplete,Incomplete,Incomplete,Incomplete,Incomplete,Incomplete,Incomplete,Incomplete,Incomplete,Incomplete,Incomplete,Incomplete,Incomplete,Incomplete,Incomplete,Incomplete,Incomplete,Incomplete,Incomplete,Incomplete,Incomplete,Incomplete,Incomplete,Incomplete,1 block missing,Incomplete,Incomplete,Incomplete,Incomplete,Incomplete,Incomplete,Incomplete,Incomplete,Incomplete,Incomplete,Incomplete,Incomplete,Incomplete,Incomplete,1 block missing,Incomplete,Incomplete,Incomplete
"M00419 | Cymene degradation, p-cymene => p-cumate",Incomplete,Incomplete,Incomplete,Incomplete,Incomplete,Incomplete,Incomplete,Incomplete,Incomplete,Incomplete,Incomplete,Incomplete,Incomplete,Incomplete,Incomplete,Incomplete,Incomplete,Incomplete,Incomplete,Incomplete,Incomplete,Incomplete,Incomplete,Incomplete,Incomplete,Incomplete,Incomplete,Incomplete,Incomplete,Incomplete,Incomplete,Incomplete,Incomplete,Incomplete,Incomplete,Incomplete,Incomplete,Incomplete,Incomplete,Incomplete,Incomplete,Incomplete,Incomplete,Incomplete,Incomplete,Incomplete,Incomplete,Incomplete,Incomplete,Incomplete,Incomplete,Incomplete,Incomplete,Incomplete,Incomplete,Incomplete,Incomplete,Incomplete,Incomplete,Incomplete,Incomplete,Incomplete,Incomplete,Incomplete,Incomplete,Incomplete,Incomplete
"M00422 | Acetyl-CoA pathway, CO2 => acetyl-CoA",Incomplete,Incomplete,Incomplete,Incomplete,1 block missing,Incomplete,Incomplete,1 block missing,Complete,Complete,Incomplete,Incomplete,Incomplete,Complete,Incomplete,Complete,Incomplete,Incomplete,Incomplete,Complete,Complete,Incomplete,Incomplete,Incomplete,Incomplete,Incomplete,1 block missing,Incomplete,Complete,Incomplete,Incomplete,Incomplete,Incomplete,Incomplete,Complete,Incomplete,Incomplete,Incomplete,Incomplete,Incomplete,Incomplete,Incomplete,Incomplete,Complete,Incomplete,Complete,Incomplete,Incomplete,Complete,Incomplete,Incomplete,Complete,Incomplete,Incomplete,Incomplete,Incomplete,Incomplete,Incomplete,Incomplete,Incomplete,Incomplete,Incomplete,Complete,Complete,Incomplete,Incomplete,Complete
"M00432 | Leucine biosynthesis, 2-oxoisovalerate => 2-oxoisocaproate",1 block missing,Complete,Incomplete,1 block missing,1 block missing,1 block missing,1 block missing,Complete,1 block missing,1 block missing,1 block missing,1 block missing,1 block missing,Complete,1 block missing,1 block missing,Complete,1 block missing,1 block missing,1 block missing,1 block missing,1 block missing,1 block missing,1 block missing,1 block missing,1 block missing,1 block missing,Complete,1 block missing,1 block missing,1 block missing,1 block missing,Complete,1 block missing,1 block missing,1 block missing,1 block missing,1 block missing,Complete,1 block missing,1 block missing,1 block missing,Complete,1 block missing,1 block missing,1 block missing,Complete,1 block missing,Complete,Complete,1 block missing,Complete,Complete,1 block missing,1 block missing,1 block missing,1 block missing,1 block missing,1 block missing,1 block missing,Complete,1 block missing,1 block missing,1 block missing,Complete,1 block missing,1 block missing
"M00433 | Lysine biosynthesis, 2-oxoglutarate => 2-oxoadipate",Incomplete,Incomplete,Incomplete,Incomplete,Incomplete,Incomplete,Incomplete,1 block missing,1 block missing,1 block missing,Incomplete,Incomplete,Incomplete,Incomplete,Incomplete,Incomplete,1 block missing,Incomplete,Incomplete,1 block missing,1 block missing,Incomplete,Incomplete,Incomplete,Incomplete,Incomplete,1 block missing,1 block missing,1 block missing,Incomplete,Incomplete,Incomplete,Incomplete,Incomplete,Incomplete,Incomplete,Incomplete,Incomplete,1 block missing,Incomplete,Incomplete,Incomplete,Incomplete,1 block missing,Incomplete,1 block missing,Incomplete,Incomplete,1 block missing,1 block missing,Incomplete,1 block missing,1 block missing,Incomplete,Incomplete,Incomplete,Incomplete,Incomplete,Incomplete,Incomplete,Incomplete,Incomplete,Incomplete,1 block missing,1 block missing,Incomplete,1 block missing
"M00525 | Lysine biosynthesis, acetyl-DAP pathway, aspartate => lysine",Incomplete,1 block missing,Incomplete,Incomplete,Incomplete,Incomplete,Incomplete,1 block missing,1 block missing,1 block missing,Incomplete,Incomplete,Incomplete,1 block missing,Incomplete,1 block missing,Complete,Incomplete,Incomplete,Incomplete,1 block missing,Incomplete,Incomplete,Incomplete,Incomplete,Incomplete,Complete,1 block missing,1 block missing,Incomplete,Incomplete,Incomplete,Incomplete,Incomplete,1 block missing,Incomplete,Incomplete,Incomplete,Complete,Incomplete,Incomplete,Incomplete,Incomplete,1 block missing,Incomplete,Incomplete,Incomplete,Incomplete,Complete,Complete,Incomplete,Incomplete,Complete,Incomplete,Incomplete,Incomplete,Incomplete,Incomplete,Incomplete,Incomplete,Incomplete,Incomplete,1 block missing,Complete,Incomplete,Incomplete,Complete
"M00526 | Lysine biosynthesis, DAP dehydrogenase pathway, aspartate => lysine",Incomplete,1 block missing,Incomplete,Incomplete,Incomplete,Incomplete,Incomplete,Complete,1 block missing,1 block missing,Incomplete,Incomplete,Incomplete,1 block missing,Incomplete,Incomplete,Complete,Incomplete,Incomplete,1 block missing,1 block missing,Incomplete,Incomplete,Incomplete,1 block missing,Incomplete,1 block missing,Incomplete,1 block missing,Incomplete,Incomplete,1 block missing,Incomplete,Incomplete,Incomplete,Incomplete,Incomplete,Incomplete,Complete,Incomplete,Incomplete,Incomplete,1 block missing,1 block missing,Incomplete,1 block missing,Incomplete,Incomplete,1 block missing,1 block missing,Incomplete,1 block missing,Complete,1 block missing,Incomplete,Incomplete,Incomplete,Incomplete,Incomplete,Incomplete,Incomplete,Incomplete,1 block missing,1 block missing,Incomplete,Incomplete,Incomplete
"M00527 | Lysine biosynthesis, DAP aminotransferase pathway, aspartate => lysine",Incomplete,1 block missing,Incomplete,Incomplete,Incomplete,Incomplete,Incomplete,Complete,1 block missing,1 block missing,Incomplete,1 block missing,Incomplete,1 block missing,Incomplete,Incomplete,Complete,Incomplete,Incomplete,Complete,1 block missing,Incomplete,Incomplete,1 block missing,1 block missing,Incomplete,1 block missing,1 block missing,1 block missing,Incomplete,Incomplete,Complete,Incomplete,Incomplete,Incomplete,Incomplete,Incomplete,Incomplete,Complete,1 block missing,Incomplete,Incomplete,1 block missing,1 block missing,Incomplete,Complete,Incomplete,Incomplete,1 block missing,Complete,1 block missing,Complete,Complete,Complete,Incomplete,Incomplete,Incomplete,Incomplete,Incomplete,1 block missing,Incomplete,Incomplete,1 block missing,1 block missing,1 block missing,Incomplete,1 block missing
"M00528 | Nitrification, ammonia => nitrite",Incomplete,Complete,Incomplete,Incomplete,1 block missing,Complete,1 block missing,Complete,Incomplete,Complete,1 block missing,Complete,Incomplete,Incomplete,Incomplete,Incomplete,Incomplete,Incomplete,Incomplete,Complete,Complete,1 block missing,Incomplete,1 block missing,Complete,Incomplete,Complete,Complete,Incomplete,Incomplete,Incomplete,1 block missing,Complete,Incomplete,Incomplete,Incomplete,Incomplete,Incomplete,Complete,1 block missing,Incomplete,Incomplete,Complete,Incomplete,1 block missing,Complete,1 block missing,Incomplete,Complete,Incomplete,Incomplete,Complete,Complete,Complete,Incomplete,Incomplete,Incomplete,Incomplete,Incomplete,Complete,Incomplete,1 block missing,Incomplete,Complete,1 block missing,Incomplete,Complete
"M00529 | Denitrification, nitrate => nitrogen",Incomplete,Complete,Incomplete,Incomplete,Complete,Incomplete,Incomplete,Complete,1 block missing,Complete,Incomplete,Complete,Incomplete,Incomplete,Incomplete,Incomplete,Complete,Incomplete,Incomplete,Complete,Complete,1 block missing,Incomplete,Incomplete,Complete,Incomplete,Complete,Complete,Incomplete,Incomplete,Incomplete,Complete,Incomplete,Incomplete,Incomplete,Incomplete,Incomplete,Incomplete,Complete,Incomplete,Incomplete,Incomplete,Complete,Incomplete,Incomplete,Complete,Complete,Incomplete,Complete,Complete,Incomplete,Complete,Complete,Complete,Incomplete,Incomplete,Incomplete,Incomplete,Incomplete,Incomplete,Incomplete,Incomplete,Incomplete,Complete,Complete,Incomplete,Complete
"M00530 | Dissimilatory nitrate reduction, nitrate => ammonia",Incomplete,Complete,Incomplete,Incomplete,Incomplete,Incomplete,Incomplete,Complete,Complete,Complete,Incomplete,Complete,Incomplete,Incomplete,Incomplete,Incomplete,Complete,Incomplete,Incomplete,Incomplete,Complete,Incomplete,Incomplete,Incomplete,Complete,Incomplete,Complete,Complete,1 block missing,Incomplete,Incomplete,Incomplete,Incomplete,Incomplete,Incomplete,Incomplete,Incomplete,Incomplete,Complete,Incomplete,Incomplete,Incomplete,Complete,Incomplete,Incomplete,1 block missing,Complete,Incomplete,Complete,Complete,Incomplete,Complete,Complete,Incomplete,Incomplete,Incomplete,Incomplete,Incomplete,Incomplete,Incomplete,Incomplete,Incomplete,Incomplete,Complete,Complete,Incomplete,1 block missing
"M00531 | Assimilatory nitrate reduction, nitrate => ammonia",Incomplete,Incomplete,Incomplete,Incomplete,Incomplete,Incomplete,Incomplete,Incomplete,Incomplete,1 block missing,Incomplete,Incomplete,Incomplete,Incomplete,Incomplete,Incomplete,Incomplete,Incomplete,Incomplete,Incomplete,1 block missing,Incomplete,Incomplete,Incomplete,Incomplete,Incomplete,Incomplete,Incomplete,Incomplete,Incomplete,Incomplete,Incomplete,Incomplete,Incomplete,Incomplete,Incomplete,Incomplete,Incomplete,Incomplete,Incomplete,Incomplete,Incomplete,Incomplete,Incomplete,Incomplete,Incomplete,Incomplete,Incomplete,Incomplete,Incomplete,Incomplete,Incomplete,1 block missing,Incomplete,Incomplete,Incomplete,Incomplete,Incomplete,Incomplete,Incomplete,Incomplete,Incomplete,Incomplete,1 block missing,1 block missing,Incomplete,Incomplete
M00532 | Photorespiration,Incomplete,Incomplete,Incomplete,Incomplete,Incomplete,Incomplete,Incomplete,Complete,Incomplete,1 block missing,Incomplete,Incomplete,Incomplete,Incomplete,Incomplete,Incomplete,1 block missing,Incomplete,Incomplete,Incomplete,1 block missing,Incomplete,Incomplete,Incomplete,Incomplete,Incomplete,Incomplete,Incomplete,Incomplete,Incomplete,Incomplete,Incomplete,Incomplete,Incomplete,Incomplete,Incomplete,Incomplete,Incomplete,Incomplete,Incomplete,Incomplete,Incomplete,Incomplete,Incomplete,Incomplete,Incomplete,Incomplete,Incomplete,Incomplete,Incomplete,Incomplete,Incomplete,Incomplete,Incomplete,Incomplete,Incomplete,Incomplete,Incomplete,Incomplete,Incomplete,Incomplete,Incomplete,Incomplete,Incomplete,Incomplete,Incomplete,Incomplete
"M00533 | Homoprotocatechuate degradation, homoprotocatechuate => 2-oxohept-3-enedioate",Incomplete,Complete,Incomplete,Incomplete,Incomplete,Incomplete,Incomplete,Complete,Incomplete,Complete,Incomplete,1 block missing,Incomplete,Incomplete,Incomplete,Incomplete,Complete,Incomplete,Incomplete,Complete,1 block missing,1 block missing,Incomplete,Complete,Complete,Incomplete,Complete,Complete,Incomplete,Incomplete,Incomplete,Complete,1 block missing,Incomplete,Incomplete,Incomplete,Incomplete,Incomplete,Complete,1 block missing,Incomplete,Incomplete,Complete,Incomplete,Incomplete,Complete,Complete,Incomplete,Complete,Complete,Incomplete,1 block missing,Complete,1 block missing,Incomplete,Incomplete,Incomplete,Incomplete,Incomplete,Incomplete,Incomplete,Incomplete,Incomplete,Complete,Complete,Incomplete,1 block missing
"M00534 | Naphthalene degradation, naphthalene => salicylate",Incomplete,Incomplete,Incomplete,Incomplete,1 block missing,Incomplete,Incomplete,Incomplete,Incomplete,Incomplete,Incomplete,Incomplete,Incomplete,Incomplete,Incomplete,Incomplete,Incomplete,Incomplete,Incomplete,Incomplete,Incomplete,Incomplete,Incomplete,Incomplete,Incomplete,Incomplete,Incomplete,Incomplete,Incomplete,Incomplete,Incomplete,Incomplete,Incomplete,Incomplete,Incomplete,Incomplete,Incomplete,Incomplete,Incomplete,Incomplete,Incomplete,Incomplete,Incomplete,Incomplete,Incomplete,1 block missing,Incomplete,Incomplete,Incomplete,Incomplete,Incomplete,Incomplete,Incomplete,Incomplete,Incomplete,Incomplete,Incomplete,Incomplete,Incomplete,Incomplete,Incomplete,Incomplete,Incomplete,Incomplete,Incomplete,Incomplete,Incomplete
"M00535 | Isoleucine biosynthesis, pyruvate => 2-oxobutanoate",1 block missing,Complete,Incomplete,1 block missing,Complete,1 block missing,1 block missing,Complete,Complete,Complete,1 block missing,Complete,1 block missing,Complete,1 block missing,Complete,1 block missing,1 block missing,1 block missing,Complete,Complete,1 block missing,1 block missing,Complete,Complete,1 block missing,Complete,Complete,Complete,1 block missing,1 block missing,Complete,1 block missing,1 block missing,Complete,1 block missing,1 block missing,1 block missing,Complete,1 block missing,1 block missing,1 block missing,Complete,Complete,1 block missing,Complete,1 block missing,1 block missing,Complete,Complete,1 block missing,Complete,Complete,1 block missing,1 block missing,1 block missing,1 block missing,1 block missing,1 block missing,1 block missing,1 block missing,Complete,Complete,Complete,Complete,1 block missing,Complete
"M00537 | Xylene degradation, xylene => methylbenzoate",Incomplete,Incomplete,Incomplete,Incomplete,Incomplete,Incomplete,Incomplete,Incomplete,Incomplete,Incomplete,Incomplete,Incomplete,Incomplete,Incomplete,Incomplete,Incomplete,Incomplete,Incomplete,Incomplete,Incomplete,Incomplete,Incomplete,Incomplete,Incomplete,Incomplete,Incomplete,Incomplete,Incomplete,Incomplete,Incomplete,Incomplete,Incomplete,Incomplete,Incomplete,Incomplete,Incomplete,Incomplete,Incomplete,Incomplete,Incomplete,Incomplete,Incomplete,Incomplete,Incomplete,Incomplete,Incomplete,Incomplete,Incomplete,Incomplete,Incomplete,Incomplete,Incomplete,Incomplete,Incomplete,Incomplete,Incomplete,Incomplete,Incomplete,Incomplete,Incomplete,Incomplete,Incomplete,Incomplete,Incomplete,Incomplete,Incomplete,Incomplete
"M00538 | Toluene degradation, toluene => benzoate",Incomplete,1 block missing,Incomplete,Incomplete,Incomplete,Incomplete,Incomplete,Complete,Incomplete,Incomplete,Incomplete,Incomplete,Incomplete,Incomplete,Incomplete,Incomplete,Incomplete,Incomplete,Incomplete,Incomplete,Incomplete,Incomplete,Incomplete,Incomplete,Complete,Incomplete,Incomplete,1 block missing,Incomplete,Incomplete,Incomplete,Incomplete,Incomplete,Incomplete,Incomplete,Incomplete,Incomplete,Incomplete,1 block missing,Incomplete,Incomplete,Incomplete,Complete,Incomplete,Incomplete,Incomplete,Incomplete,Incomplete,Incomplete,Incomplete,Incomplete,1 block missing,Incomplete,Incomplete,Incomplete,Incomplete,Incomplete,Incomplete,Incomplete,Incomplete,Incomplete,Incomplete,Incomplete,Incomplete,Complete,Incomplete,Incomplete
"M00539 | Cumate degradation, p-cumate => 2-oxopent-4-enoate + 2-methylpropanoate",Incomplete,Incomplete,Incomplete,Incomplete,Incomplete,Incomplete,Incomplete,1 block missing,Incomplete,Incomplete,Incomplete,Incomplete,Incomplete,Incomplete,Incomplete,Incomplete,Incomplete,Incomplete,Incomplete,Incomplete,Incomplete,Incomplete,Incomplete,Incomplete,Incomplete,Incomplete,Incomplete,Incomplete,Incomplete,Incomplete,Incomplete,Incomplete,Incomplete,Incomplete,Incomplete,Incomplete,Incomplete,Incomplete,Incomplete,Incomplete,Incomplete,Incomplete,1 block missing,Incomplete,Incomplete,Incomplete,1 block missing,Incomplete,Incomplete,Incomplete,Incomplete,Incomplete,Incomplete,Incomplete,Incomplete,Incomplete,Incomplete,Incomplete,Incomplete,Incomplete,Incomplete,Incomplete,Incomplete,Incomplete,Incomplete,Incomplete,Incomplete
"M00540 | Benzoate degradation, cyclohexanecarboxylic acid =>pimeloyl-CoA",Incomplete,1 block missing,Incomplete,Incomplete,Incomplete,Incomplete,Incomplete,Complete,1 block missing,1 block missing,Incomplete,Incomplete,Incomplete,Complete,Incomplete,1 block missing,Complete,Incomplete,Incomplete,Incomplete,1 block missing,1 block missing,Incomplete,Incomplete,1 block missing,Incomplete,1 block missing,1 block missing,1 block missing,Incomplete,Incomplete,Incomplete,Incomplete,Incomplete,1 block missing,Incomplete,Incomplete,Incomplete,1 block missing,Incomplete,Incomplete,Incomplete,1 block missing,1 block missing,Incomplete,1 block missing,1 block missing,Incomplete,1 block missing,Complete,Incomplete,1 block missing,1 block missing,Incomplete,Incomplete,Incomplete,Incomplete,Incomplete,Incomplete,Incomplete,Incomplete,Incomplete,1 block missing,1 block missing,1 block missing,Incomplete,1 block missing
"M00541 | Benzoyl-CoA degradation, benzoyl-CoA => 3-hydroxypimeloyl-CoA",Incomplete,1 block missing,Incomplete,Incomplete,Incomplete,Incomplete,Incomplete,Complete,Complete,Complete,Incomplete,Complete,Incomplete,Complete,Incomplete,Complete,Incomplete,Incomplete,Incomplete,Incomplete,Complete,Incomplete,Incomplete,Incomplete,1 block missing,Incomplete,Complete,1 block missing,Complete,Incomplete,Incomplete,1 block missing,Incomplete,Incomplete,Complete,Incomplete,Incomplete,Incomplete,Incomplete,Incomplete,Incomplete,Incomplete,Complete,Complete,Incomplete,Complete,Incomplete,Incomplete,Complete,Incomplete,Incomplete,Complete,Incomplete,Incomplete,Incomplete,Incomplete,Incomplete,Incomplete,Incomplete,Incomplete,Incomplete,Incomplete,Complete,Complete,Incomplete,Incomplete,Complete
"M00542 | EHEC/EPEC pathogenicity signature, T3SS and effectors",Incomplete,Incomplete,Incomplete,Incomplete,Incomplete,Incomplete,Incomplete,Incomplete,Incomplete,Incomplete,Incomplete,Incomplete,Incomplete,Incomplete,Incomplete,Incomplete,Incomplete,Incomplete,Incomplete,Incomplete,Incomplete,Incomplete,Incomplete,Incomplete,Incomplete,Incomplete,Incomplete,Incomplete,Incomplete,Incomplete,Incomplete,Incomplete,Incomplete,Incomplete,Incomplete,Incomplete,Incomplete,Incomplete,Incomplete,Incomplete,Incomplete,Incomplete,Incomplete,Incomplete,Incomplete,Incomplete,Incomplete,Incomplete,Incomplete,Incomplete,Incomplete,Incomplete,Incomplete,Incomplete,Incomplete,Incomplete,Incomplete,Incomplete,Incomplete,Incomplete,Incomplete,Incomplete,Incomplete,Incomplete,Incomplete,Incomplete,Incomplete
"M00543 | Biphenyl degradation, biphenyl => 2-oxopent-4-enoate + benzoate",Incomplete,Incomplete,Incomplete,Incomplete,Incomplete,Incomplete,Incomplete,1 block missing,Incomplete,Incomplete,Incomplete,Incomplete,Incomplete,Incomplete,Incomplete,Incomplete,Incomplete,Incomplete,Incomplete,Incomplete,Incomplete,Incomplete,Incomplete,Incomplete,Incomplete,Incomplete,Incomplete,Incomplete,Incomplete,Incomplete,Incomplete,Incomplete,Incomplete,Incomplete,Incomplete,Incomplete,Incomplete,Incomplete,Incomplete,Incomplete,Incomplete,Incomplete,Incomplete,Incomplete,Incomplete,Incomplete,Incomplete,Incomplete,Incomplete,Incomplete,Incomplete,Incomplete,Incomplete,Incomplete,Incomplete,Incomplete,Incomplete,Incomplete,Incomplete,Incomplete,Incomplete,Incomplete,Incomplete,Incomplete,1 block missing,Incomplete,Incomplete
"M00544 | Carbazole degradation, carbazole => 2-oxopent-4-enoate + anthranilate",Incomplete,Incomplete,Incomplete,Incomplete,Incomplete,Incomplete,Incomplete,1 block missing,Incomplete,Incomplete,Incomplete,Incomplete,Incomplete,Incomplete,Incomplete,Incomplete,Incomplete,Incomplete,Incomplete,Incomplete,Incomplete,Incomplete,Incomplete,Incomplete,Incomplete,Incomplete,Incomplete,Incomplete,Incomplete,Incomplete,Incomplete,Incomplete,Incomplete,Incomplete,Incomplete,Incomplete,Incomplete,Incomplete,Incomplete,Incomplete,Incomplete,Incomplete,Incomplete,Incomplete,Incomplete,Incomplete,Incomplete,Incomplete,Incomplete,Incomplete,Incomplete,Incomplete,Incomplete,Incomplete,Incomplete,Incomplete,Incomplete,Incomplete,Incomplete,Incomplete,Incomplete,Incomplete,Incomplete,Incomplete,Incomplete,Incomplete,Incomplete
"M00545 | Trans-cinnamate degradation, trans-cinnamate => acetyl-CoA",Incomplete,1 block missing,Incomplete,Incomplete,Incomplete,Incomplete,Incomplete,Complete,Incomplete,Incomplete,Incomplete,Incomplete,Incomplete,Incomplete,Incomplete,Incomplete,1 block missing,Incomplete,Incomplete,Incomplete,Incomplete,Incomplete,Incomplete,Incomplete,Incomplete,Incomplete,Incomplete,Complete,Incomplete,Incomplete,Incomplete,Incomplete,Incomplete,Incomplete,Incomplete,Incomplete,Incomplete,Incomplete,1 block missing,Incomplete,Incomplete,Incomplete,Complete,Incomplete,Incomplete,Incomplete,Incomplete,Incomplete,Incomplete,1 block missing,Incomplete,Incomplete,1 block missing,Incomplete,Incomplete,Incomplete,Incomplete,Incomplete,Incomplete,Incomplete,Incomplete,Incomplete,Incomplete,Incomplete,Complete,Incomplete,Incomplete
"M00546 | Purine degradation, xanthine => urea",Incomplete,Incomplete,Incomplete,Incomplete,Incomplete,Incomplete,Incomplete,Incomplete,Incomplete,Incomplete,Incomplete,Incomplete,Incomplete,Incomplete,Incomplete,Incomplete,1 block missing,Incomplete,Incomplete,Incomplete,Incomplete,Incomplete,Incomplete,Incomplete,Incomplete,Incomplete,Incomplete,Incomplete,Incomplete,Incomplete,Incomplete,Incomplete,Incomplete,Incomplete,Incomplete,Incomplete,Incomplete,Incomplete,Incomplete,Incomplete,Incomplete,Incomplete,Incomplete,Incomplete,Incomplete,Incomplete,Incomplete,Incomplete,Incomplete,Incomplete,Incomplete,Incomplete,Incomplete,Incomplete,Incomplete,Incomplete,Incomplete,Incomplete,Incomplete,Incomplete,Incomplete,Incomplete,Incomplete,Incomplete,Incomplete,Incomplete,Incomplete
"M00547 | Benzene/toluene degradation, benzene => catechol / toluene => 3-methylcatechol",Incomplete,Incomplete,Incomplete,Incomplete,Incomplete,Incomplete,Incomplete,1 block missing,Incomplete,Incomplete,Incomplete,Incomplete,Incomplete,Incomplete,Incomplete,Incomplete,Incomplete,Incomplete,Incomplete,Incomplete,Incomplete,Incomplete,Incomplete,Incomplete,Incomplete,Incomplete,Incomplete,Incomplete,Incomplete,Incomplete,Incomplete,Incomplete,Incomplete,Incomplete,Incomplete,Incomplete,Incomplete,Incomplete,Incomplete,Incomplete,Incomplete,Incomplete,Incomplete,Incomplete,Incomplete,Incomplete,Incomplete,Incomplete,Incomplete,Incomplete,Incomplete,Incomplete,Incomplete,Incomplete,Incomplete,Incomplete,Incomplete,Incomplete,Incomplete,Incomplete,Incomplete,Incomplete,Incomplete,Incomplete,Incomplete,Incomplete,Incomplete
"M00548 | Benzene degradation, benzene => catechol",Incomplete,Complete,Incomplete,Incomplete,Complete,Incomplete,Incomplete,Incomplete,Incomplete,Incomplete,Incomplete,Incomplete,Incomplete,Incomplete,Incomplete,Incomplete,Incomplete,Incomplete,Incomplete,Incomplete,Incomplete,Incomplete,Incomplete,Incomplete,1 block missing,Incomplete,1 block missing,Complete,Incomplete,Incomplete,Incomplete,Incomplete,Incomplete,Incomplete,Incomplete,Incomplete,Incomplete,Incomplete,1 block missing,Incomplete,Incomplete,Incomplete,Complete,Incomplete,Incomplete,1 block missing,Incomplete,Incomplete,Incomplete,Incomplete,Incomplete,Complete,Incomplete,Complete,Incomplete,Incomplete,Incomplete,Incomplete,Incomplete,Incomplete,Incomplete,Incomplete,Incomplete,Incomplete,Incomplete,Incomplete,1 block missing
"M00549 | Nucleotide sugar biosynthesis, glucose => UDP-glucose",Incomplete,Incomplete,Incomplete,Incomplete,Incomplete,Incomplete,Incomplete,1 block missing,Incomplete,Incomplete,Incomplete,Incomplete,Incomplete,Incomplete,Incomplete,Incomplete,Incomplete,Incomplete,Incomplete,Incomplete,Complete,Incomplete,Incomplete,Incomplete,Incomplete,Incomplete,Incomplete,Incomplete,Incomplete,Incomplete,Incomplete,Incomplete,Incomplete,Incomplete,Incomplete,Incomplete,Incomplete,Incomplete,Incomplete,Incomplete,Incomplete,Incomplete,Incomplete,Incomplete,Incomplete,Incomplete,Incomplete,Incomplete,1 block missing,Incomplete,Incomplete,Incomplete,Incomplete,Incomplete,Incomplete,Incomplete,Incomplete,Incomplete,Incomplete,Incomplete,Incomplete,Incomplete,Incomplete,Complete,Incomplete,Incomplete,Incomplete
"M00550 | Ascorbate degradation, ascorbate => D-xylulose-5P",Incomplete,Incomplete,Incomplete,Incomplete,Incomplete,Incomplete,Incomplete,Complete,Incomplete,Complete,Incomplete,Incomplete,Incomplete,Incomplete,Incomplete,1 block missing,Complete,Incomplete,Incomplete,Incomplete,Complete,Incomplete,Incomplete,Incomplete,Incomplete,Incomplete,1 block missing,Incomplete,1 block missing,Incomplete,Incomplete,Incomplete,Incomplete,Incomplete,Incomplete,Incomplete,Incomplete,Incomplete,1 block missing,Incomplete,Incomplete,Incomplete,Incomplete,Incomplete,Incomplete,Incomplete,Incomplete,Incomplete,Complete,1 block missing,Incomplete,Incomplete,Complete,Incomplete,Incomplete,Incomplete,Incomplete,Incomplete,Incomplete,Incomplete,Incomplete,Incomplete,Incomplete,Complete,Incomplete,Incomplete,Incomplete
"M00551 | Benzoate degradation, benzoate => catechol / methylbenzoate => methylcatechol",Incomplete,Complete,Incomplete,Incomplete,Complete,Incomplete,Incomplete,Complete,Incomplete,Complete,Incomplete,1 block missing,Incomplete,Incomplete,Incomplete,Incomplete,Complete,Incomplete,Incomplete,Incomplete,Complete,Incomplete,Incomplete,Complete,Complete,Incomplete,Complete,Complete,Incomplete,Incomplete,Incomplete,Incomplete,Incomplete,Incomplete,Incomplete,Incomplete,Incomplete,Incomplete,Complete,Incomplete,Incomplete,Incomplete,Complete,Incomplete,Incomplete,Incomplete,Incomplete,Incomplete,Complete,Complete,Complete,Incomplete,Complete,1 block missing,Incomplete,Incomplete,Incomplete,Incomplete,Incomplete,Incomplete,Incomplete,Incomplete,Incomplete,Complete,Complete,Incomplete,Incomplete
"M00552 | D-galactonate degradation, De Ley-Doudoroff pathway, D-galactonate => glycerate-3P",Incomplete,Complete,Incomplete,Incomplete,Incomplete,Incomplete,Incomplete,Complete,1 block missing,Complete,Incomplete,Complete,Incomplete,Complete,Incomplete,1 block missing,Complete,Incomplete,Incomplete,Complete,Complete,1 block missing,Incomplete,Complete,Complete,Incomplete,Complete,Complete,Complete,Incomplete,Incomplete,1 block missing,Complete,Incomplete,Complete,Incomplete,Incomplete,Incomplete,Complete,1 block missing,Incomplete,Incomplete,Complete,1 block missing,Incomplete,Complete,Complete,Incomplete,Complete,Complete,Incomplete,Complete,Complete,Complete,Incomplete,Incomplete,Incomplete,Incomplete,Incomplete,Incomplete,Incomplete,Incomplete,Complete,Complete,Complete,Incomplete,1 block missing
"M00554 | Nucleotide sugar biosynthesis, galactose => UDP-galactose",1 block missing,Complete,1 block missing,1 block missing,Complete,Incomplete,1 block missing,Complete,Complete,Complete,1 block missing,Complete,1 block missing,Complete,1 block missing,Complete,Complete,1 block missing,Complete,Complete,Complete,1 block missing,1 block missing,Complete,Complete,1 block missing,Complete,Complete,Complete,1 block missing,1 block missing,Complete,Complete,1 block missing,Complete,1 block missing,1 block missing,1 block missing,Complete,Complete,1 block missing,1 block missing,Complete,Complete,Complete,Complete,Complete,1 block missing,Complete,Complete,1 block missing,Complete,Complete,Complete,1 block missing,1 block missing,1 block missing,1 block missing,1 block missing,1 block missing,Incomplete,1 block missing,Complete,Complete,Complete,1 block missing,Complete
"M00555 | Betaine biosynthesis, choline => betaine",Incomplete,1 block missing,Incomplete,Incomplete,Incomplete,Incomplete,Incomplete,Complete,Incomplete,Incomplete,Incomplete,Incomplete,Incomplete,Incomplete,Incomplete,Incomplete,Complete,Incomplete,Incomplete,Incomplete,1 block missing,Incomplete,Incomplete,Incomplete,Incomplete,Incomplete,1 block missing,Incomplete,Incomplete,Incomplete,Incomplete,Incomplete,Incomplete,Incomplete,Incomplete,Incomplete,Incomplete,Incomplete,Complete,Incomplete,Incomplete,Incomplete,Incomplete,Incomplete,Incomplete,Incomplete,Incomplete,Incomplete,1 block missing,1 block missing,Incomplete,Incomplete,Complete,Incomplete,Incomplete,Incomplete,Incomplete,Incomplete,Incomplete,Incomplete,Incomplete,Incomplete,Incomplete,Incomplete,Incomplete,Incomplete,1 block missing
"M00563 | Methanogenesis, methylamine/dimethylamine/trimethylamine => methane",Incomplete,Incomplete,Incomplete,Incomplete,Incomplete,Incomplete,Incomplete,Incomplete,Incomplete,Incomplete,Incomplete,Incomplete,Incomplete,Incomplete,Incomplete,Incomplete,Incomplete,Incomplete,Incomplete,Incomplete,Incomplete,Incomplete,Incomplete,Incomplete,Incomplete,Incomplete,Incomplete,Incomplete,Incomplete,Incomplete,Incomplete,Incomplete,Incomplete,Incomplete,Incomplete,Incomplete,Incomplete,Incomplete,Incomplete,Incomplete,Incomplete,Incomplete,Incomplete,Incomplete,Incomplete,Incomplete,Incomplete,Incomplete,Incomplete,Incomplete,Incomplete,Incomplete,Incomplete,Incomplete,Incomplete,Incomplete,Incomplete,Incomplete,Incomplete,Incomplete,Incomplete,Incomplete,Incomplete,Incomplete,Incomplete,Incomplete,Incomplete
"M00564 | Helicobacter pylori pathogenicity signature, cagA pathogenicity island",Incomplete,Incomplete,Incomplete,Incomplete,Incomplete,Incomplete,Incomplete,Incomplete,Incomplete,Incomplete,Incomplete,Incomplete,Incomplete,Incomplete,Incomplete,Incomplete,Incomplete,Incomplete,Incomplete,Incomplete,Incomplete,Incomplete,Incomplete,Incomplete,Incomplete,Incomplete,Incomplete,Incomplete,Incomplete,Incomplete,Incomplete,Incomplete,Incomplete,Incomplete,Incomplete,Incomplete,Incomplete,Incomplete,Incomplete,Incomplete,Incomplete,Incomplete,Incomplete,Incomplete,Incomplete,Incomplete,Incomplete,Incomplete,Incomplete,Incomplete,Incomplete,Incomplete,Incomplete,Incomplete,Incomplete,Incomplete,Incomplete,Incomplete,Incomplete,Incomplete,Incomplete,Incomplete,Incomplete,Incomplete,Incomplete,Incomplete,Incomplete
"M00565 | Trehalose biosynthesis, D-glucose 1P => trehalose",1 block missing,Complete,Incomplete,1 block missing,Incomplete,Incomplete,Incomplete,Complete,1 block missing,1 block missing,Incomplete,1 block missing,1 block missing,1 block missing,1 block missing,1 block missing,Complete,1 block missing,1 block missing,1 block missing,1 block missing,Incomplete,1 block missing,1 block missing,1 block missing,1 block missing,1 block missing,1 block missing,1 block missing,1 block missing,1 block missing,1 block missing,Incomplete,1 block missing,1 block missing,Incomplete,Incomplete,1 block missing,1 block missing,1 block missing,1 block missing,1 block missing,1 block missing,1 block missing,Incomplete,1 block missing,Incomplete,Incomplete,1 block missing,1 block missing,Incomplete,1 block missing,Complete,Incomplete,1 block missing,1 block missing,Incomplete,1 block missing,1 block missing,Incomplete,Incomplete,Incomplete,1 block missing,1 block missing,1 block missing,Incomplete,1 block missing
"M00567 | Methanogenesis, CO2 => methane",Incomplete,Incomplete,Incomplete,Incomplete,Incomplete,Incomplete,Incomplete,Incomplete,Incomplete,Incomplete,Incomplete,Incomplete,Incomplete,Incomplete,Incomplete,Incomplete,Incomplete,Incomplete,Incomplete,Incomplete,Incomplete,Incomplete,Incomplete,Incomplete,Incomplete,Incomplete,Incomplete,Incomplete,Incomplete,Incomplete,Incomplete,Incomplete,Incomplete,Incomplete,Incomplete,Incomplete,Incomplete,Incomplete,Incomplete,Incomplete,Incomplete,Incomplete,Incomplete,Incomplete,Incomplete,Incomplete,Incomplete,Incomplete,Incomplete,Incomplete,Incomplete,Incomplete,Incomplete,Incomplete,Incomplete,Incomplete,Incomplete,Incomplete,Incomplete,Incomplete,Incomplete,Incomplete,Incomplete,Incomplete,Incomplete,Incomplete,Incomplete
"M00568 | Catechol ortho-cleavage, catechol => 3-oxoadipate",Incomplete,Complete,Incomplete,Incomplete,Incomplete,Incomplete,Incomplete,Complete,1 block missing,Complete,Incomplete,Complete,Incomplete,1 block missing,Incomplete,1 block missing,Complete,Incomplete,Incomplete,1 block missing,Complete,Complete,Incomplete,Complete,Complete,Incomplete,1 block missing,Complete,1 block missing,Incomplete,Incomplete,Incomplete,Incomplete,Incomplete,1 block missing,Incomplete,Incomplete,Incomplete,Complete,Incomplete,Incomplete,Incomplete,Complete,1 block missing,Incomplete,1 block missing,1 block missing,Incomplete,Complete,Complete,Incomplete,Complete,Complete,Incomplete,Incomplete,Incomplete,Incomplete,Incomplete,Incomplete,Incomplete,Incomplete,Incomplete,1 block missing,1 block missing,Complete,Incomplete,Complete
"M00569 | Catechol meta-cleavage, catechol => acetyl-CoA / 4-methylcatechol => propanoyl-CoA",Incomplete,Complete,Incomplete,Incomplete,Incomplete,Incomplete,Incomplete,Incomplete,Incomplete,Complete,Incomplete,1 block missing,Incomplete,Incomplete,Incomplete,Incomplete,Complete,Incomplete,Incomplete,Incomplete,Complete,1 block missing,Incomplete,Incomplete,Complete,Incomplete,Incomplete,Complete,Incomplete,Incomplete,Incomplete,Incomplete,Incomplete,Incomplete,Incomplete,Incomplete,Incomplete,Incomplete,Complete,Incomplete,Incomplete,Incomplete,Complete,Incomplete,Incomplete,Incomplete,Incomplete,Incomplete,Incomplete,1 block missing,Incomplete,1 block missing,Complete,Complete,Incomplete,Incomplete,Incomplete,Incomplete,Incomplete,Incomplete,Incomplete,Incomplete,Incomplete,Incomplete,Complete,Incomplete,1 block missing
"M00570 | Isoleucine biosynthesis, threonine => 2-oxobutanoate => isoleucine",Incomplete,1 block missing,Incomplete,Incomplete,Incomplete,Incomplete,Incomplete,Complete,1 block missing,Complete,Incomplete,Complete,Incomplete,Incomplete,Incomplete,Incomplete,Complete,Incomplete,Incomplete,1 block missing,1 block missing,1 block missing,Incomplete,Incomplete,Complete,Incomplete,1 block missing,Complete,1 block missing,Incomplete,Incomplete,1 block missing,Incomplete,Incomplete,Incomplete,Incomplete,Incomplete,Incomplete,Complete,Incomplete,Incomplete,Incomplete,Complete,1 block missing,Incomplete,1 block missing,Incomplete,Incomplete,1 block missing,1 block missing,Incomplete,1 block missing,Complete,Complete,Incomplete,Incomplete,Incomplete,Incomplete,Incomplete,Incomplete,Incomplete,Incomplete,1 block missing,1 block missing,Incomplete,Incomplete,1 block missing
"M00572 | Pimeloyl-ACP biosynthesis, BioC-BioH pathway, malonyl-ACP => pimeloyl-ACP",Incomplete,Incomplete,Incomplete,Incomplete,Incomplete,Incomplete,Incomplete,Incomplete,Incomplete,Incomplete,Incomplete,Incomplete,Incomplete,Incomplete,Incomplete,Incomplete,Incomplete,Incomplete,Incomplete,Incomplete,Incomplete,Incomplete,Incomplete,Incomplete,Incomplete,Incomplete,Incomplete,Incomplete,Incomplete,Incomplete,Incomplete,Incomplete,Incomplete,Incomplete,Incomplete,Incomplete,Incomplete,Incomplete,Incomplete,Incomplete,Incomplete,Incomplete,Incomplete,Incomplete,Incomplete,Incomplete,Incomplete,Incomplete,Incomplete,Incomplete,Incomplete,Incomplete,Incomplete,Incomplete,Incomplete,Incomplete,Incomplete,Incomplete,Incomplete,Incomplete,Incomplete,Incomplete,Incomplete,Incomplete,Incomplete,Incomplete,Incomplete
"M00573 | Biotin biosynthesis, BioI pathway, long-chain-acyl-ACP => pimeloyl-ACP => biotin",Incomplete,Incomplete,Incomplete,Incomplete,Incomplete,Incomplete,Incomplete,Complete,1 block missing,1 block missing,Incomplete,1 block missing,Incomplete,Incomplete,Incomplete,Incomplete,1 block missing,Incomplete,Incomplete,Incomplete,Incomplete,Incomplete,Incomplete,Incomplete,Complete,Incomplete,1 block missing,1 block missing,1 block missing,Incomplete,Incomplete,Incomplete,Incomplete,Incomplete,1 block missing,Incomplete,Incomplete,Incomplete,Incomplete,Incomplete,Incomplete,Incomplete,Incomplete,Incomplete,Incomplete,Incomplete,Incomplete,Incomplete,Incomplete,1 block missing,Incomplete,1 block missing,Incomplete,Incomplete,Incomplete,Incomplete,Incomplete,Incomplete,Incomplete,Incomplete,Incomplete,Incomplete,1 block missing,1 block missing,Complete,Incomplete,Incomplete
"M00574 | Pertussis pathogenicity signature, pertussis toxin",Incomplete,Incomplete,Incomplete,Incomplete,Incomplete,Incomplete,Incomplete,Incomplete,Incomplete,Incomplete,Incomplete,Incomplete,Incomplete,Incomplete,Incomplete,Incomplete,Incomplete,Incomplete,Incomplete,Incomplete,Incomplete,Incomplete,Incomplete,Incomplete,Incomplete,Incomplete,Incomplete,Incomplete,Incomplete,Incomplete,Incomplete,Incomplete,Incomplete,Incomplete,Incomplete,Incomplete,Incomplete,Incomplete,Incomplete,Incomplete,Incomplete,Incomplete,Incomplete,Incomplete,Incomplete,Incomplete,Incomplete,Incomplete,Incomplete,Incomplete,Incomplete,Incomplete,Incomplete,Incomplete,Incomplete,Incomplete,Incomplete,Incomplete,Incomplete,Incomplete,Incomplete,Incomplete,Incomplete,Incomplete,Incomplete,Incomplete,Incomplete
"M00575 | Pertussis pathogenicity signature, T1SS",Incomplete,1 block missing,Incomplete,Incomplete,Incomplete,Incomplete,Incomplete,Incomplete,Incomplete,1 block missing,Incomplete,Incomplete,Incomplete,Incomplete,Incomplete,Incomplete,1 block missing,Incomplete,Incomplete,1 block missing,1 block missing,Incomplete,Incomplete,Incomplete,1 block missing,Incomplete,Incomplete,1 block missing,Incomplete,Incomplete,Incomplete,1 block missing,Incomplete,Incomplete,Incomplete,Incomplete,Incomplete,Incomplete,1 block missing,Incomplete,Incomplete,Incomplete,Incomplete,Incomplete,Incomplete,1 block missing,1 block missing,Incomplete,Incomplete,1 block missing,Incomplete,1 block missing,1 block missing,1 block missing,Incomplete,Incomplete,Incomplete,Incomplete,Incomplete,Incomplete,Incomplete,Incomplete,Incomplete,Incomplete,1 block missing,Incomplete,Incomplete
"M00576 | ETEC pathogenicity signature, heat-labile and heat-stable enterotoxins",Incomplete,Incomplete,Incomplete,Incomplete,Incomplete,Incomplete,Incomplete,Incomplete,Incomplete,Incomplete,Incomplete,Incomplete,Incomplete,Incomplete,Incomplete,Incomplete,Incomplete,Incomplete,Incomplete,Incomplete,Incomplete,Incomplete,Incomplete,Incomplete,Incomplete,Incomplete,Incomplete,Incomplete,Incomplete,Incomplete,Incomplete,Incomplete,Incomplete,Incomplete,Incomplete,Incomplete,Incomplete,Incomplete,Incomplete,Incomplete,Incomplete,Incomplete,Incomplete,Incomplete,Incomplete,Incomplete,Incomplete,Incomplete,Incomplete,Incomplete,Incomplete,Incomplete,Incomplete,Incomplete,Incomplete,Incomplete,Incomplete,Incomplete,Incomplete,Incomplete,Incomplete,Incomplete,Incomplete,Incomplete,Incomplete,Incomplete,Incomplete
"M00577 | Biotin biosynthesis, BioW pathway, pimelate => pimeloyl-CoA => biotin",Incomplete,1 block missing,Incomplete,1 block missing,1 block missing,Incomplete,Incomplete,Complete,1 block missing,1 block missing,Incomplete,Complete,Incomplete,1 block missing,1 block missing,Incomplete,1 block missing,1 block missing,1 block missing,1 block missing,1 block missing,Incomplete,1 block missing,Incomplete,1 block missing,1 block missing,Incomplete,Incomplete,1 block missing,1 block missing,Incomplete,Incomplete,Incomplete,1 block missing,Complete,1 block missing,1 block missing,1 block missing,1 block missing,Incomplete,Incomplete,1 block missing,Incomplete,Incomplete,Incomplete,1 block missing,Incomplete,Incomplete,1 block missing,1 block missing,Incomplete,1 block missing,1 block missing,1 block missing,1 block missing,1 block missing,1 block missing,1 block missing,1 block missing,Incomplete,Incomplete,Incomplete,1 block missing,Complete,1 block missing,Incomplete,1 block missing
"M00579 | Phosphate acetyltransferase-acetate kinase pathway, acetyl-CoA => acetate",Incomplete,Complete,Incomplete,Incomplete,1 block missing,Incomplete,Incomplete,Complete,Complete,Complete,Incomplete,Complete,Incomplete,Complete,Incomplete,1 block missing,Complete,Incomplete,Incomplete,1 block missing,Complete,Incomplete,Incomplete,Complete,Complete,Incomplete,Complete,Complete,Complete,Incomplete,Incomplete,1 block missing,1 block missing,Incomplete,1 block missing,Incomplete,Incomplete,Incomplete,Complete,Incomplete,Incomplete,Incomplete,Complete,Complete,Incomplete,Complete,Incomplete,Incomplete,Complete,Complete,Incomplete,Complete,Complete,1 block missing,Incomplete,Incomplete,Incomplete,Incomplete,Incomplete,Incomplete,Incomplete,1 block missing,Complete,Complete,Complete,Incomplete,Complete
"M00580 | Pentose phosphate pathway, archaea, fructose 6P => ribose 5P",Incomplete,1 block missing,Incomplete,Incomplete,Complete,Incomplete,Incomplete,Complete,Complete,Complete,Incomplete,Complete,Incomplete,Complete,Incomplete,Complete,1 block missing,Incomplete,Incomplete,Complete,Complete,Incomplete,Incomplete,Incomplete,1 block missing,Incomplete,Complete,1 block missing,Complete,Incomplete,Incomplete,1 block missing,Incomplete,Incomplete,Complete,Incomplete,Incomplete,Incomplete,1 block missing,Incomplete,Incomplete,Incomplete,Incomplete,Complete,Incomplete,Complete,Incomplete,Incomplete,Complete,1 block missing,Incomplete,Complete,1 block missing,Incomplete,Incomplete,Incomplete,Incomplete,Incomplete,Incomplete,Incomplete,Incomplete,Incomplete,Complete,Complete,1 block missing,Incomplete,Complete
"M00595 | Thiosulfate oxidation by SOX complex, thiosulfate => sulfate",Incomplete,1 block missing,Incomplete,Incomplete,1 block missing,Incomplete,Incomplete,1 block missing,Incomplete,1 block missing,Incomplete,1 block missing,Incomplete,Incomplete,Incomplete,Incomplete,1 block missing,Incomplete,Incomplete,1 block missing,1 block missing,1 block missing,Incomplete,1 block missing,1 block missing,Incomplete,1 block missing,1 block missing,Incomplete,Incomplete,Incomplete,1 block missing,1 block missing,Incomplete,Incomplete,Incomplete,Incomplete,Incomplete,1 block missing,1 block missing,Incomplete,Incomplete,1 block missing,Incomplete,Incomplete,1 block missing,1 block missing,Incomplete,1 block missing,1 block missing,Incomplete,1 block missing,1 block missing,1 block missing,Incomplete,Incomplete,Incomplete,Incomplete,Incomplete,Incomplete,Incomplete,1 block missing,Incomplete,1 block missing,1 block missing,Incomplete,1 block missing
"M00596 | Dissimilatory sulfate reduction, sulfate => H2S",Incomplete,Complete,Incomplete,Incomplete,Complete,Incomplete,Incomplete,Complete,Complete,Complete,Incomplete,Complete,Incomplete,Complete,Incomplete,Complete,Complete,Incomplete,Incomplete,Complete,Complete,Incomplete,Incomplete,Incomplete,Complete,Incomplete,Complete,Complete,Complete,Incomplete,Incomplete,Complete,Incomplete,Incomplete,Complete,Incomplete,Incomplete,Incomplete,Complete,Complete,Incomplete,Incomplete,Complete,Complete,Incomplete,Complete,Incomplete,Incomplete,Complete,1 block missing,1 block missing,Complete,Complete,Complete,Incomplete,Incomplete,Incomplete,Incomplete,Incomplete,Incomplete,Incomplete,Incomplete,Complete,Complete,Complete,Incomplete,Complete
M00597 | Anoxygenic photosystem II,Incomplete,Complete,Incomplete,Incomplete,Incomplete,Incomplete,Incomplete,Incomplete,Incomplete,Complete,Incomplete,Incomplete,Incomplete,Incomplete,Incomplete,Incomplete,Complete,Incomplete,Incomplete,Incomplete,Complete,Complete,Incomplete,Complete,Complete,Incomplete,Complete,Complete,Incomplete,Incomplete,Incomplete,Incomplete,Complete,Incomplete,Incomplete,Incomplete,Incomplete,Incomplete,Complete,Complete,Incomplete,Incomplete,Complete,Incomplete,Incomplete,Incomplete,Complete,Incomplete,Complete,Complete,Incomplete,Incomplete,Complete,Incomplete,Incomplete,Incomplete,Incomplete,Incomplete,Incomplete,Incomplete,Incomplete,Incomplete,Incomplete,Complete,Incomplete,Incomplete,Incomplete
M00598 | Anoxygenic photosystem I,Incomplete,Incomplete,Incomplete,Incomplete,Incomplete,Incomplete,Incomplete,Incomplete,Incomplete,Complete,Incomplete,Incomplete,Incomplete,Incomplete,Incomplete,Incomplete,Incomplete,Incomplete,Incomplete,Incomplete,Complete,Incomplete,Incomplete,Incomplete,Incomplete,Incomplete,Complete,Incomplete,Incomplete,Incomplete,Incomplete,Incomplete,Incomplete,Incomplete,Incomplete,Incomplete,Incomplete,Incomplete,Incomplete,Incomplete,Incomplete,Incomplete,Incomplete,Incomplete,Incomplete,Incomplete,Incomplete,Incomplete,Complete,Incomplete,Incomplete,Incomplete,1 block missing,Incomplete,Incomplete,Incomplete,Incomplete,Incomplete,Incomplete,Incomplete,Incomplete,Incomplete,Incomplete,Complete,Incomplete,Incomplete,Incomplete
"M00608 | 2-Oxocarboxylic acid chain extension, 2-oxoglutarate => 2-oxoadipate => 2-oxopimelate => 2-oxosuberate",Incomplete,Incomplete,Incomplete,Incomplete,Incomplete,Incomplete,Incomplete,Complete,Complete,Complete,Incomplete,Incomplete,Incomplete,Complete,Incomplete,Complete,Incomplete,Incomplete,Incomplete,Complete,Complete,Incomplete,Incomplete,Incomplete,Incomplete,Incomplete,Complete,Incomplete,Complete,Incomplete,Incomplete,Incomplete,Incomplete,Incomplete,Complete,Incomplete,Incomplete,Incomplete,1 block missing,Incomplete,Incomplete,Incomplete,Incomplete,Complete,Incomplete,Complete,Incomplete,Incomplete,Complete,Complete,Incomplete,Complete,1 block missing,Incomplete,Incomplete,Incomplete,Incomplete,Incomplete,Incomplete,Incomplete,Incomplete,Incomplete,Complete,Complete,Complete,Incomplete,Complete
"M00609 | Cysteine biosynthesis, methionine => cysteine",Incomplete,Incomplete,Incomplete,Incomplete,Incomplete,Incomplete,Incomplete,1 block missing,1 block missing,1 block missing,Incomplete,Incomplete,Incomplete,Incomplete,Incomplete,1 block missing,Complete,Incomplete,Incomplete,Incomplete,1 block missing,Incomplete,Incomplete,Incomplete,Incomplete,Incomplete,Incomplete,1 block missing,1 block missing,Incomplete,Incomplete,Incomplete,Incomplete,Incomplete,Incomplete,Incomplete,Incomplete,Incomplete,Complete,Incomplete,Incomplete,Incomplete,Incomplete,Incomplete,Incomplete,1 block missing,Incomplete,Incomplete,1 block missing,Complete,Incomplete,Incomplete,Complete,Incomplete,Incomplete,Incomplete,Incomplete,Incomplete,Incomplete,Incomplete,Incomplete,Incomplete,1 block missing,1 block missing,Incomplete,Incomplete,1 block missing
M00611 | Oxygenic_photosynthesis_in_plants_and_cyanobacteria,Incomplete,Incomplete,Incomplete,Incomplete,Incomplete,Incomplete,Incomplete,Incomplete,Incomplete,Incomplete,Incomplete,Incomplete,Incomplete,Incomplete,Incomplete,Incomplete,Incomplete,Incomplete,Incomplete,Incomplete,Incomplete,Incomplete,Incomplete,Incomplete,Incomplete,Incomplete,Incomplete,Incomplete,Incomplete,Incomplete,Incomplete,Incomplete,Incomplete,Incomplete,Incomplete,Incomplete,Incomplete,Incomplete,Incomplete,Incomplete,Incomplete,Incomplete,Incomplete,Incomplete,Incomplete,Incomplete,Incomplete,Incomplete,Incomplete,Incomplete,Incomplete,Incomplete,Complete,Incomplete,Incomplete,Incomplete,Incomplete,Incomplete,Incomplete,Incomplete,Incomplete,Incomplete,Incomplete,Incomplete,Incomplete,Incomplete,Incomplete
M00612 | Anoxygenic_photosynthesis_in_purple_bacteria,Incomplete,Incomplete,Incomplete,Incomplete,Incomplete,Incomplete,Incomplete,Incomplete,Incomplete,Incomplete,Incomplete,Incomplete,Incomplete,Incomplete,Incomplete,Incomplete,Incomplete,Incomplete,Incomplete,Incomplete,1 block missing,Incomplete,Incomplete,Incomplete,Incomplete,Incomplete,Complete,Incomplete,Incomplete,Incomplete,Incomplete,Incomplete,Incomplete,Incomplete,Incomplete,Incomplete,Incomplete,Incomplete,Incomplete,Incomplete,Incomplete,Incomplete,Incomplete,Incomplete,Incomplete,Incomplete,Incomplete,Incomplete,Complete,Incomplete,Incomplete,Incomplete,Complete,Incomplete,Incomplete,Incomplete,Incomplete,Incomplete,Incomplete,Incomplete,Incomplete,Incomplete,Incomplete,1 block missing,Incomplete,Incomplete,Incomplete
M00613 | Anoxygenic_photosynthesis_in_green_nonsulfur_bacteria,Incomplete,Complete,Incomplete,Incomplete,Incomplete,Incomplete,Incomplete,Incomplete,Incomplete,1 block missing,Incomplete,Incomplete,Incomplete,Incomplete,Incomplete,Incomplete,Complete,Incomplete,Incomplete,Incomplete,1 block missing,Incomplete,Incomplete,Incomplete,Incomplete,Incomplete,Complete,1 block missing,Incomplete,Incomplete,Incomplete,Incomplete,Incomplete,Incomplete,Incomplete,Incomplete,Incomplete,Incomplete,Complete,Incomplete,Incomplete,Incomplete,Incomplete,Incomplete,Incomplete,Incomplete,Incomplete,Incomplete,Complete,Complete,Incomplete,Incomplete,Complete,Incomplete,Incomplete,Incomplete,Incomplete,Incomplete,Incomplete,Incomplete,Incomplete,Incomplete,Incomplete,Complete,Incomplete,Incomplete,Incomplete
M00614 | Anoxygenic_photosynthesis_in_green_sulfur_bacteria,Incomplete,Incomplete,Incomplete,Incomplete,Incomplete,Incomplete,Incomplete,Incomplete,Incomplete,Incomplete,Incomplete,Incomplete,Incomplete,Incomplete,Incomplete,Incomplete,Incomplete,Incomplete,Incomplete,Incomplete,Incomplete,Incomplete,Incomplete,Incomplete,Incomplete,Incomplete,Incomplete,Incomplete,Incomplete,Incomplete,Incomplete,Incomplete,Incomplete,Incomplete,Incomplete,Incomplete,Incomplete,Incomplete,Incomplete,Incomplete,Incomplete,Incomplete,Incomplete,Incomplete,Incomplete,Incomplete,Incomplete,Incomplete,Incomplete,Incomplete,Incomplete,Incomplete,Incomplete,Incomplete,Incomplete,Incomplete,Incomplete,Incomplete,Incomplete,Incomplete,Incomplete,Incomplete,Incomplete,Incomplete,Incomplete,Incomplete,Incomplete
M00615 | Nitrate_assimilation,Incomplete,Incomplete,Incomplete,Incomplete,Incomplete,Incomplete,Incomplete,Incomplete,Incomplete,Incomplete,Incomplete,Incomplete,Incomplete,Incomplete,Incomplete,Incomplete,Incomplete,Incomplete,Incomplete,Incomplete,Incomplete,Incomplete,Incomplete,Incomplete,Incomplete,Incomplete,Incomplete,Incomplete,Incomplete,Incomplete,Incomplete,Incomplete,Incomplete,Incomplete,Incomplete,Incomplete,Incomplete,Incomplete,Incomplete,Incomplete,Incomplete,Incomplete,Incomplete,Incomplete,Incomplete,Incomplete,Incomplete,Incomplete,Incomplete,Incomplete,Incomplete,Incomplete,1 block missing,Incomplete,Incomplete,Incomplete,Incomplete,Incomplete,Incomplete,Incomplete,Incomplete,Incomplete,Incomplete,1 block missing,1 block missing,Incomplete,Incomplete
M00616 | Sulfate-sulfur_assimilation,Incomplete,1 block missing,Incomplete,Incomplete,Incomplete,Incomplete,Incomplete,1 block missing,Incomplete,1 block missing,Incomplete,Incomplete,Incomplete,1 block missing,Incomplete,Incomplete,1 block missing,Incomplete,Incomplete,Incomplete,1 block missing,Incomplete,Incomplete,Incomplete,Incomplete,Incomplete,1 block missing,1 block missing,1 block missing,Incomplete,Incomplete,Incomplete,Incomplete,Incomplete,Incomplete,Incomplete,Incomplete,Incomplete,1 block missing,Incomplete,Incomplete,Incomplete,Incomplete,Incomplete,Incomplete,Incomplete,Incomplete,Incomplete,1 block missing,1 block missing,Incomplete,Incomplete,1 block missing,Incomplete,Incomplete,Incomplete,Incomplete,Incomplete,Incomplete,Incomplete,Incomplete,Incomplete,Incomplete,1 block missing,1 block missing,Incomplete,Incomplete
M00617 | Methanogen,Incomplete,Incomplete,Incomplete,Incomplete,Incomplete,Incomplete,Incomplete,Incomplete,Incomplete,Incomplete,Incomplete,Incomplete,Incomplete,Incomplete,Incomplete,Incomplete,Incomplete,Incomplete,Incomplete,Incomplete,Incomplete,Incomplete,Incomplete,Incomplete,Incomplete,Incomplete,Incomplete,Incomplete,Incomplete,Incomplete,Incomplete,Incomplete,Incomplete,Incomplete,Incomplete,Incomplete,Incomplete,Incomplete,Incomplete,Incomplete,Incomplete,Incomplete,Incomplete,Incomplete,Incomplete,Incomplete,Incomplete,Incomplete,Incomplete,Incomplete,Incomplete,Incomplete,Incomplete,Incomplete,Incomplete,Incomplete,Incomplete,Incomplete,Incomplete,Incomplete,Incomplete,Incomplete,Incomplete,Incomplete,Incomplete,Incomplete,Incomplete
M00618 | Acetogen,Incomplete,Incomplete,Incomplete,Incomplete,Incomplete,Incomplete,Incomplete,Complete,Complete,Complete,Incomplete,Complete,Incomplete,Complete,Incomplete,1 block missing,1 block missing,Incomplete,Incomplete,1 block missing,Complete,Incomplete,Incomplete,Incomplete,Incomplete,Incomplete,Complete,Incomplete,Complete,Incomplete,Incomplete,1 block missing,Incomplete,Incomplete,1 block missing,Incomplete,Incomplete,Incomplete,Complete,Incomplete,Incomplete,Incomplete,Incomplete,Complete,Incomplete,Complete,Incomplete,Incomplete,Complete,1 block missing,Incomplete,Complete,1 block missing,Incomplete,Incomplete,Incomplete,Incomplete,Incomplete,Incomplete,Incomplete,Incomplete,Incomplete,Complete,Complete,1 block missing,Incomplete,Complete
"M00620 | Incomplete reductive citrate cycle, acetyl-CoA => oxoglutarate",Incomplete,Complete,Incomplete,Incomplete,Incomplete,Incomplete,Incomplete,Complete,Complete,Complete,Incomplete,Incomplete,Incomplete,Complete,Incomplete,Complete,Incomplete,Incomplete,Incomplete,Complete,Complete,Incomplete,Incomplete,Incomplete,1 block missing,Incomplete,1 block missing,1 block missing,Complete,Incomplete,Incomplete,Complete,Incomplete,Incomplete,Complete,Incomplete,Incomplete,Incomplete,1 block missing,Incomplete,Incomplete,Incomplete,Incomplete,Complete,Incomplete,1 block missing,Incomplete,Incomplete,Complete,1 block missing,Incomplete,1 block missing,Incomplete,Incomplete,Incomplete,Incomplete,Incomplete,Incomplete,Incomplete,Incomplete,Incomplete,Incomplete,Complete,Complete,1 block missing,Incomplete,Complete
"M00622 | Nicotinate degradation, nicotinate => fumarate",Incomplete,Complete,Incomplete,Incomplete,Incomplete,Incomplete,Incomplete,Complete,Incomplete,Complete,Incomplete,Incomplete,Incomplete,Incomplete,Incomplete,Incomplete,1 block missing,Incomplete,Incomplete,Incomplete,Complete,Complete,Incomplete,Complete,Complete,Incomplete,Complete,Complete,Incomplete,Incomplete,Incomplete,Incomplete,Incomplete,Incomplete,Incomplete,Incomplete,Incomplete,Incomplete,Complete,Incomplete,Incomplete,Incomplete,Complete,Incomplete,Incomplete,Incomplete,Incomplete,Incomplete,Complete,Complete,Incomplete,Incomplete,Complete,Incomplete,Incomplete,Incomplete,Incomplete,Incomplete,Incomplete,Incomplete,Incomplete,Incomplete,Incomplete,1 block missing,Complete,Incomplete,Incomplete
"M00623 | Phthalate degradation, phthalate => protocatechuate",Incomplete,Complete,Incomplete,Incomplete,Incomplete,Incomplete,Incomplete,1 block missing,Incomplete,1 block missing,Incomplete,Incomplete,Incomplete,Incomplete,Incomplete,Incomplete,Complete,Incomplete,Incomplete,Complete,Incomplete,Incomplete,Incomplete,Complete,Complete,Incomplete,1 block missing,Complete,Incomplete,Incomplete,Incomplete,Incomplete,Incomplete,Incomplete,Incomplete,Incomplete,Incomplete,Incomplete,Complete,Incomplete,Incomplete,Incomplete,Complete,Incomplete,Incomplete,Incomplete,Incomplete,Incomplete,Incomplete,Complete,Incomplete,Incomplete,Complete,Incomplete,Incomplete,Incomplete,Incomplete,Incomplete,Incomplete,Incomplete,Incomplete,Incomplete,Incomplete,Complete,Complete,Incomplete,Incomplete
"M00624 | Terephthalate degradation, terephthalate => 3,4-dihydroxybenzoate",Incomplete,Complete,Incomplete,Incomplete,Incomplete,Incomplete,Incomplete,1 block missing,Incomplete,Complete,Incomplete,Incomplete,Incomplete,Incomplete,Incomplete,Incomplete,Incomplete,Incomplete,Incomplete,Incomplete,1 block missing,Incomplete,Incomplete,1 block missing,1 block missing,Incomplete,Complete,Incomplete,Incomplete,Incomplete,Incomplete,Incomplete,Incomplete,Incomplete,Incomplete,Incomplete,Incomplete,Incomplete,Incomplete,Incomplete,Incomplete,Incomplete,Complete,Incomplete,Incomplete,Incomplete,Incomplete,Incomplete,Complete,Incomplete,Incomplete,Incomplete,Incomplete,Incomplete,Incomplete,Incomplete,Incomplete,Incomplete,Incomplete,Incomplete,Incomplete,Incomplete,Incomplete,Complete,1 block missing,Incomplete,Incomplete
M00625 | Methicillin resistance,Incomplete,Incomplete,Incomplete,Incomplete,Incomplete,Incomplete,Incomplete,Incomplete,Incomplete,Incomplete,Incomplete,Incomplete,Incomplete,Incomplete,Incomplete,Incomplete,Incomplete,Incomplete,Incomplete,Incomplete,Incomplete,Incomplete,Incomplete,Incomplete,Incomplete,Incomplete,Incomplete,Incomplete,Incomplete,Incomplete,Incomplete,Incomplete,Incomplete,Incomplete,Incomplete,Incomplete,Incomplete,Incomplete,Incomplete,Incomplete,Incomplete,Incomplete,Incomplete,Incomplete,Incomplete,Incomplete,Incomplete,Incomplete,Incomplete,Incomplete,Incomplete,Incomplete,Incomplete,Incomplete,Incomplete,Incomplete,Incomplete,Incomplete,Incomplete,Incomplete,Incomplete,Incomplete,Incomplete,Incomplete,Incomplete,Incomplete,Incomplete
"M00627 | beta-Lactam resistance, Bla system",Incomplete,1 block missing,Incomplete,Incomplete,Incomplete,Incomplete,Incomplete,1 block missing,1 block missing,1 block missing,Incomplete,1 block missing,Incomplete,1 block missing,Incomplete,1 block missing,1 block missing,Incomplete,Incomplete,Incomplete,1 block missing,Incomplete,Incomplete,Incomplete,1 block missing,Incomplete,1 block missing,1 block missing,1 block missing,Incomplete,Incomplete,Incomplete,Incomplete,Incomplete,1 block missing,Incomplete,Incomplete,Incomplete,1 block missing,Incomplete,Incomplete,Incomplete,Incomplete,1 block missing,Incomplete,Incomplete,Incomplete,Incomplete,1 block missing,1 block missing,Incomplete,1 block missing,1 block missing,Incomplete,Incomplete,Incomplete,Incomplete,Incomplete,Incomplete,Incomplete,Incomplete,Incomplete,1 block missing,1 block missing,1 block missing,Incomplete,1 block missing
"M00630 | D-Galacturonate degradation (fungi), D-galacturonate => glycerol",Incomplete,Incomplete,Incomplete,Incomplete,Incomplete,Incomplete,Incomplete,Incomplete,Incomplete,Incomplete,Incomplete,Incomplete,Incomplete,Incomplete,Incomplete,Incomplete,Incomplete,Incomplete,Incomplete,Incomplete,Incomplete,Incomplete,Incomplete,Incomplete,Incomplete,Incomplete,Incomplete,Incomplete,Incomplete,Incomplete,Incomplete,Incomplete,Incomplete,Incomplete,Incomplete,Incomplete,Incomplete,Incomplete,Incomplete,Incomplete,Incomplete,Incomplete,Incomplete,Incomplete,Incomplete,Incomplete,Incomplete,Incomplete,Incomplete,Incomplete,Incomplete,Incomplete,Incomplete,Incomplete,Incomplete,Incomplete,Incomplete,Incomplete,Incomplete,Incomplete,Incomplete,Incomplete,Incomplete,Incomplete,Incomplete,Incomplete,Incomplete
"M00631 | D-Galacturonate degradation (bacteria), D-galacturonate => pyruvate + D-glyceraldehyde 3P",Incomplete,Incomplete,Incomplete,Incomplete,Incomplete,Incomplete,Incomplete,1 block missing,1 block missing,1 block missing,Incomplete,Incomplete,Incomplete,1 block missing,Incomplete,Incomplete,1 block missing,Incomplete,Incomplete,Incomplete,1 block missing,Incomplete,Incomplete,1 block missing,1 block missing,Incomplete,1 block missing,Incomplete,1 block missing,Incomplete,Incomplete,Incomplete,Incomplete,Incomplete,Incomplete,Incomplete,Incomplete,Incomplete,1 block missing,Incomplete,Incomplete,Incomplete,Complete,1 block missing,Incomplete,1 block missing,Incomplete,Incomplete,1 block missing,1 block missing,Incomplete,Incomplete,1 block missing,Incomplete,Incomplete,Incomplete,Incomplete,Incomplete,Incomplete,Incomplete,Incomplete,Incomplete,1 block missing,1 block missing,1 block missing,Incomplete,1 block missing
"M00632 | Galactose degradation, Leloir pathway, galactose => alpha-D-glucose-1P",1 block missing,Complete,Incomplete,1 block missing,Complete,Incomplete,1 block missing,Complete,Complete,Complete,Incomplete,Complete,1 block missing,Complete,1 block missing,Complete,Complete,1 block missing,Complete,Complete,Complete,1 block missing,1 block missing,Complete,Complete,1 block missing,Complete,Complete,Complete,1 block missing,1 block missing,Complete,Complete,Incomplete,Complete,1 block missing,Incomplete,1 block missing,Complete,Complete,1 block missing,1 block missing,Complete,Complete,1 block missing,Complete,Complete,Incomplete,Complete,Complete,1 block missing,Complete,Complete,Complete,1 block missing,Incomplete,1 block missing,1 block missing,1 block missing,1 block missing,Incomplete,1 block missing,Complete,Complete,Complete,Incomplete,Complete
"M00633 | Semi-phosphorylative Entner-Doudoroff pathway, gluconate/galactonate => glycerate-3P",Incomplete,Incomplete,Incomplete,Incomplete,Incomplete,Incomplete,Incomplete,Incomplete,Complete,Incomplete,Incomplete,Incomplete,Incomplete,Complete,Incomplete,Complete,Incomplete,1 block missing,1 block missing,Incomplete,1 block missing,Incomplete,Incomplete,Incomplete,Incomplete,Incomplete,Incomplete,Incomplete,Complete,Incomplete,Incomplete,Incomplete,Incomplete,Incomplete,Complete,Incomplete,Incomplete,Incomplete,Incomplete,Incomplete,Incomplete,1 block missing,Incomplete,Complete,Incomplete,Incomplete,Incomplete,Incomplete,Complete,Incomplete,Incomplete,1 block missing,Incomplete,Incomplete,Incomplete,Incomplete,Incomplete,Incomplete,1 block missing,Incomplete,Incomplete,Incomplete,Complete,Complete,Complete,Incomplete,Incomplete
"M00636 | Phthalate degradation, phthalate => protocatechuate",Incomplete,Incomplete,Incomplete,Incomplete,Incomplete,Incomplete,Incomplete,Incomplete,Incomplete,Incomplete,Incomplete,Incomplete,Incomplete,Incomplete,Incomplete,Incomplete,Incomplete,Incomplete,Incomplete,Incomplete,Incomplete,Incomplete,Incomplete,Incomplete,Incomplete,Incomplete,Incomplete,Incomplete,Incomplete,Incomplete,Incomplete,Incomplete,Incomplete,Incomplete,Incomplete,Incomplete,Incomplete,Incomplete,Incomplete,Incomplete,Incomplete,Incomplete,Incomplete,Incomplete,Incomplete,Incomplete,Incomplete,Incomplete,Incomplete,Incomplete,Incomplete,Incomplete,Incomplete,Incomplete,Incomplete,Incomplete,Incomplete,Incomplete,Incomplete,Incomplete,Incomplete,Incomplete,Incomplete,Incomplete,Incomplete,Incomplete,Incomplete
"M00637 | Anthranilate degradation, anthranilate => catechol",Incomplete,Incomplete,Incomplete,Incomplete,Incomplete,Incomplete,Incomplete,Complete,Incomplete,Incomplete,Incomplete,Incomplete,Incomplete,Incomplete,Incomplete,Incomplete,1 block missing,Incomplete,Incomplete,Incomplete,Incomplete,Incomplete,Incomplete,Incomplete,Incomplete,Incomplete,Incomplete,Incomplete,Incomplete,Incomplete,Incomplete,Incomplete,Incomplete,Incomplete,Incomplete,Incomplete,Incomplete,Incomplete,Incomplete,Incomplete,Incomplete,Incomplete,Incomplete,Incomplete,Incomplete,Incomplete,Incomplete,Incomplete,Incomplete,Incomplete,Incomplete,Incomplete,1 block missing,Incomplete,Incomplete,Incomplete,Incomplete,Incomplete,Incomplete,Incomplete,Incomplete,Incomplete,Incomplete,Incomplete,1 block missing,Incomplete,Incomplete
"M00638 | Salicylate degradation, salicylate => gentisate",Incomplete,Complete,Incomplete,Incomplete,1 block missing,Incomplete,Incomplete,Complete,Incomplete,1 block missing,Incomplete,Incomplete,Incomplete,Incomplete,Incomplete,Incomplete,Complete,Incomplete,Incomplete,Incomplete,Incomplete,Complete,Incomplete,Complete,Complete,Incomplete,Incomplete,Complete,Incomplete,Incomplete,Incomplete,Incomplete,1 block missing,Incomplete,Incomplete,Incomplete,Incomplete,Incomplete,Complete,Incomplete,Incomplete,Incomplete,Complete,Incomplete,Incomplete,Complete,Incomplete,Incomplete,Incomplete,Complete,Incomplete,1 block missing,Complete,Complete,Incomplete,Incomplete,Incomplete,Incomplete,Incomplete,Incomplete,Incomplete,Incomplete,Incomplete,Complete,Complete,Incomplete,1 block missing
"M00639 | Multidrug resistance, efflux pump MexCD-OprJ",Incomplete,Incomplete,Incomplete,Incomplete,Incomplete,Incomplete,Incomplete,Incomplete,Incomplete,Incomplete,Incomplete,Incomplete,Incomplete,Incomplete,Incomplete,Incomplete,Complete,Incomplete,Incomplete,Incomplete,Incomplete,Incomplete,Incomplete,Incomplete,Incomplete,Incomplete,Incomplete,Incomplete,Incomplete,Incomplete,Incomplete,Incomplete,Incomplete,Incomplete,Incomplete,Incomplete,Incomplete,Incomplete,Complete,Incomplete,Incomplete,Incomplete,Incomplete,Incomplete,Incomplete,Incomplete,Incomplete,Incomplete,Incomplete,Incomplete,Incomplete,Incomplete,Complete,Incomplete,Incomplete,Incomplete,Incomplete,Incomplete,Incomplete,Incomplete,Incomplete,Incomplete,Incomplete,Incomplete,Incomplete,Incomplete,Incomplete
"M00641 | Multidrug resistance, efflux pump MexEF-OprN",Incomplete,Complete,Incomplete,Incomplete,Incomplete,Incomplete,Incomplete,Complete,Incomplete,1 block missing,Incomplete,Incomplete,Incomplete,Incomplete,Incomplete,Incomplete,Complete,Incomplete,Incomplete,1 block missing,1 block missing,Incomplete,Incomplete,Complete,Complete,Incomplete,1 block missing,Complete,Incomplete,Incomplete,Incomplete,1 block missing,Incomplete,Incomplete,Incomplete,Incomplete,Incomplete,Incomplete,Complete,Incomplete,Incomplete,Incomplete,Complete,Incomplete,Incomplete,Incomplete,Incomplete,Incomplete,1 block missing,Complete,Incomplete,Incomplete,Complete,Incomplete,Incomplete,Incomplete,Incomplete,Incomplete,Incomplete,Incomplete,Incomplete,Incomplete,Incomplete,1 block missing,1 block missing,Incomplete,1 block missing
"M00642 | Multidrug resistance, efflux pump MexJK-OprM",Incomplete,Complete,Incomplete,Incomplete,Incomplete,Incomplete,Incomplete,Complete,Incomplete,Complete,Incomplete,1 block missing,Incomplete,Incomplete,Incomplete,Incomplete,Complete,Incomplete,Incomplete,Complete,Complete,1 block missing,Incomplete,Complete,Complete,Incomplete,Complete,Complete,Incomplete,Incomplete,Incomplete,Complete,1 block missing,Incomplete,Incomplete,Incomplete,Incomplete,Incomplete,Complete,Incomplete,Incomplete,Incomplete,Complete,Incomplete,Incomplete,Complete,Incomplete,Incomplete,Complete,Complete,Incomplete,1 block missing,Complete,1 block missing,Incomplete,Incomplete,Incomplete,Incomplete,Incomplete,Incomplete,Incomplete,Incomplete,Incomplete,Complete,Complete,Incomplete,1 block missing
"M00643 | Multidrug resistance, efflux pump MexXY-OprM",Incomplete,Incomplete,Incomplete,Incomplete,Incomplete,Incomplete,Incomplete,Incomplete,Incomplete,Incomplete,Incomplete,Incomplete,Incomplete,Incomplete,Incomplete,Incomplete,Incomplete,Incomplete,Incomplete,Incomplete,Incomplete,Incomplete,Incomplete,Incomplete,Incomplete,Incomplete,Incomplete,Incomplete,Incomplete,Incomplete,Incomplete,Incomplete,Incomplete,Incomplete,Incomplete,Incomplete,Incomplete,Incomplete,Incomplete,Incomplete,Incomplete,Incomplete,Incomplete,Incomplete,Incomplete,Incomplete,Incomplete,Incomplete,Incomplete,Incomplete,Incomplete,Incomplete,1 block missing,Incomplete,Incomplete,Incomplete,Incomplete,Incomplete,Incomplete,Incomplete,Incomplete,Incomplete,Incomplete,Incomplete,Incomplete,Incomplete,1 block missing
"M00649 | Multidrug resistance, efflux pump AdeABC",Incomplete,Incomplete,Incomplete,Incomplete,Incomplete,Incomplete,Incomplete,Incomplete,1 block missing,1 block missing,Incomplete,Incomplete,Incomplete,Incomplete,Incomplete,Incomplete,Complete,Incomplete,Incomplete,Incomplete,Incomplete,Incomplete,Incomplete,Incomplete,Incomplete,Incomplete,Incomplete,Incomplete,Incomplete,Incomplete,Incomplete,Incomplete,Incomplete,Incomplete,Incomplete,Incomplete,Incomplete,Incomplete,Complete,Incomplete,Incomplete,Incomplete,Incomplete,Incomplete,Incomplete,Incomplete,Incomplete,Incomplete,Incomplete,1 block missing,Incomplete,Incomplete,Complete,Incomplete,Incomplete,Incomplete,Incomplete,Incomplete,Incomplete,Incomplete,Incomplete,Incomplete,Incomplete,Incomplete,Incomplete,Incomplete,Incomplete
"M00651 | Vancomycin resistance, D-Ala-D-Lac type",Incomplete,Incomplete,Incomplete,Incomplete,Incomplete,Incomplete,Incomplete,Incomplete,Incomplete,Incomplete,Incomplete,Incomplete,Incomplete,Incomplete,Incomplete,Incomplete,Incomplete,Incomplete,Incomplete,Incomplete,Incomplete,Incomplete,Incomplete,Incomplete,1 block missing,Incomplete,Incomplete,Incomplete,Incomplete,Incomplete,Incomplete,Incomplete,Incomplete,Incomplete,Incomplete,Incomplete,Incomplete,Incomplete,Incomplete,Incomplete,Incomplete,Incomplete,Incomplete,Incomplete,Incomplete,Incomplete,Incomplete,Incomplete,Incomplete,Incomplete,Incomplete,Incomplete,Incomplete,Incomplete,Incomplete,Incomplete,Incomplete,Incomplete,Incomplete,Incomplete,Incomplete,Incomplete,Incomplete,Incomplete,Incomplete,Incomplete,Incomplete
"M00652 | Vancomycin resistance, D-Ala-D-Ser type",Incomplete,Incomplete,Incomplete,Incomplete,Incomplete,Incomplete,Incomplete,Incomplete,Incomplete,Incomplete,Incomplete,Incomplete,Incomplete,Incomplete,Incomplete,Incomplete,Complete,Incomplete,Incomplete,Incomplete,Incomplete,Incomplete,Incomplete,Incomplete,Incomplete,Incomplete,Incomplete,Incomplete,Incomplete,Incomplete,Incomplete,Incomplete,Incomplete,Incomplete,Incomplete,Incomplete,Incomplete,Incomplete,Incomplete,Incomplete,Incomplete,Incomplete,Incomplete,Incomplete,Incomplete,Incomplete,Incomplete,Incomplete,Incomplete,Incomplete,Incomplete,Incomplete,Complete,Incomplete,Incomplete,Incomplete,Incomplete,Incomplete,Incomplete,Incomplete,Incomplete,Incomplete,Incomplete,Incomplete,Incomplete,Incomplete,Incomplete
"M00660 | Xanthomonas spp. pathogenicity signature, T3SS and effectors",Incomplete,Incomplete,Incomplete,Incomplete,Incomplete,Incomplete,Incomplete,Incomplete,Incomplete,Incomplete,Incomplete,Incomplete,Incomplete,Incomplete,Incomplete,Incomplete,Incomplete,Incomplete,Incomplete,Incomplete,Incomplete,Incomplete,Incomplete,Incomplete,Incomplete,Incomplete,Incomplete,Incomplete,Incomplete,Incomplete,Incomplete,Incomplete,Incomplete,Incomplete,Incomplete,Incomplete,Incomplete,Incomplete,Incomplete,Incomplete,Incomplete,Incomplete,Incomplete,Incomplete,Incomplete,Incomplete,Incomplete,Incomplete,Incomplete,Incomplete,Incomplete,Incomplete,Incomplete,Incomplete,Incomplete,Incomplete,Incomplete,Incomplete,Incomplete,Incomplete,Incomplete,Incomplete,Incomplete,Incomplete,Incomplete,Incomplete,Incomplete
"M00661 | Paspaline biosynthesis, geranylgeranyl-PP + indoleglycerol phosphate => paspaline",Incomplete,Incomplete,Incomplete,Incomplete,Incomplete,Incomplete,Incomplete,Incomplete,Incomplete,Incomplete,Incomplete,Incomplete,Incomplete,Incomplete,Incomplete,Incomplete,Incomplete,Incomplete,Incomplete,Incomplete,Incomplete,Incomplete,Incomplete,Incomplete,Incomplete,Incomplete,Incomplete,Incomplete,Incomplete,Incomplete,Incomplete,Incomplete,Incomplete,Incomplete,Incomplete,Incomplete,Incomplete,Incomplete,Incomplete,Incomplete,Incomplete,Incomplete,Incomplete,Incomplete,Incomplete,Incomplete,Incomplete,Incomplete,Incomplete,Incomplete,Incomplete,Incomplete,Incomplete,Incomplete,Incomplete,Incomplete,Incomplete,Incomplete,Incomplete,Incomplete,Incomplete,Incomplete,Incomplete,Incomplete,Incomplete,Incomplete,Incomplete
M00664 | Nodulation,Incomplete,1 block missing,Incomplete,Incomplete,Incomplete,Incomplete,Incomplete,Incomplete,Incomplete,Incomplete,Incomplete,Incomplete,Incomplete,Incomplete,Incomplete,Incomplete,Incomplete,Incomplete,Incomplete,Incomplete,Incomplete,Incomplete,Incomplete,Incomplete,1 block missing,Incomplete,Incomplete,Incomplete,Incomplete,Incomplete,Incomplete,Incomplete,Incomplete,Incomplete,Incomplete,Incomplete,Incomplete,Incomplete,Incomplete,Incomplete,Incomplete,Incomplete,Incomplete,Incomplete,Incomplete,Incomplete,Incomplete,Incomplete,Incomplete,1 block missing,Incomplete,Incomplete,Incomplete,Incomplete,Incomplete,Incomplete,Incomplete,Incomplete,Incomplete,Incomplete,Incomplete,Incomplete,Incomplete,Incomplete,1 block missing,Incomplete,Incomplete
"M00672 | Penicillin biosynthesis, aminoadipate + cycteine + valine => penicillin",Incomplete,Incomplete,Incomplete,Incomplete,Incomplete,Incomplete,Incomplete,Incomplete,Incomplete,Incomplete,Incomplete,Incomplete,Incomplete,Incomplete,Incomplete,Incomplete,Incomplete,Incomplete,Incomplete,Incomplete,1 block missing,Incomplete,Incomplete,Incomplete,Incomplete,Incomplete,Incomplete,Incomplete,Incomplete,Incomplete,Incomplete,Incomplete,Incomplete,Incomplete,Incomplete,Incomplete,Incomplete,Incomplete,Incomplete,Incomplete,Incomplete,Incomplete,Incomplete,Incomplete,Incomplete,Incomplete,Incomplete,Incomplete,Incomplete,Incomplete,Incomplete,Incomplete,Incomplete,Incomplete,Incomplete,Incomplete,Incomplete,Incomplete,Incomplete,Incomplete,Incomplete,Incomplete,Incomplete,1 block missing,Incomplete,Incomplete,Incomplete
"M00673 | Cephamycin C biosynthesis, aminoadipate + cycteine + valine => cephamycin C",Incomplete,Incomplete,Incomplete,Incomplete,Incomplete,Incomplete,Incomplete,Incomplete,Incomplete,Incomplete,Incomplete,Incomplete,Incomplete,Incomplete,Incomplete,Incomplete,Incomplete,Incomplete,Incomplete,Incomplete,Incomplete,Incomplete,Incomplete,Incomplete,Incomplete,Incomplete,Incomplete,Incomplete,Incomplete,Incomplete,Incomplete,Incomplete,Incomplete,Incomplete,Incomplete,Incomplete,Incomplete,Incomplete,Incomplete,Incomplete,Incomplete,Incomplete,Incomplete,Incomplete,Incomplete,Incomplete,Incomplete,Incomplete,Incomplete,Incomplete,Incomplete,Incomplete,Incomplete,Incomplete,Incomplete,Incomplete,Incomplete,Incomplete,Incomplete,Incomplete,Incomplete,Incomplete,Incomplete,Incomplete,Incomplete,Incomplete,Incomplete
"M00674 | Clavaminate biosynthesis, arginine + glyceraldehyde-3P => clavaminate",Incomplete,Incomplete,Incomplete,Incomplete,Incomplete,Incomplete,Incomplete,Incomplete,Incomplete,Incomplete,Incomplete,Incomplete,Incomplete,Incomplete,Incomplete,Incomplete,Incomplete,Incomplete,Incomplete,Incomplete,Incomplete,Incomplete,Incomplete,Incomplete,Incomplete,Incomplete,Incomplete,Incomplete,Incomplete,Incomplete,Incomplete,Incomplete,Incomplete,Incomplete,Incomplete,Incomplete,Incomplete,Incomplete,Incomplete,Incomplete,Incomplete,Incomplete,Incomplete,Incomplete,Incomplete,Incomplete,Incomplete,Incomplete,Incomplete,Incomplete,Incomplete,Incomplete,Incomplete,Incomplete,Incomplete,Incomplete,Incomplete,Incomplete,Incomplete,Incomplete,Incomplete,Incomplete,Incomplete,Incomplete,Incomplete,Incomplete,Incomplete
"M00675 | Carbapenem-3-carboxylate biosynthesis, pyrroline-5-carboxylate + malonyl-CoA => carbapenem-3-carboxylate",Incomplete,Incomplete,Incomplete,Incomplete,Incomplete,Incomplete,Incomplete,Incomplete,Incomplete,Incomplete,Incomplete,Incomplete,Incomplete,Incomplete,Incomplete,Incomplete,Incomplete,Incomplete,Incomplete,Incomplete,Incomplete,Incomplete,Incomplete,Incomplete,Incomplete,Incomplete,Incomplete,Incomplete,Incomplete,Incomplete,Incomplete,Incomplete,Incomplete,Incomplete,Incomplete,Incomplete,Incomplete,Incomplete,Incomplete,Incomplete,Incomplete,Incomplete,Incomplete,Incomplete,Incomplete,Incomplete,Incomplete,Incomplete,Incomplete,Incomplete,Incomplete,Incomplete,Incomplete,Incomplete,Incomplete,Incomplete,Incomplete,Incomplete,Incomplete,Incomplete,Incomplete,Incomplete,Incomplete,Incomplete,Incomplete,Incomplete,Incomplete
"M00696 | Multidrug resistance, efflux pump AcrEF-TolC",Incomplete,Incomplete,Incomplete,Incomplete,Incomplete,Incomplete,Incomplete,Incomplete,Incomplete,Incomplete,Incomplete,Incomplete,Incomplete,Incomplete,Incomplete,Incomplete,Incomplete,Incomplete,Incomplete,Incomplete,Incomplete,Incomplete,Incomplete,Incomplete,Incomplete,Incomplete,Incomplete,Incomplete,Incomplete,Incomplete,Incomplete,Incomplete,Incomplete,Incomplete,Incomplete,Incomplete,Incomplete,Incomplete,Incomplete,Incomplete,Incomplete,Incomplete,Incomplete,Incomplete,Incomplete,Incomplete,Incomplete,Incomplete,Incomplete,Incomplete,Incomplete,Incomplete,1 block missing,Incomplete,Incomplete,Incomplete,Incomplete,Incomplete,Incomplete,Incomplete,Incomplete,Incomplete,Incomplete,Incomplete,Incomplete,Incomplete,Incomplete
"M00697 | Multidrug resistance, efflux pump MdtEF-TolC",Incomplete,Incomplete,Incomplete,Incomplete,Incomplete,Incomplete,Incomplete,Incomplete,Incomplete,Incomplete,Incomplete,Incomplete,Incomplete,Incomplete,Incomplete,Incomplete,Incomplete,Incomplete,Incomplete,Incomplete,Incomplete,Incomplete,Incomplete,Incomplete,Incomplete,Incomplete,Incomplete,Incomplete,Incomplete,Incomplete,Incomplete,Incomplete,Incomplete,Incomplete,Incomplete,Incomplete,Incomplete,Incomplete,Incomplete,Incomplete,Incomplete,Incomplete,Incomplete,Incomplete,Incomplete,Incomplete,Incomplete,Incomplete,Incomplete,Incomplete,Incomplete,Incomplete,Incomplete,Incomplete,Incomplete,Incomplete,Incomplete,Incomplete,Incomplete,Incomplete,Incomplete,Incomplete,Incomplete,Incomplete,Incomplete,Incomplete,Incomplete
"M00698 | Multidrug resistance, efflux pump BpeEF-OprC",Incomplete,Complete,Incomplete,Incomplete,Incomplete,Incomplete,Incomplete,Complete,Incomplete,Complete,Incomplete,Complete,Incomplete,Incomplete,Incomplete,Incomplete,Complete,Incomplete,Incomplete,Incomplete,1 block missing,Complete,Incomplete,Complete,Complete,Incomplete,Complete,Complete,Incomplete,Incomplete,Incomplete,Incomplete,Incomplete,Incomplete,Incomplete,Incomplete,Incomplete,Incomplete,Complete,Incomplete,Incomplete,Incomplete,Complete,Incomplete,Incomplete,1 block missing,Incomplete,Incomplete,Complete,Complete,Incomplete,1 block missing,Complete,Complete,Incomplete,Incomplete,Incomplete,Incomplete,Incomplete,Incomplete,Incomplete,Incomplete,Incomplete,1 block missing,Complete,Incomplete,1 block missing
"M00700 | Multidrug resistance, efflux pump AbcA",Incomplete,Incomplete,Incomplete,Incomplete,Incomplete,Incomplete,Incomplete,1 block missing,Incomplete,1 block missing,Incomplete,Incomplete,Incomplete,Incomplete,Incomplete,Incomplete,1 block missing,Incomplete,Incomplete,Incomplete,1 block missing,Incomplete,Incomplete,Incomplete,Incomplete,Incomplete,Incomplete,1 block missing,Incomplete,Incomplete,Incomplete,Incomplete,Incomplete,Incomplete,1 block missing,Incomplete,Incomplete,Incomplete,Incomplete,Incomplete,Incomplete,Incomplete,Incomplete,1 block missing,Incomplete,Incomplete,Incomplete,Incomplete,1 block missing,1 block missing,Incomplete,Incomplete,1 block missing,Incomplete,Incomplete,Incomplete,Incomplete,Incomplete,Incomplete,Incomplete,Incomplete,Incomplete,Incomplete,1 block missing,1 block missing,Incomplete,Incomplete
"M00702 | Multidrug resistance, efflux pump NorB",Incomplete,Incomplete,Incomplete,Incomplete,Incomplete,Incomplete,Incomplete,1 block missing,Incomplete,Incomplete,Incomplete,Incomplete,Incomplete,Incomplete,Incomplete,Incomplete,Incomplete,Incomplete,Incomplete,Incomplete,Incomplete,Incomplete,Incomplete,Incomplete,1 block missing,Incomplete,Incomplete,1 block missing,1 block missing,Incomplete,Incomplete,Incomplete,Incomplete,Incomplete,Incomplete,Incomplete,Incomplete,Incomplete,Incomplete,Incomplete,Incomplete,Incomplete,1 block missing,Incomplete,Incomplete,Incomplete,Incomplete,Incomplete,1 block missing,Incomplete,Incomplete,Incomplete,Incomplete,Incomplete,Incomplete,Incomplete,Incomplete,Incomplete,Incomplete,Incomplete,Incomplete,Incomplete,Incomplete,1 block missing,1 block missing,Incomplete,Incomplete
"M00704 | Tetracycline resistance, efflux pump Tet38",Incomplete,1 block missing,Incomplete,Incomplete,Incomplete,Incomplete,Incomplete,1 block missing,Incomplete,1 block missing,Incomplete,Incomplete,Incomplete,1 block missing,Incomplete,1 block missing,1 block missing,Incomplete,Incomplete,Incomplete,1 block missing,Incomplete,Incomplete,Incomplete,1 block missing,Incomplete,1 block missing,1 block missing,1 block missing,Incomplete,Incomplete,Incomplete,1 block missing,Incomplete,Incomplete,Incomplete,Incomplete,Incomplete,1 block missing,Incomplete,Incomplete,Incomplete,Incomplete,1 block missing,Incomplete,1 block missing,Incomplete,Incomplete,1 block missing,1 block missing,Incomplete,1 block missing,1 block missing,1 block missing,Incomplete,Incomplete,Incomplete,Incomplete,Incomplete,Incomplete,Incomplete,Incomplete,Incomplete,1 block missing,Incomplete,Incomplete,1 block missing
"M00705 | Multidrug resistance, efflux pump MepA",Incomplete,Incomplete,Incomplete,Incomplete,Incomplete,Incomplete,Incomplete,Incomplete,Incomplete,Incomplete,Incomplete,Incomplete,Incomplete,Incomplete,Incomplete,Incomplete,1 block missing,Incomplete,Incomplete,Incomplete,Incomplete,Incomplete,Incomplete,Incomplete,Incomplete,Incomplete,Incomplete,Incomplete,Incomplete,Incomplete,Incomplete,Incomplete,Incomplete,Incomplete,Incomplete,Incomplete,Incomplete,Incomplete,Incomplete,Incomplete,Incomplete,Incomplete,Incomplete,Incomplete,Incomplete,Incomplete,Incomplete,Incomplete,Incomplete,Incomplete,Incomplete,Incomplete,1 block missing,Incomplete,Incomplete,Incomplete,Incomplete,Incomplete,Incomplete,Incomplete,Incomplete,Incomplete,Incomplete,Incomplete,Incomplete,Incomplete,Incomplete
"M00714 | Multidrug resistance, efflux pump QacA",Incomplete,1 block missing,Incomplete,Incomplete,Incomplete,Incomplete,Incomplete,1 block missing,Incomplete,1 block missing,Incomplete,Incomplete,Incomplete,1 block missing,Incomplete,1 block missing,1 block missing,Incomplete,Incomplete,Incomplete,1 block missing,1 block missing,Incomplete,1 block missing,1 block missing,Incomplete,1 block missing,1 block missing,1 block missing,Incomplete,Incomplete,1 block missing,Incomplete,1 block missing,1 block missing,Incomplete,Incomplete,Incomplete,1 block missing,Incomplete,Incomplete,Incomplete,1 block missing,1 block missing,1 block missing,Incomplete,1 block missing,Incomplete,1 block missing,1 block missing,1 block missing,Incomplete,1 block missing,Incomplete,Incomplete,Incomplete,Incomplete,Incomplete,Incomplete,Incomplete,Incomplete,Incomplete,1 block missing,1 block missing,1 block missing,Incomplete,1 block missing
"M00718 | Multidrug resistance, efflux pump MexAB-OprM",Incomplete,1 block missing,Incomplete,Incomplete,Incomplete,1 block missing,Incomplete,1 block missing,Incomplete,1 block missing,Incomplete,1 block missing,Incomplete,1 block missing,Incomplete,1 block missing,1 block missing,Incomplete,Incomplete,1 block missing,1 block missing,1 block missing,Incomplete,1 block missing,1 block missing,Incomplete,1 block missing,1 block missing,Incomplete,Incomplete,Incomplete,1 block missing,1 block missing,Incomplete,1 block missing,Incomplete,Incomplete,Incomplete,1 block missing,1 block missing,Incomplete,Incomplete,1 block missing,1 block missing,Incomplete,1 block missing,1 block missing,Incomplete,1 block missing,1 block missing,1 block missing,1 block missing,1 block missing,1 block missing,Incomplete,Incomplete,Incomplete,Incomplete,Incomplete,Incomplete,Incomplete,Incomplete,1 block missing,1 block missing,1 block missing,Incomplete,1 block missing
"M00725 | Cationic antimicrobial peptide (CAMP) resistance, dltABCD operon",Incomplete,Incomplete,Incomplete,Incomplete,Incomplete,Incomplete,Incomplete,Incomplete,Incomplete,Incomplete,Incomplete,Incomplete,Incomplete,Incomplete,Incomplete,Incomplete,Incomplete,Incomplete,Incomplete,Incomplete,Incomplete,Incomplete,Incomplete,Incomplete,Incomplete,Incomplete,Incomplete,Incomplete,Incomplete,Incomplete,Incomplete,Incomplete,Incomplete,Incomplete,Incomplete,Incomplete,Incomplete,Incomplete,Incomplete,Incomplete,Incomplete,Incomplete,Incomplete,Incomplete,Incomplete,Incomplete,Incomplete,Incomplete,Incomplete,Incomplete,Incomplete,Incomplete,Incomplete,Incomplete,Incomplete,Incomplete,Incomplete,Incomplete,Incomplete,Incomplete,Incomplete,Incomplete,Incomplete,Incomplete,Incomplete,Incomplete,Incomplete
"M00726 | Cationic antimicrobial peptide (CAMP) resistance, lysyl-phosphatidylglycerol (L-PG) synthase MprF",Incomplete,Incomplete,Incomplete,Incomplete,Incomplete,Incomplete,Incomplete,Incomplete,Incomplete,Incomplete,Incomplete,Incomplete,Incomplete,Incomplete,Incomplete,Incomplete,Incomplete,Incomplete,Incomplete,Incomplete,Incomplete,Incomplete,Incomplete,Incomplete,Incomplete,Incomplete,Incomplete,Incomplete,Incomplete,Incomplete,Incomplete,Incomplete,Incomplete,Incomplete,Incomplete,Incomplete,Incomplete,Incomplete,Incomplete,Incomplete,Incomplete,Incomplete,Incomplete,1 block missing,Incomplete,Incomplete,Incomplete,Incomplete,Incomplete,Incomplete,Incomplete,Incomplete,Incomplete,Incomplete,Incomplete,Incomplete,Incomplete,Incomplete,Incomplete,Incomplete,Incomplete,Incomplete,Incomplete,1 block missing,Incomplete,Incomplete,Incomplete
"M00730 | Cationic antimicrobial peptide (CAMP) resistance, VraFG transporter",Incomplete,Incomplete,Incomplete,Incomplete,Incomplete,Incomplete,Incomplete,Incomplete,Incomplete,Incomplete,Incomplete,Incomplete,Incomplete,Incomplete,Incomplete,Incomplete,Incomplete,Incomplete,Incomplete,Incomplete,Incomplete,Incomplete,Incomplete,Incomplete,Incomplete,Incomplete,Incomplete,Incomplete,Incomplete,Incomplete,Incomplete,Incomplete,Incomplete,Incomplete,Incomplete,Incomplete,Incomplete,Incomplete,Incomplete,Incomplete,Incomplete,Incomplete,Incomplete,Incomplete,Incomplete,Incomplete,Incomplete,Incomplete,Incomplete,Incomplete,Incomplete,Incomplete,Incomplete,Incomplete,Incomplete,Incomplete,Incomplete,Incomplete,Incomplete,Incomplete,Incomplete,Incomplete,Incomplete,Incomplete,Incomplete,Incomplete,Incomplete
"M00736 | Nocardicin A biosynthesis, L-pHPG + arginine + serine => nocardicin A",Incomplete,Incomplete,Incomplete,Incomplete,Incomplete,Incomplete,Incomplete,Incomplete,Incomplete,Incomplete,Incomplete,Incomplete,Incomplete,Incomplete,Incomplete,Incomplete,Incomplete,Incomplete,Incomplete,Incomplete,Incomplete,Incomplete,Incomplete,Incomplete,Incomplete,Incomplete,Incomplete,Incomplete,Incomplete,Incomplete,Incomplete,Incomplete,Incomplete,Incomplete,Incomplete,Incomplete,Incomplete,Incomplete,Incomplete,Incomplete,Incomplete,Incomplete,Incomplete,Incomplete,Incomplete,Incomplete,Incomplete,Incomplete,Incomplete,Incomplete,Incomplete,Incomplete,Incomplete,Incomplete,Incomplete,Incomplete,Incomplete,Incomplete,Incomplete,Incomplete,Incomplete,Incomplete,Incomplete,Incomplete,Incomplete,Incomplete,Incomplete
M00740 | Methylaspartate cycle,Incomplete,Incomplete,Incomplete,Incomplete,Incomplete,Incomplete,Incomplete,Incomplete,Incomplete,Incomplete,Incomplete,Incomplete,Incomplete,Incomplete,Incomplete,Incomplete,Incomplete,Incomplete,Incomplete,Incomplete,Incomplete,Incomplete,Incomplete,Incomplete,Incomplete,Incomplete,Incomplete,Incomplete,Incomplete,Incomplete,Incomplete,Incomplete,Incomplete,Incomplete,Incomplete,Incomplete,Incomplete,Incomplete,Incomplete,Incomplete,Incomplete,Incomplete,Incomplete,Incomplete,Incomplete,Incomplete,Incomplete,Incomplete,Incomplete,Incomplete,Incomplete,Incomplete,Incomplete,Incomplete,Incomplete,Incomplete,Incomplete,Incomplete,Incomplete,Incomplete,Incomplete,Incomplete,Incomplete,Incomplete,Incomplete,Incomplete,Incomplete
"M00741 | Propanoyl-CoA metabolism, propanoyl-CoA => succinyl-CoA",Incomplete,Incomplete,Incomplete,Incomplete,Incomplete,Incomplete,Incomplete,Incomplete,Incomplete,Incomplete,Incomplete,Incomplete,Incomplete,Incomplete,Incomplete,Incomplete,Incomplete,Incomplete,Incomplete,Incomplete,Incomplete,Incomplete,Incomplete,Incomplete,Incomplete,Incomplete,Incomplete,Incomplete,Incomplete,Incomplete,Incomplete,Incomplete,Incomplete,Incomplete,Incomplete,Incomplete,Incomplete,Incomplete,Incomplete,Incomplete,Incomplete,Incomplete,Incomplete,Incomplete,Incomplete,Incomplete,Incomplete,Incomplete,Incomplete,Incomplete,Incomplete,Incomplete,Incomplete,Incomplete,Incomplete,Incomplete,Incomplete,Incomplete,Incomplete,Incomplete,Incomplete,Incomplete,Incomplete,Incomplete,Incomplete,Incomplete,Incomplete
"M00744 | Cationic antimicrobial peptide (CAMP) resistance, protease PgtE",Incomplete,1 block missing,Incomplete,Incomplete,1 block missing,Incomplete,Incomplete,1 block missing,Incomplete,1 block missing,Incomplete,1 block missing,Incomplete,Incomplete,Incomplete,Incomplete,1 block missing,Incomplete,Incomplete,1 block missing,1 block missing,Incomplete,Incomplete,Incomplete,1 block missing,Incomplete,1 block missing,1 block missing,Incomplete,Incomplete,Incomplete,1 block missing,Incomplete,Incomplete,Incomplete,Incomplete,Incomplete,Incomplete,1 block missing,1 block missing,Incomplete,Incomplete,1 block missing,Incomplete,Incomplete,1 block missing,Incomplete,Incomplete,1 block missing,1 block missing,1 block missing,1 block missing,1 block missing,1 block missing,Incomplete,Incomplete,Incomplete,Incomplete,Incomplete,Incomplete,Incomplete,1 block missing,Incomplete,1 block missing,1 block missing,Incomplete,1 block missing
"M00745 | Imipenem resistance, repression of porin OprD",Incomplete,Incomplete,Incomplete,Incomplete,Incomplete,Incomplete,Incomplete,Incomplete,Incomplete,Incomplete,Incomplete,Incomplete,Incomplete,Incomplete,Incomplete,Incomplete,Complete,Incomplete,Incomplete,Complete,Incomplete,Incomplete,Incomplete,Incomplete,Incomplete,Incomplete,Incomplete,1 block missing,Incomplete,Incomplete,Incomplete,Incomplete,Incomplete,Incomplete,Incomplete,Incomplete,Incomplete,Incomplete,Complete,Incomplete,Incomplete,Incomplete,Incomplete,Incomplete,Incomplete,Incomplete,Incomplete,Incomplete,Incomplete,Incomplete,Incomplete,Incomplete,Complete,Incomplete,Incomplete,Incomplete,Incomplete,Incomplete,Incomplete,Incomplete,Incomplete,Incomplete,Incomplete,Incomplete,Incomplete,Incomplete,Incomplete
"M00746 | Multidrug resistance, repression of porin OmpF",Incomplete,Incomplete,Incomplete,Incomplete,Incomplete,Incomplete,Incomplete,Incomplete,Incomplete,Incomplete,Incomplete,Incomplete,Incomplete,Incomplete,Incomplete,Incomplete,Incomplete,Incomplete,Incomplete,Incomplete,Incomplete,Incomplete,Incomplete,Incomplete,Incomplete,Incomplete,Incomplete,Incomplete,Incomplete,Incomplete,Incomplete,Incomplete,Incomplete,Incomplete,Incomplete,Incomplete,Incomplete,Incomplete,Incomplete,Incomplete,Incomplete,Incomplete,Incomplete,Incomplete,Incomplete,Incomplete,Incomplete,Incomplete,Incomplete,Incomplete,Incomplete,Incomplete,Incomplete,Incomplete,Incomplete,Incomplete,Incomplete,Incomplete,Incomplete,Incomplete,Incomplete,Incomplete,Incomplete,Incomplete,Incomplete,Incomplete,Incomplete
"M00761 | Undecaprenylphosphate alpha-L-Ara4N biosynthesis, UDP-GlcA => undecaprenyl phosphate alpha-L-Ara4N",Incomplete,1 block missing,Incomplete,Incomplete,Incomplete,Incomplete,Incomplete,Complete,Complete,Complete,Incomplete,Complete,Incomplete,Complete,Incomplete,Complete,Complete,Incomplete,Incomplete,Complete,Complete,Incomplete,Incomplete,Complete,1 block missing,Incomplete,Complete,Complete,Complete,Incomplete,Incomplete,Complete,Incomplete,Incomplete,Complete,Incomplete,Incomplete,Incomplete,Complete,Incomplete,Incomplete,Incomplete,1 block missing,Complete,Incomplete,1 block missing,Incomplete,Incomplete,Complete,Complete,Incomplete,1 block missing,Complete,Complete,Incomplete,Incomplete,Incomplete,Incomplete,Incomplete,Incomplete,Incomplete,Incomplete,Complete,Complete,Complete,Incomplete,Complete
"M00763 | Ornithine biosynthesis, mediated by LysW, glutamate => ornithine",1 block missing,1 block missing,Incomplete,1 block missing,Incomplete,Incomplete,Incomplete,1 block missing,1 block missing,Complete,Incomplete,1 block missing,1 block missing,1 block missing,1 block missing,1 block missing,1 block missing,1 block missing,1 block missing,1 block missing,1 block missing,Incomplete,1 block missing,1 block missing,1 block missing,1 block missing,1 block missing,1 block missing,1 block missing,1 block missing,1 block missing,1 block missing,1 block missing,1 block missing,1 block missing,1 block missing,Incomplete,1 block missing,1 block missing,Incomplete,1 block missing,1 block missing,1 block missing,1 block missing,Incomplete,1 block missing,Incomplete,Incomplete,1 block missing,1 block missing,Incomplete,1 block missing,1 block missing,1 block missing,1 block missing,Incomplete,1 block missing,1 block missing,1 block missing,Incomplete,Incomplete,Incomplete,1 block missing,1 block missing,1 block missing,Incomplete,1 block missing
"M00769 | Multidrug resistance, efflux pump MexPQ-OpmE",Incomplete,1 block missing,Incomplete,Incomplete,Incomplete,Incomplete,Incomplete,Incomplete,Incomplete,1 block missing,Incomplete,Incomplete,Incomplete,Incomplete,Incomplete,Incomplete,1 block missing,Incomplete,Incomplete,Incomplete,Incomplete,Incomplete,Incomplete,Incomplete,Complete,Incomplete,Incomplete,Incomplete,Incomplete,Incomplete,Incomplete,Incomplete,Incomplete,Incomplete,Incomplete,Incomplete,Incomplete,Incomplete,1 block missing,Incomplete,Incomplete,Incomplete,Incomplete,Incomplete,Incomplete,Incomplete,Incomplete,Incomplete,Incomplete,1 block missing,Incomplete,Incomplete,Incomplete,Incomplete,Incomplete,Incomplete,Incomplete,Incomplete,Incomplete,Incomplete,Incomplete,Incomplete,Incomplete,Incomplete,Incomplete,Incomplete,Incomplete
"M00773 | Tylosin biosynthesis, methylmalonyl-CoA + malonyl-CoA => tylactone => tylosin",Incomplete,Incomplete,Incomplete,Incomplete,Incomplete,Incomplete,Incomplete,Incomplete,Incomplete,Incomplete,Incomplete,Incomplete,Incomplete,Incomplete,Incomplete,Incomplete,Incomplete,Incomplete,Incomplete,Incomplete,Incomplete,Incomplete,Incomplete,Incomplete,Incomplete,Incomplete,Incomplete,Incomplete,Incomplete,Incomplete,Incomplete,Incomplete,Incomplete,Incomplete,Incomplete,Incomplete,Incomplete,Incomplete,Incomplete,Incomplete,Incomplete,Incomplete,Incomplete,Incomplete,Incomplete,Incomplete,Incomplete,Incomplete,Incomplete,Incomplete,Incomplete,Incomplete,Incomplete,Incomplete,Incomplete,Incomplete,Incomplete,Incomplete,Incomplete,Incomplete,Incomplete,Incomplete,Incomplete,Incomplete,Incomplete,Incomplete,Incomplete
"M00774 | Erythromycin biosynthesis, propanoyl-CoA + methylmalonyl-CoA => deoxyerythronolide B => erythromycin A/B",Incomplete,Incomplete,Incomplete,Incomplete,Incomplete,Incomplete,Incomplete,Incomplete,Incomplete,Incomplete,Incomplete,Incomplete,Incomplete,Incomplete,Incomplete,Incomplete,Incomplete,Incomplete,Incomplete,Incomplete,Incomplete,Incomplete,Incomplete,Incomplete,Incomplete,Incomplete,Incomplete,Incomplete,Incomplete,Incomplete,Incomplete,Incomplete,Incomplete,Incomplete,Incomplete,Incomplete,Incomplete,Incomplete,Incomplete,Incomplete,Incomplete,Incomplete,Incomplete,Incomplete,Incomplete,Incomplete,Incomplete,Incomplete,Incomplete,Incomplete,Incomplete,Incomplete,Incomplete,Incomplete,Incomplete,Incomplete,Incomplete,Incomplete,Incomplete,Incomplete,Incomplete,Incomplete,Incomplete,Incomplete,Incomplete,Incomplete,Incomplete
"M00775 | Oleandomycin biosynthesis, malonyl-CoA + methylmalonyl-CoA => 8,8a-deoxyoleandolide => oleandomycin",Incomplete,Incomplete,Incomplete,Incomplete,Incomplete,Incomplete,Incomplete,Incomplete,Incomplete,Incomplete,Incomplete,Incomplete,Incomplete,Incomplete,Incomplete,Incomplete,Incomplete,Incomplete,Incomplete,Incomplete,Incomplete,Incomplete,Incomplete,Incomplete,Incomplete,Incomplete,Incomplete,Incomplete,Incomplete,Incomplete,Incomplete,Incomplete,Incomplete,Incomplete,Incomplete,Incomplete,Incomplete,Incomplete,Incomplete,Incomplete,Incomplete,Incomplete,Incomplete,Incomplete,Incomplete,Incomplete,Incomplete,Incomplete,Incomplete,Incomplete,Incomplete,Incomplete,Incomplete,Incomplete,Incomplete,Incomplete,Incomplete,Incomplete,Incomplete,Incomplete,Incomplete,Incomplete,Incomplete,Incomplete,Incomplete,Incomplete,Incomplete
"M00776 | Pikromycin/methymycin biosynthesis, methylmalonyl-CoA + malonyl-CoA => narbonolide/10-deoxymethynolide => pikromycin/methymycin",Incomplete,Incomplete,Incomplete,Incomplete,Incomplete,Incomplete,Incomplete,Incomplete,Incomplete,Incomplete,Incomplete,Incomplete,Incomplete,Incomplete,Incomplete,Incomplete,Incomplete,Incomplete,Incomplete,Incomplete,Incomplete,Incomplete,Incomplete,Incomplete,Incomplete,Incomplete,Incomplete,Incomplete,Incomplete,Incomplete,Incomplete,Incomplete,Incomplete,Incomplete,Incomplete,Incomplete,Incomplete,Incomplete,Incomplete,Incomplete,Incomplete,Incomplete,Incomplete,Incomplete,Incomplete,Incomplete,Incomplete,Incomplete,Incomplete,Incomplete,Incomplete,Incomplete,Incomplete,Incomplete,Incomplete,Incomplete,Incomplete,Incomplete,Incomplete,Incomplete,Incomplete,Incomplete,Incomplete,Incomplete,Incomplete,Incomplete,Incomplete
"M00777 | Avermectin biosynthesis, 2-methylbutanoyl-CoA/isobutyryl-CoA => 6,8a-Seco-6,8a-deoxy-5-oxoavermectin 1a/1b aglycone => avermectin A1a/B1a/A1b/B1b",Incomplete,Incomplete,Incomplete,Incomplete,Incomplete,Incomplete,Incomplete,Incomplete,Incomplete,Incomplete,Incomplete,Incomplete,Incomplete,Incomplete,Incomplete,Incomplete,Incomplete,Incomplete,Incomplete,Incomplete,Incomplete,Incomplete,Incomplete,Incomplete,Incomplete,Incomplete,Incomplete,Incomplete,Incomplete,Incomplete,Incomplete,Incomplete,Incomplete,Incomplete,Incomplete,Incomplete,Incomplete,Incomplete,Incomplete,Incomplete,Incomplete,Incomplete,Incomplete,Incomplete,Incomplete,Incomplete,Incomplete,Incomplete,Incomplete,Incomplete,Incomplete,Incomplete,Incomplete,Incomplete,Incomplete,Incomplete,Incomplete,Incomplete,Incomplete,Incomplete,Incomplete,Incomplete,Incomplete,Incomplete,Incomplete,Incomplete,Incomplete
"M00778 | Type II polyketide backbone biosynthesis, acyl-CoA + malonyl-CoA => polyketide",Incomplete,Incomplete,Incomplete,Incomplete,Incomplete,Incomplete,Incomplete,Incomplete,Incomplete,Incomplete,Incomplete,Incomplete,Incomplete,Incomplete,Incomplete,Incomplete,Incomplete,Incomplete,Incomplete,Incomplete,Incomplete,Incomplete,Incomplete,Incomplete,Incomplete,Incomplete,Incomplete,Incomplete,Incomplete,Incomplete,Incomplete,Incomplete,Incomplete,Incomplete,Incomplete,Incomplete,Incomplete,Incomplete,Incomplete,Incomplete,Incomplete,Incomplete,Incomplete,Incomplete,Incomplete,Incomplete,Incomplete,Incomplete,Incomplete,Incomplete,Incomplete,Incomplete,Incomplete,Incomplete,Incomplete,Incomplete,Incomplete,Incomplete,Incomplete,Incomplete,Incomplete,Incomplete,Incomplete,Incomplete,Incomplete,Incomplete,Incomplete
"M00779 | Dihydrokalafungin biosynthesis, octaketide => dihydrokalafungin",Incomplete,Incomplete,Incomplete,Incomplete,Incomplete,Incomplete,Incomplete,Incomplete,Incomplete,Incomplete,Incomplete,Incomplete,Incomplete,Incomplete,Incomplete,Incomplete,Incomplete,Incomplete,Incomplete,Incomplete,Incomplete,Incomplete,Incomplete,Incomplete,Incomplete,Incomplete,Incomplete,Incomplete,Incomplete,Incomplete,Incomplete,Incomplete,Incomplete,Incomplete,Incomplete,Incomplete,Incomplete,Incomplete,Incomplete,Incomplete,Incomplete,Incomplete,Incomplete,Incomplete,Incomplete,Incomplete,Incomplete,Incomplete,Incomplete,Incomplete,Incomplete,Incomplete,Incomplete,Incomplete,Incomplete,Incomplete,Incomplete,Incomplete,Incomplete,Incomplete,Incomplete,Incomplete,Incomplete,Incomplete,Incomplete,Incomplete,Incomplete
"M00780 | Tetracycline/oxytetracycline biosynthesis, pretetramide => tetracycline/oxytetracycline",Incomplete,Incomplete,Incomplete,Incomplete,Incomplete,Incomplete,Incomplete,Incomplete,Incomplete,Incomplete,Incomplete,Incomplete,Incomplete,Incomplete,Incomplete,Incomplete,Incomplete,Incomplete,Incomplete,Incomplete,Incomplete,Incomplete,Incomplete,Incomplete,Incomplete,Incomplete,Incomplete,Incomplete,Incomplete,Incomplete,Incomplete,Incomplete,Incomplete,Incomplete,Incomplete,Incomplete,Incomplete,Incomplete,Incomplete,Incomplete,Incomplete,Incomplete,Incomplete,Incomplete,Incomplete,Incomplete,Incomplete,Incomplete,Incomplete,Incomplete,Incomplete,Incomplete,Incomplete,Incomplete,Incomplete,Incomplete,Incomplete,Incomplete,Incomplete,Incomplete,Incomplete,Incomplete,Incomplete,Incomplete,Incomplete,Incomplete,Incomplete
"M00781 | Nogalavinone/aklavinone biosynthesis, deoxynogalonate/deoxyaklanonate => nogalavinone/aklavinone",Incomplete,Incomplete,Incomplete,Incomplete,Incomplete,Incomplete,Incomplete,Incomplete,Incomplete,Incomplete,Incomplete,Incomplete,Incomplete,Incomplete,Incomplete,Incomplete,Incomplete,Incomplete,Incomplete,Incomplete,Incomplete,Incomplete,Incomplete,Incomplete,Incomplete,Incomplete,Incomplete,Incomplete,Incomplete,Incomplete,Incomplete,Incomplete,Incomplete,Incomplete,Incomplete,Incomplete,Incomplete,Incomplete,Incomplete,Incomplete,Incomplete,Incomplete,Incomplete,Incomplete,Incomplete,Incomplete,Incomplete,Incomplete,Incomplete,Incomplete,Incomplete,Incomplete,Incomplete,Incomplete,Incomplete,Incomplete,Incomplete,Incomplete,Incomplete,Incomplete,Incomplete,Incomplete,Incomplete,Incomplete,Incomplete,Incomplete,Incomplete
"M00782 | Mithramycin biosynthesis, 4-demethylpremithramycinone => mithramycin",Incomplete,Incomplete,Incomplete,Incomplete,Incomplete,Incomplete,Incomplete,Incomplete,Incomplete,Incomplete,Incomplete,Incomplete,Incomplete,Incomplete,Incomplete,Incomplete,Incomplete,Incomplete,Incomplete,Incomplete,Incomplete,Incomplete,Incomplete,Incomplete,Incomplete,Incomplete,Incomplete,Incomplete,Incomplete,Incomplete,Incomplete,Incomplete,Incomplete,Incomplete,Incomplete,Incomplete,Incomplete,Incomplete,Incomplete,Incomplete,Incomplete,Incomplete,Incomplete,Incomplete,Incomplete,Incomplete,Incomplete,Incomplete,Incomplete,Incomplete,Incomplete,Incomplete,Incomplete,Incomplete,Incomplete,Incomplete,Incomplete,Incomplete,Incomplete,Incomplete,Incomplete,Incomplete,Incomplete,Incomplete,Incomplete,Incomplete,Incomplete
"M00783 | Tetracenomycin C/8-demethyltetracenomycin C biosynthesis, tetracenomycin F2 => tetracenomycin C/8-demethyltetracenomycin C",Incomplete,Incomplete,Incomplete,Incomplete,Incomplete,Incomplete,Incomplete,Incomplete,Incomplete,Incomplete,Incomplete,Incomplete,Incomplete,Incomplete,Incomplete,Incomplete,Incomplete,Incomplete,Incomplete,Incomplete,Incomplete,Incomplete,Incomplete,Incomplete,Incomplete,Incomplete,Incomplete,Incomplete,Incomplete,Incomplete,Incomplete,Incomplete,Incomplete,Incomplete,Incomplete,Incomplete,Incomplete,Incomplete,Incomplete,Incomplete,Incomplete,Incomplete,Incomplete,Incomplete,Incomplete,Incomplete,Incomplete,Incomplete,Incomplete,Incomplete,Incomplete,Incomplete,Incomplete,Incomplete,Incomplete,Incomplete,Incomplete,Incomplete,Incomplete,Incomplete,Incomplete,Incomplete,Incomplete,Incomplete,Incomplete,Incomplete,Incomplete
"M00784 | Elloramycin biosynthesis, 8-demethyltetracenomycin C => elloramycin A",Incomplete,Incomplete,Incomplete,Incomplete,Incomplete,Incomplete,Incomplete,Incomplete,Incomplete,Incomplete,Incomplete,Incomplete,Incomplete,Incomplete,Incomplete,Incomplete,Incomplete,Incomplete,Incomplete,Incomplete,Incomplete,Incomplete,Incomplete,Incomplete,Incomplete,Incomplete,Incomplete,Incomplete,Incomplete,Incomplete,Incomplete,Incomplete,Incomplete,Incomplete,Incomplete,Incomplete,Incomplete,Incomplete,Incomplete,Incomplete,Incomplete,Incomplete,Incomplete,Incomplete,Incomplete,Incomplete,Incomplete,Incomplete,Incomplete,Incomplete,Incomplete,Incomplete,Incomplete,Incomplete,Incomplete,Incomplete,Incomplete,Incomplete,Incomplete,Incomplete,Incomplete,Incomplete,Incomplete,Incomplete,Incomplete,Incomplete,Incomplete
"M00785 | Cycloserine biosynthesis, arginine/serine => cycloserine",Incomplete,Incomplete,Incomplete,Incomplete,Incomplete,Incomplete,Incomplete,Incomplete,Incomplete,Incomplete,Incomplete,Incomplete,Incomplete,Incomplete,Incomplete,Incomplete,Incomplete,Incomplete,Incomplete,Incomplete,Incomplete,Incomplete,Incomplete,Incomplete,Incomplete,Incomplete,Incomplete,Incomplete,Incomplete,Incomplete,Incomplete,Incomplete,Incomplete,Incomplete,Incomplete,Incomplete,Incomplete,Incomplete,Incomplete,Incomplete,Incomplete,Incomplete,Incomplete,Incomplete,Incomplete,Incomplete,Incomplete,Incomplete,Incomplete,Incomplete,Incomplete,Incomplete,Incomplete,Incomplete,Incomplete,Incomplete,Incomplete,Incomplete,Incomplete,Incomplete,Incomplete,Incomplete,Incomplete,Incomplete,Incomplete,Incomplete,Incomplete
"M00786 | Fumitremorgin alkaloid biosynthesis, tryptophan + proline => fumitremorgin C/A",Incomplete,Incomplete,Incomplete,Incomplete,Incomplete,Incomplete,Incomplete,Incomplete,Incomplete,Incomplete,Incomplete,Incomplete,Incomplete,Incomplete,Incomplete,Incomplete,Incomplete,Incomplete,Incomplete,Incomplete,Incomplete,Incomplete,Incomplete,Incomplete,Incomplete,Incomplete,Incomplete,Incomplete,Incomplete,Incomplete,Incomplete,Incomplete,Incomplete,Incomplete,Incomplete,Incomplete,Incomplete,Incomplete,Incomplete,Incomplete,Incomplete,Incomplete,Incomplete,Incomplete,Incomplete,Incomplete,Incomplete,Incomplete,Incomplete,Incomplete,Incomplete,Incomplete,Incomplete,Incomplete,Incomplete,Incomplete,Incomplete,Incomplete,Incomplete,Incomplete,Incomplete,Incomplete,Incomplete,Incomplete,Incomplete,Incomplete,Incomplete
"M00787 | Bacilysin biosynthesis, prephenate => bacilysin",Incomplete,Incomplete,Incomplete,Incomplete,Incomplete,Incomplete,Incomplete,Incomplete,Incomplete,Incomplete,Incomplete,Incomplete,Incomplete,Incomplete,Incomplete,Incomplete,Incomplete,Incomplete,Incomplete,Incomplete,Incomplete,Incomplete,Incomplete,Incomplete,Incomplete,Incomplete,Incomplete,Incomplete,Incomplete,Incomplete,Incomplete,Incomplete,Incomplete,Incomplete,Incomplete,Incomplete,Incomplete,Incomplete,Incomplete,Incomplete,Incomplete,Incomplete,Incomplete,Incomplete,Incomplete,Incomplete,Incomplete,Incomplete,Incomplete,Incomplete,Incomplete,Incomplete,Incomplete,Incomplete,Incomplete,Incomplete,Incomplete,Incomplete,Incomplete,Incomplete,Incomplete,Incomplete,Incomplete,Incomplete,Incomplete,Incomplete,Incomplete
"M00788 | Terpentecin biosynthesis, GGAP => terpentecin",Incomplete,Incomplete,Incomplete,Incomplete,Incomplete,Incomplete,Incomplete,Incomplete,Incomplete,Incomplete,Incomplete,Incomplete,Incomplete,Incomplete,Incomplete,Incomplete,Incomplete,Incomplete,Incomplete,Incomplete,Incomplete,Incomplete,Incomplete,Incomplete,Incomplete,Incomplete,Incomplete,Incomplete,Incomplete,Incomplete,Incomplete,Incomplete,Incomplete,Incomplete,Incomplete,Incomplete,Incomplete,Incomplete,Incomplete,Incomplete,Incomplete,Incomplete,Incomplete,Incomplete,Incomplete,Incomplete,Incomplete,Incomplete,Incomplete,Incomplete,Incomplete,Incomplete,Incomplete,Incomplete,Incomplete,Incomplete,Incomplete,Incomplete,Incomplete,Incomplete,Incomplete,Incomplete,Incomplete,Incomplete,Incomplete,Incomplete,Incomplete
"M00789 | Rebeccamycin biosynthesis, tryptophan => rebeccamycin",Incomplete,Incomplete,Incomplete,Incomplete,Incomplete,Incomplete,Incomplete,Incomplete,Incomplete,Incomplete,Incomplete,Incomplete,Incomplete,Incomplete,Incomplete,Incomplete,Incomplete,Incomplete,Incomplete,Incomplete,Incomplete,Incomplete,Incomplete,Incomplete,Incomplete,Incomplete,Incomplete,Incomplete,Incomplete,Incomplete,Incomplete,Incomplete,Incomplete,Incomplete,Incomplete,Incomplete,Incomplete,Incomplete,Incomplete,Incomplete,Incomplete,Incomplete,Incomplete,Incomplete,Incomplete,Incomplete,Incomplete,Incomplete,Incomplete,Incomplete,Incomplete,Incomplete,Incomplete,Incomplete,Incomplete,Incomplete,Incomplete,Incomplete,Incomplete,Incomplete,Incomplete,Incomplete,Incomplete,Incomplete,Incomplete,Incomplete,Incomplete
"M00790 | Pyrrolnitrin biosynthesis, tryptophan => pyrrolnitrin",Incomplete,Incomplete,Incomplete,Incomplete,Incomplete,Incomplete,Incomplete,Incomplete,Incomplete,Incomplete,Incomplete,Incomplete,Incomplete,Incomplete,Incomplete,Incomplete,Incomplete,Incomplete,Incomplete,Incomplete,Incomplete,Incomplete,Incomplete,Incomplete,Incomplete,Incomplete,Incomplete,Incomplete,Incomplete,Incomplete,Incomplete,Incomplete,Incomplete,Incomplete,Incomplete,Incomplete,Incomplete,Incomplete,Incomplete,Incomplete,Incomplete,Incomplete,Incomplete,Incomplete,Incomplete,Incomplete,Incomplete,Incomplete,Incomplete,Incomplete,Incomplete,Incomplete,Incomplete,Incomplete,Incomplete,Incomplete,Incomplete,Incomplete,Incomplete,Incomplete,Incomplete,Incomplete,Incomplete,Incomplete,Incomplete,Incomplete,Incomplete
M00793 | dTDP-L-rhamnose biosynthesis,Complete,Complete,Incomplete,Complete,Complete,Complete,1 block missing,Complete,Complete,Complete,Incomplete,Complete,Complete,Complete,Complete,Complete,Complete,Complete,Complete,Complete,Complete,Complete,Complete,Complete,Complete,Complete,Complete,Complete,Complete,Complete,Complete,Complete,Complete,Complete,Complete,Complete,Complete,Complete,Complete,Complete,Complete,Complete,Complete,Complete,1 block missing,Complete,Complete,Complete,Complete,Complete,Complete,Complete,Complete,Complete,Complete,Complete,Complete,Complete,Complete,Incomplete,Complete,Complete,Complete,Complete,Complete,Complete,Complete
M00794 | dTDP-6-deoxy-D-allose biosynthesis,Incomplete,Incomplete,Incomplete,Incomplete,Incomplete,Incomplete,Incomplete,Incomplete,Incomplete,1 block missing,Incomplete,Incomplete,Incomplete,Incomplete,Incomplete,Incomplete,Incomplete,Incomplete,Incomplete,Incomplete,Incomplete,Incomplete,Incomplete,Incomplete,Incomplete,Incomplete,Incomplete,Incomplete,Incomplete,Incomplete,Incomplete,Incomplete,Incomplete,Incomplete,Incomplete,Incomplete,Incomplete,Incomplete,Incomplete,Incomplete,Incomplete,Incomplete,Incomplete,Incomplete,Incomplete,Incomplete,Incomplete,Incomplete,Incomplete,Incomplete,Incomplete,Incomplete,Incomplete,Incomplete,Incomplete,Incomplete,Incomplete,Incomplete,Incomplete,Incomplete,Incomplete,Incomplete,Incomplete,Incomplete,Incomplete,Incomplete,Incomplete
M00795 | dTDP-beta-L-noviose biosynthesis,Incomplete,Incomplete,Incomplete,Incomplete,Incomplete,Incomplete,Incomplete,1 block missing,Incomplete,Incomplete,Incomplete,Incomplete,Incomplete,Incomplete,Incomplete,Incomplete,Incomplete,Incomplete,Incomplete,Incomplete,Incomplete,Incomplete,Incomplete,Incomplete,Incomplete,Incomplete,Incomplete,Incomplete,Incomplete,Incomplete,Incomplete,Incomplete,Incomplete,Incomplete,Incomplete,Incomplete,Incomplete,Incomplete,Incomplete,Incomplete,Incomplete,Incomplete,Incomplete,Incomplete,Incomplete,Incomplete,Incomplete,Incomplete,Incomplete,Incomplete,Incomplete,Incomplete,Incomplete,Incomplete,Incomplete,Incomplete,Incomplete,Incomplete,Incomplete,Incomplete,Incomplete,Incomplete,Incomplete,Incomplete,Incomplete,Incomplete,Incomplete
M00796 | dTDP-D-mycaminose biosynthesis,Incomplete,Incomplete,Incomplete,Incomplete,Incomplete,Incomplete,Incomplete,Incomplete,Incomplete,Incomplete,Incomplete,Incomplete,Incomplete,Incomplete,Incomplete,Incomplete,Incomplete,Incomplete,Incomplete,Incomplete,Incomplete,Incomplete,Incomplete,Incomplete,Incomplete,Incomplete,Incomplete,Incomplete,Incomplete,Incomplete,Incomplete,Incomplete,Incomplete,Incomplete,Incomplete,Incomplete,Incomplete,Incomplete,Incomplete,Incomplete,Incomplete,Incomplete,Incomplete,Incomplete,Incomplete,Incomplete,Incomplete,Incomplete,Incomplete,Incomplete,Incomplete,Incomplete,Incomplete,Incomplete,Incomplete,Incomplete,Incomplete,Incomplete,Incomplete,Incomplete,Incomplete,Incomplete,Incomplete,Incomplete,Incomplete,Incomplete,Incomplete
M00797 | dTDP-D-desosamine biosynthesis,Incomplete,Incomplete,Incomplete,Incomplete,Incomplete,Incomplete,Incomplete,Complete,Incomplete,1 block missing,Incomplete,Incomplete,Incomplete,Incomplete,Incomplete,Incomplete,Incomplete,Incomplete,Incomplete,Incomplete,1 block missing,Incomplete,Incomplete,Incomplete,Incomplete,Incomplete,Incomplete,Incomplete,1 block missing,Incomplete,Incomplete,Incomplete,Incomplete,Incomplete,Incomplete,Incomplete,Incomplete,Incomplete,Incomplete,Incomplete,Incomplete,Incomplete,Incomplete,Incomplete,Incomplete,Incomplete,Incomplete,Incomplete,Incomplete,Incomplete,Incomplete,Incomplete,Incomplete,Incomplete,Incomplete,Incomplete,Incomplete,Incomplete,Incomplete,Incomplete,Incomplete,Incomplete,1 block missing,1 block missing,Incomplete,Incomplete,Incomplete
M00798 | dTDP-L-mycarose biosynthesis,Incomplete,Incomplete,Incomplete,Incomplete,Incomplete,Incomplete,Incomplete,Incomplete,Incomplete,Incomplete,Incomplete,Incomplete,Incomplete,Incomplete,Incomplete,Incomplete,Incomplete,Incomplete,Incomplete,Incomplete,Incomplete,Incomplete,Incomplete,Incomplete,Incomplete,Incomplete,Incomplete,Incomplete,Incomplete,Incomplete,Incomplete,Incomplete,Incomplete,Incomplete,Incomplete,Incomplete,Incomplete,Incomplete,Incomplete,Incomplete,Incomplete,Incomplete,Incomplete,Incomplete,Incomplete,Incomplete,Incomplete,Incomplete,Incomplete,Incomplete,Incomplete,Incomplete,Incomplete,Incomplete,Incomplete,Incomplete,Incomplete,Incomplete,Incomplete,Incomplete,Incomplete,Incomplete,Incomplete,Incomplete,Incomplete,Incomplete,Incomplete
M00799 | dTDP-L-oleandrose biosynthesis,Incomplete,Incomplete,Incomplete,Incomplete,Incomplete,Incomplete,Incomplete,Incomplete,Incomplete,Incomplete,Incomplete,Incomplete,Incomplete,Incomplete,Incomplete,Incomplete,Incomplete,Incomplete,Incomplete,Incomplete,Incomplete,Incomplete,Incomplete,Incomplete,Incomplete,Incomplete,Incomplete,Incomplete,Incomplete,Incomplete,Incomplete,Incomplete,Incomplete,Incomplete,Incomplete,Incomplete,Incomplete,Incomplete,Incomplete,Incomplete,Incomplete,Incomplete,Incomplete,Incomplete,Incomplete,Incomplete,Incomplete,Incomplete,Incomplete,Incomplete,Incomplete,Incomplete,Incomplete,Incomplete,Incomplete,Incomplete,Incomplete,Incomplete,Incomplete,Incomplete,Incomplete,Incomplete,Incomplete,Incomplete,Incomplete,Incomplete,Incomplete
M00800 | dTDP-L-megosamine biosynthesis,Incomplete,Incomplete,Incomplete,Incomplete,Incomplete,Incomplete,Incomplete,Incomplete,Incomplete,Incomplete,Incomplete,Incomplete,Incomplete,Incomplete,Incomplete,Incomplete,Incomplete,Incomplete,Incomplete,Incomplete,1 block missing,Incomplete,Incomplete,Incomplete,Incomplete,Incomplete,Incomplete,Incomplete,Incomplete,Incomplete,Incomplete,Incomplete,Incomplete,Incomplete,Incomplete,Incomplete,Incomplete,Incomplete,Incomplete,Incomplete,Incomplete,Incomplete,Incomplete,Incomplete,Incomplete,Incomplete,Incomplete,Incomplete,Incomplete,Incomplete,Incomplete,Incomplete,Incomplete,Incomplete,Incomplete,Incomplete,Incomplete,Incomplete,Incomplete,Incomplete,Incomplete,Incomplete,Incomplete,Incomplete,Incomplete,Incomplete,Incomplete
M00801 | dTDP-L-olivose biosynthesis,Incomplete,Incomplete,Incomplete,Incomplete,Incomplete,Incomplete,Incomplete,1 block missing,Incomplete,1 block missing,Incomplete,Incomplete,Incomplete,Incomplete,Incomplete,Incomplete,Incomplete,Incomplete,Incomplete,Incomplete,Incomplete,Incomplete,Incomplete,Incomplete,Incomplete,Incomplete,Incomplete,Incomplete,Incomplete,Incomplete,Incomplete,Incomplete,Incomplete,Incomplete,Incomplete,Incomplete,Incomplete,Incomplete,Incomplete,Incomplete,Incomplete,Incomplete,Incomplete,Incomplete,Incomplete,Incomplete,Incomplete,Incomplete,Incomplete,1 block missing,Incomplete,Incomplete,1 block missing,Incomplete,Incomplete,Incomplete,Incomplete,Incomplete,Incomplete,Incomplete,Incomplete,Incomplete,Incomplete,1 block missing,Incomplete,Incomplete,Incomplete
M00802 | dTDP-D-forosamine biosynthesis,Incomplete,Incomplete,Incomplete,Incomplete,Incomplete,Incomplete,Incomplete,1 block missing,Incomplete,1 block missing,Incomplete,Incomplete,Incomplete,Incomplete,Incomplete,Incomplete,Incomplete,Incomplete,Incomplete,Incomplete,1 block missing,Incomplete,Incomplete,Incomplete,Incomplete,Incomplete,1 block missing,Incomplete,Incomplete,Incomplete,Incomplete,Incomplete,Incomplete,Incomplete,Incomplete,Incomplete,Incomplete,Incomplete,Incomplete,Incomplete,Incomplete,Incomplete,Incomplete,Incomplete,Incomplete,1 block missing,Incomplete,Incomplete,1 block missing,Incomplete,Incomplete,Incomplete,Incomplete,Incomplete,Incomplete,Incomplete,Incomplete,Incomplete,Incomplete,Incomplete,Incomplete,Incomplete,Incomplete,1 block missing,Incomplete,Incomplete,1 block missing
M00803 | dTDP-D-angolosamine biosynthesis,Incomplete,Incomplete,Incomplete,Incomplete,Incomplete,Incomplete,Incomplete,1 block missing,Incomplete,1 block missing,Incomplete,Incomplete,Incomplete,Incomplete,Incomplete,Incomplete,Incomplete,Incomplete,Incomplete,Incomplete,1 block missing,Incomplete,Incomplete,Incomplete,Incomplete,Incomplete,1 block missing,Incomplete,Incomplete,Incomplete,Incomplete,Incomplete,Incomplete,Incomplete,Incomplete,Incomplete,Incomplete,Incomplete,Incomplete,Incomplete,Incomplete,Incomplete,Incomplete,Incomplete,Incomplete,Incomplete,Incomplete,Incomplete,1 block missing,Incomplete,Incomplete,Incomplete,Incomplete,Incomplete,Incomplete,Incomplete,Incomplete,Incomplete,Incomplete,Incomplete,Incomplete,Incomplete,Incomplete,1 block missing,Incomplete,Incomplete,Incomplete
"M00804 | Complete nitrification, comammox, ammonia => nitrite => nitrate",Incomplete,Complete,Incomplete,Incomplete,1 block missing,Complete,1 block missing,Complete,Incomplete,Complete,1 block missing,Complete,Incomplete,Incomplete,Incomplete,Incomplete,Incomplete,Incomplete,Incomplete,Complete,Complete,1 block missing,Incomplete,Incomplete,Complete,Incomplete,Complete,Complete,Incomplete,Incomplete,Incomplete,1 block missing,Complete,Incomplete,Incomplete,Incomplete,Incomplete,Incomplete,Complete,1 block missing,Incomplete,Incomplete,Complete,Incomplete,1 block missing,Complete,1 block missing,Incomplete,Complete,Incomplete,Incomplete,Complete,Complete,Complete,Incomplete,Incomplete,Incomplete,Incomplete,Incomplete,Complete,Incomplete,1 block missing,Incomplete,Complete,1 block missing,Incomplete,Complete
"M00805 | Staurosporine biosynthesis, tryptophan => staurosporine",Incomplete,Incomplete,Incomplete,Incomplete,Incomplete,Incomplete,Incomplete,Incomplete,Incomplete,Incomplete,Incomplete,Incomplete,Incomplete,Incomplete,Incomplete,Incomplete,Incomplete,Incomplete,Incomplete,Incomplete,Incomplete,Incomplete,Incomplete,Incomplete,Incomplete,Incomplete,Incomplete,Incomplete,Incomplete,Incomplete,Incomplete,Incomplete,Incomplete,Incomplete,Incomplete,Incomplete,Incomplete,Incomplete,Incomplete,Incomplete,Incomplete,Incomplete,Incomplete,Incomplete,Incomplete,Incomplete,Incomplete,Incomplete,Incomplete,Incomplete,Incomplete,Incomplete,Incomplete,Incomplete,Incomplete,Incomplete,Incomplete,Incomplete,Incomplete,Incomplete,Incomplete,Incomplete,Incomplete,Incomplete,Incomplete,Incomplete,Incomplete
"M00808 | Violacein biosynthesis, tryptophan => violacein",Incomplete,Incomplete,Incomplete,Incomplete,Incomplete,Incomplete,Incomplete,Incomplete,Incomplete,Incomplete,Incomplete,Incomplete,Incomplete,Incomplete,Incomplete,Incomplete,Incomplete,Incomplete,Incomplete,Incomplete,Incomplete,Incomplete,Incomplete,Incomplete,Incomplete,Incomplete,Incomplete,Incomplete,Incomplete,Incomplete,Incomplete,Incomplete,Incomplete,Incomplete,Incomplete,Incomplete,Incomplete,Incomplete,Incomplete,Incomplete,Incomplete,Incomplete,Incomplete,Incomplete,Incomplete,Incomplete,Incomplete,Incomplete,Incomplete,Incomplete,Incomplete,Incomplete,Incomplete,Incomplete,Incomplete,Incomplete,Incomplete,Incomplete,Incomplete,Incomplete,Incomplete,Incomplete,Incomplete,Incomplete,Incomplete,Incomplete,Incomplete
"M00810 | Nicotine degradation, pyridine pathway, nicotine => 2,6-dihydroxypyridine/succinate semialdehyde",Incomplete,Incomplete,Incomplete,Incomplete,Incomplete,Incomplete,Incomplete,Incomplete,Incomplete,Incomplete,Incomplete,Incomplete,Incomplete,Incomplete,Incomplete,Incomplete,Incomplete,Incomplete,Incomplete,Incomplete,Incomplete,Incomplete,Incomplete,Incomplete,Incomplete,Incomplete,Incomplete,Incomplete,Incomplete,Incomplete,Incomplete,Incomplete,Incomplete,Incomplete,Incomplete,Incomplete,Incomplete,Incomplete,Incomplete,Incomplete,Incomplete,Incomplete,Incomplete,Incomplete,Incomplete,Incomplete,Incomplete,Incomplete,Incomplete,Incomplete,Incomplete,Incomplete,Incomplete,Incomplete,Incomplete,Incomplete,Incomplete,Incomplete,Incomplete,Incomplete,Incomplete,Incomplete,Incomplete,Incomplete,Incomplete,Incomplete,Incomplete
"M00811 | Nicotine degradation, pyrrolidine pathway, nicotine => succinate semialdehyde",Incomplete,Incomplete,Incomplete,Incomplete,Incomplete,Incomplete,Incomplete,Incomplete,Incomplete,Incomplete,Incomplete,Incomplete,Incomplete,Incomplete,Incomplete,Incomplete,Incomplete,Incomplete,Incomplete,Incomplete,Incomplete,Incomplete,Incomplete,Incomplete,Incomplete,Incomplete,Incomplete,Incomplete,Incomplete,Incomplete,Incomplete,Incomplete,Incomplete,Incomplete,Incomplete,Incomplete,Incomplete,Incomplete,Incomplete,Incomplete,Incomplete,Incomplete,Incomplete,Incomplete,Incomplete,Incomplete,Incomplete,Incomplete,Incomplete,Incomplete,Incomplete,Incomplete,Incomplete,Incomplete,Incomplete,Incomplete,Incomplete,Incomplete,Incomplete,Incomplete,Incomplete,Incomplete,Incomplete,Incomplete,Incomplete,Incomplete,Incomplete
"M00814 | Acarbose biosynthesis, sedoheptulopyranose-7P => acarbose",Incomplete,Incomplete,Incomplete,Incomplete,Incomplete,Incomplete,Incomplete,Incomplete,Incomplete,Incomplete,Incomplete,Incomplete,Incomplete,Incomplete,Incomplete,Incomplete,Incomplete,Incomplete,Incomplete,Incomplete,Incomplete,Incomplete,Incomplete,Incomplete,Incomplete,Incomplete,Incomplete,Incomplete,Incomplete,Incomplete,Incomplete,Incomplete,Incomplete,Incomplete,Incomplete,Incomplete,Incomplete,Incomplete,Incomplete,Incomplete,Incomplete,Incomplete,Incomplete,Incomplete,Incomplete,Incomplete,Incomplete,Incomplete,Incomplete,Incomplete,Incomplete,Incomplete,Incomplete,Incomplete,Incomplete,Incomplete,Incomplete,Incomplete,Incomplete,Incomplete,Incomplete,Incomplete,Incomplete,Incomplete,Incomplete,Incomplete,Incomplete
"M00815 | Validamycin A biosynthesis, sedoheptulopyranose-7P => validamycin A",Incomplete,Incomplete,Incomplete,Incomplete,Incomplete,Incomplete,Incomplete,Incomplete,Incomplete,Incomplete,Incomplete,Incomplete,Incomplete,Incomplete,Incomplete,Incomplete,Incomplete,Incomplete,Incomplete,Incomplete,Incomplete,Incomplete,Incomplete,Incomplete,Incomplete,Incomplete,Incomplete,Incomplete,Incomplete,Incomplete,Incomplete,Incomplete,Incomplete,Incomplete,Incomplete,Incomplete,Incomplete,Incomplete,Incomplete,Incomplete,Incomplete,Incomplete,Incomplete,Incomplete,Incomplete,Incomplete,Incomplete,Incomplete,Incomplete,Incomplete,Incomplete,Incomplete,Incomplete,Incomplete,Incomplete,Incomplete,Incomplete,Incomplete,Incomplete,Incomplete,Incomplete,Incomplete,Incomplete,Incomplete,Incomplete,Incomplete,Incomplete
"M00819 | Pentalenolactone biosynthesis, farnesyl-PP => pentalenolactone",Incomplete,Incomplete,Incomplete,Incomplete,Incomplete,Incomplete,Incomplete,Incomplete,Incomplete,Incomplete,Incomplete,Incomplete,Incomplete,Incomplete,Incomplete,Incomplete,Incomplete,Incomplete,Incomplete,Incomplete,Incomplete,Incomplete,Incomplete,Incomplete,Incomplete,Incomplete,Incomplete,Incomplete,Incomplete,Incomplete,Incomplete,Incomplete,Incomplete,Incomplete,Incomplete,Incomplete,Incomplete,Incomplete,Incomplete,Incomplete,Incomplete,Incomplete,Incomplete,Incomplete,Incomplete,Incomplete,Incomplete,Incomplete,Incomplete,Incomplete,Incomplete,Incomplete,Incomplete,Incomplete,Incomplete,Incomplete,Incomplete,Incomplete,Incomplete,Incomplete,Incomplete,Incomplete,Incomplete,Incomplete,Incomplete,Incomplete,Incomplete
"M00823 | Chlortetracycline biosynthesis, pretetramide => chlortetracycline",Incomplete,Incomplete,Incomplete,Incomplete,Incomplete,Incomplete,Incomplete,Incomplete,Incomplete,Incomplete,Incomplete,Incomplete,Incomplete,Incomplete,Incomplete,Incomplete,Incomplete,Incomplete,Incomplete,Incomplete,Incomplete,Incomplete,Incomplete,Incomplete,Incomplete,Incomplete,Incomplete,Incomplete,Incomplete,Incomplete,Incomplete,Incomplete,Incomplete,Incomplete,Incomplete,Incomplete,Incomplete,Incomplete,Incomplete,Incomplete,Incomplete,Incomplete,Incomplete,Incomplete,Incomplete,Incomplete,Incomplete,Incomplete,Incomplete,Incomplete,Incomplete,Incomplete,Incomplete,Incomplete,Incomplete,Incomplete,Incomplete,Incomplete,Incomplete,Incomplete,Incomplete,Incomplete,Incomplete,Incomplete,Incomplete,Incomplete,Incomplete
"M00824 | 9-membered enediyne core biosynthesis, malonyl-CoA => 3-hydroxyhexadeca-4,6,8,10,12,14-hexaenoyl-ACP => 9-membered enediyne core",Incomplete,Incomplete,Incomplete,Incomplete,Incomplete,Incomplete,Incomplete,Incomplete,Incomplete,Incomplete,Incomplete,Incomplete,Incomplete,Incomplete,Incomplete,Incomplete,Incomplete,Incomplete,Incomplete,Incomplete,Incomplete,Incomplete,Incomplete,Incomplete,Incomplete,Incomplete,Incomplete,Incomplete,Incomplete,Incomplete,Incomplete,Incomplete,Incomplete,Incomplete,Incomplete,Incomplete,Incomplete,Incomplete,Incomplete,Incomplete,Incomplete,Incomplete,Incomplete,Incomplete,Incomplete,Incomplete,Incomplete,Incomplete,Incomplete,Incomplete,Incomplete,Incomplete,Incomplete,Incomplete,Incomplete,Incomplete,Incomplete,Incomplete,Incomplete,Incomplete,Incomplete,Incomplete,Incomplete,Incomplete,Incomplete,Incomplete,Incomplete
"M00825 | 10-membered enediyne core biosynthesis, malonyl-CoA => 3-hydroxyhexadeca-4,6,8,10,12,14-hexaenoyl-ACP => 10-membered enediyne core",Incomplete,Incomplete,Incomplete,Incomplete,Incomplete,Incomplete,Incomplete,Incomplete,Incomplete,Incomplete,Incomplete,Incomplete,Incomplete,Incomplete,Incomplete,Incomplete,Incomplete,Incomplete,Incomplete,Incomplete,Incomplete,Incomplete,Incomplete,Incomplete,Incomplete,Incomplete,Incomplete,Incomplete,Incomplete,Incomplete,Incomplete,Incomplete,Incomplete,Incomplete,Incomplete,Incomplete,Incomplete,Incomplete,Incomplete,Incomplete,Incomplete,Incomplete,Incomplete,Incomplete,Incomplete,Incomplete,Incomplete,Incomplete,Incomplete,Incomplete,Incomplete,Incomplete,Incomplete,Incomplete,Incomplete,Incomplete,Incomplete,Incomplete,Incomplete,Incomplete,Incomplete,Incomplete,Incomplete,Incomplete,Incomplete,Incomplete,Incomplete
"M00826 | C-1027 benzoxazolinate moiety biosynthesis, chorismate => benzoxazolinyl-CoA",Incomplete,Incomplete,Incomplete,Incomplete,Incomplete,Incomplete,Incomplete,Incomplete,Incomplete,Incomplete,Incomplete,Incomplete,Incomplete,Incomplete,Incomplete,Incomplete,Incomplete,Incomplete,Incomplete,Incomplete,Incomplete,Incomplete,Incomplete,Incomplete,Incomplete,Incomplete,Incomplete,Incomplete,Incomplete,Incomplete,Incomplete,Incomplete,Incomplete,Incomplete,Incomplete,Incomplete,Incomplete,Incomplete,Incomplete,Incomplete,Incomplete,Incomplete,Incomplete,Incomplete,Incomplete,Incomplete,Incomplete,Incomplete,Incomplete,Incomplete,Incomplete,Incomplete,Incomplete,Incomplete,Incomplete,Incomplete,Incomplete,Incomplete,Incomplete,Incomplete,Incomplete,Incomplete,Incomplete,Incomplete,Incomplete,Incomplete,Incomplete
"M00827 | C-1027 beta-amino acid moiety biosynthesis, tyrosine => 3-chloro-4,5-dihydroxy-beta-phenylalanyl-PCP",Incomplete,Incomplete,Incomplete,Incomplete,Incomplete,Incomplete,Incomplete,Incomplete,Incomplete,Incomplete,Incomplete,Incomplete,Incomplete,Incomplete,Incomplete,Incomplete,Incomplete,Incomplete,Incomplete,Incomplete,Incomplete,Incomplete,Incomplete,Incomplete,Incomplete,Incomplete,Incomplete,Incomplete,Incomplete,Incomplete,Incomplete,Incomplete,Incomplete,Incomplete,Incomplete,Incomplete,Incomplete,Incomplete,Incomplete,Incomplete,Incomplete,Incomplete,Incomplete,Incomplete,Incomplete,Incomplete,Incomplete,Incomplete,Incomplete,Incomplete,Incomplete,Incomplete,Incomplete,Incomplete,Incomplete,Incomplete,Incomplete,Incomplete,Incomplete,Incomplete,Incomplete,Incomplete,Incomplete,Incomplete,Incomplete,Incomplete,Incomplete
"M00828 | Maduropeptin beta-hydroxy acid moiety biosynthesis, tyrosine => 3-(4-hydroxyphenyl)-3-oxopropanoyl-PCP",Incomplete,Incomplete,Incomplete,Incomplete,Incomplete,Incomplete,Incomplete,Incomplete,Incomplete,Incomplete,Incomplete,Incomplete,Incomplete,Incomplete,Incomplete,Incomplete,Incomplete,Incomplete,Incomplete,Incomplete,Incomplete,Incomplete,Incomplete,Incomplete,Incomplete,Incomplete,Incomplete,Incomplete,Incomplete,Incomplete,Incomplete,Incomplete,Incomplete,Incomplete,Incomplete,Incomplete,Incomplete,Incomplete,Incomplete,Incomplete,Incomplete,Incomplete,Incomplete,Incomplete,Incomplete,Incomplete,Incomplete,Incomplete,Incomplete,Incomplete,Incomplete,Incomplete,Incomplete,Incomplete,Incomplete,Incomplete,Incomplete,Incomplete,Incomplete,Incomplete,Incomplete,Incomplete,Incomplete,Incomplete,Incomplete,Incomplete,Incomplete
"M00829 | 3,6-Dimethylsalicylyl-CoA biosynthesis, malonyl-CoA => 6-methylsalicylate => 3,6-dimethylsalicylyl-CoA",Incomplete,Incomplete,Incomplete,Incomplete,Incomplete,Incomplete,Incomplete,Incomplete,Incomplete,Incomplete,Incomplete,Incomplete,Incomplete,Incomplete,Incomplete,Incomplete,Incomplete,Incomplete,Incomplete,Incomplete,Incomplete,Incomplete,Incomplete,Incomplete,Incomplete,Incomplete,Incomplete,Incomplete,Incomplete,Incomplete,Incomplete,Incomplete,Incomplete,Incomplete,Incomplete,Incomplete,Incomplete,Incomplete,Incomplete,Incomplete,Incomplete,Incomplete,Incomplete,Incomplete,Incomplete,Incomplete,Incomplete,Incomplete,Incomplete,Incomplete,Incomplete,Incomplete,Incomplete,Incomplete,Incomplete,Incomplete,Incomplete,Incomplete,Incomplete,Incomplete,Incomplete,Incomplete,Incomplete,Incomplete,Incomplete,Incomplete,Incomplete
"M00830 | Neocarzinostatin naphthoate moiety biosynthesis, malonyl-CoA => 2-hydroxy-5-methyl-1-naphthoate => 2-hydroxy-7-methoxy-5-methyl-1-naphthoyl-CoA",Incomplete,Incomplete,Incomplete,Incomplete,Incomplete,Incomplete,Incomplete,Incomplete,Incomplete,Incomplete,Incomplete,Incomplete,Incomplete,Incomplete,Incomplete,Incomplete,Incomplete,Incomplete,Incomplete,Incomplete,Incomplete,Incomplete,Incomplete,Incomplete,Incomplete,Incomplete,Incomplete,Incomplete,Incomplete,Incomplete,Incomplete,Incomplete,Incomplete,Incomplete,Incomplete,Incomplete,Incomplete,Incomplete,Incomplete,Incomplete,Incomplete,Incomplete,Incomplete,Incomplete,Incomplete,Incomplete,Incomplete,Incomplete,Incomplete,Incomplete,Incomplete,Incomplete,Incomplete,Incomplete,Incomplete,Incomplete,Incomplete,Incomplete,Incomplete,Incomplete,Incomplete,Incomplete,Incomplete,Incomplete,Incomplete,Incomplete,Incomplete
"M00831 | Kedarcidin 2-hydroxynaphthoate moiety biosynthesis, malonyl-CoA => 3,6,8-trihydroxy-2-naphthoate => 3-hydroxy-7,8-dimethoxy-6-isopropoxy-2-naphthoyl-CoA",Incomplete,Incomplete,Incomplete,Incomplete,Incomplete,Incomplete,Incomplete,Incomplete,Incomplete,Incomplete,Incomplete,Incomplete,Incomplete,Incomplete,Incomplete,Incomplete,Incomplete,Incomplete,Incomplete,Incomplete,Incomplete,Incomplete,Incomplete,Incomplete,Incomplete,Incomplete,Incomplete,Incomplete,Incomplete,Incomplete,Incomplete,Incomplete,Incomplete,Incomplete,Incomplete,Incomplete,Incomplete,Incomplete,Incomplete,Incomplete,Incomplete,Incomplete,Incomplete,Incomplete,Incomplete,Incomplete,Incomplete,Incomplete,Incomplete,Incomplete,Incomplete,Incomplete,Incomplete,Incomplete,Incomplete,Incomplete,Incomplete,Incomplete,Incomplete,Incomplete,Incomplete,Incomplete,Incomplete,Incomplete,Incomplete,Incomplete,Incomplete
"M00832 | Kedarcidin 2-aza-3-chloro-beta-tyrosine moiety biosynthesis, azatyrosine => 2-aza-3-chloro-beta-tyrosyl-PCP",Incomplete,Incomplete,Incomplete,Incomplete,Incomplete,Incomplete,Incomplete,Incomplete,Incomplete,Incomplete,Incomplete,Incomplete,Incomplete,Incomplete,Incomplete,Incomplete,Incomplete,Incomplete,Incomplete,Incomplete,Incomplete,Incomplete,Incomplete,Incomplete,Incomplete,Incomplete,Incomplete,Incomplete,Incomplete,Incomplete,Incomplete,Incomplete,Incomplete,Incomplete,Incomplete,Incomplete,Incomplete,Incomplete,Incomplete,Incomplete,Incomplete,Incomplete,Incomplete,Incomplete,Incomplete,Incomplete,Incomplete,Incomplete,Incomplete,Incomplete,Incomplete,Incomplete,Incomplete,Incomplete,Incomplete,Incomplete,Incomplete,Incomplete,Incomplete,Incomplete,Incomplete,Incomplete,Incomplete,Incomplete,Incomplete,Incomplete,Incomplete
"M00833 | Calicheamicin biosynthesis, calicheamicinone => calicheamicin",Incomplete,Incomplete,Incomplete,Incomplete,Incomplete,Incomplete,Incomplete,Incomplete,Incomplete,Incomplete,Incomplete,Incomplete,Incomplete,Incomplete,Incomplete,Incomplete,Incomplete,Incomplete,Incomplete,Incomplete,Incomplete,Incomplete,Incomplete,Incomplete,Incomplete,Incomplete,Incomplete,Incomplete,Incomplete,Incomplete,Incomplete,Incomplete,Incomplete,Incomplete,Incomplete,Incomplete,Incomplete,Incomplete,Incomplete,Incomplete,Incomplete,Incomplete,Incomplete,Incomplete,Incomplete,Incomplete,Incomplete,Incomplete,Incomplete,Incomplete,Incomplete,Incomplete,Incomplete,Incomplete,Incomplete,Incomplete,Incomplete,Incomplete,Incomplete,Incomplete,Incomplete,Incomplete,Incomplete,Incomplete,Incomplete,Incomplete,Incomplete
"M00834 | Calicheamicin orsellinate moiety biosynthesis, malonyl-CoA => orsellinate-ACP => 5-iodo-2,3-dimethoxyorsellinate-ACP",Incomplete,Incomplete,Incomplete,Incomplete,Incomplete,Incomplete,Incomplete,Incomplete,Incomplete,Incomplete,Incomplete,Incomplete,Incomplete,Incomplete,Incomplete,Incomplete,Incomplete,Incomplete,Incomplete,Incomplete,Incomplete,Incomplete,Incomplete,Incomplete,Incomplete,Incomplete,Incomplete,Incomplete,Incomplete,Incomplete,Incomplete,Incomplete,Incomplete,Incomplete,Incomplete,Incomplete,Incomplete,Incomplete,Incomplete,Incomplete,Incomplete,Incomplete,Incomplete,Incomplete,Incomplete,Incomplete,Incomplete,Incomplete,Incomplete,Incomplete,Incomplete,Incomplete,Incomplete,Incomplete,Incomplete,Incomplete,Incomplete,Incomplete,Incomplete,Incomplete,Incomplete,Incomplete,Incomplete,Incomplete,Incomplete,Incomplete,Incomplete
"M00835 | Pyocyanine biosynthesis, chorismate => pyocyanine",Incomplete,Incomplete,Incomplete,Incomplete,Incomplete,Incomplete,Incomplete,Incomplete,Incomplete,Incomplete,Incomplete,Incomplete,Incomplete,Incomplete,Incomplete,Incomplete,Incomplete,Incomplete,Incomplete,Incomplete,Incomplete,Incomplete,Incomplete,Incomplete,Incomplete,Incomplete,Incomplete,Incomplete,Incomplete,Incomplete,Incomplete,Incomplete,Incomplete,Incomplete,Incomplete,Incomplete,Incomplete,Incomplete,Incomplete,Incomplete,Incomplete,Incomplete,Incomplete,Incomplete,Incomplete,Incomplete,Incomplete,Incomplete,Incomplete,Incomplete,Incomplete,Incomplete,Incomplete,Incomplete,Incomplete,Incomplete,Incomplete,Incomplete,Incomplete,Incomplete,Incomplete,Incomplete,Incomplete,Incomplete,Incomplete,Incomplete,Incomplete
"M00836 | Coenzyme F430 biosynthesis, sirohydrochlorin => coenzyme F430",Incomplete,Incomplete,Incomplete,Incomplete,Incomplete,Incomplete,Incomplete,Incomplete,Incomplete,Incomplete,Incomplete,Incomplete,Incomplete,Incomplete,Incomplete,Incomplete,Incomplete,Incomplete,Incomplete,Incomplete,Incomplete,Incomplete,Incomplete,Incomplete,Incomplete,Incomplete,Incomplete,Incomplete,Incomplete,Incomplete,Incomplete,Incomplete,Incomplete,Incomplete,Incomplete,Incomplete,Incomplete,Incomplete,Incomplete,Incomplete,Incomplete,Incomplete,Incomplete,Incomplete,Incomplete,Incomplete,Incomplete,Incomplete,Incomplete,Incomplete,Incomplete,Incomplete,Incomplete,Incomplete,Incomplete,Incomplete,Incomplete,Incomplete,Incomplete,Incomplete,Incomplete,Incomplete,Incomplete,Incomplete,Incomplete,Incomplete,Incomplete
"M00837 | Prodigiosin biosynthesis, L-proline => prodigiosin",Incomplete,Incomplete,Incomplete,Incomplete,Incomplete,Incomplete,Incomplete,Incomplete,Incomplete,Incomplete,Incomplete,Incomplete,Incomplete,Incomplete,Incomplete,Incomplete,Incomplete,Incomplete,Incomplete,Incomplete,Incomplete,Incomplete,Incomplete,Incomplete,Incomplete,Incomplete,Incomplete,Incomplete,Incomplete,Incomplete,Incomplete,Incomplete,Incomplete,Incomplete,Incomplete,Incomplete,Incomplete,Incomplete,Incomplete,Incomplete,Incomplete,Incomplete,Incomplete,Incomplete,Incomplete,Incomplete,Incomplete,Incomplete,Incomplete,Incomplete,Incomplete,Incomplete,Incomplete,Incomplete,Incomplete,Incomplete,Incomplete,Incomplete,Incomplete,Incomplete,Incomplete,Incomplete,Incomplete,Incomplete,Incomplete,Incomplete,Incomplete
"M00838 | Undecylprodigiosin biosynthesis, L-proline => undecylprodigiosin",Incomplete,Incomplete,Incomplete,Incomplete,Incomplete,Incomplete,Incomplete,Incomplete,Incomplete,Incomplete,Incomplete,Incomplete,Incomplete,Incomplete,Incomplete,Incomplete,Incomplete,Incomplete,Incomplete,Incomplete,Incomplete,Incomplete,Incomplete,Incomplete,Incomplete,Incomplete,Incomplete,Incomplete,Incomplete,Incomplete,Incomplete,Incomplete,Incomplete,Incomplete,Incomplete,Incomplete,Incomplete,Incomplete,Incomplete,Incomplete,Incomplete,Incomplete,Incomplete,Incomplete,Incomplete,Incomplete,Incomplete,Incomplete,Incomplete,Incomplete,Incomplete,Incomplete,Incomplete,Incomplete,Incomplete,Incomplete,Incomplete,Incomplete,Incomplete,Incomplete,Incomplete,Incomplete,Incomplete,Incomplete,Incomplete,Incomplete,Incomplete
"M00840 | Tetrahydrofolate biosynthesis, mediated by ribA and trpF, GTP => THF",Incomplete,Incomplete,Incomplete,Incomplete,Incomplete,Incomplete,Incomplete,Incomplete,Incomplete,Incomplete,Incomplete,Incomplete,Incomplete,Incomplete,Incomplete,Incomplete,Incomplete,Incomplete,Incomplete,Incomplete,Incomplete,Incomplete,Incomplete,Incomplete,Incomplete,Incomplete,Incomplete,Incomplete,Incomplete,Incomplete,Incomplete,Incomplete,Incomplete,Incomplete,Incomplete,Incomplete,Incomplete,Incomplete,Incomplete,Incomplete,Incomplete,Incomplete,Incomplete,Incomplete,Incomplete,Incomplete,Incomplete,Incomplete,Incomplete,Incomplete,Incomplete,Incomplete,Incomplete,Incomplete,Incomplete,Incomplete,Incomplete,Incomplete,Incomplete,Incomplete,Incomplete,Incomplete,Incomplete,Incomplete,Incomplete,Incomplete,Incomplete
"M00841 | Tetrahydrofolate biosynthesis, mediated by PTPS, GTP => THF",Incomplete,Incomplete,Incomplete,Incomplete,Incomplete,Incomplete,Incomplete,1 block missing,Incomplete,1 block missing,Incomplete,Incomplete,Incomplete,Incomplete,Incomplete,Incomplete,1 block missing,Incomplete,Incomplete,Incomplete,1 block missing,Incomplete,Incomplete,Incomplete,1 block missing,Incomplete,1 block missing,Incomplete,Incomplete,Incomplete,Incomplete,1 block missing,Incomplete,Incomplete,Incomplete,Incomplete,Incomplete,Incomplete,Incomplete,Incomplete,Incomplete,Incomplete,Incomplete,Incomplete,Incomplete,Incomplete,Incomplete,Incomplete,1 block missing,Incomplete,Incomplete,1 block missing,1 block missing,1 block missing,Incomplete,Incomplete,Incomplete,Incomplete,Incomplete,Incomplete,Incomplete,Incomplete,Incomplete,1 block missing,Incomplete,Incomplete,Incomplete
"M00842 | Tetrahydrobiopterin biosynthesis, GTP => BH4",1 block missing,1 block missing,Incomplete,1 block missing,1 block missing,Incomplete,Incomplete,1 block missing,1 block missing,1 block missing,Incomplete,1 block missing,1 block missing,1 block missing,1 block missing,1 block missing,1 block missing,1 block missing,1 block missing,1 block missing,1 block missing,1 block missing,1 block missing,1 block missing,1 block missing,1 block missing,1 block missing,1 block missing,1 block missing,1 block missing,1 block missing,1 block missing,1 block missing,1 block missing,1 block missing,1 block missing,1 block missing,1 block missing,1 block missing,1 block missing,1 block missing,1 block missing,1 block missing,1 block missing,Incomplete,1 block missing,1 block missing,1 block missing,1 block missing,1 block missing,1 block missing,1 block missing,1 block missing,1 block missing,1 block missing,1 block missing,1 block missing,1 block missing,1 block missing,Incomplete,Incomplete,1 block missing,1 block missing,1 block missing,1 block missing,1 block missing,1 block missing
"M00843 | L-threo-Tetrahydrobiopterin biosynthesis, GTP => L-threo-BH4",1 block missing,1 block missing,Incomplete,1 block missing,1 block missing,Incomplete,Incomplete,1 block missing,1 block missing,Complete,Incomplete,1 block missing,1 block missing,1 block missing,1 block missing,1 block missing,Complete,1 block missing,1 block missing,1 block missing,Complete,1 block missing,1 block missing,1 block missing,1 block missing,1 block missing,Complete,1 block missing,1 block missing,1 block missing,1 block missing,1 block missing,1 block missing,1 block missing,1 block missing,1 block missing,1 block missing,1 block missing,1 block missing,1 block missing,1 block missing,1 block missing,1 block missing,1 block missing,Incomplete,1 block missing,1 block missing,1 block missing,Complete,1 block missing,1 block missing,Complete,Complete,1 block missing,1 block missing,1 block missing,1 block missing,1 block missing,1 block missing,Incomplete,Incomplete,1 block missing,1 block missing,Complete,1 block missing,1 block missing,1 block missing
"M00844 | Arginine biosynthesis, ornithine => arginine",1 block missing,1 block missing,Incomplete,1 block missing,1 block missing,1 block missing,Incomplete,Complete,Complete,Complete,Incomplete,1 block missing,1 block missing,Complete,1 block missing,Complete,Complete,1 block missing,1 block missing,Complete,Complete,1 block missing,1 block missing,Complete,1 block missing,1 block missing,Complete,Complete,Complete,1 block missing,1 block missing,1 block missing,1 block missing,1 block missing,Complete,1 block missing,1 block missing,1 block missing,Complete,1 block missing,1 block missing,1 block missing,Complete,Complete,1 block missing,Complete,1 block missing,1 block missing,Complete,Complete,1 block missing,Complete,Complete,Complete,1 block missing,1 block missing,1 block missing,1 block missing,1 block missing,1 block missing,1 block missing,1 block missing,Complete,Complete,Complete,1 block missing,Complete
"M00845 | Arginine biosynthesis, glutamate => acetylcitrulline => arginine",Incomplete,1 block missing,Incomplete,Incomplete,1 block missing,Incomplete,Incomplete,1 block missing,1 block missing,1 block missing,Incomplete,1 block missing,Incomplete,1 block missing,Incomplete,1 block missing,1 block missing,Incomplete,Incomplete,1 block missing,1 block missing,Incomplete,Incomplete,1 block missing,1 block missing,Incomplete,1 block missing,1 block missing,1 block missing,Incomplete,Incomplete,1 block missing,Incomplete,Incomplete,1 block missing,Incomplete,Incomplete,Incomplete,1 block missing,1 block missing,Incomplete,Incomplete,1 block missing,1 block missing,Incomplete,1 block missing,Incomplete,Incomplete,1 block missing,1 block missing,1 block missing,1 block missing,1 block missing,1 block missing,Incomplete,Incomplete,Incomplete,Incomplete,Incomplete,Incomplete,Incomplete,Incomplete,1 block missing,1 block missing,1 block missing,Incomplete,1 block missing
"M00846 | Siroheme biosynthesis, glutamate => siroheme",Incomplete,Incomplete,Incomplete,Incomplete,Incomplete,Incomplete,Incomplete,Incomplete,Incomplete,Incomplete,Incomplete,Incomplete,Incomplete,Incomplete,Incomplete,Incomplete,Incomplete,Incomplete,Incomplete,Incomplete,Incomplete,Incomplete,Incomplete,Incomplete,Incomplete,Incomplete,Incomplete,Incomplete,Incomplete,Incomplete,Incomplete,1 block missing,Incomplete,Incomplete,Incomplete,Incomplete,Incomplete,Incomplete,Incomplete,Incomplete,Incomplete,Incomplete,Incomplete,Incomplete,Incomplete,Incomplete,Incomplete,Incomplete,Incomplete,Incomplete,Incomplete,Incomplete,1 block missing,Incomplete,Incomplete,Incomplete,Incomplete,Incomplete,Incomplete,Incomplete,Incomplete,Incomplete,Incomplete,Incomplete,Incomplete,Incomplete,1 block missing
"M00847 | Heme biosynthesis, archaea, siroheme => heme",Incomplete,Incomplete,Incomplete,Incomplete,Incomplete,Incomplete,Incomplete,Incomplete,Incomplete,Incomplete,Incomplete,Incomplete,Incomplete,Incomplete,Incomplete,Incomplete,Incomplete,Incomplete,Incomplete,Incomplete,Incomplete,Incomplete,Incomplete,Incomplete,Incomplete,Incomplete,Incomplete,Incomplete,Incomplete,Incomplete,Incomplete,Incomplete,Complete,Incomplete,Incomplete,Incomplete,Incomplete,Incomplete,Incomplete,Incomplete,Incomplete,Incomplete,Incomplete,Incomplete,Incomplete,Incomplete,Incomplete,Incomplete,Incomplete,Incomplete,Incomplete,Incomplete,Incomplete,Incomplete,Incomplete,Incomplete,Incomplete,Incomplete,Incomplete,Incomplete,Incomplete,Incomplete,Incomplete,Incomplete,Incomplete,Incomplete,Incomplete
"M00848 | Aurachin biosynthesis, anthranilate => aurachin A",Incomplete,Incomplete,Incomplete,Incomplete,Incomplete,Incomplete,Incomplete,Incomplete,Incomplete,Incomplete,Incomplete,Incomplete,Incomplete,Incomplete,Incomplete,Incomplete,Incomplete,Incomplete,Incomplete,Incomplete,Incomplete,Incomplete,Incomplete,Incomplete,Incomplete,Incomplete,Incomplete,Incomplete,Incomplete,Incomplete,Incomplete,Incomplete,Incomplete,Incomplete,Incomplete,Incomplete,Incomplete,Incomplete,Incomplete,Incomplete,Incomplete,Incomplete,Incomplete,Incomplete,Incomplete,Incomplete,Incomplete,Incomplete,Incomplete,Incomplete,Incomplete,Incomplete,Incomplete,Incomplete,Incomplete,Incomplete,Incomplete,Incomplete,Incomplete,Incomplete,Incomplete,Incomplete,Incomplete,Incomplete,Incomplete,Incomplete,Incomplete
"M00849 | C5 isoprenoid biosynthesis, mevalonate pathway, archaea",Incomplete,Incomplete,Incomplete,Incomplete,Incomplete,Incomplete,Incomplete,Incomplete,Incomplete,Incomplete,Incomplete,Incomplete,Incomplete,Incomplete,Incomplete,Incomplete,Incomplete,Incomplete,Incomplete,Incomplete,Incomplete,Incomplete,Incomplete,Incomplete,Incomplete,Incomplete,Incomplete,Incomplete,Incomplete,Incomplete,Incomplete,Incomplete,Incomplete,Incomplete,Incomplete,Incomplete,Incomplete,Incomplete,Incomplete,Incomplete,Incomplete,Incomplete,Incomplete,Incomplete,Incomplete,Incomplete,Incomplete,Incomplete,Incomplete,Incomplete,Incomplete,Incomplete,Incomplete,Incomplete,Incomplete,Incomplete,Incomplete,Incomplete,Incomplete,Incomplete,Incomplete,Incomplete,Incomplete,Incomplete,Incomplete,Incomplete,Incomplete
"M00850 | Vibrio cholerae pathogenicity signature, cholera toxins",Incomplete,Incomplete,Incomplete,Incomplete,Incomplete,Incomplete,Incomplete,Incomplete,Incomplete,Incomplete,Incomplete,Incomplete,Incomplete,Incomplete,Incomplete,Incomplete,Incomplete,Incomplete,Incomplete,Incomplete,Incomplete,Incomplete,Incomplete,Incomplete,Incomplete,Incomplete,Incomplete,Incomplete,Incomplete,Incomplete,Incomplete,Incomplete,Incomplete,Incomplete,Incomplete,Incomplete,Incomplete,Incomplete,Incomplete,Incomplete,Incomplete,Incomplete,Incomplete,Incomplete,Incomplete,Incomplete,Incomplete,Incomplete,Incomplete,Incomplete,Incomplete,Incomplete,Incomplete,Incomplete,Incomplete,Incomplete,Incomplete,Incomplete,Incomplete,Incomplete,Incomplete,Incomplete,Incomplete,Incomplete,Incomplete,Incomplete,Incomplete
M00851 | Carbapenem resistance,Incomplete,Incomplete,Incomplete,Incomplete,Incomplete,Incomplete,Incomplete,Incomplete,Incomplete,Incomplete,Incomplete,Incomplete,Incomplete,Incomplete,Incomplete,Incomplete,Incomplete,Incomplete,Incomplete,Incomplete,Incomplete,Incomplete,Incomplete,Incomplete,Incomplete,Incomplete,Incomplete,Incomplete,Incomplete,Incomplete,Incomplete,Incomplete,Incomplete,Incomplete,Incomplete,Incomplete,Incomplete,Incomplete,Incomplete,Incomplete,Incomplete,Incomplete,Incomplete,Incomplete,Incomplete,Incomplete,Incomplete,Incomplete,Incomplete,Incomplete,Incomplete,Incomplete,Incomplete,Incomplete,Incomplete,Incomplete,Incomplete,Incomplete,Incomplete,Incomplete,Incomplete,Incomplete,Incomplete,Incomplete,Incomplete,Incomplete,Incomplete
"M00852 | Vibrio cholerae pathogenicity signature, toxin coregulated pilus",Incomplete,Incomplete,Incomplete,Incomplete,Incomplete,Incomplete,Incomplete,Incomplete,Incomplete,Incomplete,Incomplete,Incomplete,Incomplete,Incomplete,Incomplete,Incomplete,Incomplete,Incomplete,Incomplete,Incomplete,Incomplete,Incomplete,Incomplete,Incomplete,Incomplete,Incomplete,Incomplete,Incomplete,Incomplete,Incomplete,Incomplete,Incomplete,Incomplete,Incomplete,Incomplete,Incomplete,Incomplete,Incomplete,Incomplete,Incomplete,Incomplete,Incomplete,Incomplete,Incomplete,Incomplete,Incomplete,Incomplete,Incomplete,Incomplete,Incomplete,Incomplete,Incomplete,Incomplete,Incomplete,Incomplete,Incomplete,Incomplete,Incomplete,Incomplete,Incomplete,Incomplete,Incomplete,Incomplete,Incomplete,Incomplete,Incomplete,Incomplete
"M00853 | ETEC pathogenicity signature, colonization factors",Incomplete,Incomplete,Incomplete,Incomplete,Incomplete,Incomplete,Incomplete,Incomplete,Incomplete,Incomplete,Incomplete,Incomplete,Incomplete,Incomplete,Incomplete,Incomplete,Incomplete,Incomplete,Incomplete,Incomplete,Incomplete,Incomplete,Incomplete,Incomplete,Incomplete,Incomplete,Incomplete,Incomplete,Incomplete,Incomplete,Incomplete,Incomplete,Incomplete,Incomplete,Incomplete,Incomplete,Incomplete,Incomplete,Incomplete,Incomplete,Incomplete,Incomplete,Incomplete,Incomplete,Incomplete,Incomplete,Incomplete,Incomplete,Incomplete,Incomplete,Incomplete,Incomplete,Incomplete,Incomplete,Incomplete,Incomplete,Incomplete,Incomplete,Incomplete,Incomplete,Incomplete,Incomplete,Incomplete,Incomplete,Incomplete,Incomplete,Incomplete
"M00854 | Glycogen biosynthesis, glucose-1P => glycogen/starch",Incomplete,Incomplete,Incomplete,Incomplete,Incomplete,Incomplete,Incomplete,Incomplete,Incomplete,1 block missing,Incomplete,Incomplete,Incomplete,Incomplete,Incomplete,Incomplete,1 block missing,Incomplete,Incomplete,Incomplete,1 block missing,Incomplete,Incomplete,Incomplete,Incomplete,Incomplete,Incomplete,Incomplete,Incomplete,Incomplete,Incomplete,Incomplete,Incomplete,Incomplete,Incomplete,Incomplete,Incomplete,Incomplete,Incomplete,Incomplete,Incomplete,Incomplete,Incomplete,Incomplete,Incomplete,Incomplete,Incomplete,Incomplete,Incomplete,Incomplete,Incomplete,Incomplete,Incomplete,Incomplete,Incomplete,Incomplete,Incomplete,Incomplete,Incomplete,Incomplete,Incomplete,Incomplete,Incomplete,Incomplete,Incomplete,Incomplete,Incomplete
"M00855 | Glycogen degradation, glycogen => glucose-6P",Incomplete,Incomplete,Incomplete,Incomplete,Incomplete,Incomplete,Incomplete,Incomplete,Incomplete,Incomplete,Incomplete,Incomplete,Incomplete,Incomplete,Incomplete,Incomplete,1 block missing,Incomplete,Incomplete,Incomplete,1 block missing,Incomplete,Incomplete,Incomplete,Incomplete,Incomplete,Incomplete,Incomplete,Incomplete,Incomplete,Incomplete,Incomplete,Incomplete,Incomplete,Incomplete,Incomplete,Incomplete,Incomplete,Incomplete,Incomplete,Incomplete,Incomplete,Incomplete,Incomplete,Incomplete,Incomplete,Incomplete,Incomplete,1 block missing,Incomplete,Incomplete,Incomplete,Incomplete,Incomplete,Incomplete,Incomplete,Incomplete,Incomplete,Incomplete,Incomplete,Incomplete,Incomplete,Incomplete,1 block missing,Incomplete,Incomplete,Incomplete
"M00856 | Salmonella enterica pathogenicity signature, typhoid toxin",Incomplete,Incomplete,Incomplete,Incomplete,Incomplete,Incomplete,Incomplete,Incomplete,Incomplete,Incomplete,Incomplete,Incomplete,Incomplete,Incomplete,Incomplete,Incomplete,Incomplete,Incomplete,Incomplete,Incomplete,Incomplete,Incomplete,Incomplete,Incomplete,Incomplete,Incomplete,Incomplete,Incomplete,Incomplete,Incomplete,Incomplete,Incomplete,Incomplete,Incomplete,Incomplete,Incomplete,Incomplete,Incomplete,Incomplete,Incomplete,Incomplete,Incomplete,Incomplete,Incomplete,Incomplete,Incomplete,Incomplete,Incomplete,Incomplete,Incomplete,Incomplete,Incomplete,Incomplete,Incomplete,Incomplete,Incomplete,Incomplete,Incomplete,Incomplete,Incomplete,Incomplete,Incomplete,Incomplete,Incomplete,Incomplete,Incomplete,Incomplete
"M00857 | Salmonella enterica pathogenicity signature, Vi antigen",Incomplete,Incomplete,Incomplete,Incomplete,Incomplete,Incomplete,Incomplete,Incomplete,Incomplete,Incomplete,Incomplete,Incomplete,Incomplete,Incomplete,Incomplete,Incomplete,Incomplete,Incomplete,Incomplete,Incomplete,Incomplete,Incomplete,Incomplete,Incomplete,Incomplete,Incomplete,Incomplete,Incomplete,Incomplete,Incomplete,Incomplete,Incomplete,Incomplete,Incomplete,Incomplete,Incomplete,Incomplete,Incomplete,Incomplete,Incomplete,Incomplete,Incomplete,Incomplete,Incomplete,Incomplete,Incomplete,Incomplete,Incomplete,Incomplete,Incomplete,Incomplete,Incomplete,Incomplete,Incomplete,Incomplete,Incomplete,Incomplete,Incomplete,Incomplete,Incomplete,Incomplete,Incomplete,Incomplete,Incomplete,Incomplete,Incomplete,Incomplete
"M00859 | Bacillus anthracis pathogenicity signature, anthrax toxin",Incomplete,Incomplete,Incomplete,Incomplete,Incomplete,Incomplete,Incomplete,Incomplete,Incomplete,Incomplete,Incomplete,Incomplete,Incomplete,Incomplete,Incomplete,Incomplete,Incomplete,Incomplete,Incomplete,Incomplete,Incomplete,Incomplete,Incomplete,Incomplete,Incomplete,Incomplete,Incomplete,Incomplete,Incomplete,Incomplete,Incomplete,Incomplete,Incomplete,Incomplete,Incomplete,Incomplete,Incomplete,Incomplete,Incomplete,Incomplete,Incomplete,Incomplete,Incomplete,Incomplete,Incomplete,Incomplete,Incomplete,Incomplete,Incomplete,Incomplete,Incomplete,Incomplete,Incomplete,Incomplete,Incomplete,Incomplete,Incomplete,Incomplete,Incomplete,Incomplete,Incomplete,Incomplete,Incomplete,Incomplete,Incomplete,Incomplete,Incomplete
"M00860 | Bacillus anthracis pathogenicity signature, polyglutamic acid capsule biosynthesis",Incomplete,Incomplete,Incomplete,Incomplete,Incomplete,Incomplete,Incomplete,Incomplete,Incomplete,Incomplete,Incomplete,Incomplete,Incomplete,Incomplete,Incomplete,Incomplete,Incomplete,Incomplete,Incomplete,Incomplete,Incomplete,Incomplete,Incomplete,Incomplete,Incomplete,Incomplete,Incomplete,Incomplete,Incomplete,Incomplete,Incomplete,Incomplete,Incomplete,Incomplete,Incomplete,Incomplete,Incomplete,Incomplete,Incomplete,Incomplete,Incomplete,Incomplete,Incomplete,Incomplete,Incomplete,Incomplete,Incomplete,Incomplete,Incomplete,Incomplete,Incomplete,Incomplete,Incomplete,Incomplete,Incomplete,Incomplete,Incomplete,Incomplete,Incomplete,Incomplete,Incomplete,Incomplete,Incomplete,Incomplete,Incomplete,Incomplete,Incomplete
"M00861 | beta-Oxidation, peroxisome, VLCFA",Incomplete,1 block missing,Incomplete,Incomplete,Incomplete,Incomplete,Incomplete,1 block missing,Incomplete,Complete,Incomplete,1 block missing,Incomplete,Incomplete,Incomplete,Incomplete,Complete,Incomplete,Incomplete,1 block missing,Complete,Incomplete,Incomplete,Incomplete,1 block missing,Incomplete,Complete,1 block missing,Incomplete,Incomplete,Incomplete,1 block missing,1 block missing,Incomplete,Incomplete,Incomplete,Incomplete,Incomplete,1 block missing,Complete,Incomplete,Incomplete,Complete,Incomplete,Incomplete,Incomplete,Incomplete,Incomplete,1 block missing,Complete,Incomplete,Complete,Complete,Incomplete,Incomplete,Incomplete,Incomplete,Incomplete,Incomplete,Incomplete,Incomplete,Incomplete,Incomplete,1 block missing,Incomplete,Incomplete,1 block missing
"M00862 | beta-Oxidation, peroxisome, tri/dihydroxycholestanoyl-CoA => choloyl/chenodeoxycholoyl-CoA",Incomplete,1 block missing,Incomplete,Incomplete,Incomplete,Incomplete,Incomplete,1 block missing,1 block missing,1 block missing,Incomplete,1 block missing,Incomplete,1 block missing,Incomplete,1 block missing,1 block missing,Incomplete,Incomplete,Incomplete,1 block missing,Incomplete,Incomplete,Incomplete,1 block missing,Incomplete,1 block missing,1 block missing,1 block missing,Incomplete,Incomplete,1 block missing,Incomplete,Incomplete,1 block missing,Incomplete,Incomplete,Incomplete,1 block missing,1 block missing,Incomplete,Incomplete,1 block missing,1 block missing,Incomplete,1 block missing,Incomplete,Incomplete,1 block missing,1 block missing,Incomplete,1 block missing,1 block missing,Incomplete,Incomplete,Incomplete,Incomplete,Incomplete,Incomplete,Incomplete,Incomplete,Incomplete,1 block missing,1 block missing,1 block missing,Incomplete,1 block missing
"M00866 | KDO2-lipid A biosynthesis, Raetz pathway, non-LpxL-LpxM type",Incomplete,Complete,Incomplete,1 block missing,Complete,Incomplete,Incomplete,Complete,Complete,Complete,Incomplete,Complete,Incomplete,Complete,Incomplete,Complete,Complete,Incomplete,Incomplete,Complete,Complete,Incomplete,Incomplete,Complete,Complete,Incomplete,Complete,Complete,Complete,Incomplete,Incomplete,Complete,1 block missing,Incomplete,Complete,Incomplete,Incomplete,Incomplete,Complete,1 block missing,Incomplete,Incomplete,Complete,Complete,Incomplete,Complete,Complete,Incomplete,Complete,Complete,Incomplete,Complete,Complete,Complete,Incomplete,Incomplete,Incomplete,Incomplete,Incomplete,Incomplete,Incomplete,Complete,Complete,Complete,Complete,Incomplete,Complete
M00867 | KDO2-lipid A modification pathway,Incomplete,Incomplete,Incomplete,Incomplete,Incomplete,Incomplete,Incomplete,Incomplete,Incomplete,Incomplete,Incomplete,Incomplete,Incomplete,Incomplete,Incomplete,Incomplete,Incomplete,Incomplete,Incomplete,Incomplete,Incomplete,Incomplete,Incomplete,Incomplete,Incomplete,Incomplete,Incomplete,Incomplete,Incomplete,Incomplete,Incomplete,Incomplete,Incomplete,Incomplete,Incomplete,Incomplete,Incomplete,Incomplete,Incomplete,Incomplete,Incomplete,Incomplete,Incomplete,Incomplete,Incomplete,Incomplete,Incomplete,Incomplete,Incomplete,Incomplete,Incomplete,Incomplete,Incomplete,Incomplete,Incomplete,Incomplete,Incomplete,Incomplete,Incomplete,Incomplete,Incomplete,Incomplete,Incomplete,Incomplete,Incomplete,Incomplete,Incomplete
"M00868 | Heme biosynthesis, animals and fungi, glycine => heme",Incomplete,Complete,Incomplete,Incomplete,Complete,Incomplete,Incomplete,Complete,1 block missing,Complete,Incomplete,Complete,Incomplete,Incomplete,Incomplete,Incomplete,Complete,Incomplete,Incomplete,Complete,Complete,Complete,Incomplete,Complete,Complete,Incomplete,Complete,Complete,Incomplete,Incomplete,Incomplete,Complete,Complete,Incomplete,Incomplete,Incomplete,Incomplete,Incomplete,Complete,Complete,Incomplete,Incomplete,Complete,Incomplete,Incomplete,Complete,Complete,Incomplete,Complete,Complete,Complete,Complete,Complete,Complete,Incomplete,Incomplete,Incomplete,Incomplete,Incomplete,Incomplete,Incomplete,Incomplete,Incomplete,Complete,Complete,Incomplete,Complete
"M00872 | O-glycan biosynthesis, mannose type (core M3)",Incomplete,Incomplete,Incomplete,Incomplete,Incomplete,Incomplete,Incomplete,Incomplete,Incomplete,Incomplete,Incomplete,Incomplete,Incomplete,Incomplete,Incomplete,Incomplete,Incomplete,Incomplete,Incomplete,Incomplete,Incomplete,Incomplete,Incomplete,Incomplete,Incomplete,Incomplete,Incomplete,Incomplete,Incomplete,Incomplete,Incomplete,Incomplete,Incomplete,Incomplete,Incomplete,Incomplete,Incomplete,Incomplete,Incomplete,Incomplete,Incomplete,Incomplete,Incomplete,Incomplete,Incomplete,Incomplete,Incomplete,Incomplete,Incomplete,Incomplete,Incomplete,Incomplete,Incomplete,Incomplete,Incomplete,Incomplete,Incomplete,Incomplete,Incomplete,Incomplete,Incomplete,Incomplete,Incomplete,Incomplete,Incomplete,Incomplete,Incomplete
"M00873 | Fatty acid biosynthesis in mitochondria, animals",Incomplete,Incomplete,Incomplete,Incomplete,Incomplete,Incomplete,Incomplete,Incomplete,Incomplete,Incomplete,Incomplete,Incomplete,Incomplete,Incomplete,Incomplete,Incomplete,1 block missing,Incomplete,Incomplete,Incomplete,Incomplete,Incomplete,Incomplete,Incomplete,Incomplete,Incomplete,Incomplete,Incomplete,Incomplete,Incomplete,Incomplete,Incomplete,Incomplete,Incomplete,Incomplete,Incomplete,Incomplete,Incomplete,Incomplete,Incomplete,Incomplete,Incomplete,Incomplete,Incomplete,Incomplete,Incomplete,Incomplete,Incomplete,Incomplete,1 block missing,Incomplete,Incomplete,Incomplete,Incomplete,Incomplete,Incomplete,Incomplete,Incomplete,Incomplete,Incomplete,Incomplete,Incomplete,Incomplete,Incomplete,Incomplete,Incomplete,Incomplete
"M00874 | Fatty acid biosynthesis in mitochondria, fungi",Incomplete,1 block missing,Incomplete,Incomplete,Incomplete,Incomplete,Incomplete,Incomplete,Incomplete,Incomplete,Incomplete,Incomplete,Incomplete,Incomplete,Incomplete,Incomplete,1 block missing,Incomplete,Incomplete,Incomplete,1 block missing,Incomplete,Incomplete,Incomplete,Incomplete,Incomplete,Incomplete,Incomplete,Incomplete,Incomplete,Incomplete,Incomplete,1 block missing,Incomplete,Incomplete,Incomplete,Incomplete,Incomplete,1 block missing,Incomplete,Incomplete,Incomplete,1 block missing,Incomplete,Incomplete,Incomplete,Incomplete,Incomplete,Incomplete,1 block missing,Incomplete,Incomplete,1 block missing,Incomplete,Incomplete,Incomplete,Incomplete,Incomplete,Incomplete,Incomplete,Incomplete,Incomplete,Incomplete,Incomplete,Incomplete,Incomplete,Incomplete
"M00875 | Staphyloferrin B biosynthesis, L-serine => staphyloferrin B",Incomplete,Incomplete,Incomplete,Incomplete,Incomplete,Incomplete,Incomplete,Incomplete,Incomplete,Incomplete,Incomplete,Incomplete,Incomplete,Incomplete,Incomplete,Incomplete,Incomplete,Incomplete,Incomplete,Incomplete,Incomplete,Incomplete,Incomplete,Incomplete,Incomplete,Incomplete,Incomplete,Incomplete,Incomplete,Incomplete,Incomplete,Incomplete,Incomplete,Incomplete,Incomplete,Incomplete,Incomplete,Incomplete,Incomplete,Incomplete,Incomplete,Incomplete,Incomplete,Incomplete,Incomplete,Incomplete,Incomplete,Incomplete,Incomplete,Incomplete,Incomplete,Incomplete,Incomplete,Incomplete,Incomplete,Incomplete,Incomplete,Incomplete,Incomplete,Incomplete,Incomplete,Incomplete,Incomplete,Incomplete,Incomplete,Incomplete,Incomplete
"M00876 | Staphyloferrin A biosynthesis, L-ornithine => staphyloferrin A",Incomplete,Incomplete,Incomplete,Incomplete,Incomplete,Incomplete,Incomplete,Incomplete,Incomplete,Incomplete,Incomplete,Incomplete,Incomplete,Incomplete,Incomplete,Incomplete,Incomplete,Incomplete,Incomplete,Incomplete,Incomplete,Incomplete,Incomplete,Incomplete,Incomplete,Incomplete,Incomplete,Incomplete,Incomplete,Incomplete,Incomplete,Incomplete,Incomplete,Incomplete,Incomplete,Incomplete,Incomplete,Incomplete,Incomplete,Incomplete,Incomplete,Incomplete,Incomplete,Incomplete,Incomplete,Incomplete,Incomplete,Incomplete,Incomplete,Incomplete,Incomplete,Incomplete,Incomplete,Incomplete,Incomplete,Incomplete,Incomplete,Incomplete,Incomplete,Incomplete,Incomplete,Incomplete,Incomplete,Incomplete,Incomplete,Incomplete,Incomplete
"M00877 | Kanosamine biosynthesis, glucose 6-phosphate => kanosamine",Incomplete,Incomplete,Incomplete,Incomplete,Incomplete,Incomplete,Incomplete,1 block missing,Incomplete,Incomplete,Incomplete,Incomplete,Incomplete,Incomplete,Incomplete,Incomplete,1 block missing,Incomplete,Incomplete,Incomplete,Incomplete,Incomplete,Incomplete,Incomplete,Incomplete,Incomplete,Incomplete,Incomplete,Incomplete,Incomplete,Incomplete,Incomplete,Incomplete,Incomplete,1 block missing,Incomplete,Incomplete,Incomplete,Incomplete,Incomplete,Incomplete,Incomplete,Incomplete,Incomplete,Incomplete,Incomplete,Incomplete,Incomplete,Incomplete,Incomplete,Incomplete,Incomplete,1 block missing,Incomplete,Incomplete,Incomplete,Incomplete,Incomplete,Incomplete,Incomplete,Incomplete,Incomplete,1 block missing,Incomplete,Incomplete,Incomplete,Incomplete
"M00878 | Phenylacetate degradation, phenylaxetate => acetyl-CoA/succinyl-CoA",Incomplete,Complete,Incomplete,Incomplete,1 block missing,Incomplete,Incomplete,Complete,Incomplete,Complete,Incomplete,Complete,Incomplete,Incomplete,Incomplete,Incomplete,Complete,Incomplete,Incomplete,Complete,Complete,Incomplete,Incomplete,1 block missing,Complete,Incomplete,Complete,Complete,Incomplete,Incomplete,Incomplete,1 block missing,Incomplete,Incomplete,Incomplete,Incomplete,Incomplete,Incomplete,Complete,Incomplete,Incomplete,Incomplete,Complete,Incomplete,Incomplete,Complete,1 block missing,Incomplete,Complete,Complete,Incomplete,Complete,Complete,Complete,Incomplete,Incomplete,Incomplete,Incomplete,Incomplete,Incomplete,Incomplete,Incomplete,Incomplete,Complete,Complete,Incomplete,Complete
"M00879 | Arginine succinyltransferase pathway, arginine => glutamate",Incomplete,1 block missing,Incomplete,Incomplete,Incomplete,Incomplete,Incomplete,1 block missing,Incomplete,1 block missing,Incomplete,1 block missing,Incomplete,Incomplete,Incomplete,Incomplete,Complete,Incomplete,Incomplete,1 block missing,1 block missing,Incomplete,Incomplete,1 block missing,1 block missing,Incomplete,1 block missing,1 block missing,Incomplete,Incomplete,Incomplete,1 block missing,Incomplete,Incomplete,Incomplete,Incomplete,Incomplete,Incomplete,Complete,Incomplete,Incomplete,Incomplete,Incomplete,Incomplete,Incomplete,1 block missing,Incomplete,Incomplete,1 block missing,Complete,Incomplete,1 block missing,Complete,1 block missing,Incomplete,Incomplete,Incomplete,Incomplete,Incomplete,Incomplete,Incomplete,Incomplete,Incomplete,Incomplete,Incomplete,Incomplete,1 block missing
"M00880 | Molybdenum cofactor biosynthesis, GTP => molybdenum cofactor",Incomplete,Incomplete,Incomplete,Incomplete,Incomplete,Incomplete,Incomplete,Incomplete,Incomplete,Incomplete,Incomplete,Incomplete,Incomplete,Incomplete,Incomplete,Incomplete,Incomplete,Incomplete,Incomplete,Incomplete,Incomplete,Incomplete,Incomplete,Incomplete,Incomplete,Incomplete,Incomplete,Incomplete,Incomplete,Incomplete,Incomplete,Incomplete,Incomplete,Incomplete,Incomplete,Incomplete,Incomplete,Incomplete,Incomplete,Incomplete,Incomplete,Incomplete,Incomplete,Incomplete,Incomplete,Incomplete,Incomplete,Incomplete,Incomplete,Incomplete,Incomplete,Incomplete,Incomplete,Incomplete,Incomplete,Incomplete,Incomplete,Incomplete,Incomplete,Incomplete,Incomplete,Incomplete,Incomplete,Incomplete,Incomplete,Incomplete,Incomplete
"M00889 | Puromycin biosynthesis, ATP => puromycin",Incomplete,Incomplete,Incomplete,Incomplete,Incomplete,Incomplete,Incomplete,Incomplete,Incomplete,Incomplete,Incomplete,Incomplete,Incomplete,Incomplete,Incomplete,Incomplete,Incomplete,Incomplete,Incomplete,Incomplete,Incomplete,Incomplete,Incomplete,Incomplete,Incomplete,Incomplete,Incomplete,Incomplete,Incomplete,Incomplete,Incomplete,Incomplete,Incomplete,Incomplete,Incomplete,Incomplete,Incomplete,Incomplete,Incomplete,Incomplete,Incomplete,Incomplete,Incomplete,Incomplete,Incomplete,Incomplete,Incomplete,Incomplete,Incomplete,Incomplete,Incomplete,Incomplete,Incomplete,Incomplete,Incomplete,Incomplete,Incomplete,Incomplete,Incomplete,Incomplete,Incomplete,Incomplete,Incomplete,Incomplete,Incomplete,Incomplete,Incomplete
"M00890 | Roseoflavin biosynthesis, FMN => roseoflavin",Incomplete,Incomplete,Incomplete,Incomplete,Incomplete,Incomplete,Incomplete,Incomplete,Incomplete,Incomplete,Incomplete,Incomplete,Incomplete,Incomplete,Incomplete,Incomplete,Incomplete,Incomplete,Incomplete,Incomplete,Incomplete,Incomplete,Incomplete,Incomplete,Incomplete,Incomplete,Incomplete,Incomplete,Incomplete,Incomplete,Incomplete,Incomplete,Incomplete,Incomplete,Incomplete,Incomplete,Incomplete,Incomplete,Incomplete,Incomplete,Incomplete,Incomplete,Incomplete,Incomplete,Incomplete,Incomplete,Incomplete,Incomplete,Incomplete,Incomplete,Incomplete,Incomplete,Incomplete,Incomplete,Incomplete,Incomplete,Incomplete,Incomplete,Incomplete,Incomplete,Incomplete,Incomplete,Incomplete,Incomplete,Incomplete,Incomplete,Incomplete
"M00891 | Ditryptophenaline biosynthesis, tryptophan + phenylalanine => ditryptophenaline",Incomplete,Incomplete,Incomplete,Incomplete,Incomplete,Incomplete,Incomplete,Incomplete,Incomplete,Incomplete,Incomplete,Incomplete,Incomplete,Incomplete,Incomplete,Incomplete,Incomplete,Incomplete,Incomplete,Incomplete,Incomplete,Incomplete,Incomplete,Incomplete,Incomplete,Incomplete,Incomplete,Incomplete,Incomplete,Incomplete,Incomplete,Incomplete,Incomplete,Incomplete,Incomplete,Incomplete,Incomplete,Incomplete,Incomplete,Incomplete,Incomplete,Incomplete,Incomplete,Incomplete,Incomplete,Incomplete,Incomplete,Incomplete,Incomplete,Incomplete,Incomplete,Incomplete,Incomplete,Incomplete,Incomplete,Incomplete,Incomplete,Incomplete,Incomplete,Incomplete,Incomplete,Incomplete,Incomplete,Incomplete,Incomplete,Incomplete,Incomplete
"M00892 | UDP-N-acetyl-D-glucosamine biosynthesis, eukaryotes, glucose => UDP-GlcNAc",Incomplete,Incomplete,Incomplete,Incomplete,Incomplete,Incomplete,Incomplete,1 block missing,Incomplete,1 block missing,Incomplete,Incomplete,Incomplete,Incomplete,Incomplete,Incomplete,1 block missing,Incomplete,Incomplete,Incomplete,Complete,Incomplete,Incomplete,Incomplete,Incomplete,Incomplete,Incomplete,Incomplete,Incomplete,Incomplete,Incomplete,Incomplete,Incomplete,Incomplete,Incomplete,Incomplete,Incomplete,Incomplete,1 block missing,Incomplete,Incomplete,Incomplete,Incomplete,Incomplete,Incomplete,Incomplete,Incomplete,Incomplete,1 block missing,Incomplete,Incomplete,Incomplete,1 block missing,Incomplete,Incomplete,Incomplete,Incomplete,Incomplete,Incomplete,Incomplete,Incomplete,Incomplete,Incomplete,Complete,Incomplete,Incomplete,1 block missing
"M00893 | Lovastatin biosynthesis, malonyl-CoA => lovastatin acid",Incomplete,Incomplete,Incomplete,Incomplete,Incomplete,Incomplete,Incomplete,Incomplete,Incomplete,Incomplete,Incomplete,Incomplete,Incomplete,Incomplete,Incomplete,Incomplete,Incomplete,Incomplete,Incomplete,Incomplete,Incomplete,Incomplete,Incomplete,Incomplete,Incomplete,Incomplete,Incomplete,Incomplete,Incomplete,Incomplete,Incomplete,Incomplete,Incomplete,Incomplete,Incomplete,Incomplete,Incomplete,Incomplete,Incomplete,Incomplete,Incomplete,Incomplete,Incomplete,Incomplete,Incomplete,Incomplete,Incomplete,Incomplete,Incomplete,Incomplete,Incomplete,Incomplete,Incomplete,Incomplete,Incomplete,Incomplete,Incomplete,Incomplete,Incomplete,Incomplete,Incomplete,Incomplete,Incomplete,Incomplete,Incomplete,Incomplete,Incomplete
"M00894 | Cannabidiol biosynthesis, malonyl-CoA => cannabidiol/dronabinol",Incomplete,Incomplete,Incomplete,Incomplete,Incomplete,Incomplete,Incomplete,Incomplete,Incomplete,Incomplete,Incomplete,Incomplete,Incomplete,Incomplete,Incomplete,Incomplete,Incomplete,Incomplete,Incomplete,Incomplete,Incomplete,Incomplete,Incomplete,Incomplete,Incomplete,Incomplete,Incomplete,Incomplete,Incomplete,Incomplete,Incomplete,Incomplete,Incomplete,Incomplete,Incomplete,Incomplete,Incomplete,Incomplete,Incomplete,Incomplete,Incomplete,Incomplete,Incomplete,Incomplete,Incomplete,Incomplete,Incomplete,Incomplete,Incomplete,Incomplete,Incomplete,Incomplete,Incomplete,Incomplete,Incomplete,Incomplete,Incomplete,Incomplete,Incomplete,Incomplete,Incomplete,Incomplete,Incomplete,Incomplete,Incomplete,Incomplete,Incomplete
"M00900 | Crocin biosynthesis, crocetin => crocin",Incomplete,Incomplete,Incomplete,Incomplete,Incomplete,Incomplete,Incomplete,Incomplete,Incomplete,Incomplete,Incomplete,Incomplete,Incomplete,Incomplete,Incomplete,Incomplete,Incomplete,Incomplete,Incomplete,Incomplete,Incomplete,Incomplete,Incomplete,Incomplete,Incomplete,Incomplete,Incomplete,Incomplete,Incomplete,Incomplete,Incomplete,Incomplete,Incomplete,Incomplete,Incomplete,Incomplete,Incomplete,Incomplete,Incomplete,Incomplete,Incomplete,Incomplete,Incomplete,Incomplete,Incomplete,Incomplete,Incomplete,Incomplete,Incomplete,Incomplete,Incomplete,Incomplete,Incomplete,Incomplete,Incomplete,Incomplete,Incomplete,Incomplete,Incomplete,Incomplete,Incomplete,Incomplete,Incomplete,Incomplete,Incomplete,Incomplete,Incomplete
"M00901 | Fumiquinazoline biosynthesis, tryptophan + alanine + anthranilate => fumiquinazoline",Incomplete,Incomplete,Incomplete,Incomplete,Incomplete,Incomplete,Incomplete,Incomplete,Incomplete,Incomplete,Incomplete,Incomplete,Incomplete,Incomplete,Incomplete,Incomplete,Incomplete,Incomplete,Incomplete,Incomplete,Incomplete,Incomplete,Incomplete,Incomplete,Incomplete,Incomplete,Incomplete,Incomplete,Incomplete,Incomplete,Incomplete,Incomplete,Incomplete,Incomplete,Incomplete,Incomplete,Incomplete,Incomplete,Incomplete,Incomplete,Incomplete,Incomplete,Incomplete,Incomplete,Incomplete,Incomplete,Incomplete,Incomplete,Incomplete,Incomplete,Incomplete,Incomplete,Incomplete,Incomplete,Incomplete,Incomplete,Incomplete,Incomplete,Incomplete,Incomplete,Incomplete,Incomplete,Incomplete,Incomplete,Incomplete,Incomplete,Incomplete
"M00902 | Podophyllotoxin biosynthesis, coniferyl alcohol => podophyllotoxin",Incomplete,Incomplete,Incomplete,Incomplete,Incomplete,Incomplete,Incomplete,Incomplete,Incomplete,Incomplete,Incomplete,Incomplete,Incomplete,Incomplete,Incomplete,Incomplete,Incomplete,Incomplete,Incomplete,Incomplete,Incomplete,Incomplete,Incomplete,Incomplete,Incomplete,Incomplete,Incomplete,Incomplete,Incomplete,Incomplete,Incomplete,Incomplete,Incomplete,Incomplete,Incomplete,Incomplete,Incomplete,Incomplete,Incomplete,Incomplete,Incomplete,Incomplete,Incomplete,Incomplete,Incomplete,Incomplete,Incomplete,Incomplete,Incomplete,Incomplete,Incomplete,Incomplete,Incomplete,Incomplete,Incomplete,Incomplete,Incomplete,Incomplete,Incomplete,Incomplete,Incomplete,Incomplete,Incomplete,Incomplete,Incomplete,Incomplete,Incomplete
"M00903 | Fosfomycin biosynthesis, phosphoenolpyruvate => fosfomycin",Incomplete,Incomplete,Incomplete,Incomplete,Incomplete,Incomplete,Incomplete,Incomplete,Incomplete,Incomplete,Incomplete,Incomplete,Incomplete,Incomplete,Incomplete,Incomplete,Incomplete,Incomplete,Incomplete,Incomplete,Incomplete,Incomplete,Incomplete,Incomplete,Incomplete,Incomplete,Incomplete,Incomplete,Incomplete,Incomplete,Incomplete,Incomplete,Incomplete,Incomplete,Incomplete,Incomplete,Incomplete,Incomplete,Incomplete,Incomplete,Incomplete,Incomplete,Incomplete,Incomplete,Incomplete,Incomplete,Incomplete,Incomplete,Incomplete,Incomplete,Incomplete,Incomplete,Incomplete,Incomplete,Incomplete,Incomplete,Incomplete,Incomplete,Incomplete,Incomplete,Incomplete,Incomplete,Incomplete,Incomplete,Incomplete,Incomplete,Incomplete
"M00904 | Dapdiamides biosynthesis, L-2,3-diaminopropanoate => dapdiamide A/B/C",Incomplete,Incomplete,Incomplete,Incomplete,Incomplete,Incomplete,Incomplete,Incomplete,Incomplete,Incomplete,Incomplete,Incomplete,Incomplete,Incomplete,Incomplete,Incomplete,Incomplete,Incomplete,Incomplete,Incomplete,Incomplete,Incomplete,Incomplete,Incomplete,Incomplete,Incomplete,Incomplete,Incomplete,Incomplete,Incomplete,Incomplete,Incomplete,Incomplete,Incomplete,Incomplete,Incomplete,Incomplete,Incomplete,Incomplete,Incomplete,Incomplete,Incomplete,Incomplete,Incomplete,Incomplete,Incomplete,Incomplete,Incomplete,Incomplete,Incomplete,Incomplete,Incomplete,Incomplete,Incomplete,Incomplete,Incomplete,Incomplete,Incomplete,Incomplete,Incomplete,Incomplete,Incomplete,Incomplete,Incomplete,Incomplete,Incomplete,Incomplete
"M00905 | Grixazone biosynthesis, aspartate 4-semialdehyde => grixazone B",Incomplete,1 block missing,Incomplete,Incomplete,Incomplete,Incomplete,Incomplete,Incomplete,Incomplete,Incomplete,Incomplete,Incomplete,Incomplete,Incomplete,Incomplete,Incomplete,Incomplete,Incomplete,Incomplete,Incomplete,Incomplete,Incomplete,Incomplete,Incomplete,1 block missing,Incomplete,Incomplete,1 block missing,Incomplete,Incomplete,Incomplete,Incomplete,Incomplete,Incomplete,Incomplete,Incomplete,Incomplete,Incomplete,Incomplete,Incomplete,Incomplete,Incomplete,Incomplete,Incomplete,Incomplete,Incomplete,Incomplete,Incomplete,Incomplete,Incomplete,Incomplete,Incomplete,1 block missing,Incomplete,Incomplete,Incomplete,Incomplete,Incomplete,Incomplete,Incomplete,Incomplete,Incomplete,Incomplete,Incomplete,Incomplete,Incomplete,Incomplete
"M00906 | Ethynylserine biosynthesis, lysine => ethynylserine",Incomplete,Incomplete,Incomplete,Incomplete,Incomplete,Incomplete,Incomplete,Incomplete,Incomplete,Incomplete,Incomplete,Incomplete,Incomplete,Incomplete,Incomplete,Incomplete,Incomplete,Incomplete,Incomplete,Incomplete,Incomplete,Incomplete,Incomplete,Incomplete,Incomplete,Incomplete,Incomplete,Incomplete,Incomplete,Incomplete,Incomplete,Incomplete,Incomplete,Incomplete,Incomplete,Incomplete,Incomplete,Incomplete,Incomplete,Incomplete,Incomplete,Incomplete,Incomplete,Incomplete,Incomplete,Incomplete,Incomplete,Incomplete,Incomplete,Incomplete,Incomplete,Incomplete,Incomplete,Incomplete,Incomplete,Incomplete,Incomplete,Incomplete,Incomplete,Incomplete,Incomplete,Incomplete,Incomplete,Incomplete,Incomplete,Incomplete,Incomplete
"M00909 | UDP-N-acetyl-D-glucosamine biosynthesis, prokaryotes, glucose => UDP-GlcNAc",Complete,Complete,Incomplete,Complete,Complete,Incomplete,Incomplete,Complete,Complete,Complete,Incomplete,Complete,Complete,Complete,Complete,Complete,Complete,Complete,Complete,Complete,Complete,1 block missing,Complete,Complete,Complete,Complete,Complete,Complete,Complete,Complete,Complete,Complete,1 block missing,Complete,Complete,Complete,1 block missing,Complete,Complete,1 block missing,Complete,Complete,Complete,Complete,Incomplete,Complete,1 block missing,Complete,Complete,Complete,Complete,Complete,Complete,Complete,Complete,1 block missing,1 block missing,Complete,Complete,Incomplete,Incomplete,1 block missing,Complete,Complete,Complete,Incomplete,Complete
M00910 | Phenylalanine_biosynthesis,Incomplete,Incomplete,Incomplete,Incomplete,Incomplete,Incomplete,Incomplete,Complete,1 block missing,Complete,Incomplete,1 block missing,Incomplete,Incomplete,Incomplete,Incomplete,Complete,Incomplete,Incomplete,Incomplete,Complete,Incomplete,Incomplete,Incomplete,Incomplete,Incomplete,Incomplete,Incomplete,1 block missing,Incomplete,Incomplete,1 block missing,Incomplete,Incomplete,Incomplete,Incomplete,Incomplete,Incomplete,Incomplete,Incomplete,Incomplete,Incomplete,Incomplete,1 block missing,Incomplete,Incomplete,Incomplete,Incomplete,1 block missing,1 block missing,1 block missing,Incomplete,Complete,1 block missing,Incomplete,Incomplete,Incomplete,Incomplete,Incomplete,Complete,Incomplete,Incomplete,Incomplete,Complete,1 block missing,Incomplete,1 block missing
M00911 | Riboflavin_biosynthesis_fungi,Incomplete,Incomplete,Incomplete,Incomplete,Incomplete,Incomplete,Incomplete,1 block missing,1 block missing,Incomplete,Incomplete,Incomplete,Incomplete,1 block missing,Incomplete,1 block missing,Incomplete,Incomplete,Incomplete,Incomplete,1 block missing,Incomplete,Incomplete,Incomplete,Incomplete,Incomplete,Complete,Incomplete,Incomplete,Incomplete,Incomplete,Incomplete,Incomplete,Incomplete,1 block missing,Incomplete,Incomplete,Incomplete,1 block missing,Incomplete,Incomplete,Incomplete,Incomplete,1 block missing,Incomplete,1 block missing,Incomplete,Incomplete,1 block missing,Incomplete,Incomplete,1 block missing,Incomplete,Incomplete,Incomplete,Incomplete,Incomplete,Incomplete,Incomplete,Incomplete,Incomplete,Incomplete,1 block missing,1 block missing,1 block missing,Incomplete,1 block missing
M00912 | NAD_biosynthesis,Incomplete,Incomplete,Incomplete,Incomplete,Incomplete,Incomplete,Incomplete,Incomplete,Incomplete,Incomplete,Incomplete,Incomplete,Incomplete,Incomplete,Incomplete,Incomplete,Incomplete,Incomplete,Incomplete,Incomplete,Incomplete,Incomplete,Incomplete,Incomplete,Incomplete,Incomplete,Incomplete,Incomplete,Incomplete,Incomplete,Incomplete,Incomplete,Incomplete,Incomplete,Incomplete,Incomplete,Incomplete,Incomplete,Incomplete,Incomplete,Incomplete,Incomplete,Incomplete,Incomplete,Incomplete,Incomplete,Incomplete,Incomplete,Incomplete,Incomplete,Incomplete,Incomplete,Incomplete,Incomplete,Incomplete,Incomplete,Incomplete,Incomplete,Incomplete,Incomplete,Incomplete,Incomplete,Incomplete,Incomplete,Incomplete,Incomplete,Incomplete
M00913 | Pantothenate_biosynthesis,Incomplete,1 block missing,Incomplete,Incomplete,1 block missing,Incomplete,Incomplete,1 block missing,1 block missing,1 block missing,Incomplete,1 block missing,Incomplete,1 block missing,Incomplete,1 block missing,1 block missing,Incomplete,1 block missing,1 block missing,1 block missing,1 block missing,Incomplete,1 block missing,1 block missing,Incomplete,1 block missing,1 block missing,1 block missing,Incomplete,Incomplete,1 block missing,1 block missing,Incomplete,1 block missing,Incomplete,Incomplete,Incomplete,1 block missing,1 block missing,Incomplete,Incomplete,1 block missing,1 block missing,Incomplete,1 block missing,1 block missing,Incomplete,1 block missing,1 block missing,1 block missing,1 block missing,1 block missing,1 block missing,Incomplete,Incomplete,Incomplete,Incomplete,Incomplete,Incomplete,Incomplete,1 block missing,1 block missing,1 block missing,1 block missing,Incomplete,1 block missing
M00914 | Coenzyme_A_biosynthesis_archaea,Incomplete,Complete,Incomplete,Incomplete,Incomplete,Incomplete,Incomplete,Complete,Complete,Complete,Incomplete,Incomplete,Incomplete,Complete,Incomplete,Complete,Incomplete,Incomplete,Incomplete,Complete,Complete,Incomplete,Incomplete,Incomplete,Complete,Incomplete,Complete,Complete,Complete,Incomplete,Incomplete,Incomplete,Incomplete,Incomplete,Complete,Incomplete,Incomplete,Incomplete,Incomplete,Incomplete,Incomplete,Incomplete,1 block missing,Complete,Incomplete,Complete,Incomplete,Incomplete,Complete,Incomplete,Incomplete,Complete,Incomplete,Complete,Incomplete,Incomplete,Incomplete,Incomplete,Incomplete,Incomplete,Incomplete,Incomplete,Complete,Complete,Complete,Incomplete,Complete
M00915 | Caffeine_degradation,Incomplete,Incomplete,Incomplete,Incomplete,Incomplete,Incomplete,Incomplete,Incomplete,Incomplete,Incomplete,Incomplete,Incomplete,Incomplete,Incomplete,Incomplete,Incomplete,Incomplete,Incomplete,Incomplete,Incomplete,Incomplete,Incomplete,Incomplete,Incomplete,Incomplete,Incomplete,Incomplete,Incomplete,Incomplete,Incomplete,Incomplete,Incomplete,Incomplete,Incomplete,Incomplete,Incomplete,Incomplete,Incomplete,Incomplete,Incomplete,Incomplete,Incomplete,Incomplete,Incomplete,Incomplete,Incomplete,Incomplete,Incomplete,Incomplete,Incomplete,Incomplete,Incomplete,Incomplete,Incomplete,Incomplete,Incomplete,Incomplete,Incomplete,Incomplete,Incomplete,Incomplete,Incomplete,Incomplete,Incomplete,Incomplete,Incomplete,Incomplete
M00916 | Pyridoxal-P_biosynthesis,Complete,Complete,Incomplete,Complete,Complete,1 block missing,Complete,Complete,Complete,Complete,1 block missing,Complete,Complete,Complete,Complete,Complete,Complete,Complete,Complete,Complete,Complete,Incomplete,Complete,Complete,Complete,Complete,Complete,Complete,Complete,Complete,Complete,Complete,Complete,1 block missing,Complete,Complete,Incomplete,Complete,Complete,Complete,Complete,Complete,Complete,Complete,Complete,Complete,Incomplete,1 block missing,Complete,Complete,Complete,Complete,Complete,Complete,Complete,Incomplete,Complete,Complete,Complete,Complete,Complete,1 block missing,Complete,Complete,Complete,Incomplete,Complete
M00917 | Phytosterol_biosynthesis_squalene_2,Incomplete,Incomplete,Incomplete,Incomplete,Incomplete,Incomplete,Incomplete,Incomplete,Incomplete,Incomplete,Incomplete,Incomplete,Incomplete,Incomplete,Incomplete,Incomplete,Incomplete,Incomplete,Incomplete,Incomplete,Incomplete,Incomplete,Incomplete,Incomplete,Incomplete,Incomplete,Incomplete,Incomplete,Incomplete,Incomplete,Incomplete,Incomplete,Incomplete,Incomplete,Incomplete,Incomplete,Incomplete,Incomplete,Incomplete,Incomplete,Incomplete,Incomplete,Incomplete,Incomplete,Incomplete,Incomplete,Incomplete,Incomplete,Incomplete,Incomplete,Incomplete,Incomplete,Incomplete,Incomplete,Incomplete,Incomplete,Incomplete,Incomplete,Incomplete,Incomplete,Incomplete,Incomplete,Incomplete,Incomplete,Incomplete,Incomplete,Incomplete
M00918 | Aerobactin_biosynthesis,Incomplete,Incomplete,Incomplete,Incomplete,Incomplete,Incomplete,Incomplete,Incomplete,Incomplete,Incomplete,Incomplete,Incomplete,Incomplete,Incomplete,Incomplete,Incomplete,1 block missing,Incomplete,Incomplete,Incomplete,Incomplete,Incomplete,Incomplete,Incomplete,Incomplete,Incomplete,Incomplete,Incomplete,Incomplete,Incomplete,Incomplete,Incomplete,Incomplete,Incomplete,Incomplete,Incomplete,Incomplete,Incomplete,Complete,Incomplete,Incomplete,Incomplete,Incomplete,Incomplete,Incomplete,Incomplete,Incomplete,Incomplete,Incomplete,Incomplete,Incomplete,Incomplete,Complete,Incomplete,Incomplete,Incomplete,Incomplete,Incomplete,Incomplete,Incomplete,Incomplete,Incomplete,Incomplete,Incomplete,Incomplete,Incomplete,Incomplete
M00919 | Ectoine_degradation,Incomplete,Complete,Incomplete,Incomplete,1 block missing,Incomplete,Incomplete,Complete,Incomplete,Complete,Incomplete,Complete,Incomplete,1 block missing,Incomplete,1 block missing,1 block missing,Incomplete,Incomplete,1 block missing,1 block missing,Incomplete,Incomplete,1 block missing,Complete,Incomplete,Complete,Complete,1 block missing,Incomplete,Incomplete,Complete,Incomplete,Incomplete,Incomplete,Incomplete,Incomplete,Incomplete,Incomplete,Incomplete,Incomplete,Incomplete,Complete,1 block missing,Incomplete,Complete,Incomplete,Incomplete,Complete,1 block missing,Incomplete,Complete,1 block missing,Complete,Incomplete,Incomplete,Incomplete,Incomplete,Incomplete,Incomplete,Incomplete,Incomplete,1 block missing,Complete,1 block missing,Incomplete,1 block missing
M00921 | Cyclooctatin_biosynthesis,Incomplete,Incomplete,Incomplete,Incomplete,Incomplete,Incomplete,Incomplete,Incomplete,Incomplete,Incomplete,Incomplete,Incomplete,Incomplete,Incomplete,Incomplete,Incomplete,Incomplete,Incomplete,Incomplete,Incomplete,Incomplete,Incomplete,Incomplete,Incomplete,Incomplete,Incomplete,Incomplete,Incomplete,Incomplete,Incomplete,Incomplete,Incomplete,Incomplete,Incomplete,Incomplete,Incomplete,Incomplete,Incomplete,Incomplete,Incomplete,Incomplete,Incomplete,Incomplete,Incomplete,Incomplete,Incomplete,Incomplete,Incomplete,Incomplete,Incomplete,Incomplete,Incomplete,Incomplete,Incomplete,Incomplete,Incomplete,Incomplete,Incomplete,Incomplete,Incomplete,Incomplete,Incomplete,Incomplete,Incomplete,Incomplete,Incomplete,Incomplete
M00922 | CMP-Neu5Ac_biosynthesis,Incomplete,1 block missing,Incomplete,Incomplete,1 block missing,Incomplete,Incomplete,1 block missing,1 block missing,1 block missing,Incomplete,1 block missing,Incomplete,1 block missing,Incomplete,1 block missing,1 block missing,Incomplete,Incomplete,1 block missing,1 block missing,Incomplete,Incomplete,1 block missing,1 block missing,Incomplete,1 block missing,1 block missing,1 block missing,Incomplete,Incomplete,1 block missing,Incomplete,Incomplete,1 block missing,Incomplete,Incomplete,Incomplete,1 block missing,Incomplete,Incomplete,Incomplete,1 block missing,1 block missing,Incomplete,1 block missing,1 block missing,Incomplete,1 block missing,1 block missing,Incomplete,1 block missing,1 block missing,1 block missing,Incomplete,Incomplete,Incomplete,Incomplete,Incomplete,Incomplete,Incomplete,1 block missing,1 block missing,1 block missing,1 block missing,Incomplete,1 block missing
M00923 | UDP-L-FucNAm_biosynthesis,Incomplete,Incomplete,Incomplete,Incomplete,Incomplete,Incomplete,Incomplete,Incomplete,Incomplete,Incomplete,Incomplete,Incomplete,Incomplete,Incomplete,Incomplete,Incomplete,Incomplete,Incomplete,Incomplete,Incomplete,Incomplete,Incomplete,Incomplete,Incomplete,Incomplete,Incomplete,Incomplete,Incomplete,Incomplete,Incomplete,Incomplete,Incomplete,Incomplete,Incomplete,Incomplete,Incomplete,Incomplete,Incomplete,Incomplete,Incomplete,Incomplete,Incomplete,Incomplete,Incomplete,Incomplete,Incomplete,Incomplete,Incomplete,Incomplete,Incomplete,Incomplete,Incomplete,Incomplete,Incomplete,Incomplete,Incomplete,Incomplete,Incomplete,Incomplete,Incomplete,Incomplete,Incomplete,Incomplete,Incomplete,Incomplete,Incomplete,Incomplete
M00924 | Cobalamin_biosynthesis_anaerobicc-diamide,Incomplete,Incomplete,Incomplete,Incomplete,Incomplete,Incomplete,Incomplete,Incomplete,Incomplete,Incomplete,Incomplete,Incomplete,Incomplete,Incomplete,Incomplete,Incomplete,Incomplete,Incomplete,Incomplete,Incomplete,Incomplete,Incomplete,Incomplete,Incomplete,Incomplete,Incomplete,Incomplete,Incomplete,Incomplete,Incomplete,Incomplete,Incomplete,Incomplete,Incomplete,Incomplete,Incomplete,Incomplete,Incomplete,Incomplete,Incomplete,Incomplete,Incomplete,Incomplete,Incomplete,Incomplete,Incomplete,Incomplete,Incomplete,Incomplete,Incomplete,Incomplete,Incomplete,Incomplete,Incomplete,Incomplete,Incomplete,Incomplete,Incomplete,Incomplete,Incomplete,Incomplete,Incomplete,Incomplete,Incomplete,Incomplete,Incomplete,Incomplete
M00925 | Cobalamin_biosynthesis_aerobicc-diamide,Incomplete,1 block missing,Incomplete,Incomplete,Incomplete,Incomplete,Incomplete,Incomplete,Incomplete,Complete,Incomplete,Incomplete,Incomplete,Incomplete,Incomplete,Incomplete,1 block missing,Incomplete,Incomplete,Incomplete,1 block missing,Incomplete,Incomplete,1 block missing,Complete,Incomplete,1 block missing,Complete,Incomplete,Incomplete,Incomplete,Incomplete,Incomplete,Incomplete,Incomplete,Incomplete,Incomplete,Incomplete,Complete,Incomplete,Incomplete,Incomplete,Complete,Incomplete,Incomplete,Incomplete,1 block missing,Incomplete,1 block missing,1 block missing,Incomplete,Incomplete,1 block missing,Incomplete,Incomplete,Incomplete,Incomplete,Incomplete,Incomplete,Incomplete,Incomplete,Incomplete,Incomplete,1 block missing,Complete,Incomplete,Incomplete
M00926 | Heme_biosynthesis_bacteria,1 block missing,Complete,Incomplete,1 block missing,1 block missing,Incomplete,Incomplete,Complete,Complete,Complete,Incomplete,Complete,1 block missing,1 block missing,1 block missing,1 block missing,Complete,1 block missing,1 block missing,Complete,Complete,Complete,Incomplete,Complete,Complete,1 block missing,Complete,Complete,1 block missing,Incomplete,Incomplete,Complete,Complete,Incomplete,Complete,1 block missing,Incomplete,1 block missing,Complete,Incomplete,1 block missing,1 block missing,Complete,Complete,Incomplete,Complete,1 block missing,Incomplete,Complete,Complete,Incomplete,Complete,Complete,Complete,Incomplete,Incomplete,1 block missing,Incomplete,1 block missing,Incomplete,Incomplete,Incomplete,1 block missing,Complete,Complete,Incomplete,Complete
M00927 | Gibberellin_A12_biosynthesis,Incomplete,Incomplete,Incomplete,Incomplete,Incomplete,Incomplete,Incomplete,Incomplete,Incomplete,Incomplete,Incomplete,Incomplete,Incomplete,Incomplete,Incomplete,Incomplete,Incomplete,Incomplete,Incomplete,Incomplete,Incomplete,Incomplete,Incomplete,Incomplete,Incomplete,Incomplete,Incomplete,Incomplete,Incomplete,Incomplete,Incomplete,Incomplete,Incomplete,Incomplete,Incomplete,Incomplete,Incomplete,Incomplete,Incomplete,Incomplete,Incomplete,Incomplete,Incomplete,Incomplete,Incomplete,Incomplete,Incomplete,Incomplete,Incomplete,Incomplete,Incomplete,Incomplete,Incomplete,Incomplete,Incomplete,Incomplete,Incomplete,Incomplete,Incomplete,Incomplete,Incomplete,Incomplete,Incomplete,Incomplete,Incomplete,Incomplete,Incomplete
M00928 | Gibberellin_A4--A1_biosynthesis,Incomplete,Incomplete,Incomplete,Incomplete,Incomplete,Incomplete,Incomplete,Incomplete,Incomplete,Incomplete,Incomplete,Incomplete,Incomplete,Incomplete,Incomplete,Incomplete,Incomplete,Incomplete,Incomplete,Incomplete,Incomplete,Incomplete,Incomplete,Incomplete,Incomplete,Incomplete,Incomplete,Incomplete,Incomplete,Incomplete,Incomplete,Incomplete,Incomplete,Incomplete,Incomplete,Incomplete,Incomplete,Incomplete,Incomplete,Incomplete,Incomplete,Incomplete,Incomplete,Incomplete,Incomplete,Incomplete,Incomplete,Incomplete,Incomplete,Incomplete,Incomplete,Incomplete,Incomplete,Incomplete,Incomplete,Incomplete,Incomplete,Incomplete,Incomplete,1 block missing,Incomplete,Incomplete,Incomplete,Incomplete,Incomplete,Incomplete,Incomplete
M00929 | Gibberellin_A1_biosynthesis,Incomplete,Incomplete,Incomplete,Incomplete,Incomplete,Incomplete,Incomplete,Incomplete,Incomplete,Incomplete,Incomplete,Incomplete,Incomplete,Incomplete,Incomplete,Incomplete,Incomplete,Incomplete,Incomplete,Incomplete,Incomplete,Incomplete,Incomplete,Incomplete,Incomplete,Incomplete,Incomplete,Incomplete,Incomplete,Incomplete,Incomplete,Incomplete,Incomplete,Incomplete,Incomplete,Incomplete,Incomplete,Incomplete,Incomplete,Incomplete,Incomplete,Incomplete,Incomplete,Incomplete,Incomplete,Incomplete,Incomplete,Incomplete,Incomplete,Incomplete,Incomplete,Incomplete,Incomplete,Incomplete,Incomplete,Incomplete,Incomplete,Incomplete,Incomplete,Incomplete,Incomplete,Incomplete,Incomplete,Incomplete,Incomplete,Incomplete,Incomplete
M00930 | Menaquinone_biosynthesis_futalosine_pathway,Incomplete,1 block missing,Incomplete,Incomplete,Incomplete,Incomplete,Incomplete,1 block missing,1 block missing,1 block missing,Incomplete,1 block missing,Incomplete,Incomplete,Incomplete,1 block missing,1 block missing,Incomplete,Incomplete,1 block missing,1 block missing,Incomplete,Incomplete,1 block missing,1 block missing,Incomplete,1 block missing,1 block missing,Incomplete,Incomplete,Incomplete,1 block missing,1 block missing,Incomplete,1 block missing,Incomplete,Incomplete,Incomplete,1 block missing,Incomplete,Incomplete,Incomplete,1 block missing,1 block missing,Incomplete,1 block missing,Incomplete,Incomplete,1 block missing,1 block missing,Incomplete,1 block missing,1 block missing,Incomplete,Incomplete,Incomplete,Incomplete,Incomplete,Incomplete,Incomplete,Incomplete,Incomplete,1 block missing,1 block missing,1 block missing,Incomplete,1 block missing
M00931 | Menaquinone_biosynthesis_modified_futalosine_pathway,Incomplete,1 block missing,Incomplete,Incomplete,1 block missing,Incomplete,Incomplete,1 block missing,Complete,1 block missing,Incomplete,1 block missing,Incomplete,1 block missing,Incomplete,1 block missing,1 block missing,Incomplete,Incomplete,Complete,Complete,Incomplete,Incomplete,1 block missing,1 block missing,Incomplete,1 block missing,1 block missing,Complete,Incomplete,Incomplete,1 block missing,1 block missing,Incomplete,1 block missing,Incomplete,Incomplete,Incomplete,1 block missing,Incomplete,Incomplete,Incomplete,1 block missing,1 block missing,Incomplete,1 block missing,1 block missing,Incomplete,Complete,1 block missing,Incomplete,1 block missing,1 block missing,Complete,Incomplete,Incomplete,Incomplete,Incomplete,Incomplete,Incomplete,Incomplete,Incomplete,1 block missing,Complete,1 block missing,Incomplete,Complete
M00932 | Phylloquinone_biosynthesis,Incomplete,Incomplete,Incomplete,Incomplete,Incomplete,Incomplete,Incomplete,Incomplete,Incomplete,Incomplete,Incomplete,Incomplete,Incomplete,Incomplete,Incomplete,Incomplete,Incomplete,Incomplete,Incomplete,Incomplete,Incomplete,Incomplete,Incomplete,Incomplete,Incomplete,Incomplete,Incomplete,Incomplete,Incomplete,Incomplete,Incomplete,Incomplete,Incomplete,Incomplete,Incomplete,Incomplete,Incomplete,Incomplete,Incomplete,Incomplete,Incomplete,Incomplete,Incomplete,Incomplete,Incomplete,Incomplete,Incomplete,Incomplete,Incomplete,Incomplete,Incomplete,Incomplete,Incomplete,Incomplete,Incomplete,Incomplete,Incomplete,Incomplete,Incomplete,Incomplete,Incomplete,Incomplete,Incomplete,Incomplete,Incomplete,Incomplete,Incomplete
M00933 | Plastoquinone_biosynthesis,Incomplete,Incomplete,Incomplete,Incomplete,Incomplete,Incomplete,Incomplete,1 block missing,1 block missing,Incomplete,Incomplete,Incomplete,Incomplete,Incomplete,Incomplete,Complete,1 block missing,Incomplete,Incomplete,Incomplete,Incomplete,Incomplete,Incomplete,Incomplete,1 block missing,Incomplete,Incomplete,Incomplete,1 block missing,Incomplete,Incomplete,Incomplete,Incomplete,Incomplete,1 block missing,Incomplete,Incomplete,Incomplete,1 block missing,Incomplete,Incomplete,Incomplete,Incomplete,Incomplete,Incomplete,Incomplete,Incomplete,Incomplete,Incomplete,1 block missing,1 block missing,Incomplete,Complete,Incomplete,Incomplete,Incomplete,Incomplete,Incomplete,Incomplete,1 block missing,Incomplete,Incomplete,1 block missing,Incomplete,1 block missing,Incomplete,Incomplete
M00934 | Mycinamicin_biosynthesis,Incomplete,Incomplete,Incomplete,Incomplete,Incomplete,Incomplete,Incomplete,Incomplete,Incomplete,Incomplete,Incomplete,Incomplete,Incomplete,Incomplete,Incomplete,Incomplete,Incomplete,Incomplete,Incomplete,Incomplete,Incomplete,Incomplete,Incomplete,Incomplete,Incomplete,Incomplete,Incomplete,Incomplete,Incomplete,Incomplete,Incomplete,Incomplete,Incomplete,Incomplete,Incomplete,Incomplete,Incomplete,Incomplete,Incomplete,Incomplete,Incomplete,Incomplete,Incomplete,Incomplete,Incomplete,Incomplete,Incomplete,Incomplete,Incomplete,Incomplete,Incomplete,Incomplete,Incomplete,Incomplete,Incomplete,Incomplete,Incomplete,Incomplete,Incomplete,Incomplete,Incomplete,Incomplete,Incomplete,Incomplete,Incomplete,Incomplete,Incomplete
M00935 | Methanofuran_biosynthesis,Incomplete,Incomplete,Incomplete,Incomplete,1 block missing,Incomplete,Incomplete,1 block missing,1 block missing,Incomplete,Incomplete,Incomplete,Incomplete,1 block missing,Incomplete,1 block missing,Incomplete,Incomplete,Incomplete,1 block missing,1 block missing,Incomplete,Incomplete,Incomplete,Incomplete,Incomplete,Incomplete,Incomplete,1 block missing,Incomplete,Incomplete,Incomplete,Incomplete,Incomplete,1 block missing,Incomplete,Incomplete,Incomplete,Incomplete,Incomplete,Incomplete,Incomplete,Incomplete,1 block missing,Incomplete,1 block missing,Incomplete,Incomplete,1 block missing,Incomplete,Incomplete,1 block missing,Incomplete,Incomplete,Incomplete,Incomplete,Incomplete,Incomplete,Incomplete,Incomplete,Incomplete,Incomplete,1 block missing,1 block missing,1 block missing,Incomplete,1 block missing
M00936 | Melatonin_biosynthesis_plants,Incomplete,Incomplete,Incomplete,Incomplete,Incomplete,Incomplete,Incomplete,Incomplete,Incomplete,Incomplete,Incomplete,Incomplete,Incomplete,Incomplete,Incomplete,Incomplete,Incomplete,Incomplete,Incomplete,Incomplete,Incomplete,Incomplete,Incomplete,Incomplete,Incomplete,Incomplete,Incomplete,Incomplete,Incomplete,Incomplete,Incomplete,Incomplete,Incomplete,Incomplete,Incomplete,Incomplete,Incomplete,Incomplete,Incomplete,Incomplete,Incomplete,Incomplete,Incomplete,Incomplete,Incomplete,Incomplete,Incomplete,Incomplete,Incomplete,Incomplete,Incomplete,Incomplete,Incomplete,Incomplete,Incomplete,Incomplete,Incomplete,Incomplete,Incomplete,Incomplete,Incomplete,Incomplete,Incomplete,Incomplete,Incomplete,Incomplete,Incomplete
M00937 | Aflatoxin_biosynthesis,Incomplete,Incomplete,Incomplete,Incomplete,Incomplete,Incomplete,Incomplete,Incomplete,Incomplete,Incomplete,Incomplete,Incomplete,Incomplete,Incomplete,Incomplete,Incomplete,Incomplete,Incomplete,Incomplete,Incomplete,Incomplete,Incomplete,Incomplete,Incomplete,Incomplete,Incomplete,Incomplete,Incomplete,Incomplete,Incomplete,Incomplete,Incomplete,Incomplete,Incomplete,Incomplete,Incomplete,Incomplete,Incomplete,Incomplete,Incomplete,Incomplete,Incomplete,Incomplete,Incomplete,Incomplete,Incomplete,Incomplete,Incomplete,Incomplete,Incomplete,Incomplete,Incomplete,Incomplete,Incomplete,Incomplete,Incomplete,Incomplete,Incomplete,Incomplete,Incomplete,Incomplete,Incomplete,Incomplete,Incomplete,Incomplete,Incomplete,Incomplete
M00938 | Pyrimidine_deoxyribonucleotide_biosynthesis,Incomplete,Incomplete,Incomplete,Incomplete,Incomplete,Incomplete,Incomplete,1 block missing,Incomplete,1 block missing,Incomplete,Incomplete,Incomplete,Incomplete,Incomplete,Incomplete,1 block missing,Incomplete,Incomplete,1 block missing,1 block missing,Incomplete,Incomplete,1 block missing,Incomplete,Incomplete,1 block missing,Incomplete,Incomplete,Incomplete,Incomplete,Incomplete,1 block missing,Incomplete,Incomplete,Incomplete,Incomplete,Incomplete,Incomplete,Incomplete,Incomplete,Incomplete,Incomplete,Incomplete,Incomplete,Incomplete,Incomplete,Incomplete,Incomplete,Incomplete,Incomplete,1 block missing,1 block missing,1 block missing,Incomplete,Incomplete,Incomplete,Incomplete,Incomplete,Incomplete,Incomplete,Incomplete,Incomplete,Incomplete,Incomplete,Incomplete,Incomplete
M00939 | Pyrimidine_degradation,Incomplete,Complete,Incomplete,Incomplete,Incomplete,Incomplete,Incomplete,Complete,Incomplete,Complete,Incomplete,Incomplete,Incomplete,Incomplete,Incomplete,Incomplete,Complete,Incomplete,Incomplete,Incomplete,Complete,Incomplete,Incomplete,Complete,Complete,Incomplete,Complete,Complete,Incomplete,Incomplete,Incomplete,Incomplete,Incomplete,Incomplete,Incomplete,Incomplete,Incomplete,Incomplete,Complete,Incomplete,Incomplete,Incomplete,Complete,Incomplete,Incomplete,Incomplete,Incomplete,Incomplete,Complete,Complete,Incomplete,Incomplete,Complete,Incomplete,Incomplete,Incomplete,Incomplete,Incomplete,Incomplete,Incomplete,Incomplete,Incomplete,Incomplete,Complete,Complete,Incomplete,Incomplete
M00940 | Flavanone_biosynthesis,Incomplete,Incomplete,Incomplete,Incomplete,Incomplete,Incomplete,Incomplete,Incomplete,Incomplete,Incomplete,Incomplete,Incomplete,Incomplete,Incomplete,Incomplete,Incomplete,Incomplete,Incomplete,Incomplete,Incomplete,Incomplete,Incomplete,Incomplete,Incomplete,Incomplete,Incomplete,Incomplete,Incomplete,Incomplete,Incomplete,Incomplete,Incomplete,Incomplete,Incomplete,Incomplete,Incomplete,Incomplete,Incomplete,Incomplete,Incomplete,Incomplete,Incomplete,Incomplete,Incomplete,Incomplete,Incomplete,Incomplete,Incomplete,Incomplete,Incomplete,1 block missing,Incomplete,Incomplete,Incomplete,Incomplete,Incomplete,Incomplete,Incomplete,Incomplete,1 block missing,Incomplete,Incomplete,Incomplete,Incomplete,Incomplete,Incomplete,Incomplete
M00941 | Isoflavone_biosynthesis,Incomplete,Incomplete,Incomplete,Incomplete,Incomplete,Incomplete,Incomplete,Incomplete,Incomplete,Incomplete,Incomplete,Incomplete,Incomplete,Incomplete,Incomplete,Incomplete,Incomplete,Incomplete,Incomplete,Incomplete,Incomplete,Incomplete,Incomplete,Incomplete,Incomplete,Incomplete,Incomplete,Incomplete,Incomplete,Incomplete,Incomplete,Incomplete,Incomplete,Incomplete,Incomplete,Incomplete,Incomplete,Incomplete,Incomplete,Incomplete,Incomplete,Incomplete,Incomplete,Incomplete,Incomplete,Incomplete,Incomplete,Incomplete,Incomplete,Incomplete,Incomplete,Incomplete,Incomplete,Incomplete,Incomplete,Incomplete,Incomplete,Incomplete,Incomplete,Incomplete,Incomplete,Incomplete,Incomplete,Incomplete,Incomplete,Incomplete,Incomplete
M00942 | Pterocarpan_biosynthesis,Incomplete,Incomplete,Incomplete,Incomplete,Incomplete,Incomplete,Incomplete,Incomplete,Incomplete,Incomplete,Incomplete,Incomplete,Incomplete,Incomplete,Incomplete,Incomplete,Incomplete,Incomplete,Incomplete,Incomplete,Incomplete,Incomplete,Incomplete,Incomplete,Incomplete,Incomplete,Incomplete,Incomplete,Incomplete,Incomplete,Incomplete,Incomplete,Incomplete,Incomplete,Incomplete,Incomplete,Incomplete,Incomplete,Incomplete,Incomplete,Incomplete,Incomplete,Incomplete,Incomplete,Incomplete,Incomplete,Incomplete,Incomplete,Incomplete,Incomplete,Incomplete,Incomplete,Incomplete,Incomplete,Incomplete,Incomplete,Incomplete,Incomplete,Incomplete,Incomplete,Incomplete,Incomplete,Incomplete,Incomplete,Incomplete,Incomplete,Incomplete
M00943 | Reticuline_biosynthesis,Incomplete,Incomplete,Incomplete,Incomplete,Incomplete,Incomplete,Incomplete,Incomplete,Incomplete,Incomplete,Incomplete,Incomplete,Incomplete,Incomplete,Incomplete,Incomplete,Incomplete,Incomplete,Incomplete,Incomplete,Incomplete,Incomplete,Incomplete,Incomplete,Incomplete,Incomplete,Incomplete,Incomplete,Incomplete,Incomplete,Incomplete,Incomplete,Incomplete,Incomplete,Incomplete,Incomplete,Incomplete,Incomplete,Incomplete,Incomplete,Incomplete,Incomplete,Incomplete,Incomplete,Incomplete,Incomplete,Incomplete,Incomplete,Incomplete,Incomplete,Incomplete,Incomplete,Incomplete,Incomplete,Incomplete,Incomplete,Incomplete,Incomplete,Incomplete,Incomplete,Incomplete,Incomplete,Incomplete,Incomplete,Incomplete,Incomplete,Incomplete
M00944 | Morphine_biosynthesis,Incomplete,Incomplete,Incomplete,Incomplete,Incomplete,Incomplete,Incomplete,Incomplete,Incomplete,Incomplete,Incomplete,Incomplete,Incomplete,Incomplete,Incomplete,Incomplete,Incomplete,Incomplete,Incomplete,Incomplete,Incomplete,Incomplete,Incomplete,Incomplete,Incomplete,Incomplete,Incomplete,Incomplete,Incomplete,Incomplete,Incomplete,Incomplete,Incomplete,Incomplete,Incomplete,Incomplete,Incomplete,Incomplete,Incomplete,Incomplete,Incomplete,Incomplete,Incomplete,Incomplete,Incomplete,Incomplete,Incomplete,Incomplete,Incomplete,Incomplete,Incomplete,Incomplete,Incomplete,Incomplete,Incomplete,Incomplete,Incomplete,Incomplete,Incomplete,Incomplete,Incomplete,Incomplete,Incomplete,Incomplete,Incomplete,Incomplete,Incomplete
M00945 | Sanguinarine_biosynthesis,Incomplete,Incomplete,Incomplete,Incomplete,Incomplete,Incomplete,Incomplete,Incomplete,Incomplete,Incomplete,Incomplete,Incomplete,Incomplete,Incomplete,Incomplete,Incomplete,Incomplete,Incomplete,Incomplete,Incomplete,Incomplete,Incomplete,Incomplete,Incomplete,Incomplete,Incomplete,Incomplete,Incomplete,Incomplete,Incomplete,Incomplete,Incomplete,Incomplete,Incomplete,Incomplete,Incomplete,Incomplete,Incomplete,Incomplete,Incomplete,Incomplete,Incomplete,Incomplete,Incomplete,Incomplete,Incomplete,Incomplete,Incomplete,Incomplete,Incomplete,Incomplete,Incomplete,Incomplete,Incomplete,Incomplete,Incomplete,Incomplete,Incomplete,Incomplete,Incomplete,Incomplete,Incomplete,Incomplete,Incomplete,Incomplete,Incomplete,Incomplete
M00946 | Noscapine_biosynthesis,Incomplete,Incomplete,Incomplete,Incomplete,Incomplete,Incomplete,Incomplete,Incomplete,Incomplete,Incomplete,Incomplete,Incomplete,Incomplete,Incomplete,Incomplete,Incomplete,Incomplete,Incomplete,Incomplete,Incomplete,Incomplete,Incomplete,Incomplete,Incomplete,Incomplete,Incomplete,Incomplete,Incomplete,Incomplete,Incomplete,Incomplete,Incomplete,Incomplete,Incomplete,Incomplete,Incomplete,Incomplete,Incomplete,Incomplete,Incomplete,Incomplete,Incomplete,Incomplete,Incomplete,Incomplete,Incomplete,Incomplete,Incomplete,Incomplete,Incomplete,Incomplete,Incomplete,Incomplete,Incomplete,Incomplete,Incomplete,Incomplete,Incomplete,Incomplete,Incomplete,Incomplete,Incomplete,Incomplete,Incomplete,Incomplete,Incomplete,Incomplete
M00947 | D-Arginine_racemization,Incomplete,Complete,Incomplete,Incomplete,1 block missing,Incomplete,Incomplete,1 block missing,Incomplete,1 block missing,Incomplete,1 block missing,Incomplete,Incomplete,Incomplete,Incomplete,Complete,Incomplete,Incomplete,1 block missing,1 block missing,1 block missing,Incomplete,1 block missing,1 block missing,Incomplete,1 block missing,Complete,Incomplete,Incomplete,Incomplete,1 block missing,Incomplete,Incomplete,Incomplete,Incomplete,Incomplete,Incomplete,Complete,1 block missing,Incomplete,Incomplete,1 block missing,Incomplete,Incomplete,1 block missing,1 block missing,Incomplete,1 block missing,1 block missing,Incomplete,1 block missing,Complete,1 block missing,Incomplete,Incomplete,Incomplete,Incomplete,Incomplete,Incomplete,Incomplete,Incomplete,Incomplete,1 block missing,1 block missing,Incomplete,1 block missing
M00948 | Hydroxyproline_degradation,Incomplete,Incomplete,Incomplete,Incomplete,Incomplete,Incomplete,Incomplete,Incomplete,Incomplete,Incomplete,Incomplete,Incomplete,Incomplete,Incomplete,Incomplete,Incomplete,Incomplete,Incomplete,Incomplete,Incomplete,Incomplete,Incomplete,Incomplete,Incomplete,Incomplete,Incomplete,Incomplete,Incomplete,Incomplete,Incomplete,Incomplete,Incomplete,Incomplete,Incomplete,Incomplete,Incomplete,Incomplete,Incomplete,Incomplete,Incomplete,Incomplete,Incomplete,Incomplete,Incomplete,Incomplete,Incomplete,Incomplete,Incomplete,Incomplete,Incomplete,Incomplete,Incomplete,Incomplete,Incomplete,Incomplete,Incomplete,Incomplete,Incomplete,Incomplete,Incomplete,Incomplete,Incomplete,Incomplete,Incomplete,Incomplete,Incomplete,Incomplete
M00949 | Staphylopine_biosynthesis,Incomplete,Incomplete,Incomplete,Incomplete,Incomplete,Incomplete,Incomplete,Incomplete,Incomplete,Incomplete,Incomplete,Incomplete,Incomplete,Incomplete,Incomplete,Incomplete,Incomplete,Incomplete,Incomplete,Incomplete,Incomplete,Incomplete,Incomplete,Incomplete,Incomplete,Incomplete,Incomplete,Incomplete,Incomplete,Incomplete,Incomplete,Incomplete,Incomplete,Incomplete,Incomplete,Incomplete,Incomplete,Incomplete,Incomplete,Incomplete,Incomplete,Incomplete,Incomplete,Incomplete,Incomplete,Incomplete,Incomplete,Incomplete,Incomplete,Incomplete,Incomplete,Incomplete,Incomplete,Incomplete,Incomplete,Incomplete,Incomplete,Incomplete,Incomplete,Incomplete,Incomplete,Incomplete,Incomplete,Incomplete,Incomplete,Incomplete,Incomplete
M00950 | Biotin_biosynthesis_BioU_pathway,Incomplete,1 block missing,Incomplete,1 block missing,1 block missing,Incomplete,Incomplete,1 block missing,1 block missing,1 block missing,Incomplete,1 block missing,Incomplete,1 block missing,1 block missing,1 block missing,1 block missing,1 block missing,1 block missing,1 block missing,1 block missing,1 block missing,1 block missing,1 block missing,1 block missing,1 block missing,1 block missing,1 block missing,1 block missing,1 block missing,Incomplete,1 block missing,1 block missing,1 block missing,1 block missing,1 block missing,1 block missing,1 block missing,1 block missing,1 block missing,Incomplete,1 block missing,1 block missing,1 block missing,Incomplete,1 block missing,1 block missing,Incomplete,1 block missing,1 block missing,Incomplete,1 block missing,1 block missing,1 block missing,1 block missing,1 block missing,1 block missing,1 block missing,1 block missing,Incomplete,1 block missing,1 block missing,1 block missing,1 block missing,1 block missing,1 block missing,1 block missing
