relative_path,size_bytes,sha256
.python-version,5,7b55f8e67b5623c4bef3fa691288da9437d79d3aba156de48d481db32ac7d16d
.streamlit/config.toml,126,d924729aef5db2b0aad736981a8b10aae80649296dd7185954dd3371ee20928d
00_Provenance/V7_DERIVATION.txt,156,80f9becdeb8176f54c0e267cbf0adf45042761597d01f56bc4fff040901af81c
FIGURE_REPRODUCTION_COMMANDS.md,28870,a3ef6550633ba268079506bc307a806e3f45c10f4dc16c839ed0a99ea5311be4
FIGURE_SCRIPT_REPRODUCIBILITY_MANIFEST.md,653,80cb5cbb1dc4ff06851be29e60983f43dcaa38287e0b0c34007107eb6a5c0f6a
Final_Figures_and_Scripts/FIGURE_SCRIPT_REPRODUCIBILITY_MANIFEST.md,653,80cb5cbb1dc4ff06851be29e60983f43dcaa38287e0b0c34007107eb6a5c0f6a
Final_Figures_and_Scripts/final_figure_script_manifest.csv,86775,85f98288a96d68af4d8671114dfeca3956f1a4166e54738b2e7404e772218f24
README.md,8454,59602538fdec0eae0346f2268cf8907d5b36713647c4b304a88831e9d53dbdfa
README_ENA_ACCESSIONS.txt,368,f65bdcb901b69d4c7591a87c43d03291849ddebd28adcd1fd463a69dfb79a2a6
README_REPRODUCIBILITY.md,7819,b55498e683aa9cecdb50c32e62ff9082013bbe010ed6ac555750077f7e93e46a
RUN_APP_AND_REPRODUCE_FIGURES.md,364,d6e3308afc0d884e3114d48d9bb9087c0718efb8ba41da0d0c0f08e76b8c8671
S4_PROPORTION_ONLY_REGENERATION_REPORT.json,607,b401e8f69aa4499bfae51d369fbf9a31245f923329de6d426307db3c408630fa
START_HERE_APP_FINAL.txt,796,c8f2d046d93e102211fae986b83d5db63c63d33fafd45c7a6ca20ce194f326d4
STREAMLIT_COMMUNITY_CLOUD.md,1205,fa3322e462870d9c81fdfd1e94a8157e65e278d8fc41c4e2f369ff0954e7a54e
VERSION15_CHECKS.json,6840,4a446f18f67d334ff177403e261d1e33e54082ecad90da961abc053f2e0ff6c5
app.py,728223,47c87ebb36343a21cf515cf957e0b8c5edca9377daa1b5b26fc1e9bee4da5969
data/ANTISMASH_REV8_SUMMARY.json,284,607ac4b4e12db5e43d5f2282077e9d22d779a342c73159f03b1f7e9c7c3385c3
data/KEMET_ANTISMASH_INTEGRATION_SUMMARY.json,531,ccceb9e68e92de2b9a7e04c3d451d02d34270cee2386472c8a2c6ba036132ff0
data/MAG_ENA_accessions.csv,10846,8e87d0ce55a03eea9facbbd409c40047d72ccc6d1ae9528109d35f51e1d9f735
data/SS2_samples_geographic_localization.csv,563,dcfacfe121838ef901303fd91ac8eb773cf54ca363d6c48c3c0b028d75246f77
data/ST8_study_references.csv,18866,a0ef022d8958592e68af4c257e98667c9d2b22277c52a2bcf9d2f2aafc273683
data/Supplementary_Figure_Legends_43_67.csv,15279,c3d139981290d557eb687470856d60e38150570b45c255109a97aa9cf770e1a0
data/Supplementary_Figure_Renumbering_Map.csv,15377,0cc50e768080151bb8e7cd9d982341aaf4cbba9460edddeb078c28af3024d2b5
data/Supplementary_Figure_Renumbering_Map.xlsx,7462,50ac983c7842ab67f3d7f1d7b74be41fb61c1a980b9bcb93f5a7f2d4e64d3dc3
data/Supplementary_Table_11_antiSMASH_MAG_BGC_clusters.xlsx,62206,775113add551e657560851baa4c1224062bebf552dc3cbd817b0ace04054bda0
data/Supplementary_table_7-MAGS-Quality-Genome_Lineage-Classification.xlsx,47484,ebeb483321a1b804d39cb9a96ec3426282115c813921131a6a027af08947f0a5
data/Table_S1_general_statistics.csv,1315,33f53a15cd10fd1a8848f2ab1050129a265d0b8c3c3d30fe1e5f540997818aba
data/antiSMASH_BGC_region_table_complete_with_no_cluster_MAGs.csv,48390,d95f79a0042d5915c0bdf09358bdd37b77f3f97051d51c37e78f1c86e7d0d789
data/antiSMASH_MAG_index_manifest.csv,126108,85a04f567956b484cc5ab255f65ce067943a886646552b4426444813b13f562d
data/antiSMASH_product_summary.csv,1214,d21975e4b86d3afe406b922334c9f6ae267615efb42ae3613968ba8896a3053a
data/antismash/antismash_uploaded_latest.zip,56295424,41f93773d652a2175a3c8f2a2dbfe0af9fd423361714f85736a224ebc5a23f1e
data/figure_script_manifest.csv,86775,85f98288a96d68af4d8671114dfeca3956f1a4166e54738b2e7404e772218f24
data/final_figure_script_manifest.csv,86775,85f98288a96d68af4d8671114dfeca3956f1a4166e54738b2e7404e772218f24
data/final_kegg_st8_update/Combined_lagoon_plus_external_iron_rich_module_completeness_SCORE_3state.csv,108380,097bf79b7c830bf309d1acf4f253f91d94a5cd39415b4e3106f6e33607ad4433
data/final_kegg_st8_update/Combined_lagoon_plus_external_iron_rich_module_completeness_STATUS_3state.csv,474407,5d6a050924cce8fe97347fe3fb8c0227eb1bf4a2d198771d9e2f2058f45e070a
data/final_kegg_st8_update/FINAL_KEGG_ST8_UPDATE_REPORT.json,1550,38f58e54b06d778f9df0d97c302b2432bad9702a002f3883533ad71883db9a67
data/final_kegg_st8_update/KEGG_module_completeness_matrix_validation_20260708.csv,1212,b11fc34952b4b66d53613c4fa1108dcfee6861175ed59921ca0612a1bbed0eb5
data/final_kegg_st8_update/KEMET_lagoon_all_metagenomes_module_completeness_SCORE_3state.csv,46113,ff8ee059c0cda74e9678e3484a76cd07d5f42c824f9d5fea84609b162dff5c7e
data/final_kegg_st8_update/KEMET_lagoon_all_metagenomes_module_completeness_STATUS_3state.csv,131553,77fde99096e48ac1ed8f10d6dd0cc24f3d367b66e8f9c1c1ed4187a97200ac11
data/final_kegg_st8_update/KEMET_module_KO_sets_extracted_from_lagoon_reportKMC.csv,54453,b23291508c88b91ab911dc143a0806e6c12cd9109916f8e71c2ed4af4a891479
data/final_kegg_st8_update/MAG_KEGG_module_completeness_SCORE_species_MAGnumber_3state.csv,154942,711d8a29d6c29e2edbbc55121e88a40d9cdc5f2d5976cb6149677e468e44d86d
data/final_kegg_st8_update/MAG_KEGG_module_completeness_STATUS_species_MAGnumber_3state.csv,292955,f667cdeca4462ebc12e58efaac8bc99f08bd7afebc44ae9950cafdfd77af1d6a
data/final_kegg_st8_update/MAG_KEGG_module_completeness_all_modules_validation_20260708.json,460,19973c73f31a67dc6fdda662969d4b241ce77ff6481e523a962f1039b3f68b41
data/final_kegg_st8_update/MAG_KEGG_module_completeness_display_labels_species_MAGnumber.csv,292955,f667cdeca4462ebc12e58efaac8bc99f08bd7afebc44ae9950cafdfd77af1d6a
data/final_kegg_st8_update/ST8_external_iron_rich_module_completeness_LONG_3state_from_KO.csv,3353963,2644bdac1909b1d68245e99da88d36b222e2dc09bd92130f690e87013f9d706d
data/final_kegg_st8_update/ST8_external_iron_rich_module_completeness_SCORE_3state_from_KO.csv,90296,0daea123ad9c6b83c9ee72d9e106a090e1d34d720c25accad2ee22908cf3b32f
data/final_kegg_st8_update/ST8_external_iron_rich_module_completeness_STATUS_3state_from_KO.csv,370883,a5ce171d9e44b52c1ec21b471cd3852e0e928e8953457df59db14325e94dceed
data/final_kegg_st8_update/ST8_external_iron_rich_module_completeness_summary_by_sample_3state.csv,2937,e3369e9349f020baae1281b1f103c152e662a3fa7c858c27be0f23fbf5b11eff
data/final_kegg_st8_update/Supplementary_table_8-Other-metagenomic-Iron-rich-environment(17).xlsx,5202223,925e9917ccdd7defb286a77ef89fd4e8d1eca7c0ec698e4c76d18f8cd8d414d3
data/final_publication_derived/Figure4_taxonomic_bacteria_genus_profiles_NMDS_scores.csv,1272,6583419cdf170b88a9d3672af39be588ce16884b09628f598e31de9d82775736
data/final_publication_derived/Figure4_taxonomic_bacteria_genus_profiles_ordination_statistics.csv,270,b198405331727592f0929041478c7893b29dae97d8c9c7e57584d9638525c7aa
data/final_publication_derived/Figure4_taxonomic_bacteria_genus_profiles_source.csv,7894,8de1118002ab0494678fe89e002fc022c3977e72ad19cd24b3e873701254e56b
data/final_publication_derived/Figure5_taxonomic_archaea_genus_profiles_NMDS_scores.csv,1276,d6aacae9417ec8f63fe7a98f81ec0bfc1fc046fa63c9cb26173618140198dd46
data/final_publication_derived/Figure5_taxonomic_archaea_genus_profiles_ordination_statistics.csv,270,984e0be82dbb232d696cda3f2b21ad54a472392997524a6fce2f716a8cc672e4
data/final_publication_derived/Figure5_taxonomic_archaea_genus_profiles_source.csv,7843,a69c8ec03812dcfcf450e2df4c16ed0f7c6adb6f17018cc84eb9cd28f371ee2e
data/final_publication_derived/Figure8_KO_differential_abundance_dry_rainy_source.csv,7710,7c217ea8c771e9d9aff4c78a6808068a0bd9e94fa44066847f153d16eae139ac
data/final_publication_derived/Figure_Archaea_genus_RDA_all_genus_vectors.csv,2266,9f55b772878b5b13170ed584259acc157bca391f9a8527cbb778a183d6725812
data/final_publication_derived/Figure_Archaea_genus_RDA_environment_vectors.csv,283,8fa673d923aa3df69d77108369ed1a243e6dbcc12ace3d94fadfee7e25b26517
data/final_publication_derived/Figure_Archaea_genus_RDA_representative_genus_vectors.csv,758,f8c21f9aa8896b6639075633bd7db5f7821699d70ea73d8007e9b66acbe52d45
data/final_publication_derived/Figure_Archaea_genus_RDA_site_scores.csv,533,1096546ed1fe3e025a292621f833fb32c70a866ed72769c996d11f8d193156d1
data/final_publication_derived/Figure_Bacteria_genus_RDA_all_genus_vectors.csv,2232,dbc565ed26a2219418b6950681629f9d97d38a27daeec6d70c2a09733a6e9cf5
data/final_publication_derived/Figure_Bacteria_genus_RDA_environment_vectors.csv,284,b2ef8e4ca8e724dafb287bf7b3dd01ebe9d635fa379a18a0f784c7d1f5a688fa
data/final_publication_derived/Figure_Bacteria_genus_RDA_representative_genus_vectors.csv,760,64e953edc233a32423159cbb3fe41c15a499d693e7033a68ff8f9014a1f5bb47
data/final_publication_derived/Figure_Bacteria_genus_RDA_site_scores.csv,533,2ff6cc0024e159f6ffcbc53dca71d6cd19009a25b345f06d03beaef9edc9b962
data/final_publication_derived/MAG_taxonomic_label_key_for_Supplementary_Figure_37.csv,4143,5a78c9f3df114e271d10c3eff6fe7e4718bd46b91a11625f22d8c68d7a09c21c
data/final_publication_derived/SupplementaryFigure17_physicochemical_row_zscore_source.csv,1889,71fc6492ea64001e9ebbdfcb4bc9e29dde901544742fe12cdc41fa7fc991c876
data/final_publication_derived/SupplementaryFigure30_verified_coordinates_source.csv,636,8c576b56dca6fb4d54b057154528d6383622a1b581621510401d4e383b0305cc
data/final_publication_derived/SupplementaryFigure32_biogeochemical_markers_raw_source.csv,20070,f316f76981331264f08026e984207650702df1fcc0f52f6a50a78bd1166baefa
data/final_publication_derived/SupplementaryFigure33_biogeochemical_markers_row_zscore_source.csv,79302,ae57feacf914f77957c5789fedfd6685a9bf14921b741d3ba718bfb4805f5b33
data/final_publication_derived/SupplementaryFigure38_metagenome_KEGG_module_completeness_heatmap_thematic_app_status.csv,6478,7964a3e052e25cee9ab6368f7bab91fe992ba925be5cdf52e85a5c9570438790
data/final_publication_derived/SupplementaryFigure38_metagenome_KEGG_module_completeness_heatmap_thematic_cell_classifications.csv,207280,95a0a11a6679edd9e55b99ab01251f1426bb0b3693df6e2bb3eff61e5ffa030c
data/final_publication_derived/SupplementaryFigure38_metagenome_KEGG_module_completeness_heatmap_thematic_status.csv,10373,80a6bba0c83e2233dc50fb3f2076d107891dcee2c654418e04d6ff37391bc0da
data/final_publication_derived/SupplementaryFigure38_metagenome_KEGG_module_completeness_heatmap_thematic_visual_categories.csv,5514,9434472c6e4fcef11b946b218e0d4852bbc9f163b11a3f3b0194972c60d8761e
data/final_publication_derived/SupplementaryFigure40_ST8_external_iron_rich_module_completeness_by_environmental_group_column_order.csv,9628,266a1531783e9db6b6b56448d6558fd7663d15d52da886ad19d448994e85f4f7
data/final_publication_derived/SupplementaryFigure40_ST8_external_iron_rich_module_completeness_by_environmental_group_status.csv,30114,c18c356f16d374864621fb5fdaf59b688d828416d0f5b9462f896274d17a9900
data/final_publication_derived/SupplementaryFigure41_ST8_external_iron_rich_module_status_summary_3state_barplot_source.csv,2914,c9797819df06eff90bae7d85c889dc9d494ec663a43726ed48962367d925aa01
data/final_publication_derived/SupplementaryFigure47_Taxonomy_Bacteria_Class_individual_samples_barplot_100pct_source.csv,10041,308f8812eeb3b69efbc5cf4bbc008c9863a579010a6bec581ad6d25dbcf7579f
data/final_publication_derived/SupplementaryFigure49_Taxonomy_Archaea_Class_individual_samples_barplot_100pct_source.csv,9242,a8025b257191809e41409bf7e901a18d7f971fb1b87f583f171eb8abe435243f
data/final_publication_derived/SupplementaryFigure4_alpha_diversity_CDS_32999_source.csv,1926,ede06388d8397c3c0e22efef7c5a3be8f842dc3f34f52307d8903fb39ebc4425
data/final_publication_derived/SupplementaryFigure51_Taxonomy_Bacteria_Order_individual_samples_barplot_100pct_source.csv,10098,008f1eee4f61b70c8d38986149d0aa4688962d83c6fb8ce32ba618a367f1a1af
data/final_publication_derived/SupplementaryFigure53_Taxonomy_Archaea_Order_individual_samples_barplot_100pct_source.csv,10308,e13a8c8fd2b9a7d34ecbbd04d12ae4a9247b058f50af41fd56ed9f51750dc88c
data/final_publication_derived/SupplementaryFigure55_Taxonomy_Bacteria_Family_individual_samples_barplot_100pct_source.csv,10276,39a68f73aead5f65ff6d38edb4c956f30cd54ce76b572bba17ab2b3d9df9ce32
data/final_publication_derived/SupplementaryFigure57_Taxonomy_Archaea_Family_individual_samples_barplot_100pct_source.csv,10426,ea80edc894f67df0c23e80f1c9dea3a7d1e1b405270271e3829d9d9fe356aa59
data/final_publication_derived/SupplementaryFigure61_Taxonomy_Archaea_Genus_individual_samples_barplot_100pct_source.csv,10336,81375dd9d0109c3d9fc7a20094abe5508649b784d67744ba6a6966fbedf58da1
data/final_publication_derived/SupplementaryFigure63_Taxonomy_Bacteria_Species_individual_samples_barplot_100pct_source.csv,10382,1f0b60074771efcef25a3983f3a99679edb93227a03c080e0901ccc036da4659
data/final_publication_derived/SupplementaryFigure65_Taxonomy_Archaea_Species_individual_samples_barplot_100pct_source.csv,10369,ef838fe4aa5a00db45849d4eab26b2cd3412a19128dc1e6f642f1b7ca0657af1
data/final_publication_derived/SupplementaryFigure67_lagoon_plus_external_iron_rich_module_completeness_KEMET_style_3state_heatmap_column_order.csv,11045,0ca0412e7a40583f6c57d6d2115afa3ad0be81d1fb51ea52e220f39029567ba0
data/final_publication_derived/SupplementaryFigure67_lagoon_plus_external_iron_rich_module_completeness_KEMET_style_3state_heatmap_status.csv,43257,59571a6511a8895b52735671978531ab7be10d33441d54d537935a14f7c8f5cf
data/final_publication_derived/SupplementaryFigure67_lagoon_plus_external_iron_rich_module_completeness_by_environmental_group_column_order.csv,12002,6359a9680b24cc2606f989448446e7d7f1223322c1c66c85d17e25a5edd27253
data/final_publication_derived/SupplementaryFigure67_lagoon_plus_external_iron_rich_module_completeness_by_environmental_group_status.csv,43257,ccaefa8c5182ccd7f8711e3c4dbd90389f18b62605b0d8339413f6a8e742e9b7
data/final_publication_derived/SupplementaryFigure6_bidirectional_all_KO_figure_source.csv,24684,367fff0d85840b4b1ec748c68182af7caaebe090eb4639dbdfb2f9aea1fa6527
data/final_publication_derived/thematic_module_selection_catalog.csv,88749,c5038859521e2465ae898ee1485a5951b0c506d80a822f2ea8f5778140d111a2
data/final_publication_update/KEMET_lagoon_metagenome_module_completeness_3state_STATUS_matrix.csv,130685,a5eb0e7eec9512e711ea62a3b287777b15929c7b90983769957307f23f147b95
data/final_publication_update/ST8_3state_KEMET_style_report.json,215,f193c598e636caf0c29dbd9bdfd4f005378d48fe00cd9d7f13263bea816353f2
data/final_publication_update/ST8_external_iron_rich_module_completeness_SCORE_matrix_3state.csv,149453,31ee0212edb9638ab998bb13fc294c33310adca858d70792a17cd7b2b68f795d
data/final_publication_update/ST8_external_iron_rich_module_completeness_STATUS_matrix_3state.csv,370003,3d1d8a918bf6c7b7828600d3d1880ae1aba1096a1b688abbd9061efa8ed8c8a6
data/final_publication_update/ST8_external_iron_rich_module_completeness_from_ko_LONG_3state.csv,3159792,a9cc930a58a57cd3d9f707be7dbb40a5d50ce485689437b056145550fc6df09c
data/final_publication_update/ST8_external_iron_rich_module_status_summary_by_sample_3state.csv,2937,df606d73d236823251de6de4e352a9bcea8a3380654d7ec61fb31eae9f513a58
data/final_publication_update/alpha_diversity_default_rarefaction_depth_min_CDS.csv,268,c643eac22bd2041ceab183e15f1820a32ae749a092197a2ee682b0ab23ff9678
data/final_publication_update/antiSMASH_MAG_BGC_cluster_summary_from_uploaded_zip.csv,16618,786dc965e04ed1bb61e2e30b63090b690c66dd82fdf4a62b9d4b7b51eaf56cb9
data/final_publication_update/fiqui2.xlsx,8706,ac7c11dc838e913db4731f0a3721a475bec1ac429520b8a2a477829733a48e0c
data/final_publication_update/rarefaction_curve_data_by_sample_depth.csv,3805,229471769fa98bef7baa2bef49c8098426bcc84f519c7d4a68ef2b0e0fed2a6b
data/final_publication_update/table_rarefaction_curve_data_summary.xlsx,41201,69c160beb041b656f411b334ff72c60211a9cff3135a55fb9a5c056a26c6fed5
data/fiqui2.xlsx,8706,ac7c11dc838e913db4731f0a3721a475bec1ac429520b8a2a477829733a48e0c
data/kegg_modules/mags/gbk_antismash/bin.1/NODE_3004_length_8002_cov_6.863345.region001.gbk,29386,0628477e0e552bf675ced91bbb9d45884cbf86c4e941020f1ad26410c288e500
data/kegg_modules/mags/gbk_antismash/bin.1/bacteria-3a1d8307-3001-4f10-96a4-939c0324419b.log,747789,3a826297357a6d24922c41246e888e94305447d094d958949a2cf739efcbed0c
data/kegg_modules/mags/gbk_antismash/bin.1/bin.1.gbk,3329761,346251a112f0e3887eb8404c971c90a7abddad8c860d94a9b05cc36b6e764a94
data/kegg_modules/mags/gbk_antismash/bin.1/bin.1.json,4343056,3f5ff1c9f07ba7786291507537e657389824ccd779b2d86ac2299b9231941335
data/kegg_modules/mags/gbk_antismash/bin.1/clusterblast/NODE_3004_length_8002_cov_6.863345_c1.txt,28609,624b0f269860b9c9595309c56d2a784af1c610b8757914bb875106f201d36bfa
data/kegg_modules/mags/gbk_antismash/bin.1/css/bacteria.css,60848,26c59575cedb40d4fae2918eb1cfa654fcfef48d3201fd5a0698ac38787d9e05
data/kegg_modules/mags/gbk_antismash/bin.1/images/about.svg,513,6d1e020364b303924b8134a7fbfaa1ccd9eeb96ba4768458f3acc4ac4de975d9
data/kegg_modules/mags/gbk_antismash/bin.1/images/bacteria_about.png,1607,233d5f419f9cc758d7c04cf7a3b18cef4428d2a2e4c9b2e935b4802c39dafa28
data/kegg_modules/mags/gbk_antismash/bin.1/images/bacteria_antismash_icon.svg,37742,6da16d6861747ab558195c00dfd432ef1368bd276e33c54e2051026f1de8c0b4
data/kegg_modules/mags/gbk_antismash/bin.1/images/bacteria_antismash_logo.svg,8433,7f1ad3684593fb1142a8da074c72528a7b809607281c4ad05111a7e6431b0d7a
data/kegg_modules/mags/gbk_antismash/bin.1/images/bacteria_antismash_white.svg,40766,246536c562f73dbdc963368a4b6bf34cb631655f92d2034346efb013653ef3d8
data/kegg_modules/mags/gbk_antismash/bin.1/images/bacteria_download.png,1670,ed750bb0a6f6367c19a1839b3385d9e2c360df6c12162d9f071a1f8c9cc17bb4
data/kegg_modules/mags/gbk_antismash/bin.1/images/bacteria_help.png,1951,46c29244608bfed589db5aec58c3829c4ff9952a8c58cabd688377b1aa165902
data/kegg_modules/mags/gbk_antismash/bin.1/images/bacteria_home.png,1414,43807c609de0e5603ae9fb658c587122f30e1269d895e6230abebe46bb545be9
data/kegg_modules/mags/gbk_antismash/bin.1/images/bacteria_logo.png,3831,d0056272e08e276d8efd306f448b31bb6e5d4837062b31061e032d19546cfe43
data/kegg_modules/mags/gbk_antismash/bin.1/images/contact.svg,678,28628158c3f9ca0d84eeba0b9d739575e5aa22ff9c1a83a07ab516e610bd023d
data/kegg_modules/mags/gbk_antismash/bin.1/images/download.svg,656,d59cf2c1b60fbbe12d3aa1e399357abbe9653203687923db8c24aaa740e51d5e
data/kegg_modules/mags/gbk_antismash/bin.1/images/expand-arrows-alt-solid.svg,715,f594ab6317974e50859ca18601d6693b0716bd0487873c5462b06dc84bff1f8c
data/kegg_modules/mags/gbk_antismash/bin.1/images/external-link-alt-solid.svg,778,634f9cdc7e573b2c73012642fe8a8b6c14ae4a257870110afb26769f9ae50681
data/kegg_modules/mags/gbk_antismash/bin.1/images/fungi_about.png,1595,48038f56f8f94c116b3849b2afd892bb3a93a0b43f5062d417bc16d5b6b86c33
data/kegg_modules/mags/gbk_antismash/bin.1/images/fungi_antismash_icon.svg,3331,24a4418c5cdde1ecd51881b00f1106dc1798f77ced04faf895281e538083116d
data/kegg_modules/mags/gbk_antismash/bin.1/images/fungi_antismash_icon_white.svg,3335,b7e6c0d4c7e4011c602aada578e5035fe3443bc2ffe44befa0aaa706772c9757
data/kegg_modules/mags/gbk_antismash/bin.1/images/fungi_antismash_logo.svg,8401,10fa1d1e3a9911472704a8b7eb6eb776a720d17b3540bf1a9b6535d4967b9824
data/kegg_modules/mags/gbk_antismash/bin.1/images/fungi_download.png,1679,a5bf4ba46c42ec08318586026eba612aaf0e3132bc6f543d265da1b9317dd85a
data/kegg_modules/mags/gbk_antismash/bin.1/images/fungi_help.png,1863,c88eb0117df14d25d75728f347e9cfcf597e9f0fb35ae64b5855cd29cc299c7b
data/kegg_modules/mags/gbk_antismash/bin.1/images/fungi_home.png,1392,9065ade41a0986dd4169ee8170f9a0a2646d07f9e3b47d406b8d6562d9177003
data/kegg_modules/mags/gbk_antismash/bin.1/images/fungi_logo.png,3572,cab376256a90e3f87e472b58115d01b27935fc45234c33fb5b6df7c6b9f65cb5
data/kegg_modules/mags/gbk_antismash/bin.1/images/help.svg,794,c8e44944b5c351de20ed42ddb4668d3653f5efac134ead63859f4333bace342a
data/kegg_modules/mags/gbk_antismash/bin.1/images/mail.png,1459,7ec23ea17d4ab95dbcc2eb81016789e2524d0f9b6221a19f40fd04fadc9705c4
data/kegg_modules/mags/gbk_antismash/bin.1/images/minus-circle.svg,389,acb059d2d35c7206490072ff549d93219bf20e01b2b59e51db80b91def1d12ad
data/kegg_modules/mags/gbk_antismash/bin.1/images/nostructure_icon.png,4131,012a4403352653672ae1b3e704b997b4641ff1ec097c69fda004ba894e1c4355
data/kegg_modules/mags/gbk_antismash/bin.1/images/plant_antismash_icon.svg,22909,a842765151cc20dd2054ad99a13916f29f549b5a2a6b38a3f4aaaa10c9c533a5
data/kegg_modules/mags/gbk_antismash/bin.1/images/plant_antismash_icon_white.svg,22913,3c9dc64540c7ff0016d3a3b5f792c7d88f4ce1038643cade71a49cb709d3c963
data/kegg_modules/mags/gbk_antismash/bin.1/images/plus-circle.svg,491,9e80740025f9a84ca3fab0c60f23fb7965ffd816208773a326befd1e9841d7a8
data/kegg_modules/mags/gbk_antismash/bin.1/images/question-circle-solid.svg,854,c9babde9f7d66e40ab8ded58ac976714e9468ac30f70be8b6878b8b88cb5b0f4
data/kegg_modules/mags/gbk_antismash/bin.1/images/search-solid.svg,559,43a3063064b28abcc15bce8413838bcbb52297057495c286ded9a0c1c3dacfd4
data/kegg_modules/mags/gbk_antismash/bin.1/index.html,70572,1386c3215d76262a5762cff9db3e487f849c9342761cfcad166e17950f2c6952
data/kegg_modules/mags/gbk_antismash/bin.1/input/bin.1.fa,1680892,392a55b835a68af4300e14f1c02dfb14639ef8a0c6ffc0bd42e3e4fc7c47319e
data/kegg_modules/mags/gbk_antismash/bin.1/js/antismash.js,258688,4b4254087d8e77b3e8a75ff34280316e7266c4e4a40a116c0bdeac65dd2bcdb5
data/kegg_modules/mags/gbk_antismash/bin.1/js/jquery.js,92629,c12f6098e641aaca96c60215800f18f5671039aecf812217fab3c0d152f6adb4
data/kegg_modules/mags/gbk_antismash/bin.1/js/jquery.tablesorter.min.js,16521,b038bcf4e9ddb5f60c93e49bfe7aeeaf40f8fcc2fa753ee56d1abe2bcb89a016
data/kegg_modules/mags/gbk_antismash/bin.1/knownclusterblast/NODE_3004_length_8002_cov_6.863345_c1.txt,353,59d3a9964dc26ed4ddfaf6547a8b7ab25f61adae2fd87b0fcb8284ba477bcb75
data/kegg_modules/mags/gbk_antismash/bin.1/knownclusterblast/region1/ctg32_2_mibig_hits.html,2922,0401abba1cd3935d2ccd88e55819d07006360dc369618320d3f22cf866eb91cb
data/kegg_modules/mags/gbk_antismash/bin.1/knownclusterblast/region1/ctg32_5_mibig_hits.html,1796,3d11d2800fa051f2e5c3d5f8b66eb8cde2d030939ee4ca61d7eea07bbb14c09f
data/kegg_modules/mags/gbk_antismash/bin.1/knownclusterblast/region1/ctg32_8_mibig_hits.html,1756,48352c6a99877c983e7fa422ce33a1c27755b604ac94ba5d4acdf327d29dce09
data/kegg_modules/mags/gbk_antismash/bin.1/knownclusterblast/region1/ctg32_9_mibig_hits.html,63013,959cfc153a57484f7e4d05b0266defe1cf217d2c199f5ad665f8ab1d4ad2c227
data/kegg_modules/mags/gbk_antismash/bin.1/regions.js,191621,7bb5c0b5a106d7db37687b0194f8ce77e88602499e58bd8abe0618f24575ec54
data/kegg_modules/mags/gbk_antismash/bin.1/subclusterblast/NODE_3004_length_8002_cov_6.863345_c1.txt,353,59d3a9964dc26ed4ddfaf6547a8b7ab25f61adae2fd87b0fcb8284ba477bcb75
data/kegg_modules/mags/gbk_antismash/bin.1.2024843.feature_dna/bacteria-dd7df6d9-1b34-4cce-98f3-dee020713463.log,305110,a2a066a4259efcdc39ded92efed77fe3b1132998fa2b9ebb94c822d01404a831
data/kegg_modules/mags/gbk_antismash/bin.1.2024843.feature_dna/bin.1.2024843.feature_dna.gbk,683335,55997952cea5e30ff0343f9cbf9d680bdff8689781f615a626ec463220394c2b
data/kegg_modules/mags/gbk_antismash/bin.1.2024843.feature_dna/bin.1.2024843.feature_dna.json,1169637,ce93f83dc336fd4d6e7a3815b8a76948613c30f0660d57fb5367ad455b36ef23
data/kegg_modules/mags/gbk_antismash/bin.1.2024843.feature_dna/clusterblast/fig2024843.108.peg.498_c1.txt,168,d4c474b1888853bf7ccd6ead8ee0e43aa410f32030ed8dd4329cdb33c33ac778
data/kegg_modules/mags/gbk_antismash/bin.1.2024843.feature_dna/css/bacteria.css,60848,26c59575cedb40d4fae2918eb1cfa654fcfef48d3201fd5a0698ac38787d9e05
data/kegg_modules/mags/gbk_antismash/bin.1.2024843.feature_dna/fig2024843.108.peg.498.region001.gbk,5776,49f680ff949d3688df2fd5655a9d359d74880b06696b6af8b88b25cb602a064b
data/kegg_modules/mags/gbk_antismash/bin.1.2024843.feature_dna/images/about.svg,513,6d1e020364b303924b8134a7fbfaa1ccd9eeb96ba4768458f3acc4ac4de975d9
data/kegg_modules/mags/gbk_antismash/bin.1.2024843.feature_dna/images/bacteria_about.png,1607,233d5f419f9cc758d7c04cf7a3b18cef4428d2a2e4c9b2e935b4802c39dafa28
data/kegg_modules/mags/gbk_antismash/bin.1.2024843.feature_dna/images/bacteria_antismash_icon.svg,37742,6da16d6861747ab558195c00dfd432ef1368bd276e33c54e2051026f1de8c0b4
data/kegg_modules/mags/gbk_antismash/bin.1.2024843.feature_dna/images/bacteria_antismash_logo.svg,8433,7f1ad3684593fb1142a8da074c72528a7b809607281c4ad05111a7e6431b0d7a
data/kegg_modules/mags/gbk_antismash/bin.1.2024843.feature_dna/images/bacteria_antismash_white.svg,40766,246536c562f73dbdc963368a4b6bf34cb631655f92d2034346efb013653ef3d8
data/kegg_modules/mags/gbk_antismash/bin.1.2024843.feature_dna/images/bacteria_download.png,1670,ed750bb0a6f6367c19a1839b3385d9e2c360df6c12162d9f071a1f8c9cc17bb4
data/kegg_modules/mags/gbk_antismash/bin.1.2024843.feature_dna/images/bacteria_help.png,1951,46c29244608bfed589db5aec58c3829c4ff9952a8c58cabd688377b1aa165902
data/kegg_modules/mags/gbk_antismash/bin.1.2024843.feature_dna/images/bacteria_home.png,1414,43807c609de0e5603ae9fb658c587122f30e1269d895e6230abebe46bb545be9
data/kegg_modules/mags/gbk_antismash/bin.1.2024843.feature_dna/images/bacteria_logo.png,3831,d0056272e08e276d8efd306f448b31bb6e5d4837062b31061e032d19546cfe43
data/kegg_modules/mags/gbk_antismash/bin.1.2024843.feature_dna/images/contact.svg,678,28628158c3f9ca0d84eeba0b9d739575e5aa22ff9c1a83a07ab516e610bd023d
data/kegg_modules/mags/gbk_antismash/bin.1.2024843.feature_dna/images/download.svg,656,d59cf2c1b60fbbe12d3aa1e399357abbe9653203687923db8c24aaa740e51d5e
data/kegg_modules/mags/gbk_antismash/bin.1.2024843.feature_dna/images/expand-arrows-alt-solid.svg,715,f594ab6317974e50859ca18601d6693b0716bd0487873c5462b06dc84bff1f8c
data/kegg_modules/mags/gbk_antismash/bin.1.2024843.feature_dna/images/external-link-alt-solid.svg,778,634f9cdc7e573b2c73012642fe8a8b6c14ae4a257870110afb26769f9ae50681
data/kegg_modules/mags/gbk_antismash/bin.1.2024843.feature_dna/images/fungi_about.png,1595,48038f56f8f94c116b3849b2afd892bb3a93a0b43f5062d417bc16d5b6b86c33
data/kegg_modules/mags/gbk_antismash/bin.1.2024843.feature_dna/images/fungi_antismash_icon.svg,3331,24a4418c5cdde1ecd51881b00f1106dc1798f77ced04faf895281e538083116d
data/kegg_modules/mags/gbk_antismash/bin.1.2024843.feature_dna/images/fungi_antismash_icon_white.svg,3335,b7e6c0d4c7e4011c602aada578e5035fe3443bc2ffe44befa0aaa706772c9757
data/kegg_modules/mags/gbk_antismash/bin.1.2024843.feature_dna/images/fungi_antismash_logo.svg,8401,10fa1d1e3a9911472704a8b7eb6eb776a720d17b3540bf1a9b6535d4967b9824
data/kegg_modules/mags/gbk_antismash/bin.1.2024843.feature_dna/images/fungi_download.png,1679,a5bf4ba46c42ec08318586026eba612aaf0e3132bc6f543d265da1b9317dd85a
data/kegg_modules/mags/gbk_antismash/bin.1.2024843.feature_dna/images/fungi_help.png,1863,c88eb0117df14d25d75728f347e9cfcf597e9f0fb35ae64b5855cd29cc299c7b
data/kegg_modules/mags/gbk_antismash/bin.1.2024843.feature_dna/images/fungi_home.png,1392,9065ade41a0986dd4169ee8170f9a0a2646d07f9e3b47d406b8d6562d9177003
data/kegg_modules/mags/gbk_antismash/bin.1.2024843.feature_dna/images/fungi_logo.png,3572,cab376256a90e3f87e472b58115d01b27935fc45234c33fb5b6df7c6b9f65cb5
data/kegg_modules/mags/gbk_antismash/bin.1.2024843.feature_dna/images/help.svg,794,c8e44944b5c351de20ed42ddb4668d3653f5efac134ead63859f4333bace342a
data/kegg_modules/mags/gbk_antismash/bin.1.2024843.feature_dna/images/mail.png,1459,7ec23ea17d4ab95dbcc2eb81016789e2524d0f9b6221a19f40fd04fadc9705c4
data/kegg_modules/mags/gbk_antismash/bin.1.2024843.feature_dna/images/minus-circle.svg,389,acb059d2d35c7206490072ff549d93219bf20e01b2b59e51db80b91def1d12ad
data/kegg_modules/mags/gbk_antismash/bin.1.2024843.feature_dna/images/nostructure_icon.png,4131,012a4403352653672ae1b3e704b997b4641ff1ec097c69fda004ba894e1c4355
data/kegg_modules/mags/gbk_antismash/bin.1.2024843.feature_dna/images/plant_antismash_icon.svg,22909,a842765151cc20dd2054ad99a13916f29f549b5a2a6b38a3f4aaaa10c9c533a5
data/kegg_modules/mags/gbk_antismash/bin.1.2024843.feature_dna/images/plant_antismash_icon_white.svg,22913,3c9dc64540c7ff0016d3a3b5f792c7d88f4ce1038643cade71a49cb709d3c963
data/kegg_modules/mags/gbk_antismash/bin.1.2024843.feature_dna/images/plus-circle.svg,491,9e80740025f9a84ca3fab0c60f23fb7965ffd816208773a326befd1e9841d7a8
data/kegg_modules/mags/gbk_antismash/bin.1.2024843.feature_dna/images/question-circle-solid.svg,854,c9babde9f7d66e40ab8ded58ac976714e9468ac30f70be8b6878b8b88cb5b0f4
data/kegg_modules/mags/gbk_antismash/bin.1.2024843.feature_dna/images/search-solid.svg,559,43a3063064b28abcc15bce8413838bcbb52297057495c286ded9a0c1c3dacfd4
data/kegg_modules/mags/gbk_antismash/bin.1.2024843.feature_dna/index.html,53731,46fbb343efa15b4e43e9b1a3f08b016ae0e58579ec5ac2d21a55960769d14483
data/kegg_modules/mags/gbk_antismash/bin.1.2024843.feature_dna/input/bin.1.2024843.feature_dna.fasta,1048998,493413741c217060c4a3ba03fb9833f68d00dbe50b8cdd2d0c721fb951b67ce9
data/kegg_modules/mags/gbk_antismash/bin.1.2024843.feature_dna/js/antismash.js,258688,4b4254087d8e77b3e8a75ff34280316e7266c4e4a40a116c0bdeac65dd2bcdb5
data/kegg_modules/mags/gbk_antismash/bin.1.2024843.feature_dna/js/jquery.js,92629,c12f6098e641aaca96c60215800f18f5671039aecf812217fab3c0d152f6adb4
data/kegg_modules/mags/gbk_antismash/bin.1.2024843.feature_dna/js/jquery.tablesorter.min.js,16521,b038bcf4e9ddb5f60c93e49bfe7aeeaf40f8fcc2fa753ee56d1abe2bcb89a016
data/kegg_modules/mags/gbk_antismash/bin.1.2024843.feature_dna/knownclusterblast/fig2024843.108.peg.498_c1.txt,168,d4c474b1888853bf7ccd6ead8ee0e43aa410f32030ed8dd4329cdb33c33ac778
data/kegg_modules/mags/gbk_antismash/bin.1.2024843.feature_dna/knownclusterblast/region1/ctg130_1_mibig_hits.html,18890,225b9683b22b57411c127a3fe3bf97aa0b6ba7096cf36898fa7fc4b9cd8df427
data/kegg_modules/mags/gbk_antismash/bin.1.2024843.feature_dna/regions.js,38812,07e4b412c929c25e017908c1ca009ba1418f98efc1f48c53193a65b7f13bbd9a
data/kegg_modules/mags/gbk_antismash/bin.1.2024843.feature_dna/subclusterblast/fig2024843.108.peg.498_c1.txt,168,d4c474b1888853bf7ccd6ead8ee0e43aa410f32030ed8dd4329cdb33c33ac778
data/kegg_modules/mags/gbk_antismash/bin.10/NODE_2497_length_8663_cov_6.306227.region001.gbk,36620,5e85341ab1d9f5e63635d423638edaf61481cbce74ab9b8d17815d218dece729
data/kegg_modules/mags/gbk_antismash/bin.10/NODE_2704_length_8351_cov_5.440574.region001.gbk,30564,9b3aacd9639bcd035e5d059327eb0dac47db0e25bbf11d3ba6590e06298f74c4
data/kegg_modules/mags/gbk_antismash/bin.10/NODE_2780_length_8259_cov_7.610922.region001.gbk,23361,f5710322777356e4baed7662236b8b708d8e2a5e2eb8a788aa0cd9719b5dcbcb
data/kegg_modules/mags/gbk_antismash/bin.10/NODE_5171_length_6142_cov_5.718745.region001.gbk,17510,431443219cfdbe462db143418cb4f5b26111662a343e0862a2de5d00033678cf
data/kegg_modules/mags/gbk_antismash/bin.10/bacteria-4832ed93-b083-46c0-825a-ddf71c98365f.log,415325,e7db719bfd22b96f6b8262f7b250b5f6aa2b83e1501490da5dab977a447faf3a
data/kegg_modules/mags/gbk_antismash/bin.10/bin.10.gbk,2885325,bfe37af5c90f6fdd565f86518d29a3d158a5cb9914a5fbdbe21e3fbe5edaaef3
data/kegg_modules/mags/gbk_antismash/bin.10/bin.10.json,3739322,939795fc9c428d1b48023b4e696c1d7940c57c107ae6835506b23e7558969f59
data/kegg_modules/mags/gbk_antismash/bin.10/clusterblast/NODE_2497_length_8663_cov_6.306227_c1.txt,28954,fb67995a0d59727d6045d283211a3cc8a928825fa0231ada0d7f79f03ad3e5b8
data/kegg_modules/mags/gbk_antismash/bin.10/clusterblast/NODE_2704_length_8351_cov_5.440574_c1.txt,3790,f52d507731235b6477f0104e546946a9603ac4dd3c1973a7523c03c19383ef74
data/kegg_modules/mags/gbk_antismash/bin.10/clusterblast/NODE_2780_length_8259_cov_7.610922_c1.txt,426,701134363b8c9549683f238c78fef09073a7e4b7dd5d9090999886c1db8f5106
data/kegg_modules/mags/gbk_antismash/bin.10/clusterblast/NODE_5171_length_6142_cov_5.718745_c1.txt,289,9b67c6994997b0be93a4b755c28e85455c7686b160a058ba5cfe41747ec79ad2
data/kegg_modules/mags/gbk_antismash/bin.10/css/bacteria.css,60848,26c59575cedb40d4fae2918eb1cfa654fcfef48d3201fd5a0698ac38787d9e05
data/kegg_modules/mags/gbk_antismash/bin.10/images/about.svg,513,6d1e020364b303924b8134a7fbfaa1ccd9eeb96ba4768458f3acc4ac4de975d9
data/kegg_modules/mags/gbk_antismash/bin.10/images/bacteria_about.png,1607,233d5f419f9cc758d7c04cf7a3b18cef4428d2a2e4c9b2e935b4802c39dafa28
data/kegg_modules/mags/gbk_antismash/bin.10/images/bacteria_antismash_icon.svg,37742,6da16d6861747ab558195c00dfd432ef1368bd276e33c54e2051026f1de8c0b4
data/kegg_modules/mags/gbk_antismash/bin.10/images/bacteria_antismash_logo.svg,8433,7f1ad3684593fb1142a8da074c72528a7b809607281c4ad05111a7e6431b0d7a
data/kegg_modules/mags/gbk_antismash/bin.10/images/bacteria_antismash_white.svg,40766,246536c562f73dbdc963368a4b6bf34cb631655f92d2034346efb013653ef3d8
data/kegg_modules/mags/gbk_antismash/bin.10/images/bacteria_download.png,1670,ed750bb0a6f6367c19a1839b3385d9e2c360df6c12162d9f071a1f8c9cc17bb4
data/kegg_modules/mags/gbk_antismash/bin.10/images/bacteria_help.png,1951,46c29244608bfed589db5aec58c3829c4ff9952a8c58cabd688377b1aa165902
data/kegg_modules/mags/gbk_antismash/bin.10/images/bacteria_home.png,1414,43807c609de0e5603ae9fb658c587122f30e1269d895e6230abebe46bb545be9
data/kegg_modules/mags/gbk_antismash/bin.10/images/bacteria_logo.png,3831,d0056272e08e276d8efd306f448b31bb6e5d4837062b31061e032d19546cfe43
data/kegg_modules/mags/gbk_antismash/bin.10/images/contact.svg,678,28628158c3f9ca0d84eeba0b9d739575e5aa22ff9c1a83a07ab516e610bd023d
data/kegg_modules/mags/gbk_antismash/bin.10/images/download.svg,656,d59cf2c1b60fbbe12d3aa1e399357abbe9653203687923db8c24aaa740e51d5e
data/kegg_modules/mags/gbk_antismash/bin.10/images/expand-arrows-alt-solid.svg,715,f594ab6317974e50859ca18601d6693b0716bd0487873c5462b06dc84bff1f8c
data/kegg_modules/mags/gbk_antismash/bin.10/images/external-link-alt-solid.svg,778,634f9cdc7e573b2c73012642fe8a8b6c14ae4a257870110afb26769f9ae50681
data/kegg_modules/mags/gbk_antismash/bin.10/images/fungi_about.png,1595,48038f56f8f94c116b3849b2afd892bb3a93a0b43f5062d417bc16d5b6b86c33
data/kegg_modules/mags/gbk_antismash/bin.10/images/fungi_antismash_icon.svg,3331,24a4418c5cdde1ecd51881b00f1106dc1798f77ced04faf895281e538083116d
data/kegg_modules/mags/gbk_antismash/bin.10/images/fungi_antismash_icon_white.svg,3335,b7e6c0d4c7e4011c602aada578e5035fe3443bc2ffe44befa0aaa706772c9757
data/kegg_modules/mags/gbk_antismash/bin.10/images/fungi_antismash_logo.svg,8401,10fa1d1e3a9911472704a8b7eb6eb776a720d17b3540bf1a9b6535d4967b9824
data/kegg_modules/mags/gbk_antismash/bin.10/images/fungi_download.png,1679,a5bf4ba46c42ec08318586026eba612aaf0e3132bc6f543d265da1b9317dd85a
data/kegg_modules/mags/gbk_antismash/bin.10/images/fungi_help.png,1863,c88eb0117df14d25d75728f347e9cfcf597e9f0fb35ae64b5855cd29cc299c7b
data/kegg_modules/mags/gbk_antismash/bin.10/images/fungi_home.png,1392,9065ade41a0986dd4169ee8170f9a0a2646d07f9e3b47d406b8d6562d9177003
data/kegg_modules/mags/gbk_antismash/bin.10/images/fungi_logo.png,3572,cab376256a90e3f87e472b58115d01b27935fc45234c33fb5b6df7c6b9f65cb5
data/kegg_modules/mags/gbk_antismash/bin.10/images/help.svg,794,c8e44944b5c351de20ed42ddb4668d3653f5efac134ead63859f4333bace342a
data/kegg_modules/mags/gbk_antismash/bin.10/images/mail.png,1459,7ec23ea17d4ab95dbcc2eb81016789e2524d0f9b6221a19f40fd04fadc9705c4
data/kegg_modules/mags/gbk_antismash/bin.10/images/minus-circle.svg,389,acb059d2d35c7206490072ff549d93219bf20e01b2b59e51db80b91def1d12ad
data/kegg_modules/mags/gbk_antismash/bin.10/images/nostructure_icon.png,4131,012a4403352653672ae1b3e704b997b4641ff1ec097c69fda004ba894e1c4355
data/kegg_modules/mags/gbk_antismash/bin.10/images/plant_antismash_icon.svg,22909,a842765151cc20dd2054ad99a13916f29f549b5a2a6b38a3f4aaaa10c9c533a5
data/kegg_modules/mags/gbk_antismash/bin.10/images/plant_antismash_icon_white.svg,22913,3c9dc64540c7ff0016d3a3b5f792c7d88f4ce1038643cade71a49cb709d3c963
data/kegg_modules/mags/gbk_antismash/bin.10/images/plus-circle.svg,491,9e80740025f9a84ca3fab0c60f23fb7965ffd816208773a326befd1e9841d7a8
data/kegg_modules/mags/gbk_antismash/bin.10/images/question-circle-solid.svg,854,c9babde9f7d66e40ab8ded58ac976714e9468ac30f70be8b6878b8b88cb5b0f4
data/kegg_modules/mags/gbk_antismash/bin.10/images/search-solid.svg,559,43a3063064b28abcc15bce8413838bcbb52297057495c286ded9a0c1c3dacfd4
data/kegg_modules/mags/gbk_antismash/bin.10/index.html,124098,738ab628fd8230ca0959fb42d0bb549758eb98518cb3a5dc75571be68a10a106
data/kegg_modules/mags/gbk_antismash/bin.10/input/bin.10.fa,1508269,807f938f07155261f6c3817e06385ff7cbe22e421e6d85a1bd84336ec13875ad
data/kegg_modules/mags/gbk_antismash/bin.10/js/antismash.js,258688,4b4254087d8e77b3e8a75ff34280316e7266c4e4a40a116c0bdeac65dd2bcdb5
data/kegg_modules/mags/gbk_antismash/bin.10/js/jquery.js,92629,c12f6098e641aaca96c60215800f18f5671039aecf812217fab3c0d152f6adb4
data/kegg_modules/mags/gbk_antismash/bin.10/js/jquery.tablesorter.min.js,16521,b038bcf4e9ddb5f60c93e49bfe7aeeaf40f8fcc2fa753ee56d1abe2bcb89a016
data/kegg_modules/mags/gbk_antismash/bin.10/knownclusterblast/NODE_2497_length_8663_cov_6.306227_c1.txt,377,165e1e8feefdf1ef0d72c0926d41709fdc7b06ab6a15cc7c962202e56b04c2f9
data/kegg_modules/mags/gbk_antismash/bin.10/knownclusterblast/NODE_2704_length_8351_cov_5.440574_c1.txt,353,3327b45fe71ca73352f3d38612a856a10a89f1fb1960d9a89fd61d7ce8ee2234
data/kegg_modules/mags/gbk_antismash/bin.10/knownclusterblast/NODE_2780_length_8259_cov_7.610922_c1.txt,426,701134363b8c9549683f238c78fef09073a7e4b7dd5d9090999886c1db8f5106
data/kegg_modules/mags/gbk_antismash/bin.10/knownclusterblast/NODE_5171_length_6142_cov_5.718745_c1.txt,289,9b67c6994997b0be93a4b755c28e85455c7686b160a058ba5cfe41747ec79ad2
data/kegg_modules/mags/gbk_antismash/bin.10/knownclusterblast/region1/ctg43_10_mibig_hits.html,21144,b06529c6b4775c81fc2d6a2bd2d57c40f5948972aa0b4c24af17eac273232416
data/kegg_modules/mags/gbk_antismash/bin.10/knownclusterblast/region1/ctg43_1_mibig_hits.html,1782,e8495575d1bdfa2647bc45e3e5ef65513fc071130c31897aa62bece7674dfa6a
data/kegg_modules/mags/gbk_antismash/bin.10/knownclusterblast/region1/ctg43_2_mibig_hits.html,4459,704e311a2e55f817fd9b42e9d6890e332ff230393982f9e6f6fa2ba13800c8a5
data/kegg_modules/mags/gbk_antismash/bin.10/knownclusterblast/region1/ctg43_4_mibig_hits.html,2142,bd68a3649697f5f8d0e99ade4cecde7619e38e6abc49fc88d50ab7746f5549c6
data/kegg_modules/mags/gbk_antismash/bin.10/knownclusterblast/region1/ctg43_7_mibig_hits.html,1785,866f1b2d6b8dfd571b834ff2352851c31d81ef9a661aed78bfcac177eb646440
data/kegg_modules/mags/gbk_antismash/bin.10/knownclusterblast/region1/ctg43_9_mibig_hits.html,8050,40c1ca560d7895a7bcfd8338b2109b0d9140a29c87159126c5df610cb2b86bc0
data/kegg_modules/mags/gbk_antismash/bin.10/knownclusterblast/region1/ctg46_8_mibig_hits.html,16985,47875bbf1ed2fac0e78d6f446ba2bf4a82175fcd5813037955a07e018036bc50
data/kegg_modules/mags/gbk_antismash/bin.10/knownclusterblast/region1/ctg81_2_mibig_hits.html,2176,1b6bcec2b76fc961821ffc5d0708c95e5abcb237039894367ab0c29b2d74ed3f
data/kegg_modules/mags/gbk_antismash/bin.10/regions.js,391710,824a9e727646e81e9afcbf59be883e4c910ffc986e5341f47bdbcc2161133b64
data/kegg_modules/mags/gbk_antismash/bin.10/subclusterblast/NODE_2497_length_8663_cov_6.306227_c1.txt,377,165e1e8feefdf1ef0d72c0926d41709fdc7b06ab6a15cc7c962202e56b04c2f9
data/kegg_modules/mags/gbk_antismash/bin.10/subclusterblast/NODE_2704_length_8351_cov_5.440574_c1.txt,353,3327b45fe71ca73352f3d38612a856a10a89f1fb1960d9a89fd61d7ce8ee2234
data/kegg_modules/mags/gbk_antismash/bin.10/subclusterblast/NODE_2780_length_8259_cov_7.610922_c1.txt,426,701134363b8c9549683f238c78fef09073a7e4b7dd5d9090999886c1db8f5106
data/kegg_modules/mags/gbk_antismash/bin.10/subclusterblast/NODE_5171_length_6142_cov_5.718745_c1.txt,289,9b67c6994997b0be93a4b755c28e85455c7686b160a058ba5cfe41747ec79ad2
data/kegg_modules/mags/gbk_antismash/bin.11/NODE_11425_length_4168_cov_4.144663.region001.gbk,13568,74cc98444c94854b7aabaa9618e8ae0c1951316ec6f2b961034ceb5b708884e6
data/kegg_modules/mags/gbk_antismash/bin.11/NODE_74891_length_1643_cov_3.847607.region001.gbk,7946,ed74d924b427f81cdcce53705b2cd586d568749d885e96ffa917115ca2f3f600
data/kegg_modules/mags/gbk_antismash/bin.11/bacteria-920dc119-af7c-424c-a8f4-be41fbeed707.log,592260,3c0e826ff2956141121fe5239883038787e0a5b0d86e371e48a860d011052927
data/kegg_modules/mags/gbk_antismash/bin.11/bin.11.gbk,2996978,884d27c4357242097ed3663633b93386e77ea68bae7fddfd65f5bb6aecf0f584
data/kegg_modules/mags/gbk_antismash/bin.11/bin.11.json,3426795,91bee8aa0c1454648ae41f38339b7962797398ad35d9fc730f38f8e00e1ff1d4
data/kegg_modules/mags/gbk_antismash/bin.11/clusterblast/NODE_11425_length_4168_cov_4.144663_c1.txt,248,63730d4e3ff52f7d2dd06deb66014f5c3c37bed99d7a444c9c45601ae7638b37
data/kegg_modules/mags/gbk_antismash/bin.11/clusterblast/NODE_74891_length_1643_cov_3.847607_c1.txt,12481,58e038d5c68d28c7abcb3ad3b4487572486a2383b08dae3cff605bb908a967b5
data/kegg_modules/mags/gbk_antismash/bin.11/css/bacteria.css,60848,26c59575cedb40d4fae2918eb1cfa654fcfef48d3201fd5a0698ac38787d9e05
data/kegg_modules/mags/gbk_antismash/bin.11/images/about.svg,513,6d1e020364b303924b8134a7fbfaa1ccd9eeb96ba4768458f3acc4ac4de975d9
data/kegg_modules/mags/gbk_antismash/bin.11/images/bacteria_about.png,1607,233d5f419f9cc758d7c04cf7a3b18cef4428d2a2e4c9b2e935b4802c39dafa28
data/kegg_modules/mags/gbk_antismash/bin.11/images/bacteria_antismash_icon.svg,37742,6da16d6861747ab558195c00dfd432ef1368bd276e33c54e2051026f1de8c0b4
data/kegg_modules/mags/gbk_antismash/bin.11/images/bacteria_antismash_logo.svg,8433,7f1ad3684593fb1142a8da074c72528a7b809607281c4ad05111a7e6431b0d7a
data/kegg_modules/mags/gbk_antismash/bin.11/images/bacteria_antismash_white.svg,40766,246536c562f73dbdc963368a4b6bf34cb631655f92d2034346efb013653ef3d8
data/kegg_modules/mags/gbk_antismash/bin.11/images/bacteria_download.png,1670,ed750bb0a6f6367c19a1839b3385d9e2c360df6c12162d9f071a1f8c9cc17bb4
data/kegg_modules/mags/gbk_antismash/bin.11/images/bacteria_help.png,1951,46c29244608bfed589db5aec58c3829c4ff9952a8c58cabd688377b1aa165902
data/kegg_modules/mags/gbk_antismash/bin.11/images/bacteria_home.png,1414,43807c609de0e5603ae9fb658c587122f30e1269d895e6230abebe46bb545be9
data/kegg_modules/mags/gbk_antismash/bin.11/images/bacteria_logo.png,3831,d0056272e08e276d8efd306f448b31bb6e5d4837062b31061e032d19546cfe43
data/kegg_modules/mags/gbk_antismash/bin.11/images/contact.svg,678,28628158c3f9ca0d84eeba0b9d739575e5aa22ff9c1a83a07ab516e610bd023d
data/kegg_modules/mags/gbk_antismash/bin.11/images/download.svg,656,d59cf2c1b60fbbe12d3aa1e399357abbe9653203687923db8c24aaa740e51d5e
data/kegg_modules/mags/gbk_antismash/bin.11/images/expand-arrows-alt-solid.svg,715,f594ab6317974e50859ca18601d6693b0716bd0487873c5462b06dc84bff1f8c
data/kegg_modules/mags/gbk_antismash/bin.11/images/external-link-alt-solid.svg,778,634f9cdc7e573b2c73012642fe8a8b6c14ae4a257870110afb26769f9ae50681
data/kegg_modules/mags/gbk_antismash/bin.11/images/fungi_about.png,1595,48038f56f8f94c116b3849b2afd892bb3a93a0b43f5062d417bc16d5b6b86c33
data/kegg_modules/mags/gbk_antismash/bin.11/images/fungi_antismash_icon.svg,3331,24a4418c5cdde1ecd51881b00f1106dc1798f77ced04faf895281e538083116d
data/kegg_modules/mags/gbk_antismash/bin.11/images/fungi_antismash_icon_white.svg,3335,b7e6c0d4c7e4011c602aada578e5035fe3443bc2ffe44befa0aaa706772c9757
data/kegg_modules/mags/gbk_antismash/bin.11/images/fungi_antismash_logo.svg,8401,10fa1d1e3a9911472704a8b7eb6eb776a720d17b3540bf1a9b6535d4967b9824
data/kegg_modules/mags/gbk_antismash/bin.11/images/fungi_download.png,1679,a5bf4ba46c42ec08318586026eba612aaf0e3132bc6f543d265da1b9317dd85a
data/kegg_modules/mags/gbk_antismash/bin.11/images/fungi_help.png,1863,c88eb0117df14d25d75728f347e9cfcf597e9f0fb35ae64b5855cd29cc299c7b
data/kegg_modules/mags/gbk_antismash/bin.11/images/fungi_home.png,1392,9065ade41a0986dd4169ee8170f9a0a2646d07f9e3b47d406b8d6562d9177003
data/kegg_modules/mags/gbk_antismash/bin.11/images/fungi_logo.png,3572,cab376256a90e3f87e472b58115d01b27935fc45234c33fb5b6df7c6b9f65cb5
data/kegg_modules/mags/gbk_antismash/bin.11/images/help.svg,794,c8e44944b5c351de20ed42ddb4668d3653f5efac134ead63859f4333bace342a
data/kegg_modules/mags/gbk_antismash/bin.11/images/mail.png,1459,7ec23ea17d4ab95dbcc2eb81016789e2524d0f9b6221a19f40fd04fadc9705c4
data/kegg_modules/mags/gbk_antismash/bin.11/images/minus-circle.svg,389,acb059d2d35c7206490072ff549d93219bf20e01b2b59e51db80b91def1d12ad
data/kegg_modules/mags/gbk_antismash/bin.11/images/nostructure_icon.png,4131,012a4403352653672ae1b3e704b997b4641ff1ec097c69fda004ba894e1c4355
data/kegg_modules/mags/gbk_antismash/bin.11/images/plant_antismash_icon.svg,22909,a842765151cc20dd2054ad99a13916f29f549b5a2a6b38a3f4aaaa10c9c533a5
data/kegg_modules/mags/gbk_antismash/bin.11/images/plant_antismash_icon_white.svg,22913,3c9dc64540c7ff0016d3a3b5f792c7d88f4ce1038643cade71a49cb709d3c963
data/kegg_modules/mags/gbk_antismash/bin.11/images/plus-circle.svg,491,9e80740025f9a84ca3fab0c60f23fb7965ffd816208773a326befd1e9841d7a8
data/kegg_modules/mags/gbk_antismash/bin.11/images/question-circle-solid.svg,854,c9babde9f7d66e40ab8ded58ac976714e9468ac30f70be8b6878b8b88cb5b0f4
data/kegg_modules/mags/gbk_antismash/bin.11/images/search-solid.svg,559,43a3063064b28abcc15bce8413838bcbb52297057495c286ded9a0c1c3dacfd4
data/kegg_modules/mags/gbk_antismash/bin.11/index.html,82190,a03a9bd3b770089af7494d83f27edd4aab5a1c442a90ac23319fb7b4a24565d3
data/kegg_modules/mags/gbk_antismash/bin.11/input/bin.11.fa,1551990,51e1981c8bff6df0bce05026e64ce2024d4aac1356ff8ff39dc7b5640b06e39d
data/kegg_modules/mags/gbk_antismash/bin.11/js/antismash.js,258688,4b4254087d8e77b3e8a75ff34280316e7266c4e4a40a116c0bdeac65dd2bcdb5
data/kegg_modules/mags/gbk_antismash/bin.11/js/jquery.js,92629,c12f6098e641aaca96c60215800f18f5671039aecf812217fab3c0d152f6adb4
data/kegg_modules/mags/gbk_antismash/bin.11/js/jquery.tablesorter.min.js,16521,b038bcf4e9ddb5f60c93e49bfe7aeeaf40f8fcc2fa753ee56d1abe2bcb89a016
data/kegg_modules/mags/gbk_antismash/bin.11/knownclusterblast/NODE_11425_length_4168_cov_4.144663_c1.txt,248,63730d4e3ff52f7d2dd06deb66014f5c3c37bed99d7a444c9c45601ae7638b37
data/kegg_modules/mags/gbk_antismash/bin.11/knownclusterblast/NODE_74891_length_1643_cov_3.847607_c1.txt,225,c6f853e73ced5d1f26535ddbdea3211dcf62f731579179ac12d9305974b0461a
data/kegg_modules/mags/gbk_antismash/bin.11/knownclusterblast/region1/ctg383_2_mibig_hits.html,13440,2aabd1aceee6ca3ab84d95de22f8ee004c60bf61e0d59db1e0579378d9ae5faa
data/kegg_modules/mags/gbk_antismash/bin.11/knownclusterblast/region1/ctg383_3_mibig_hits.html,3748,0d4eb210e97728f3462ebc6b69f7776a7f43eb1a13d8ad1d3090f88ab4c46713
data/kegg_modules/mags/gbk_antismash/bin.11/regions.js,171724,41970fbec9a9e919764e55381c559b0351c204c3205c1396e1c95e63ed050b1b
data/kegg_modules/mags/gbk_antismash/bin.11/subclusterblast/NODE_11425_length_4168_cov_4.144663_c1.txt,248,63730d4e3ff52f7d2dd06deb66014f5c3c37bed99d7a444c9c45601ae7638b37
data/kegg_modules/mags/gbk_antismash/bin.11/subclusterblast/NODE_74891_length_1643_cov_3.847607_c1.txt,225,c6f853e73ced5d1f26535ddbdea3211dcf62f731579179ac12d9305974b0461a
data/kegg_modules/mags/gbk_antismash/bin.12/NODE_2723_length_8326_cov_5.123322.region001.gbk,40464,970393b4980b1c427585aa95cd79bc5780f10ae07e89e5bf543be7bf421daded
data/kegg_modules/mags/gbk_antismash/bin.12/bacteria-106b9033-4d97-47db-8c67-b8bbff0a2594.log,523146,8f85957b5f8f029a0b651eb0c05a858c9d59429d649d4e364668418d5c270bd7
data/kegg_modules/mags/gbk_antismash/bin.12/bin.12.gbk,4269239,4b6950320edd60fc0a91717f3550afb9ecb3cb36cde5de54660037de2812b980
data/kegg_modules/mags/gbk_antismash/bin.12/bin.12.json,4875650,3f103cc5313872318c120ced0c44b13dff6dcfef9773bf79496902d298d84702
data/kegg_modules/mags/gbk_antismash/bin.12/clusterblast/NODE_2723_length_8326_cov_5.123322_c1.txt,29369,c08a6d48730524538ad5f9b540917eeeffdb48ec1e893758a148fdc64f5db321
data/kegg_modules/mags/gbk_antismash/bin.12/css/bacteria.css,60848,26c59575cedb40d4fae2918eb1cfa654fcfef48d3201fd5a0698ac38787d9e05
data/kegg_modules/mags/gbk_antismash/bin.12/images/about.svg,513,6d1e020364b303924b8134a7fbfaa1ccd9eeb96ba4768458f3acc4ac4de975d9
data/kegg_modules/mags/gbk_antismash/bin.12/images/bacteria_about.png,1607,233d5f419f9cc758d7c04cf7a3b18cef4428d2a2e4c9b2e935b4802c39dafa28
data/kegg_modules/mags/gbk_antismash/bin.12/images/bacteria_antismash_icon.svg,37742,6da16d6861747ab558195c00dfd432ef1368bd276e33c54e2051026f1de8c0b4
data/kegg_modules/mags/gbk_antismash/bin.12/images/bacteria_antismash_logo.svg,8433,7f1ad3684593fb1142a8da074c72528a7b809607281c4ad05111a7e6431b0d7a
data/kegg_modules/mags/gbk_antismash/bin.12/images/bacteria_antismash_white.svg,40766,246536c562f73dbdc963368a4b6bf34cb631655f92d2034346efb013653ef3d8
data/kegg_modules/mags/gbk_antismash/bin.12/images/bacteria_download.png,1670,ed750bb0a6f6367c19a1839b3385d9e2c360df6c12162d9f071a1f8c9cc17bb4
data/kegg_modules/mags/gbk_antismash/bin.12/images/bacteria_help.png,1951,46c29244608bfed589db5aec58c3829c4ff9952a8c58cabd688377b1aa165902
data/kegg_modules/mags/gbk_antismash/bin.12/images/bacteria_home.png,1414,43807c609de0e5603ae9fb658c587122f30e1269d895e6230abebe46bb545be9
data/kegg_modules/mags/gbk_antismash/bin.12/images/bacteria_logo.png,3831,d0056272e08e276d8efd306f448b31bb6e5d4837062b31061e032d19546cfe43
data/kegg_modules/mags/gbk_antismash/bin.12/images/contact.svg,678,28628158c3f9ca0d84eeba0b9d739575e5aa22ff9c1a83a07ab516e610bd023d
data/kegg_modules/mags/gbk_antismash/bin.12/images/download.svg,656,d59cf2c1b60fbbe12d3aa1e399357abbe9653203687923db8c24aaa740e51d5e
data/kegg_modules/mags/gbk_antismash/bin.12/images/expand-arrows-alt-solid.svg,715,f594ab6317974e50859ca18601d6693b0716bd0487873c5462b06dc84bff1f8c
data/kegg_modules/mags/gbk_antismash/bin.12/images/external-link-alt-solid.svg,778,634f9cdc7e573b2c73012642fe8a8b6c14ae4a257870110afb26769f9ae50681
data/kegg_modules/mags/gbk_antismash/bin.12/images/fungi_about.png,1595,48038f56f8f94c116b3849b2afd892bb3a93a0b43f5062d417bc16d5b6b86c33
data/kegg_modules/mags/gbk_antismash/bin.12/images/fungi_antismash_icon.svg,3331,24a4418c5cdde1ecd51881b00f1106dc1798f77ced04faf895281e538083116d
data/kegg_modules/mags/gbk_antismash/bin.12/images/fungi_antismash_icon_white.svg,3335,b7e6c0d4c7e4011c602aada578e5035fe3443bc2ffe44befa0aaa706772c9757
data/kegg_modules/mags/gbk_antismash/bin.12/images/fungi_antismash_logo.svg,8401,10fa1d1e3a9911472704a8b7eb6eb776a720d17b3540bf1a9b6535d4967b9824
data/kegg_modules/mags/gbk_antismash/bin.12/images/fungi_download.png,1679,a5bf4ba46c42ec08318586026eba612aaf0e3132bc6f543d265da1b9317dd85a
data/kegg_modules/mags/gbk_antismash/bin.12/images/fungi_help.png,1863,c88eb0117df14d25d75728f347e9cfcf597e9f0fb35ae64b5855cd29cc299c7b
data/kegg_modules/mags/gbk_antismash/bin.12/images/fungi_home.png,1392,9065ade41a0986dd4169ee8170f9a0a2646d07f9e3b47d406b8d6562d9177003
data/kegg_modules/mags/gbk_antismash/bin.12/images/fungi_logo.png,3572,cab376256a90e3f87e472b58115d01b27935fc45234c33fb5b6df7c6b9f65cb5
data/kegg_modules/mags/gbk_antismash/bin.12/images/help.svg,794,c8e44944b5c351de20ed42ddb4668d3653f5efac134ead63859f4333bace342a
data/kegg_modules/mags/gbk_antismash/bin.12/images/mail.png,1459,7ec23ea17d4ab95dbcc2eb81016789e2524d0f9b6221a19f40fd04fadc9705c4
data/kegg_modules/mags/gbk_antismash/bin.12/images/minus-circle.svg,389,acb059d2d35c7206490072ff549d93219bf20e01b2b59e51db80b91def1d12ad
data/kegg_modules/mags/gbk_antismash/bin.12/images/nostructure_icon.png,4131,012a4403352653672ae1b3e704b997b4641ff1ec097c69fda004ba894e1c4355
data/kegg_modules/mags/gbk_antismash/bin.12/images/plant_antismash_icon.svg,22909,a842765151cc20dd2054ad99a13916f29f549b5a2a6b38a3f4aaaa10c9c533a5
data/kegg_modules/mags/gbk_antismash/bin.12/images/plant_antismash_icon_white.svg,22913,3c9dc64540c7ff0016d3a3b5f792c7d88f4ce1038643cade71a49cb709d3c963
data/kegg_modules/mags/gbk_antismash/bin.12/images/plus-circle.svg,491,9e80740025f9a84ca3fab0c60f23fb7965ffd816208773a326befd1e9841d7a8
data/kegg_modules/mags/gbk_antismash/bin.12/images/question-circle-solid.svg,854,c9babde9f7d66e40ab8ded58ac976714e9468ac30f70be8b6878b8b88cb5b0f4
data/kegg_modules/mags/gbk_antismash/bin.12/images/search-solid.svg,559,43a3063064b28abcc15bce8413838bcbb52297057495c286ded9a0c1c3dacfd4
data/kegg_modules/mags/gbk_antismash/bin.12/index.html,62452,169eb59fca967a6f18dd10853f8c929942d21674d14abcdb6ac61f18aa1c960c
data/kegg_modules/mags/gbk_antismash/bin.12/input/bin.12.fa,2264105,0b72b11ed7918ebcf6117498adeb6d61d1f4918682087cfb88f4fc5c4cce94ca
data/kegg_modules/mags/gbk_antismash/bin.12/js/antismash.js,258688,4b4254087d8e77b3e8a75ff34280316e7266c4e4a40a116c0bdeac65dd2bcdb5
data/kegg_modules/mags/gbk_antismash/bin.12/js/jquery.js,92629,c12f6098e641aaca96c60215800f18f5671039aecf812217fab3c0d152f6adb4
data/kegg_modules/mags/gbk_antismash/bin.12/js/jquery.tablesorter.min.js,16521,b038bcf4e9ddb5f60c93e49bfe7aeeaf40f8fcc2fa753ee56d1abe2bcb89a016
data/kegg_modules/mags/gbk_antismash/bin.12/knownclusterblast/NODE_2723_length_8326_cov_5.123322_c1.txt,470,8d4d69d192a33b2fe1d2fd2fd00411419e3445488d996ac3a4627a2b1401f446
data/kegg_modules/mags/gbk_antismash/bin.12/knownclusterblast/region1/ctg82_14_mibig_hits.html,4435,96f89e4d0ae5f2676094211b8169d7c7d8ffdf2688d713a9b48d931c2fc79e98
data/kegg_modules/mags/gbk_antismash/bin.12/knownclusterblast/region1/ctg82_2_mibig_hits.html,7977,f41222a016fe47243847a8a04a98b4b6d93b3c96d64f432ea3c7985a6dde3e55
data/kegg_modules/mags/gbk_antismash/bin.12/knownclusterblast/region1/ctg82_3_mibig_hits.html,17413,de28e19c283c9fd47ecd42c258ddf1e65d70e4216bcea06de3abde7e4b427745
data/kegg_modules/mags/gbk_antismash/bin.12/knownclusterblast/region1/ctg82_5_mibig_hits.html,2162,49c107ad16a241227242cc78c297006f812162bffbf4460e173128b437f8bab0
data/kegg_modules/mags/gbk_antismash/bin.12/knownclusterblast/region1/ctg82_8_mibig_hits.html,1781,fee53c68baa54a9b084052efe6e7824f845f56beaaceebb6a83a240f3cf512c7
data/kegg_modules/mags/gbk_antismash/bin.12/regions.js,200073,010fb5a5f6d054a392ad8c72ef6eff0795abe2be30370423b39393de0e5a0ef8
data/kegg_modules/mags/gbk_antismash/bin.12/subclusterblast/NODE_2723_length_8326_cov_5.123322_c1.txt,470,8d4d69d192a33b2fe1d2fd2fd00411419e3445488d996ac3a4627a2b1401f446
data/kegg_modules/mags/gbk_antismash/bin.13.strict.metawrap.repaired/NODE_14_length_48778_cov_3.346523.region001.gbk,77901,ea56d2bcf9c99f849dc8775293adaf5d68fa70cbb6cb39b02af968cd26c7f579
data/kegg_modules/mags/gbk_antismash/bin.13.strict.metawrap.repaired/NODE_150_length_2220_cov_2.037797.region001.gbk,19660,25828ef5ce62408a0ddc28a9d92a792209115e6bc296c9f3f3fa972779ca46be
data/kegg_modules/mags/gbk_antismash/bin.13.strict.metawrap.repaired/NODE_23_length_36981_cov_3.405972.region001.gbk,142358,3961167ca4441741a71eed0d0948e3f57d0bd9cf49104fff6e7dfb10ead52dc8
data/kegg_modules/mags/gbk_antismash/bin.13.strict.metawrap.repaired/NODE_30_length_26596_cov_3.746257.region001.gbk,48614,323a8bdcc3c5821b84de2a9b84a2c5ebe4fc03f84e585007e5e23d2642af2f2c
data/kegg_modules/mags/gbk_antismash/bin.13.strict.metawrap.repaired/NODE_34_length_24332_cov_2.737951.region001.gbk,43719,0c64c9ccf56379abad3822cefe8ae96ce00fcea70394a59b7556a46c06067d42
data/kegg_modules/mags/gbk_antismash/bin.13.strict.metawrap.repaired/NODE_99_length_7245_cov_2.529436.region001.gbk,33301,fec26203bd21cb00642fa4258e2ee8ece2ac124e769b0adc33326ce43373ff01
data/kegg_modules/mags/gbk_antismash/bin.13.strict.metawrap.repaired/bacteria-c1e1859c-fce5-43d7-a4db-770f9f7cae7e.log,296860,396dacbb088fc1b88c0a1921999e4d4d34abf10f1a1b7bf6a905ebe8e4cdf644
data/kegg_modules/mags/gbk_antismash/bin.13.strict.metawrap.repaired/bin.13.strict.metawrap.repaired.gbk,5171106,c296e32b99772d42f48db65d08e9bbf3320f466cf4f4aa80752025f74d5d294a
data/kegg_modules/mags/gbk_antismash/bin.13.strict.metawrap.repaired/bin.13.strict.metawrap.repaired.json,6857419,4b7b1971e04002c6ce34a5d57f6ab3ae42249814d63805a6dca6c445f60b3044
data/kegg_modules/mags/gbk_antismash/bin.13.strict.metawrap.repaired/clusterblast/NODE_14_length_48778_cov_3.346523_c1.txt,17197,797a01cfee52f427d7783fcbaaabed3a240b43fbf4c782320cc6d23f6931992f
data/kegg_modules/mags/gbk_antismash/bin.13.strict.metawrap.repaired/clusterblast/NODE_150_length_2220_cov_2.037797_c1.txt,1319,188365b163896153b5ba81ad2207f4e94eb1b8eeee526192643836223049ba31
data/kegg_modules/mags/gbk_antismash/bin.13.strict.metawrap.repaired/clusterblast/NODE_23_length_36981_cov_3.405972_c1.txt,30539,41e05efaf5ce384f51c59fd3ebf1e76696b327f93290ef916965ed6619f90a6a
data/kegg_modules/mags/gbk_antismash/bin.13.strict.metawrap.repaired/clusterblast/NODE_30_length_26596_cov_3.746257_c1.txt,1322,38221aa52c400dc50b90baf6f95d73dff8fd6a79379e64f447b9e7afc5fb7206
data/kegg_modules/mags/gbk_antismash/bin.13.strict.metawrap.repaired/clusterblast/NODE_34_length_24332_cov_2.737951_c1.txt,34646,f49a5674b12a1cdf8305e2569c65607034b8ec0cd2831e0859758fe043291642
data/kegg_modules/mags/gbk_antismash/bin.13.strict.metawrap.repaired/clusterblast/NODE_99_length_7245_cov_2.529436_c1.txt,4881,7e6e735a5e3f75a48d279f6758f930806162e58c35b3b3180c8305636753bc44
data/kegg_modules/mags/gbk_antismash/bin.13.strict.metawrap.repaired/css/bacteria.css,60848,26c59575cedb40d4fae2918eb1cfa654fcfef48d3201fd5a0698ac38787d9e05
data/kegg_modules/mags/gbk_antismash/bin.13.strict.metawrap.repaired/images/about.svg,513,6d1e020364b303924b8134a7fbfaa1ccd9eeb96ba4768458f3acc4ac4de975d9
data/kegg_modules/mags/gbk_antismash/bin.13.strict.metawrap.repaired/images/bacteria_about.png,1607,233d5f419f9cc758d7c04cf7a3b18cef4428d2a2e4c9b2e935b4802c39dafa28
data/kegg_modules/mags/gbk_antismash/bin.13.strict.metawrap.repaired/images/bacteria_antismash_icon.svg,37742,6da16d6861747ab558195c00dfd432ef1368bd276e33c54e2051026f1de8c0b4
data/kegg_modules/mags/gbk_antismash/bin.13.strict.metawrap.repaired/images/bacteria_antismash_logo.svg,8433,7f1ad3684593fb1142a8da074c72528a7b809607281c4ad05111a7e6431b0d7a
data/kegg_modules/mags/gbk_antismash/bin.13.strict.metawrap.repaired/images/bacteria_antismash_white.svg,40766,246536c562f73dbdc963368a4b6bf34cb631655f92d2034346efb013653ef3d8
data/kegg_modules/mags/gbk_antismash/bin.13.strict.metawrap.repaired/images/bacteria_download.png,1670,ed750bb0a6f6367c19a1839b3385d9e2c360df6c12162d9f071a1f8c9cc17bb4
data/kegg_modules/mags/gbk_antismash/bin.13.strict.metawrap.repaired/images/bacteria_help.png,1951,46c29244608bfed589db5aec58c3829c4ff9952a8c58cabd688377b1aa165902
data/kegg_modules/mags/gbk_antismash/bin.13.strict.metawrap.repaired/images/bacteria_home.png,1414,43807c609de0e5603ae9fb658c587122f30e1269d895e6230abebe46bb545be9
data/kegg_modules/mags/gbk_antismash/bin.13.strict.metawrap.repaired/images/bacteria_logo.png,3831,d0056272e08e276d8efd306f448b31bb6e5d4837062b31061e032d19546cfe43
data/kegg_modules/mags/gbk_antismash/bin.13.strict.metawrap.repaired/images/contact.svg,678,28628158c3f9ca0d84eeba0b9d739575e5aa22ff9c1a83a07ab516e610bd023d
data/kegg_modules/mags/gbk_antismash/bin.13.strict.metawrap.repaired/images/download.svg,656,d59cf2c1b60fbbe12d3aa1e399357abbe9653203687923db8c24aaa740e51d5e
data/kegg_modules/mags/gbk_antismash/bin.13.strict.metawrap.repaired/images/expand-arrows-alt-solid.svg,715,f594ab6317974e50859ca18601d6693b0716bd0487873c5462b06dc84bff1f8c
data/kegg_modules/mags/gbk_antismash/bin.13.strict.metawrap.repaired/images/external-link-alt-solid.svg,778,634f9cdc7e573b2c73012642fe8a8b6c14ae4a257870110afb26769f9ae50681
data/kegg_modules/mags/gbk_antismash/bin.13.strict.metawrap.repaired/images/fungi_about.png,1595,48038f56f8f94c116b3849b2afd892bb3a93a0b43f5062d417bc16d5b6b86c33
data/kegg_modules/mags/gbk_antismash/bin.13.strict.metawrap.repaired/images/fungi_antismash_icon.svg,3331,24a4418c5cdde1ecd51881b00f1106dc1798f77ced04faf895281e538083116d
data/kegg_modules/mags/gbk_antismash/bin.13.strict.metawrap.repaired/images/fungi_antismash_icon_white.svg,3335,b7e6c0d4c7e4011c602aada578e5035fe3443bc2ffe44befa0aaa706772c9757
data/kegg_modules/mags/gbk_antismash/bin.13.strict.metawrap.repaired/images/fungi_antismash_logo.svg,8401,10fa1d1e3a9911472704a8b7eb6eb776a720d17b3540bf1a9b6535d4967b9824
data/kegg_modules/mags/gbk_antismash/bin.13.strict.metawrap.repaired/images/fungi_download.png,1679,a5bf4ba46c42ec08318586026eba612aaf0e3132bc6f543d265da1b9317dd85a
data/kegg_modules/mags/gbk_antismash/bin.13.strict.metawrap.repaired/images/fungi_help.png,1863,c88eb0117df14d25d75728f347e9cfcf597e9f0fb35ae64b5855cd29cc299c7b
data/kegg_modules/mags/gbk_antismash/bin.13.strict.metawrap.repaired/images/fungi_home.png,1392,9065ade41a0986dd4169ee8170f9a0a2646d07f9e3b47d406b8d6562d9177003
data/kegg_modules/mags/gbk_antismash/bin.13.strict.metawrap.repaired/images/fungi_logo.png,3572,cab376256a90e3f87e472b58115d01b27935fc45234c33fb5b6df7c6b9f65cb5
data/kegg_modules/mags/gbk_antismash/bin.13.strict.metawrap.repaired/images/help.svg,794,c8e44944b5c351de20ed42ddb4668d3653f5efac134ead63859f4333bace342a
data/kegg_modules/mags/gbk_antismash/bin.13.strict.metawrap.repaired/images/mail.png,1459,7ec23ea17d4ab95dbcc2eb81016789e2524d0f9b6221a19f40fd04fadc9705c4
data/kegg_modules/mags/gbk_antismash/bin.13.strict.metawrap.repaired/images/minus-circle.svg,389,acb059d2d35c7206490072ff549d93219bf20e01b2b59e51db80b91def1d12ad
data/kegg_modules/mags/gbk_antismash/bin.13.strict.metawrap.repaired/images/nostructure_icon.png,4131,012a4403352653672ae1b3e704b997b4641ff1ec097c69fda004ba894e1c4355
data/kegg_modules/mags/gbk_antismash/bin.13.strict.metawrap.repaired/images/plant_antismash_icon.svg,22909,a842765151cc20dd2054ad99a13916f29f549b5a2a6b38a3f4aaaa10c9c533a5
data/kegg_modules/mags/gbk_antismash/bin.13.strict.metawrap.repaired/images/plant_antismash_icon_white.svg,22913,3c9dc64540c7ff0016d3a3b5f792c7d88f4ce1038643cade71a49cb709d3c963
data/kegg_modules/mags/gbk_antismash/bin.13.strict.metawrap.repaired/images/plus-circle.svg,491,9e80740025f9a84ca3fab0c60f23fb7965ffd816208773a326befd1e9841d7a8
data/kegg_modules/mags/gbk_antismash/bin.13.strict.metawrap.repaired/images/question-circle-solid.svg,854,c9babde9f7d66e40ab8ded58ac976714e9468ac30f70be8b6878b8b88cb5b0f4
data/kegg_modules/mags/gbk_antismash/bin.13.strict.metawrap.repaired/images/search-solid.svg,559,43a3063064b28abcc15bce8413838bcbb52297057495c286ded9a0c1c3dacfd4
data/kegg_modules/mags/gbk_antismash/bin.13.strict.metawrap.repaired/index.html,202023,8b51e52ba208e3bb431a3a7d363c6297d1dcea572c2b6a2b7411eaa96ac035a7
data/kegg_modules/mags/gbk_antismash/bin.13.strict.metawrap.repaired/input/bin.13.strict.metawrap.repaired.fasta,2718310,8dddb1640efe6dc06adf899f749a0ad2c6e7fd386debdd23e88787aaed1f7db1
data/kegg_modules/mags/gbk_antismash/bin.13.strict.metawrap.repaired/js/antismash.js,258688,4b4254087d8e77b3e8a75ff34280316e7266c4e4a40a116c0bdeac65dd2bcdb5
data/kegg_modules/mags/gbk_antismash/bin.13.strict.metawrap.repaired/js/jquery.js,92629,c12f6098e641aaca96c60215800f18f5671039aecf812217fab3c0d152f6adb4
data/kegg_modules/mags/gbk_antismash/bin.13.strict.metawrap.repaired/js/jquery.tablesorter.min.js,16521,b038bcf4e9ddb5f60c93e49bfe7aeeaf40f8fcc2fa753ee56d1abe2bcb89a016
data/kegg_modules/mags/gbk_antismash/bin.13.strict.metawrap.repaired/knownclusterblast/NODE_14_length_48778_cov_3.346523_c1.txt,609,d9abf05add9a1ee7bfd8f02945ff6f77e058babd6f01373d7d31c24d7d74bf62
data/kegg_modules/mags/gbk_antismash/bin.13.strict.metawrap.repaired/knownclusterblast/NODE_150_length_2220_cov_2.037797_c1.txt,222,9fb1ac97197ed480389f0796969be777607bcfa21f2ecce4570af6acd0624cf9
data/kegg_modules/mags/gbk_antismash/bin.13.strict.metawrap.repaired/knownclusterblast/NODE_23_length_36981_cov_3.405972_c1.txt,1110,b826fbf19323b3c2849b8f94a5cd4750f039d11c39c033eb79bc2931b8ab1452
data/kegg_modules/mags/gbk_antismash/bin.13.strict.metawrap.repaired/knownclusterblast/NODE_30_length_26596_cov_3.746257_c1.txt,738,58ad684d3db131f23ae5f2c198a8278af240f6de424b0302adb3018d1977e31c
data/kegg_modules/mags/gbk_antismash/bin.13.strict.metawrap.repaired/knownclusterblast/NODE_34_length_24332_cov_2.737951_c1.txt,834,07dda98aacecf0791561178bef6f415cc0d8e88fa6411a30766b8cb29ca95ae2
data/kegg_modules/mags/gbk_antismash/bin.13.strict.metawrap.repaired/knownclusterblast/NODE_99_length_7245_cov_2.529436_c1.txt,394,2c0cc930af131fcfb2c4b62685d11a32dde33a4164b57fa802d6a3dd69c79043
data/kegg_modules/mags/gbk_antismash/bin.13.strict.metawrap.repaired/knownclusterblast/region1/ctg14_31_mibig_hits.html,2540,48d858408b305a4ef89b10026c1f1075a051e73a49edb7d0dc2702c5f5250dfb
data/kegg_modules/mags/gbk_antismash/bin.13.strict.metawrap.repaired/knownclusterblast/region1/ctg23_11_mibig_hits.html,1784,f6d040c119b35f1a0ebccb1836da5f0cc13c8854b2844b426828898e5184472c
data/kegg_modules/mags/gbk_antismash/bin.13.strict.metawrap.repaired/knownclusterblast/region1/ctg23_12_mibig_hits.html,1761,b71cf1bc981138471a07f426f7cbe96bcfc5477d207b9c34b9aa0f6f71919255
data/kegg_modules/mags/gbk_antismash/bin.13.strict.metawrap.repaired/knownclusterblast/region1/ctg23_14_mibig_hits.html,3365,1f3133aa3f29d8e3ad7563c9cd84c0f67be826513d8698ad9be6ab144fed1d12
data/kegg_modules/mags/gbk_antismash/bin.13.strict.metawrap.repaired/knownclusterblast/region1/ctg23_17_mibig_hits.html,6897,c870f85c92db4671924365eee997a9ab4815ff9beac95ea2f5feb28f2d73f7b3
data/kegg_modules/mags/gbk_antismash/bin.13.strict.metawrap.repaired/knownclusterblast/region1/ctg23_19_mibig_hits.html,2552,01c6aa51c178d41fd8c523f45b8a22edf79e22f397dcfa6661311abb97d2ab6c
data/kegg_modules/mags/gbk_antismash/bin.13.strict.metawrap.repaired/knownclusterblast/region1/ctg23_1_mibig_hits.html,1799,82f9507ef4c98d5bced8ed3b3d33a7bacab8b5bdd588b6ac0c0ab31cde9500d2
data/kegg_modules/mags/gbk_antismash/bin.13.strict.metawrap.repaired/knownclusterblast/region1/ctg23_21_mibig_hits.html,35735,625c216b86d242ded0498f7691e56827f919e8dcc53d853461559a3d02b7a0d9
data/kegg_modules/mags/gbk_antismash/bin.13.strict.metawrap.repaired/knownclusterblast/region1/ctg23_23_mibig_hits.html,2178,109587161d070e0b32df8dd2729688086c7da6b7aca4c5f78ea185a28edfa7a6
data/kegg_modules/mags/gbk_antismash/bin.13.strict.metawrap.repaired/knownclusterblast/region1/ctg23_25_mibig_hits.html,4577,0e017f8c18874e3dcc14bfd1476dfcdd5c7ee4aa6904f0321fcd19bdddd46bc8
data/kegg_modules/mags/gbk_antismash/bin.13.strict.metawrap.repaired/knownclusterblast/region1/ctg23_26_mibig_hits.html,41973,bab5535733bf94fd6d55f287d1344fbf3aec8308e6dc2dda0eda579a0b5f4fdd
data/kegg_modules/mags/gbk_antismash/bin.13.strict.metawrap.repaired/knownclusterblast/region1/ctg23_34_mibig_hits.html,3805,3310b5a91e9762dac7231911504015681ef0a477f67f639b7696bab9234e8246
data/kegg_modules/mags/gbk_antismash/bin.13.strict.metawrap.repaired/knownclusterblast/region1/ctg23_37_mibig_hits.html,2150,bd090b7c21439243dd0d339acc6c51979dc7823e9343d3fdb4d0aa5de6d504ce
data/kegg_modules/mags/gbk_antismash/bin.13.strict.metawrap.repaired/knownclusterblast/region1/ctg23_3_mibig_hits.html,2167,a1f97116123afbc98cc1d4a791c1e57f393edffc1c3a8420fbcf8a4371907130
data/kegg_modules/mags/gbk_antismash/bin.13.strict.metawrap.repaired/knownclusterblast/region1/ctg23_40_mibig_hits.html,1764,f97a913c0c3f74acd7c09bb9d123dd750632144aa491c5ccf8e41a8bdb2e653b
data/kegg_modules/mags/gbk_antismash/bin.13.strict.metawrap.repaired/knownclusterblast/region1/ctg23_5_mibig_hits.html,4451,8f97b788550910d93474c0db6bfe38d58835dcc39685d51a2e862f300daf7043
data/kegg_modules/mags/gbk_antismash/bin.13.strict.metawrap.repaired/knownclusterblast/region1/ctg23_7_mibig_hits.html,1789,47bbd88e9e6522f68e4ec170558021ecfa79405e70ba5d9608089dedb0e19901
data/kegg_modules/mags/gbk_antismash/bin.13.strict.metawrap.repaired/knownclusterblast/region1/ctg34_1_mibig_hits.html,4531,05428bc6a1d3b4a0d316522f5a5aa21d470ab8deda47c55cf9ff846bd37cc984
data/kegg_modules/mags/gbk_antismash/bin.13.strict.metawrap.repaired/knownclusterblast/region1/ctg34_3_mibig_hits.html,1775,5af4987ca3388cab8dcd1d4a15f0817f11f227bd99282b6318a10e6ec58b0e07
data/kegg_modules/mags/gbk_antismash/bin.13.strict.metawrap.repaired/knownclusterblast/region1/ctg34_6_mibig_hits.html,8372,30f85bdf462e708e2200339d6a6f502b5f95cf637a413351a20fff502918494a
data/kegg_modules/mags/gbk_antismash/bin.13.strict.metawrap.repaired/knownclusterblast/region1/ctg34_8_mibig_hits.html,26664,870d8fc9efb93f365d3dbabc877f6f1b73e977be7cda2eabeb58640d675fc5cf
data/kegg_modules/mags/gbk_antismash/bin.13.strict.metawrap.repaired/knownclusterblast/region1/ctg34_9_mibig_hits.html,3422,29df9a213b147f4cd71f2952e624a3816a18870095798702e8140547b12e330e
data/kegg_modules/mags/gbk_antismash/bin.13.strict.metawrap.repaired/knownclusterblast/region1/ctg99_10_mibig_hits.html,10430,853ccd4fae2dbfa0cf8dbaa0773d98915ca4a4c945c81f0cb63768158040cf17
data/kegg_modules/mags/gbk_antismash/bin.13.strict.metawrap.repaired/knownclusterblast/region1/ctg99_11_mibig_hits.html,2138,fae972e707c26545c0e17485b671bec93952d9bb8c297bd885afe2b751faceaf
data/kegg_modules/mags/gbk_antismash/bin.13.strict.metawrap.repaired/knownclusterblast/region1/ctg99_5_mibig_hits.html,2513,84db8fe4367d502309acc40cce1cbb8f4b8723c954486cd33cca079bbfe7902d
data/kegg_modules/mags/gbk_antismash/bin.13.strict.metawrap.repaired/knownclusterblast/region1/ctg99_8_mibig_hits.html,2150,c2551b0b7a80b31a4c55c096051dc8ccee6a563f6e531ed251073ea8915dbf9c
data/kegg_modules/mags/gbk_antismash/bin.13.strict.metawrap.repaired/regions.js,1132485,9c3ca8d768a785da534232256452740f527aff4ecd56ed53c5f0f58ae2c8ba29
data/kegg_modules/mags/gbk_antismash/bin.13.strict.metawrap.repaired/subclusterblast/NODE_14_length_48778_cov_3.346523_c1.txt,609,d9abf05add9a1ee7bfd8f02945ff6f77e058babd6f01373d7d31c24d7d74bf62
data/kegg_modules/mags/gbk_antismash/bin.13.strict.metawrap.repaired/subclusterblast/NODE_150_length_2220_cov_2.037797_c1.txt,222,9fb1ac97197ed480389f0796969be777607bcfa21f2ecce4570af6acd0624cf9
data/kegg_modules/mags/gbk_antismash/bin.13.strict.metawrap.repaired/subclusterblast/NODE_23_length_36981_cov_3.405972_c1.txt,1110,b826fbf19323b3c2849b8f94a5cd4750f039d11c39c033eb79bc2931b8ab1452
data/kegg_modules/mags/gbk_antismash/bin.13.strict.metawrap.repaired/subclusterblast/NODE_30_length_26596_cov_3.746257_c1.txt,738,58ad684d3db131f23ae5f2c198a8278af240f6de424b0302adb3018d1977e31c
data/kegg_modules/mags/gbk_antismash/bin.13.strict.metawrap.repaired/subclusterblast/NODE_34_length_24332_cov_2.737951_c1.txt,403,dac172e67c49e2f0edcb0ca6a04f67fc5d6af3c479aed50abdedad11aaab431f
data/kegg_modules/mags/gbk_antismash/bin.13.strict.metawrap.repaired/subclusterblast/NODE_99_length_7245_cov_2.529436_c1.txt,394,2c0cc930af131fcfb2c4b62685d11a32dde33a4164b57fa802d6a3dd69c79043
data/kegg_modules/mags/gbk_antismash/bin.15.orig.metawrap.1.repaired/NODE_1447_length_11147_cov_3.559322.region001.gbk,44209,dcc0d6afd4c5b7e2c3a80cb0ebf91d1a8ba762495f085fb87f9eff02b54f9643
data/kegg_modules/mags/gbk_antismash/bin.15.orig.metawrap.1.repaired/NODE_148598_length_1184_cov_2.592560.region001.gbk,9967,ea7b4466c3e0f643245b120f129f4baa38e4c3c501e13f358362c66208f3bf72
data/kegg_modules/mags/gbk_antismash/bin.15.orig.metawrap.1.repaired/NODE_20989_length_3053_cov_3.366911.region001.gbk,25225,1cf8f2d8de85ef70a35baf5639127cdb9f988796ef11f984c36c98c1a09f5f80
data/kegg_modules/mags/gbk_antismash/bin.15.orig.metawrap.1.repaired/NODE_21275_length_3031_cov_3.113575.region001.gbk,20204,99a1fca6c2847f54288ae3a88d9261cc7dbb75ea524b05dae24cbbf81fae63f6
data/kegg_modules/mags/gbk_antismash/bin.15.orig.metawrap.1.repaired/NODE_22275_length_2964_cov_2.626676.region001.gbk,25667,82997a9d7ae590eabc7dab62a16bce5f526b03bf93164a2a8f77eaae181e667a
data/kegg_modules/mags/gbk_antismash/bin.15.orig.metawrap.1.repaired/NODE_23376_length_2892_cov_3.753965.region001.gbk,14402,f46e7751f1650d96268dd565717eb236953d4fb353e85a081a81bfad32a2d2aa
data/kegg_modules/mags/gbk_antismash/bin.15.orig.metawrap.1.repaired/NODE_2419_length_8792_cov_3.746595.region001.gbk,63801,2ed02023d2c1e4fec1fc79363b28d56c6462bc2779b0adc7eb8caa1be8625738
data/kegg_modules/mags/gbk_antismash/bin.15.orig.metawrap.1.repaired/NODE_26577_length_2715_cov_2.978571.region001.gbk,12942,3508ab87c7f8932eca70135878f716b7dd496d9aa8ff85239a8d2734c89bec3c
data/kegg_modules/mags/gbk_antismash/bin.15.orig.metawrap.1.repaired/NODE_38307_length_2268_cov_4.385901.region001.gbk,12009,298354303eaadcb6c3d99c0da34249a32ffc06112727196d885e29d4f2969627
data/kegg_modules/mags/gbk_antismash/bin.15.orig.metawrap.1.repaired/NODE_44091_length_2119_cov_3.260659.region001.gbk,16749,3833bd786eb6beaea971b72982fb623b4d826aa3654b9817696dd63a6a50860e
data/kegg_modules/mags/gbk_antismash/bin.15.orig.metawrap.1.repaired/NODE_56879_length_1875_cov_2.809341.region001.gbk,16924,e7e2ad60bf8bcb6fd68e4f58548978e2e97254be1cb5debe2fa3cd651dd7675d
data/kegg_modules/mags/gbk_antismash/bin.15.orig.metawrap.1.repaired/NODE_5718_length_5844_cov_3.241665.region001.gbk,46094,2a2fdced44b624bad0bf1f2fc795a5f0cb1c94b55330e36e3b15f9e6de5c1982
data/kegg_modules/mags/gbk_antismash/bin.15.orig.metawrap.1.repaired/NODE_57327_length_1868_cov_2.747380.region001.gbk,16905,c23622ca43d14836c9d55b1392ed70092264d60090eedbc86e6bd5a73b5c1820
data/kegg_modules/mags/gbk_antismash/bin.15.orig.metawrap.1.repaired/NODE_9061_length_4679_cov_3.030493.region001.gbk,34097,850944e105efb333433311ce9207d6901b877cc22bc8f1ebd4a35aac2151ff3a
data/kegg_modules/mags/gbk_antismash/bin.15.orig.metawrap.1.repaired/bacteria-0853a5dd-a89c-4e0a-b935-9f51debee104.log,1510481,f48b7f2e7c8101a7cad1e34de339cd83fef0dfd5f2a593ba8038f3258d94e92e
data/kegg_modules/mags/gbk_antismash/bin.15.orig.metawrap.1.repaired/bin.15.orig.metawrap.1.repaired.gbk,5390852,f30ef55fca7b11d3d322624c31a73d2bd54708cc8be4e1c1442f17e1aad95877
data/kegg_modules/mags/gbk_antismash/bin.15.orig.metawrap.1.repaired/bin.15.orig.metawrap.1.repaired.json,14918858,1e7ccfeb8d800dba44317921a5cf8c2455636da48b18f2048537fc3c168b429b
data/kegg_modules/mags/gbk_antismash/bin.15.orig.metawrap.1.repaired/clusterblast/NODE_1447_length_11147_cov_3.559322_c1.txt,30779,37e67748ab70d38e6406938a5f8707627098abe42878b58bc9ca5b0276f64bf9
data/kegg_modules/mags/gbk_antismash/bin.15.orig.metawrap.1.repaired/clusterblast/NODE_148598_length_1184_cov_2.592560_c1.txt,183,4fa29ea9591ef125e9bd7d0a812d2ca158cf10338cdfbe668eccdef6f808326d
data/kegg_modules/mags/gbk_antismash/bin.15.orig.metawrap.1.repaired/clusterblast/NODE_20989_length_3053_cov_3.366911_c1.txt,182,5ad1e2c3234f569aa1b77f5500df78a5f9bd97fa2149222576cebd55a7a8b2df
data/kegg_modules/mags/gbk_antismash/bin.15.orig.metawrap.1.repaired/clusterblast/NODE_21275_length_3031_cov_3.113575_c1.txt,181,b8c35f78d7df4ae17348e3559ecdd646d994ec1dce2b38512a40a410c0e39d25
data/kegg_modules/mags/gbk_antismash/bin.15.orig.metawrap.1.repaired/clusterblast/NODE_22275_length_2964_cov_2.626676_c1.txt,38062,522c9bc52aa10a741922df3a36abb97b55a78b61b277946d58a10556c1dba6e1
data/kegg_modules/mags/gbk_antismash/bin.15.orig.metawrap.1.repaired/clusterblast/NODE_23376_length_2892_cov_3.753965_c1.txt,6873,de8cd601008768597fffff9f7004377933639a0ed2b740e5e96599acd80fcfc9
data/kegg_modules/mags/gbk_antismash/bin.15.orig.metawrap.1.repaired/clusterblast/NODE_2419_length_8792_cov_3.746595_c1.txt,178,a3074692d930ef603e79e72367e9f9cf1185ca924375882fc57367650761f656
data/kegg_modules/mags/gbk_antismash/bin.15.orig.metawrap.1.repaired/clusterblast/NODE_26577_length_2715_cov_2.978571_c1.txt,225,e0578eba45be3c8d55ef857671188d193e4a2563cc9dfe8895754fbbb861d048
data/kegg_modules/mags/gbk_antismash/bin.15.orig.metawrap.1.repaired/clusterblast/NODE_38307_length_2268_cov_4.385901_c1.txt,28123,5905410bcd1144cb1b82ffd0306c61e154840f1d71100525234aceed515aab78
data/kegg_modules/mags/gbk_antismash/bin.15.orig.metawrap.1.repaired/clusterblast/NODE_44091_length_2119_cov_3.260659_c1.txt,181,ab2c27f06606d3289ed815ad1dbccff471451b42ffe554916275c7a1c56d801d
data/kegg_modules/mags/gbk_antismash/bin.15.orig.metawrap.1.repaired/clusterblast/NODE_56879_length_1875_cov_2.809341_c1.txt,181,f45fc485e1ac8b7bb89d59bdd4b436e19ae31a41516b63df6dab7967a0078840
data/kegg_modules/mags/gbk_antismash/bin.15.orig.metawrap.1.repaired/clusterblast/NODE_5718_length_5844_cov_3.241665_c1.txt,30661,69488f3f9765c838ca9e2ee1ce4327dfaba85d978b4e58b3157f59c64934965d
data/kegg_modules/mags/gbk_antismash/bin.15.orig.metawrap.1.repaired/clusterblast/NODE_57327_length_1868_cov_2.747380_c1.txt,37620,083736a051291ad4d777d46e7d4153b3b90152eaf9f3aeaf38b904fa22b63dad
data/kegg_modules/mags/gbk_antismash/bin.15.orig.metawrap.1.repaired/clusterblast/NODE_9061_length_4679_cov_3.030493_c1.txt,38106,f8b550faac5a61c57ae8f5a2e679276d9b75267ea2794b049ba84b14bff21892
data/kegg_modules/mags/gbk_antismash/bin.15.orig.metawrap.1.repaired/css/bacteria.css,60848,26c59575cedb40d4fae2918eb1cfa654fcfef48d3201fd5a0698ac38787d9e05
data/kegg_modules/mags/gbk_antismash/bin.15.orig.metawrap.1.repaired/images/about.svg,513,6d1e020364b303924b8134a7fbfaa1ccd9eeb96ba4768458f3acc4ac4de975d9
data/kegg_modules/mags/gbk_antismash/bin.15.orig.metawrap.1.repaired/images/bacteria_about.png,1607,233d5f419f9cc758d7c04cf7a3b18cef4428d2a2e4c9b2e935b4802c39dafa28
data/kegg_modules/mags/gbk_antismash/bin.15.orig.metawrap.1.repaired/images/bacteria_antismash_icon.svg,37742,6da16d6861747ab558195c00dfd432ef1368bd276e33c54e2051026f1de8c0b4
data/kegg_modules/mags/gbk_antismash/bin.15.orig.metawrap.1.repaired/images/bacteria_antismash_logo.svg,8433,7f1ad3684593fb1142a8da074c72528a7b809607281c4ad05111a7e6431b0d7a
data/kegg_modules/mags/gbk_antismash/bin.15.orig.metawrap.1.repaired/images/bacteria_antismash_white.svg,40766,246536c562f73dbdc963368a4b6bf34cb631655f92d2034346efb013653ef3d8
data/kegg_modules/mags/gbk_antismash/bin.15.orig.metawrap.1.repaired/images/bacteria_download.png,1670,ed750bb0a6f6367c19a1839b3385d9e2c360df6c12162d9f071a1f8c9cc17bb4
data/kegg_modules/mags/gbk_antismash/bin.15.orig.metawrap.1.repaired/images/bacteria_help.png,1951,46c29244608bfed589db5aec58c3829c4ff9952a8c58cabd688377b1aa165902
data/kegg_modules/mags/gbk_antismash/bin.15.orig.metawrap.1.repaired/images/bacteria_home.png,1414,43807c609de0e5603ae9fb658c587122f30e1269d895e6230abebe46bb545be9
data/kegg_modules/mags/gbk_antismash/bin.15.orig.metawrap.1.repaired/images/bacteria_logo.png,3831,d0056272e08e276d8efd306f448b31bb6e5d4837062b31061e032d19546cfe43
data/kegg_modules/mags/gbk_antismash/bin.15.orig.metawrap.1.repaired/images/contact.svg,678,28628158c3f9ca0d84eeba0b9d739575e5aa22ff9c1a83a07ab516e610bd023d
data/kegg_modules/mags/gbk_antismash/bin.15.orig.metawrap.1.repaired/images/download.svg,656,d59cf2c1b60fbbe12d3aa1e399357abbe9653203687923db8c24aaa740e51d5e
data/kegg_modules/mags/gbk_antismash/bin.15.orig.metawrap.1.repaired/images/expand-arrows-alt-solid.svg,715,f594ab6317974e50859ca18601d6693b0716bd0487873c5462b06dc84bff1f8c
data/kegg_modules/mags/gbk_antismash/bin.15.orig.metawrap.1.repaired/images/external-link-alt-solid.svg,778,634f9cdc7e573b2c73012642fe8a8b6c14ae4a257870110afb26769f9ae50681
data/kegg_modules/mags/gbk_antismash/bin.15.orig.metawrap.1.repaired/images/fungi_about.png,1595,48038f56f8f94c116b3849b2afd892bb3a93a0b43f5062d417bc16d5b6b86c33
data/kegg_modules/mags/gbk_antismash/bin.15.orig.metawrap.1.repaired/images/fungi_antismash_icon.svg,3331,24a4418c5cdde1ecd51881b00f1106dc1798f77ced04faf895281e538083116d
data/kegg_modules/mags/gbk_antismash/bin.15.orig.metawrap.1.repaired/images/fungi_antismash_icon_white.svg,3335,b7e6c0d4c7e4011c602aada578e5035fe3443bc2ffe44befa0aaa706772c9757
data/kegg_modules/mags/gbk_antismash/bin.15.orig.metawrap.1.repaired/images/fungi_antismash_logo.svg,8401,10fa1d1e3a9911472704a8b7eb6eb776a720d17b3540bf1a9b6535d4967b9824
data/kegg_modules/mags/gbk_antismash/bin.15.orig.metawrap.1.repaired/images/fungi_download.png,1679,a5bf4ba46c42ec08318586026eba612aaf0e3132bc6f543d265da1b9317dd85a
data/kegg_modules/mags/gbk_antismash/bin.15.orig.metawrap.1.repaired/images/fungi_help.png,1863,c88eb0117df14d25d75728f347e9cfcf597e9f0fb35ae64b5855cd29cc299c7b
data/kegg_modules/mags/gbk_antismash/bin.15.orig.metawrap.1.repaired/images/fungi_home.png,1392,9065ade41a0986dd4169ee8170f9a0a2646d07f9e3b47d406b8d6562d9177003
data/kegg_modules/mags/gbk_antismash/bin.15.orig.metawrap.1.repaired/images/fungi_logo.png,3572,cab376256a90e3f87e472b58115d01b27935fc45234c33fb5b6df7c6b9f65cb5
data/kegg_modules/mags/gbk_antismash/bin.15.orig.metawrap.1.repaired/images/help.svg,794,c8e44944b5c351de20ed42ddb4668d3653f5efac134ead63859f4333bace342a
data/kegg_modules/mags/gbk_antismash/bin.15.orig.metawrap.1.repaired/images/mail.png,1459,7ec23ea17d4ab95dbcc2eb81016789e2524d0f9b6221a19f40fd04fadc9705c4
data/kegg_modules/mags/gbk_antismash/bin.15.orig.metawrap.1.repaired/images/minus-circle.svg,389,acb059d2d35c7206490072ff549d93219bf20e01b2b59e51db80b91def1d12ad
data/kegg_modules/mags/gbk_antismash/bin.15.orig.metawrap.1.repaired/images/nostructure_icon.png,4131,012a4403352653672ae1b3e704b997b4641ff1ec097c69fda004ba894e1c4355
data/kegg_modules/mags/gbk_antismash/bin.15.orig.metawrap.1.repaired/images/plant_antismash_icon.svg,22909,a842765151cc20dd2054ad99a13916f29f549b5a2a6b38a3f4aaaa10c9c533a5
data/kegg_modules/mags/gbk_antismash/bin.15.orig.metawrap.1.repaired/images/plant_antismash_icon_white.svg,22913,3c9dc64540c7ff0016d3a3b5f792c7d88f4ce1038643cade71a49cb709d3c963
data/kegg_modules/mags/gbk_antismash/bin.15.orig.metawrap.1.repaired/images/plus-circle.svg,491,9e80740025f9a84ca3fab0c60f23fb7965ffd816208773a326befd1e9841d7a8
data/kegg_modules/mags/gbk_antismash/bin.15.orig.metawrap.1.repaired/images/question-circle-solid.svg,854,c9babde9f7d66e40ab8ded58ac976714e9468ac30f70be8b6878b8b88cb5b0f4
data/kegg_modules/mags/gbk_antismash/bin.15.orig.metawrap.1.repaired/images/search-solid.svg,559,43a3063064b28abcc15bce8413838bcbb52297057495c286ded9a0c1c3dacfd4
data/kegg_modules/mags/gbk_antismash/bin.15.orig.metawrap.1.repaired/index.html,535434,281016cc35ba03279fecea0b8daee1577fec366232a3d9e5133f525761c07054
data/kegg_modules/mags/gbk_antismash/bin.15.orig.metawrap.1.repaired/input/bin.15.orig.metawrap.1.repaired.fasta,2591334,40fa02248fada5a6e8842ddd1909e978306880a2943321b94c642e29a139695b
data/kegg_modules/mags/gbk_antismash/bin.15.orig.metawrap.1.repaired/js/antismash.js,258688,4b4254087d8e77b3e8a75ff34280316e7266c4e4a40a116c0bdeac65dd2bcdb5
data/kegg_modules/mags/gbk_antismash/bin.15.orig.metawrap.1.repaired/js/jquery.js,92629,c12f6098e641aaca96c60215800f18f5671039aecf812217fab3c0d152f6adb4
data/kegg_modules/mags/gbk_antismash/bin.15.orig.metawrap.1.repaired/js/jquery.tablesorter.min.js,16521,b038bcf4e9ddb5f60c93e49bfe7aeeaf40f8fcc2fa753ee56d1abe2bcb89a016
data/kegg_modules/mags/gbk_antismash/bin.15.orig.metawrap.1.repaired/knownclusterblast/NODE_1447_length_11147_cov_3.559322_c1.txt,414,ada7b334d94eb2d6fd090c5f044f8d6d4e9a648244dbf3a331215805aba13d53
data/kegg_modules/mags/gbk_antismash/bin.15.orig.metawrap.1.repaired/knownclusterblast/NODE_148598_length_1184_cov_2.592560_c1.txt,3490,fa7e1b65d5a0fa096b144d492046c055f4a948c87ae7e386b1856dd83833e303
data/kegg_modules/mags/gbk_antismash/bin.15.orig.metawrap.1.repaired/knownclusterblast/NODE_20989_length_3053_cov_3.366911_c1.txt,568,8aeb7a5d3126bce2abbe22dfe6d8b03405d28a6a896610d00e273a92b52666b5
data/kegg_modules/mags/gbk_antismash/bin.15.orig.metawrap.1.repaired/knownclusterblast/NODE_21275_length_3031_cov_3.113575_c1.txt,181,b8c35f78d7df4ae17348e3559ecdd646d994ec1dce2b38512a40a410c0e39d25
data/kegg_modules/mags/gbk_antismash/bin.15.orig.metawrap.1.repaired/knownclusterblast/NODE_22275_length_2964_cov_2.626676_c1.txt,10112,bcb64e01b5079ba73a98c7fd7ea39beef73c963c11037d5cd56869f65eb8a5a0
data/kegg_modules/mags/gbk_antismash/bin.15.orig.metawrap.1.repaired/knownclusterblast/NODE_23376_length_2892_cov_3.753965_c1.txt,227,e33f2894965111ae320f3a3087385b09bf71103a8df58d445fa6b11730e658bd
data/kegg_modules/mags/gbk_antismash/bin.15.orig.metawrap.1.repaired/knownclusterblast/NODE_2419_length_8792_cov_3.746595_c1.txt,178,a3074692d930ef603e79e72367e9f9cf1185ca924375882fc57367650761f656
data/kegg_modules/mags/gbk_antismash/bin.15.orig.metawrap.1.repaired/knownclusterblast/NODE_26577_length_2715_cov_2.978571_c1.txt,225,e0578eba45be3c8d55ef857671188d193e4a2563cc9dfe8895754fbbb861d048
data/kegg_modules/mags/gbk_antismash/bin.15.orig.metawrap.1.repaired/knownclusterblast/NODE_38307_length_2268_cov_4.385901_c1.txt,225,09a95274366d6b209a99ce8d61a10e7df32cd55670e497485074bb3e71ef8180
data/kegg_modules/mags/gbk_antismash/bin.15.orig.metawrap.1.repaired/knownclusterblast/NODE_44091_length_2119_cov_3.260659_c1.txt,181,ab2c27f06606d3289ed815ad1dbccff471451b42ffe554916275c7a1c56d801d
data/kegg_modules/mags/gbk_antismash/bin.15.orig.metawrap.1.repaired/knownclusterblast/NODE_56879_length_1875_cov_2.809341_c1.txt,2281,e870e20f63d94b6ed3b08e4ce06b6d1af7e7efbe292b188942a3463b823937a5
data/kegg_modules/mags/gbk_antismash/bin.15.orig.metawrap.1.repaired/knownclusterblast/NODE_5718_length_5844_cov_3.241665_c1.txt,14361,08942ce89b06878138c44a0b21730df6a5b8688ac017d870c4d5404e2c227bc9
data/kegg_modules/mags/gbk_antismash/bin.15.orig.metawrap.1.repaired/knownclusterblast/NODE_57327_length_1868_cov_2.747380_c1.txt,8527,5f318158bf01c3148ea6763bcb8cbba51257b484e4f62295744cb3d6bdc3f8a2
data/kegg_modules/mags/gbk_antismash/bin.15.orig.metawrap.1.repaired/knownclusterblast/NODE_9061_length_4679_cov_3.030493_c1.txt,19281,70d4b6b30f57479b18f8303e24d7ec9152a96771453be6e15ef2f81c5ddd25de
data/kegg_modules/mags/gbk_antismash/bin.15.orig.metawrap.1.repaired/knownclusterblast/region1/ctg235_1_mibig_hits.html,565473,ad83fd0595d251f950ffffa1e34a32bc57ca0ec6daf654e3622f4ca0ab0a4e56
data/kegg_modules/mags/gbk_antismash/bin.15.orig.metawrap.1.repaired/knownclusterblast/region1/ctg241_1_mibig_hits.html,380981,2538dcc69462639827940d5a0496c7c48db04587626a3bbb5b26555b5c7df2ac
data/kegg_modules/mags/gbk_antismash/bin.15.orig.metawrap.1.repaired/knownclusterblast/region1/ctg252_1_mibig_hits.html,367777,749851d596b7b1daf3bfcdb77eabc1283fc95ee9d1c01a5dc28097c114062f12
data/kegg_modules/mags/gbk_antismash/bin.15.orig.metawrap.1.repaired/knownclusterblast/region1/ctg252_2_mibig_hits.html,183195,1ab759dfc7f52b004807006a69ab9883ee689c3ab6cad8b6e07411a351ee1221
data/kegg_modules/mags/gbk_antismash/bin.15.orig.metawrap.1.repaired/knownclusterblast/region1/ctg305_1_mibig_hits.html,10046,2c5f6ea5f261991dfa14d8e1bf6d92b90e88dd846b391b23366f70d92ccad9ee
data/kegg_modules/mags/gbk_antismash/bin.15.orig.metawrap.1.repaired/knownclusterblast/region1/ctg305_2_mibig_hits.html,1774,00eae15d9a960db5bb70c89993fd424a48905bbe66e7705265abc1941325fedc
data/kegg_modules/mags/gbk_antismash/bin.15.orig.metawrap.1.repaired/knownclusterblast/region1/ctg31_1_mibig_hits.html,637816,af053cb482cfc82a439108b46136f91859910991c7178b6b7b506b4d345dfb1b
data/kegg_modules/mags/gbk_antismash/bin.15.orig.metawrap.1.repaired/knownclusterblast/region1/ctg31_2_mibig_hits.html,316928,22acb0729f2ee5008d5b73a4a7a6c642f3c71b6d372b7e6a038e0229e77eb838
data/kegg_modules/mags/gbk_antismash/bin.15.orig.metawrap.1.repaired/knownclusterblast/region1/ctg3_12_mibig_hits.html,2550,3fa49514e10f3f87e70ef44b71aa103554a8203fc6024e4bd31ea511504ee767
data/kegg_modules/mags/gbk_antismash/bin.15.orig.metawrap.1.repaired/knownclusterblast/region1/ctg3_4_mibig_hits.html,8147,1f7f23d827e1a11f306ec41ffe5ed49cc34db4ad03517ee2b173077ff6d97c92
data/kegg_modules/mags/gbk_antismash/bin.15.orig.metawrap.1.repaired/knownclusterblast/region1/ctg3_6_mibig_hits.html,1767,20b6fa8caaa3cb770531e45953a0a77dd1414c3a0aa3c9dfbb09df2dc6f972a7
data/kegg_modules/mags/gbk_antismash/bin.15.orig.metawrap.1.repaired/knownclusterblast/region1/ctg3_8_mibig_hits.html,1765,661d6b286a9cbcf42aa54950807306f5011d7d79a6427e3d771b81cb53f7233b
data/kegg_modules/mags/gbk_antismash/bin.15.orig.metawrap.1.repaired/knownclusterblast/region1/ctg3_9_mibig_hits.html,2162,182a87ea7a75d521ccb63f54c5f97db41ba607f996989bf6956b4ee3fb7f998d
data/kegg_modules/mags/gbk_antismash/bin.15.orig.metawrap.1.repaired/knownclusterblast/region1/ctg450_1_mibig_hits.html,7712,3c88dd53e487eb462cbc2eb77bcf1d988ea0736a55120dd5f0a028dfd0c78bce
data/kegg_modules/mags/gbk_antismash/bin.15.orig.metawrap.1.repaired/knownclusterblast/region1/ctg450_2_mibig_hits.html,7272,4c36389c360ac9b96720436f789906cdec13739d00efef2906bd1143963b0608
data/kegg_modules/mags/gbk_antismash/bin.15.orig.metawrap.1.repaired/knownclusterblast/region1/ctg450_3_mibig_hits.html,22085,15983908a3ba10cd3cd7a5c06c85b8e748e0fab995464bac7d486baac008e888
data/kegg_modules/mags/gbk_antismash/bin.15.orig.metawrap.1.repaired/knownclusterblast/region1/ctg4_1_mibig_hits.html,598923,ec2b512949d98582b86ba7d6544b8faf0fb56371033d58653e94e812dac92306
data/kegg_modules/mags/gbk_antismash/bin.15.orig.metawrap.1.repaired/knownclusterblast/region1/ctg500_1_mibig_hits.html,458050,c7cf7f9eef8247f29967d224dc3adcd366d2758a5d7f0674c68a5f6085f9339c
data/kegg_modules/mags/gbk_antismash/bin.15.orig.metawrap.1.repaired/knownclusterblast/region1/ctg612_1_mibig_hits.html,648395,40214f08a8e8464cb46326b25b9c8b5fae95443b2b13e288bf3bc6f4ad8ca244
data/kegg_modules/mags/gbk_antismash/bin.15.orig.metawrap.1.repaired/knownclusterblast/region1/ctg614_1_mibig_hits.html,521111,0da70f62dbf98079f8bcbdb510532442e970307bea457b202366a3abaf2a217b
data/kegg_modules/mags/gbk_antismash/bin.15.orig.metawrap.1.repaired/knownclusterblast/region1/ctg614_2_mibig_hits.html,65722,d40a882a2f07b8f8773bff1a35e138176b57fbf55de84b1b23476ca1c15d6134
data/kegg_modules/mags/gbk_antismash/bin.15.orig.metawrap.1.repaired/knownclusterblast/region1/ctg77_1_mibig_hits.html,591614,61811f107ba3c1e0461a74646091b343b49e02ddd23863918457fd319389625d
data/kegg_modules/mags/gbk_antismash/bin.15.orig.metawrap.1.repaired/knownclusterblast/region1/ctg77_2_mibig_hits.html,432305,636d40aa34945a364f40d30232a359347a22d9347aad771b7d90cb7101b70929
data/kegg_modules/mags/gbk_antismash/bin.15.orig.metawrap.1.repaired/knownclusterblast/region1/ctg932_1_mibig_hits.html,478861,7b59837b4e9fc5c129ea704501a79eb83d436d3c7f2c13dc72fbb8256f53428c
data/kegg_modules/mags/gbk_antismash/bin.15.orig.metawrap.1.repaired/regions.js,1249966,d66b7a077e0fda6fe77120436a946bb6cb85bd3473ab63b543dc0136e3a0e64a
data/kegg_modules/mags/gbk_antismash/bin.15.orig.metawrap.1.repaired/subclusterblast/NODE_1447_length_11147_cov_3.559322_c1.txt,414,ada7b334d94eb2d6fd090c5f044f8d6d4e9a648244dbf3a331215805aba13d53
data/kegg_modules/mags/gbk_antismash/bin.15.orig.metawrap.1.repaired/subclusterblast/NODE_148598_length_1184_cov_2.592560_c1.txt,183,4fa29ea9591ef125e9bd7d0a812d2ca158cf10338cdfbe668eccdef6f808326d
data/kegg_modules/mags/gbk_antismash/bin.15.orig.metawrap.1.repaired/subclusterblast/NODE_20989_length_3053_cov_3.366911_c1.txt,182,5ad1e2c3234f569aa1b77f5500df78a5f9bd97fa2149222576cebd55a7a8b2df
data/kegg_modules/mags/gbk_antismash/bin.15.orig.metawrap.1.repaired/subclusterblast/NODE_21275_length_3031_cov_3.113575_c1.txt,181,b8c35f78d7df4ae17348e3559ecdd646d994ec1dce2b38512a40a410c0e39d25
data/kegg_modules/mags/gbk_antismash/bin.15.orig.metawrap.1.repaired/subclusterblast/NODE_22275_length_2964_cov_2.626676_c1.txt,204,23f10b666dd1b9662c5a2647f16b4c83cdd6603dc6d56ca5ea30930727cc60df
data/kegg_modules/mags/gbk_antismash/bin.15.orig.metawrap.1.repaired/subclusterblast/NODE_23376_length_2892_cov_3.753965_c1.txt,227,e33f2894965111ae320f3a3087385b09bf71103a8df58d445fa6b11730e658bd
data/kegg_modules/mags/gbk_antismash/bin.15.orig.metawrap.1.repaired/subclusterblast/NODE_2419_length_8792_cov_3.746595_c1.txt,178,a3074692d930ef603e79e72367e9f9cf1185ca924375882fc57367650761f656
data/kegg_modules/mags/gbk_antismash/bin.15.orig.metawrap.1.repaired/subclusterblast/NODE_26577_length_2715_cov_2.978571_c1.txt,225,e0578eba45be3c8d55ef857671188d193e4a2563cc9dfe8895754fbbb861d048
data/kegg_modules/mags/gbk_antismash/bin.15.orig.metawrap.1.repaired/subclusterblast/NODE_38307_length_2268_cov_4.385901_c1.txt,225,09a95274366d6b209a99ce8d61a10e7df32cd55670e497485074bb3e71ef8180
data/kegg_modules/mags/gbk_antismash/bin.15.orig.metawrap.1.repaired/subclusterblast/NODE_44091_length_2119_cov_3.260659_c1.txt,181,ab2c27f06606d3289ed815ad1dbccff471451b42ffe554916275c7a1c56d801d
data/kegg_modules/mags/gbk_antismash/bin.15.orig.metawrap.1.repaired/subclusterblast/NODE_56879_length_1875_cov_2.809341_c1.txt,181,f45fc485e1ac8b7bb89d59bdd4b436e19ae31a41516b63df6dab7967a0078840
data/kegg_modules/mags/gbk_antismash/bin.15.orig.metawrap.1.repaired/subclusterblast/NODE_5718_length_5844_cov_3.241665_c1.txt,201,c434c62c9ab9a2456f7eea3e318000877ac2feb78238ee649518df12bf185e23
data/kegg_modules/mags/gbk_antismash/bin.15.orig.metawrap.1.repaired/subclusterblast/NODE_57327_length_1868_cov_2.747380_c1.txt,204,2a465ca2f1471b294b99cb5ed380aa03a5204503e89a1bae09a44c4c20b88fd3
data/kegg_modules/mags/gbk_antismash/bin.15.orig.metawrap.1.repaired/subclusterblast/NODE_9061_length_4679_cov_3.030493_c1.txt,201,d2578b67a19915ed9593662dfeb242cff7c62234e016d4afed6973540b2cae5c
data/kegg_modules/mags/gbk_antismash/bin.16/NODE_3572_length_7342_cov_5.369837.region001.gbk,32281,18b628a32e4b97a38fc7319907e7bd1eca8c2de71014add810165ad5f7f9425d
data/kegg_modules/mags/gbk_antismash/bin.16/bacteria-0f2fab6b-1e2c-4d25-bfbb-b4a3386b5e4b.log,198721,cac9e9b28cd53f41989b32e3bd5bebe0a6d02a39357b9f5b962cc1be6608088f
data/kegg_modules/mags/gbk_antismash/bin.16/bin.16.gbk,1219142,47d36206f4a59626a9e46a433737dc30b9f3acbb27c91a138a8d1096f416282a
data/kegg_modules/mags/gbk_antismash/bin.16/bin.16.json,1699191,2f5452d5795c47844c2194b9227bcc36219d52be018d05486e0e14a819a4c933
data/kegg_modules/mags/gbk_antismash/bin.16/clusterblast/NODE_3572_length_7342_cov_5.369837_c1.txt,19891,31deb6fdc7f30dff2a66844d4535e54a22404fe58ac820b1feb537273ea74e6e
data/kegg_modules/mags/gbk_antismash/bin.16/css/bacteria.css,60848,26c59575cedb40d4fae2918eb1cfa654fcfef48d3201fd5a0698ac38787d9e05
data/kegg_modules/mags/gbk_antismash/bin.16/images/about.svg,513,6d1e020364b303924b8134a7fbfaa1ccd9eeb96ba4768458f3acc4ac4de975d9
data/kegg_modules/mags/gbk_antismash/bin.16/images/bacteria_about.png,1607,233d5f419f9cc758d7c04cf7a3b18cef4428d2a2e4c9b2e935b4802c39dafa28
data/kegg_modules/mags/gbk_antismash/bin.16/images/bacteria_antismash_icon.svg,37742,6da16d6861747ab558195c00dfd432ef1368bd276e33c54e2051026f1de8c0b4
data/kegg_modules/mags/gbk_antismash/bin.16/images/bacteria_antismash_logo.svg,8433,7f1ad3684593fb1142a8da074c72528a7b809607281c4ad05111a7e6431b0d7a
data/kegg_modules/mags/gbk_antismash/bin.16/images/bacteria_antismash_white.svg,40766,246536c562f73dbdc963368a4b6bf34cb631655f92d2034346efb013653ef3d8
data/kegg_modules/mags/gbk_antismash/bin.16/images/bacteria_download.png,1670,ed750bb0a6f6367c19a1839b3385d9e2c360df6c12162d9f071a1f8c9cc17bb4
data/kegg_modules/mags/gbk_antismash/bin.16/images/bacteria_help.png,1951,46c29244608bfed589db5aec58c3829c4ff9952a8c58cabd688377b1aa165902
data/kegg_modules/mags/gbk_antismash/bin.16/images/bacteria_home.png,1414,43807c609de0e5603ae9fb658c587122f30e1269d895e6230abebe46bb545be9
data/kegg_modules/mags/gbk_antismash/bin.16/images/bacteria_logo.png,3831,d0056272e08e276d8efd306f448b31bb6e5d4837062b31061e032d19546cfe43
data/kegg_modules/mags/gbk_antismash/bin.16/images/contact.svg,678,28628158c3f9ca0d84eeba0b9d739575e5aa22ff9c1a83a07ab516e610bd023d
data/kegg_modules/mags/gbk_antismash/bin.16/images/download.svg,656,d59cf2c1b60fbbe12d3aa1e399357abbe9653203687923db8c24aaa740e51d5e
data/kegg_modules/mags/gbk_antismash/bin.16/images/expand-arrows-alt-solid.svg,715,f594ab6317974e50859ca18601d6693b0716bd0487873c5462b06dc84bff1f8c
data/kegg_modules/mags/gbk_antismash/bin.16/images/external-link-alt-solid.svg,778,634f9cdc7e573b2c73012642fe8a8b6c14ae4a257870110afb26769f9ae50681
data/kegg_modules/mags/gbk_antismash/bin.16/images/fungi_about.png,1595,48038f56f8f94c116b3849b2afd892bb3a93a0b43f5062d417bc16d5b6b86c33
data/kegg_modules/mags/gbk_antismash/bin.16/images/fungi_antismash_icon.svg,3331,24a4418c5cdde1ecd51881b00f1106dc1798f77ced04faf895281e538083116d
data/kegg_modules/mags/gbk_antismash/bin.16/images/fungi_antismash_icon_white.svg,3335,b7e6c0d4c7e4011c602aada578e5035fe3443bc2ffe44befa0aaa706772c9757
data/kegg_modules/mags/gbk_antismash/bin.16/images/fungi_antismash_logo.svg,8401,10fa1d1e3a9911472704a8b7eb6eb776a720d17b3540bf1a9b6535d4967b9824
data/kegg_modules/mags/gbk_antismash/bin.16/images/fungi_download.png,1679,a5bf4ba46c42ec08318586026eba612aaf0e3132bc6f543d265da1b9317dd85a
data/kegg_modules/mags/gbk_antismash/bin.16/images/fungi_help.png,1863,c88eb0117df14d25d75728f347e9cfcf597e9f0fb35ae64b5855cd29cc299c7b
data/kegg_modules/mags/gbk_antismash/bin.16/images/fungi_home.png,1392,9065ade41a0986dd4169ee8170f9a0a2646d07f9e3b47d406b8d6562d9177003
data/kegg_modules/mags/gbk_antismash/bin.16/images/fungi_logo.png,3572,cab376256a90e3f87e472b58115d01b27935fc45234c33fb5b6df7c6b9f65cb5
data/kegg_modules/mags/gbk_antismash/bin.16/images/help.svg,794,c8e44944b5c351de20ed42ddb4668d3653f5efac134ead63859f4333bace342a
data/kegg_modules/mags/gbk_antismash/bin.16/images/mail.png,1459,7ec23ea17d4ab95dbcc2eb81016789e2524d0f9b6221a19f40fd04fadc9705c4
data/kegg_modules/mags/gbk_antismash/bin.16/images/minus-circle.svg,389,acb059d2d35c7206490072ff549d93219bf20e01b2b59e51db80b91def1d12ad
data/kegg_modules/mags/gbk_antismash/bin.16/images/nostructure_icon.png,4131,012a4403352653672ae1b3e704b997b4641ff1ec097c69fda004ba894e1c4355
data/kegg_modules/mags/gbk_antismash/bin.16/images/plant_antismash_icon.svg,22909,a842765151cc20dd2054ad99a13916f29f549b5a2a6b38a3f4aaaa10c9c533a5
data/kegg_modules/mags/gbk_antismash/bin.16/images/plant_antismash_icon_white.svg,22913,3c9dc64540c7ff0016d3a3b5f792c7d88f4ce1038643cade71a49cb709d3c963
data/kegg_modules/mags/gbk_antismash/bin.16/images/plus-circle.svg,491,9e80740025f9a84ca3fab0c60f23fb7965ffd816208773a326befd1e9841d7a8
data/kegg_modules/mags/gbk_antismash/bin.16/images/question-circle-solid.svg,854,c9babde9f7d66e40ab8ded58ac976714e9468ac30f70be8b6878b8b88cb5b0f4
data/kegg_modules/mags/gbk_antismash/bin.16/images/search-solid.svg,559,43a3063064b28abcc15bce8413838bcbb52297057495c286ded9a0c1c3dacfd4
data/kegg_modules/mags/gbk_antismash/bin.16/index.html,48841,6f8fbe303e5d631a6cd4e2bfb32cc2e778c6007ac1e34da08c23ec37b54ae249
data/kegg_modules/mags/gbk_antismash/bin.16/input/bin.16.fa,635847,0b5dcc8753a76faa7728c2698571fe9b6e7b6d78722a315fb9ee51703acad9e6
data/kegg_modules/mags/gbk_antismash/bin.16/js/antismash.js,258688,4b4254087d8e77b3e8a75ff34280316e7266c4e4a40a116c0bdeac65dd2bcdb5
data/kegg_modules/mags/gbk_antismash/bin.16/js/jquery.js,92629,c12f6098e641aaca96c60215800f18f5671039aecf812217fab3c0d152f6adb4
data/kegg_modules/mags/gbk_antismash/bin.16/js/jquery.tablesorter.min.js,16521,b038bcf4e9ddb5f60c93e49bfe7aeeaf40f8fcc2fa753ee56d1abe2bcb89a016
data/kegg_modules/mags/gbk_antismash/bin.16/knownclusterblast/NODE_3572_length_7342_cov_5.369837_c1.txt,351,8188326495f8fefc60b766b862a18dd9bee43ef3355bf5dfff90a02a18644de9
data/kegg_modules/mags/gbk_antismash/bin.16/knownclusterblast/region1/ctg19_4_mibig_hits.html,16114,4dc6fcff68d584555f6542bceb9a7be7a4a9341bbea41fc6bbe2455018ba91e6
data/kegg_modules/mags/gbk_antismash/bin.16/knownclusterblast/region1/ctg19_5_mibig_hits.html,9651,bb44128f30bcb54324b344b8aaffc23c08d49d8a5f6d907e384ab5c69ca10ba6
data/kegg_modules/mags/gbk_antismash/bin.16/regions.js,135729,494d1aea77da1208d02482fe5aca830ae5891d03885c3d5cd23ccb15c4ac7bea
data/kegg_modules/mags/gbk_antismash/bin.16/subclusterblast/NODE_3572_length_7342_cov_5.369837_c1.txt,351,8188326495f8fefc60b766b862a18dd9bee43ef3355bf5dfff90a02a18644de9
data/kegg_modules/mags/gbk_antismash/bin.17.orig.metawrap/NODE_11602_length_4135_cov_3.581127.region001.gbk,17457,7fa04c21e67b3b9037e7a594f8b4a5859e194a494357341d78c02d2b0cd690fd
data/kegg_modules/mags/gbk_antismash/bin.17.orig.metawrap/NODE_13059_length_3893_cov_3.389005.region001.gbk,13330,14f8436fb8a3b69785255a2842cb4f8147b5e67f145a4fae028adf00a1a4466a
data/kegg_modules/mags/gbk_antismash/bin.17.orig.metawrap/NODE_3376_length_7560_cov_3.759094.region001.gbk,29290,f3acc513de5016c7f6ff8865b48c5a250a707cfc637ca8d02e0c5fb99c063455
data/kegg_modules/mags/gbk_antismash/bin.17.orig.metawrap/bacteria-ee5530cc-a349-4482-bee0-4c88a4c9600c.log,683077,fe77a7837132d8a0661d7bd72ab0bdb1455dbc553aa4d7e90cbf8a7f94ed6edb
data/kegg_modules/mags/gbk_antismash/bin.17.orig.metawrap/bin.17.orig.metawrap.gbk,3065000,a712c04b10078162e9b72ef4d3bd773c49ca538e75cc11208536234bcb845156
data/kegg_modules/mags/gbk_antismash/bin.17.orig.metawrap/bin.17.orig.metawrap.json,4751482,9efbb9f17e28a1b8662fe881d8facd35915fb8b33dacd09ba7f64eccd90cb6c7
data/kegg_modules/mags/gbk_antismash/bin.17.orig.metawrap/clusterblast/NODE_11602_length_4135_cov_3.581127_c1.txt,27466,9e6a3aab7d540c21ae9505bc0a97e893f011cf608e39db5308f440fdb4df380d
data/kegg_modules/mags/gbk_antismash/bin.17.orig.metawrap/clusterblast/NODE_13059_length_3893_cov_3.389005_c1.txt,246,21595a2160a3aec76432e3717507b1fac8d8cffee1f4e2d40582106efc6345c7
data/kegg_modules/mags/gbk_antismash/bin.17.orig.metawrap/clusterblast/NODE_3376_length_7560_cov_3.759094_c1.txt,29041,4580885cd7ab8b56a1b918b76208bbdcacc5bfce6faa6704211b1c5384027e8f
data/kegg_modules/mags/gbk_antismash/bin.17.orig.metawrap/css/bacteria.css,60848,26c59575cedb40d4fae2918eb1cfa654fcfef48d3201fd5a0698ac38787d9e05
data/kegg_modules/mags/gbk_antismash/bin.17.orig.metawrap/images/about.svg,513,6d1e020364b303924b8134a7fbfaa1ccd9eeb96ba4768458f3acc4ac4de975d9
data/kegg_modules/mags/gbk_antismash/bin.17.orig.metawrap/images/bacteria_about.png,1607,233d5f419f9cc758d7c04cf7a3b18cef4428d2a2e4c9b2e935b4802c39dafa28
data/kegg_modules/mags/gbk_antismash/bin.17.orig.metawrap/images/bacteria_antismash_icon.svg,37742,6da16d6861747ab558195c00dfd432ef1368bd276e33c54e2051026f1de8c0b4
data/kegg_modules/mags/gbk_antismash/bin.17.orig.metawrap/images/bacteria_antismash_logo.svg,8433,7f1ad3684593fb1142a8da074c72528a7b809607281c4ad05111a7e6431b0d7a
data/kegg_modules/mags/gbk_antismash/bin.17.orig.metawrap/images/bacteria_antismash_white.svg,40766,246536c562f73dbdc963368a4b6bf34cb631655f92d2034346efb013653ef3d8
data/kegg_modules/mags/gbk_antismash/bin.17.orig.metawrap/images/bacteria_download.png,1670,ed750bb0a6f6367c19a1839b3385d9e2c360df6c12162d9f071a1f8c9cc17bb4
data/kegg_modules/mags/gbk_antismash/bin.17.orig.metawrap/images/bacteria_help.png,1951,46c29244608bfed589db5aec58c3829c4ff9952a8c58cabd688377b1aa165902
data/kegg_modules/mags/gbk_antismash/bin.17.orig.metawrap/images/bacteria_home.png,1414,43807c609de0e5603ae9fb658c587122f30e1269d895e6230abebe46bb545be9
data/kegg_modules/mags/gbk_antismash/bin.17.orig.metawrap/images/bacteria_logo.png,3831,d0056272e08e276d8efd306f448b31bb6e5d4837062b31061e032d19546cfe43
data/kegg_modules/mags/gbk_antismash/bin.17.orig.metawrap/images/contact.svg,678,28628158c3f9ca0d84eeba0b9d739575e5aa22ff9c1a83a07ab516e610bd023d
data/kegg_modules/mags/gbk_antismash/bin.17.orig.metawrap/images/download.svg,656,d59cf2c1b60fbbe12d3aa1e399357abbe9653203687923db8c24aaa740e51d5e
data/kegg_modules/mags/gbk_antismash/bin.17.orig.metawrap/images/expand-arrows-alt-solid.svg,715,f594ab6317974e50859ca18601d6693b0716bd0487873c5462b06dc84bff1f8c
data/kegg_modules/mags/gbk_antismash/bin.17.orig.metawrap/images/external-link-alt-solid.svg,778,634f9cdc7e573b2c73012642fe8a8b6c14ae4a257870110afb26769f9ae50681
data/kegg_modules/mags/gbk_antismash/bin.17.orig.metawrap/images/fungi_about.png,1595,48038f56f8f94c116b3849b2afd892bb3a93a0b43f5062d417bc16d5b6b86c33
data/kegg_modules/mags/gbk_antismash/bin.17.orig.metawrap/images/fungi_antismash_icon.svg,3331,24a4418c5cdde1ecd51881b00f1106dc1798f77ced04faf895281e538083116d
data/kegg_modules/mags/gbk_antismash/bin.17.orig.metawrap/images/fungi_antismash_icon_white.svg,3335,b7e6c0d4c7e4011c602aada578e5035fe3443bc2ffe44befa0aaa706772c9757
data/kegg_modules/mags/gbk_antismash/bin.17.orig.metawrap/images/fungi_antismash_logo.svg,8401,10fa1d1e3a9911472704a8b7eb6eb776a720d17b3540bf1a9b6535d4967b9824
data/kegg_modules/mags/gbk_antismash/bin.17.orig.metawrap/images/fungi_download.png,1679,a5bf4ba46c42ec08318586026eba612aaf0e3132bc6f543d265da1b9317dd85a
data/kegg_modules/mags/gbk_antismash/bin.17.orig.metawrap/images/fungi_help.png,1863,c88eb0117df14d25d75728f347e9cfcf597e9f0fb35ae64b5855cd29cc299c7b
data/kegg_modules/mags/gbk_antismash/bin.17.orig.metawrap/images/fungi_home.png,1392,9065ade41a0986dd4169ee8170f9a0a2646d07f9e3b47d406b8d6562d9177003
data/kegg_modules/mags/gbk_antismash/bin.17.orig.metawrap/images/fungi_logo.png,3572,cab376256a90e3f87e472b58115d01b27935fc45234c33fb5b6df7c6b9f65cb5
data/kegg_modules/mags/gbk_antismash/bin.17.orig.metawrap/images/help.svg,794,c8e44944b5c351de20ed42ddb4668d3653f5efac134ead63859f4333bace342a
data/kegg_modules/mags/gbk_antismash/bin.17.orig.metawrap/images/mail.png,1459,7ec23ea17d4ab95dbcc2eb81016789e2524d0f9b6221a19f40fd04fadc9705c4
data/kegg_modules/mags/gbk_antismash/bin.17.orig.metawrap/images/minus-circle.svg,389,acb059d2d35c7206490072ff549d93219bf20e01b2b59e51db80b91def1d12ad
data/kegg_modules/mags/gbk_antismash/bin.17.orig.metawrap/images/nostructure_icon.png,4131,012a4403352653672ae1b3e704b997b4641ff1ec097c69fda004ba894e1c4355
data/kegg_modules/mags/gbk_antismash/bin.17.orig.metawrap/images/plant_antismash_icon.svg,22909,a842765151cc20dd2054ad99a13916f29f549b5a2a6b38a3f4aaaa10c9c533a5
data/kegg_modules/mags/gbk_antismash/bin.17.orig.metawrap/images/plant_antismash_icon_white.svg,22913,3c9dc64540c7ff0016d3a3b5f792c7d88f4ce1038643cade71a49cb709d3c963
data/kegg_modules/mags/gbk_antismash/bin.17.orig.metawrap/images/plus-circle.svg,491,9e80740025f9a84ca3fab0c60f23fb7965ffd816208773a326befd1e9841d7a8
data/kegg_modules/mags/gbk_antismash/bin.17.orig.metawrap/images/question-circle-solid.svg,854,c9babde9f7d66e40ab8ded58ac976714e9468ac30f70be8b6878b8b88cb5b0f4
data/kegg_modules/mags/gbk_antismash/bin.17.orig.metawrap/images/search-solid.svg,559,43a3063064b28abcc15bce8413838bcbb52297057495c286ded9a0c1c3dacfd4
data/kegg_modules/mags/gbk_antismash/bin.17.orig.metawrap/index.html,128658,67a98270a5998434429ca2c6391936b54549dcc72a129be413b66dfac1ac4233
data/kegg_modules/mags/gbk_antismash/bin.17.orig.metawrap/input/bin.17.orig.metawrap.fasta,1564608,4311de3423725c19ac5ef30be9691ff003f7e58f71170f4eaa24692aea84de6b
data/kegg_modules/mags/gbk_antismash/bin.17.orig.metawrap/js/antismash.js,258688,4b4254087d8e77b3e8a75ff34280316e7266c4e4a40a116c0bdeac65dd2bcdb5
data/kegg_modules/mags/gbk_antismash/bin.17.orig.metawrap/js/jquery.js,92629,c12f6098e641aaca96c60215800f18f5671039aecf812217fab3c0d152f6adb4
data/kegg_modules/mags/gbk_antismash/bin.17.orig.metawrap/js/jquery.tablesorter.min.js,16521,b038bcf4e9ddb5f60c93e49bfe7aeeaf40f8fcc2fa753ee56d1abe2bcb89a016
data/kegg_modules/mags/gbk_antismash/bin.17.orig.metawrap/knownclusterblast/NODE_11602_length_4135_cov_3.581127_c1.txt,268,63a0e7a05749c4bee9b46667453aa34806ee7eed26db156e32cd900d186e2d27
data/kegg_modules/mags/gbk_antismash/bin.17.orig.metawrap/knownclusterblast/NODE_13059_length_3893_cov_3.389005_c1.txt,246,21595a2160a3aec76432e3717507b1fac8d8cffee1f4e2d40582106efc6345c7
data/kegg_modules/mags/gbk_antismash/bin.17.orig.metawrap/knownclusterblast/NODE_3376_length_7560_cov_3.759094_c1.txt,313,7025a9ade7f41ca747d576c4344c3b6310b464afb312c154a0955f88f431fcee
data/kegg_modules/mags/gbk_antismash/bin.17.orig.metawrap/knownclusterblast/region1/ctg114_3_mibig_hits.html,8664,f259d9be4844807841be7e7e46f350655151e1e24615ce9625ccd4793e9d9dbe
data/kegg_modules/mags/gbk_antismash/bin.17.orig.metawrap/knownclusterblast/region1/ctg11_3_mibig_hits.html,4975,75d251562213cf503a4aea3280c01340a7fa7517613886afa6390367c272cb5a
data/kegg_modules/mags/gbk_antismash/bin.17.orig.metawrap/knownclusterblast/region1/ctg97_5_mibig_hits.html,11775,c68443d16bd38d2e3e14e6fcc52e3cdeb63caadbd76a2f846cc11128574bb554
data/kegg_modules/mags/gbk_antismash/bin.17.orig.metawrap/regions.js,415509,8e5cf23ce331465368a7916c8b00b62d2888b0163c98431bfe9e59c1f10f3465
data/kegg_modules/mags/gbk_antismash/bin.17.orig.metawrap/subclusterblast/NODE_11602_length_4135_cov_3.581127_c1.txt,268,63a0e7a05749c4bee9b46667453aa34806ee7eed26db156e32cd900d186e2d27
data/kegg_modules/mags/gbk_antismash/bin.17.orig.metawrap/subclusterblast/NODE_13059_length_3893_cov_3.389005_c1.txt,246,21595a2160a3aec76432e3717507b1fac8d8cffee1f4e2d40582106efc6345c7
data/kegg_modules/mags/gbk_antismash/bin.17.orig.metawrap/subclusterblast/NODE_3376_length_7560_cov_3.759094_c1.txt,313,7025a9ade7f41ca747d576c4344c3b6310b464afb312c154a0955f88f431fcee
data/kegg_modules/mags/gbk_antismash/bin.18.strict.metawrap.1.repaired/NODE_16_length_30288_cov_3.843766.region001.gbk,32380,5565e3bedc7228e603e827a3244415252f01b626a6b63263ece93547d472b2c4
data/kegg_modules/mags/gbk_antismash/bin.18.strict.metawrap.1.repaired/NODE_25_length_23903_cov_2.041761.region001.gbk,81101,93f93297438bcb8edd16e271263482100f033ac91d3d500b42b0f9bfe07f5c40
data/kegg_modules/mags/gbk_antismash/bin.18.strict.metawrap.1.repaired/NODE_5_length_49508_cov_3.640125.region001.gbk,61361,7a3063e0cd9c22210aa82e1f6f0ab67484c90dedce644ff44523cfcf30268445
data/kegg_modules/mags/gbk_antismash/bin.18.strict.metawrap.1.repaired/bacteria-612e2999-9fac-41ee-a58f-0c9205392e93.log,447514,496530bf1b9af1d06a0aa02b622c2e6e9e253e63e078fdb4fdff17a2a5bdacba
data/kegg_modules/mags/gbk_antismash/bin.18.strict.metawrap.1.repaired/bin.18.strict.metawrap.1.repaired.gbk,4924301,5bd29fa44f8849a6b1fb57d85f697a3c9691c10c41fc13bdf1db489472212fda
data/kegg_modules/mags/gbk_antismash/bin.18.strict.metawrap.1.repaired/bin.18.strict.metawrap.1.repaired.json,6240478,3ac64b077252a6ce82dce91010ca196c487be0d1b1c7e0c974b5635fe48a6326
data/kegg_modules/mags/gbk_antismash/bin.18.strict.metawrap.1.repaired/clusterblast/NODE_16_length_30288_cov_3.843766_c1.txt,409,1128fece1913268b4c23d79cffebf337e7813584991a27b3290d412af7e9bb09
data/kegg_modules/mags/gbk_antismash/bin.18.strict.metawrap.1.repaired/clusterblast/NODE_25_length_23903_cov_2.041761_c1.txt,29503,c7d946821d8770e08de0914a0ee645343a52ea8dd3b6c708b40ffa76bbb1f18f
data/kegg_modules/mags/gbk_antismash/bin.18.strict.metawrap.1.repaired/clusterblast/NODE_5_length_49508_cov_3.640125_c1.txt,33916,ee3aa133da09262f31bfc0f0b357a50fb610b55e8cc007bd625eab276b4d6f86
data/kegg_modules/mags/gbk_antismash/bin.18.strict.metawrap.1.repaired/css/bacteria.css,60848,26c59575cedb40d4fae2918eb1cfa654fcfef48d3201fd5a0698ac38787d9e05
data/kegg_modules/mags/gbk_antismash/bin.18.strict.metawrap.1.repaired/images/about.svg,513,6d1e020364b303924b8134a7fbfaa1ccd9eeb96ba4768458f3acc4ac4de975d9
data/kegg_modules/mags/gbk_antismash/bin.18.strict.metawrap.1.repaired/images/bacteria_about.png,1607,233d5f419f9cc758d7c04cf7a3b18cef4428d2a2e4c9b2e935b4802c39dafa28
data/kegg_modules/mags/gbk_antismash/bin.18.strict.metawrap.1.repaired/images/bacteria_antismash_icon.svg,37742,6da16d6861747ab558195c00dfd432ef1368bd276e33c54e2051026f1de8c0b4
data/kegg_modules/mags/gbk_antismash/bin.18.strict.metawrap.1.repaired/images/bacteria_antismash_logo.svg,8433,7f1ad3684593fb1142a8da074c72528a7b809607281c4ad05111a7e6431b0d7a
data/kegg_modules/mags/gbk_antismash/bin.18.strict.metawrap.1.repaired/images/bacteria_antismash_white.svg,40766,246536c562f73dbdc963368a4b6bf34cb631655f92d2034346efb013653ef3d8
data/kegg_modules/mags/gbk_antismash/bin.18.strict.metawrap.1.repaired/images/bacteria_download.png,1670,ed750bb0a6f6367c19a1839b3385d9e2c360df6c12162d9f071a1f8c9cc17bb4
data/kegg_modules/mags/gbk_antismash/bin.18.strict.metawrap.1.repaired/images/bacteria_help.png,1951,46c29244608bfed589db5aec58c3829c4ff9952a8c58cabd688377b1aa165902
data/kegg_modules/mags/gbk_antismash/bin.18.strict.metawrap.1.repaired/images/bacteria_home.png,1414,43807c609de0e5603ae9fb658c587122f30e1269d895e6230abebe46bb545be9
data/kegg_modules/mags/gbk_antismash/bin.18.strict.metawrap.1.repaired/images/bacteria_logo.png,3831,d0056272e08e276d8efd306f448b31bb6e5d4837062b31061e032d19546cfe43
data/kegg_modules/mags/gbk_antismash/bin.18.strict.metawrap.1.repaired/images/contact.svg,678,28628158c3f9ca0d84eeba0b9d739575e5aa22ff9c1a83a07ab516e610bd023d
data/kegg_modules/mags/gbk_antismash/bin.18.strict.metawrap.1.repaired/images/download.svg,656,d59cf2c1b60fbbe12d3aa1e399357abbe9653203687923db8c24aaa740e51d5e
data/kegg_modules/mags/gbk_antismash/bin.18.strict.metawrap.1.repaired/images/expand-arrows-alt-solid.svg,715,f594ab6317974e50859ca18601d6693b0716bd0487873c5462b06dc84bff1f8c
data/kegg_modules/mags/gbk_antismash/bin.18.strict.metawrap.1.repaired/images/external-link-alt-solid.svg,778,634f9cdc7e573b2c73012642fe8a8b6c14ae4a257870110afb26769f9ae50681
data/kegg_modules/mags/gbk_antismash/bin.18.strict.metawrap.1.repaired/images/fungi_about.png,1595,48038f56f8f94c116b3849b2afd892bb3a93a0b43f5062d417bc16d5b6b86c33
data/kegg_modules/mags/gbk_antismash/bin.18.strict.metawrap.1.repaired/images/fungi_antismash_icon.svg,3331,24a4418c5cdde1ecd51881b00f1106dc1798f77ced04faf895281e538083116d
data/kegg_modules/mags/gbk_antismash/bin.18.strict.metawrap.1.repaired/images/fungi_antismash_icon_white.svg,3335,b7e6c0d4c7e4011c602aada578e5035fe3443bc2ffe44befa0aaa706772c9757
data/kegg_modules/mags/gbk_antismash/bin.18.strict.metawrap.1.repaired/images/fungi_antismash_logo.svg,8401,10fa1d1e3a9911472704a8b7eb6eb776a720d17b3540bf1a9b6535d4967b9824
data/kegg_modules/mags/gbk_antismash/bin.18.strict.metawrap.1.repaired/images/fungi_download.png,1679,a5bf4ba46c42ec08318586026eba612aaf0e3132bc6f543d265da1b9317dd85a
data/kegg_modules/mags/gbk_antismash/bin.18.strict.metawrap.1.repaired/images/fungi_help.png,1863,c88eb0117df14d25d75728f347e9cfcf597e9f0fb35ae64b5855cd29cc299c7b
data/kegg_modules/mags/gbk_antismash/bin.18.strict.metawrap.1.repaired/images/fungi_home.png,1392,9065ade41a0986dd4169ee8170f9a0a2646d07f9e3b47d406b8d6562d9177003
data/kegg_modules/mags/gbk_antismash/bin.18.strict.metawrap.1.repaired/images/fungi_logo.png,3572,cab376256a90e3f87e472b58115d01b27935fc45234c33fb5b6df7c6b9f65cb5
data/kegg_modules/mags/gbk_antismash/bin.18.strict.metawrap.1.repaired/images/help.svg,794,c8e44944b5c351de20ed42ddb4668d3653f5efac134ead63859f4333bace342a
data/kegg_modules/mags/gbk_antismash/bin.18.strict.metawrap.1.repaired/images/mail.png,1459,7ec23ea17d4ab95dbcc2eb81016789e2524d0f9b6221a19f40fd04fadc9705c4
data/kegg_modules/mags/gbk_antismash/bin.18.strict.metawrap.1.repaired/images/minus-circle.svg,389,acb059d2d35c7206490072ff549d93219bf20e01b2b59e51db80b91def1d12ad
data/kegg_modules/mags/gbk_antismash/bin.18.strict.metawrap.1.repaired/images/nostructure_icon.png,4131,012a4403352653672ae1b3e704b997b4641ff1ec097c69fda004ba894e1c4355
data/kegg_modules/mags/gbk_antismash/bin.18.strict.metawrap.1.repaired/images/plant_antismash_icon.svg,22909,a842765151cc20dd2054ad99a13916f29f549b5a2a6b38a3f4aaaa10c9c533a5
data/kegg_modules/mags/gbk_antismash/bin.18.strict.metawrap.1.repaired/images/plant_antismash_icon_white.svg,22913,3c9dc64540c7ff0016d3a3b5f792c7d88f4ce1038643cade71a49cb709d3c963
data/kegg_modules/mags/gbk_antismash/bin.18.strict.metawrap.1.repaired/images/plus-circle.svg,491,9e80740025f9a84ca3fab0c60f23fb7965ffd816208773a326befd1e9841d7a8
data/kegg_modules/mags/gbk_antismash/bin.18.strict.metawrap.1.repaired/images/question-circle-solid.svg,854,c9babde9f7d66e40ab8ded58ac976714e9468ac30f70be8b6878b8b88cb5b0f4
data/kegg_modules/mags/gbk_antismash/bin.18.strict.metawrap.1.repaired/images/search-solid.svg,559,43a3063064b28abcc15bce8413838bcbb52297057495c286ded9a0c1c3dacfd4
data/kegg_modules/mags/gbk_antismash/bin.18.strict.metawrap.1.repaired/index.html,114000,e97b1cc93f79e0476776c734f01eb52382d698bdddc5b68b43def66267880102
data/kegg_modules/mags/gbk_antismash/bin.18.strict.metawrap.1.repaired/input/bin.18.strict.metawrap.1.repaired.fasta,2634361,ca0b067102605c5875f1a97d235ef6d980854fb09f6bee55874f974012f7f4fa
data/kegg_modules/mags/gbk_antismash/bin.18.strict.metawrap.1.repaired/js/antismash.js,258688,4b4254087d8e77b3e8a75ff34280316e7266c4e4a40a116c0bdeac65dd2bcdb5
data/kegg_modules/mags/gbk_antismash/bin.18.strict.metawrap.1.repaired/js/jquery.js,92629,c12f6098e641aaca96c60215800f18f5671039aecf812217fab3c0d152f6adb4
data/kegg_modules/mags/gbk_antismash/bin.18.strict.metawrap.1.repaired/js/jquery.tablesorter.min.js,16521,b038bcf4e9ddb5f60c93e49bfe7aeeaf40f8fcc2fa753ee56d1abe2bcb89a016
data/kegg_modules/mags/gbk_antismash/bin.18.strict.metawrap.1.repaired/knownclusterblast/NODE_16_length_30288_cov_3.843766_c1.txt,409,1128fece1913268b4c23d79cffebf337e7813584991a27b3290d412af7e9bb09
data/kegg_modules/mags/gbk_antismash/bin.18.strict.metawrap.1.repaired/knownclusterblast/NODE_25_length_23903_cov_2.041761_c1.txt,576,4daea71328466905c9ca52c6b0b55ce592c688ba52d98b85c018eebbfd709b6c
data/kegg_modules/mags/gbk_antismash/bin.18.strict.metawrap.1.repaired/knownclusterblast/NODE_5_length_49508_cov_3.640125_c1.txt,590,2cfe5d26231b963e57a8fa8605116d0e65e31c51b24e5a45a751ef007ba42541
data/kegg_modules/mags/gbk_antismash/bin.18.strict.metawrap.1.repaired/knownclusterblast/region1/ctg16_26_mibig_hits.html,1785,cff597a97523e37396c710058eca53be05276c8e85f16e29205bfd044fa59845
data/kegg_modules/mags/gbk_antismash/bin.18.strict.metawrap.1.repaired/knownclusterblast/region1/ctg25_10_mibig_hits.html,15094,1930d7435acb38baa876a9e74f5163352c1a0847187cb274d82e83c8a439701a
data/kegg_modules/mags/gbk_antismash/bin.18.strict.metawrap.1.repaired/knownclusterblast/region1/ctg25_11_mibig_hits.html,8850,929843d14714ed424d9883fb28c97c2feea2f29c81a5ca2cdb4dc6f5f2f3e9a4
data/kegg_modules/mags/gbk_antismash/bin.18.strict.metawrap.1.repaired/knownclusterblast/region1/ctg25_12_mibig_hits.html,1777,5c95646cfd659525b8e27a54dcebecd12a8e7b5c50aee3e0a35851ab05538597
data/kegg_modules/mags/gbk_antismash/bin.18.strict.metawrap.1.repaired/knownclusterblast/region1/ctg25_15_mibig_hits.html,1761,7db428e8b176e2e095ed3fb57a3667b5c72f83ed1800d53c1c1182c8a5f80ab0
data/kegg_modules/mags/gbk_antismash/bin.18.strict.metawrap.1.repaired/knownclusterblast/region1/ctg25_16_mibig_hits.html,1793,f16909ef7beca477ad193902bab0b99f76bbcd2df25fd203c7cb82454d1e3ae9
data/kegg_modules/mags/gbk_antismash/bin.18.strict.metawrap.1.repaired/knownclusterblast/region1/ctg25_18_mibig_hits.html,2156,7cef6a8e6e47c3a01fc0149e82d775eb9c028890bf39acd607f1a64d6ef80402
data/kegg_modules/mags/gbk_antismash/bin.18.strict.metawrap.1.repaired/knownclusterblast/region1/ctg25_1_mibig_hits.html,5218,6548eff3f12fc668d08e5128ce8bf8cf0534765d035f52186d3eef1032937c30
data/kegg_modules/mags/gbk_antismash/bin.18.strict.metawrap.1.repaired/knownclusterblast/region1/ctg25_3_mibig_hits.html,2171,c39ee5063bba635093e2d3330808af0abbfdcff902e3b56e273a1d7d1596c281
data/kegg_modules/mags/gbk_antismash/bin.18.strict.metawrap.1.repaired/knownclusterblast/region1/ctg25_6_mibig_hits.html,2169,6bbbbcf240e6bc4adf02a58dc585e52659a1598288a5504f62c21034a990bb63
data/kegg_modules/mags/gbk_antismash/bin.18.strict.metawrap.1.repaired/knownclusterblast/region1/ctg5_26_mibig_hits.html,1769,02bc15f76c123621454cfc893294266f3eab36d78a11a4de0516e91fafdb8401
data/kegg_modules/mags/gbk_antismash/bin.18.strict.metawrap.1.repaired/knownclusterblast/region1/ctg5_33_mibig_hits.html,3007,477daa10fc48bcd017554d4db8e442508a122a2aeb8544000b964504f098f2cc
data/kegg_modules/mags/gbk_antismash/bin.18.strict.metawrap.1.repaired/knownclusterblast/region1/ctg5_34_mibig_hits.html,3389,9b8f4fd6c955eac8ec8e08e28cb98102103ac739934e872b1b98b815a5fcd28e
data/kegg_modules/mags/gbk_antismash/bin.18.strict.metawrap.1.repaired/knownclusterblast/region1/ctg5_35_mibig_hits.html,4980,1957fe945f8e5a65cd02769a7cc5498ea3c754de6c0896c01f02742eb91c0269
data/kegg_modules/mags/gbk_antismash/bin.18.strict.metawrap.1.repaired/knownclusterblast/region1/ctg5_36_mibig_hits.html,3378,91d5b8dffe51570be1a723ffee4f367f4d2ce1b7e60b2afe57e55f35e2f21bcf
data/kegg_modules/mags/gbk_antismash/bin.18.strict.metawrap.1.repaired/knownclusterblast/region1/ctg5_37_mibig_hits.html,5707,d5e95ecd49417e8578d04373d829d8e1c7041e518d608f650b3522709d2c181f
data/kegg_modules/mags/gbk_antismash/bin.18.strict.metawrap.1.repaired/knownclusterblast/region1/ctg5_38_mibig_hits.html,4847,f88b56859d8d9e033d046687934f4fe5efe95049b1cfb5fc8b562b65aa3ab7c2
data/kegg_modules/mags/gbk_antismash/bin.18.strict.metawrap.1.repaired/knownclusterblast/region1/ctg5_39_mibig_hits.html,28465,5b941878a959a220e38c97133ea02b91aeb448768be8ac08e3509315a64aa437
data/kegg_modules/mags/gbk_antismash/bin.18.strict.metawrap.1.repaired/regions.js,598079,f34120adf2dbebb1f91cb77885be1b2df30fb917237149649baba109a0cb39d4
data/kegg_modules/mags/gbk_antismash/bin.18.strict.metawrap.1.repaired/subclusterblast/NODE_16_length_30288_cov_3.843766_c1.txt,409,1128fece1913268b4c23d79cffebf337e7813584991a27b3290d412af7e9bb09
data/kegg_modules/mags/gbk_antismash/bin.18.strict.metawrap.1.repaired/subclusterblast/NODE_25_length_23903_cov_2.041761_c1.txt,576,4daea71328466905c9ca52c6b0b55ce592c688ba52d98b85c018eebbfd709b6c
data/kegg_modules/mags/gbk_antismash/bin.18.strict.metawrap.1.repaired/subclusterblast/NODE_5_length_49508_cov_3.640125_c1.txt,590,2cfe5d26231b963e57a8fa8605116d0e65e31c51b24e5a45a751ef007ba42541
data/kegg_modules/mags/gbk_antismash/bin.2/NODE_19793_length_3150_cov_3.290145.region001.gbk,15450,7c416c84452c86b1eb0f0ac72c6df945bc124a60e97bf97d1de87171b55220d3
data/kegg_modules/mags/gbk_antismash/bin.2/NODE_41380_length_2184_cov_3.001879.region001.gbk,11267,a4e116200960a568a93efd3b21b67e6e1473301f22ca20b22619152814ced895
data/kegg_modules/mags/gbk_antismash/bin.2/bacteria-7128acc2-41ff-45e5-97f3-08739c39492f.log,858097,202cc7888da7f20b6646808c6c2b8b6d61a5588d45231227d94c2d7519cc605e
data/kegg_modules/mags/gbk_antismash/bin.2/bin.2.gbk,2388991,82f78095ab1a61af0d4f164fcf7f1f481c200ac5006517f1949c783712dc7e2b
data/kegg_modules/mags/gbk_antismash/bin.2/bin.2.json,3989510,d7f08081ffbe3c265cf3e6b678d865aa3d0115054395b75cc23978180facbcd5
data/kegg_modules/mags/gbk_antismash/bin.2/clusterblast/NODE_19793_length_3150_cov_3.290145_c1.txt,241,0301313981c3d2187f8ba4de5a19bb34ca44c1f2d5a76f152334dc43bb1eecef
data/kegg_modules/mags/gbk_antismash/bin.2/clusterblast/NODE_41380_length_2184_cov_3.001879_c1.txt,28131,43c8d562b2393db5203eab3462daa2006de71c1173f29fb296c598a120a57372
data/kegg_modules/mags/gbk_antismash/bin.2/css/bacteria.css,60848,26c59575cedb40d4fae2918eb1cfa654fcfef48d3201fd5a0698ac38787d9e05
data/kegg_modules/mags/gbk_antismash/bin.2/images/about.svg,513,6d1e020364b303924b8134a7fbfaa1ccd9eeb96ba4768458f3acc4ac4de975d9
data/kegg_modules/mags/gbk_antismash/bin.2/images/bacteria_about.png,1607,233d5f419f9cc758d7c04cf7a3b18cef4428d2a2e4c9b2e935b4802c39dafa28
data/kegg_modules/mags/gbk_antismash/bin.2/images/bacteria_antismash_icon.svg,37742,6da16d6861747ab558195c00dfd432ef1368bd276e33c54e2051026f1de8c0b4
data/kegg_modules/mags/gbk_antismash/bin.2/images/bacteria_antismash_logo.svg,8433,7f1ad3684593fb1142a8da074c72528a7b809607281c4ad05111a7e6431b0d7a
data/kegg_modules/mags/gbk_antismash/bin.2/images/bacteria_antismash_white.svg,40766,246536c562f73dbdc963368a4b6bf34cb631655f92d2034346efb013653ef3d8
data/kegg_modules/mags/gbk_antismash/bin.2/images/bacteria_download.png,1670,ed750bb0a6f6367c19a1839b3385d9e2c360df6c12162d9f071a1f8c9cc17bb4
data/kegg_modules/mags/gbk_antismash/bin.2/images/bacteria_help.png,1951,46c29244608bfed589db5aec58c3829c4ff9952a8c58cabd688377b1aa165902
data/kegg_modules/mags/gbk_antismash/bin.2/images/bacteria_home.png,1414,43807c609de0e5603ae9fb658c587122f30e1269d895e6230abebe46bb545be9
data/kegg_modules/mags/gbk_antismash/bin.2/images/bacteria_logo.png,3831,d0056272e08e276d8efd306f448b31bb6e5d4837062b31061e032d19546cfe43
data/kegg_modules/mags/gbk_antismash/bin.2/images/contact.svg,678,28628158c3f9ca0d84eeba0b9d739575e5aa22ff9c1a83a07ab516e610bd023d
data/kegg_modules/mags/gbk_antismash/bin.2/images/download.svg,656,d59cf2c1b60fbbe12d3aa1e399357abbe9653203687923db8c24aaa740e51d5e
data/kegg_modules/mags/gbk_antismash/bin.2/images/expand-arrows-alt-solid.svg,715,f594ab6317974e50859ca18601d6693b0716bd0487873c5462b06dc84bff1f8c
data/kegg_modules/mags/gbk_antismash/bin.2/images/external-link-alt-solid.svg,778,634f9cdc7e573b2c73012642fe8a8b6c14ae4a257870110afb26769f9ae50681
data/kegg_modules/mags/gbk_antismash/bin.2/images/fungi_about.png,1595,48038f56f8f94c116b3849b2afd892bb3a93a0b43f5062d417bc16d5b6b86c33
data/kegg_modules/mags/gbk_antismash/bin.2/images/fungi_antismash_icon.svg,3331,24a4418c5cdde1ecd51881b00f1106dc1798f77ced04faf895281e538083116d
data/kegg_modules/mags/gbk_antismash/bin.2/images/fungi_antismash_icon_white.svg,3335,b7e6c0d4c7e4011c602aada578e5035fe3443bc2ffe44befa0aaa706772c9757
data/kegg_modules/mags/gbk_antismash/bin.2/images/fungi_antismash_logo.svg,8401,10fa1d1e3a9911472704a8b7eb6eb776a720d17b3540bf1a9b6535d4967b9824
data/kegg_modules/mags/gbk_antismash/bin.2/images/fungi_download.png,1679,a5bf4ba46c42ec08318586026eba612aaf0e3132bc6f543d265da1b9317dd85a
data/kegg_modules/mags/gbk_antismash/bin.2/images/fungi_help.png,1863,c88eb0117df14d25d75728f347e9cfcf597e9f0fb35ae64b5855cd29cc299c7b
data/kegg_modules/mags/gbk_antismash/bin.2/images/fungi_home.png,1392,9065ade41a0986dd4169ee8170f9a0a2646d07f9e3b47d406b8d6562d9177003
data/kegg_modules/mags/gbk_antismash/bin.2/images/fungi_logo.png,3572,cab376256a90e3f87e472b58115d01b27935fc45234c33fb5b6df7c6b9f65cb5
data/kegg_modules/mags/gbk_antismash/bin.2/images/help.svg,794,c8e44944b5c351de20ed42ddb4668d3653f5efac134ead63859f4333bace342a
data/kegg_modules/mags/gbk_antismash/bin.2/images/mail.png,1459,7ec23ea17d4ab95dbcc2eb81016789e2524d0f9b6221a19f40fd04fadc9705c4
data/kegg_modules/mags/gbk_antismash/bin.2/images/minus-circle.svg,389,acb059d2d35c7206490072ff549d93219bf20e01b2b59e51db80b91def1d12ad
data/kegg_modules/mags/gbk_antismash/bin.2/images/nostructure_icon.png,4131,012a4403352653672ae1b3e704b997b4641ff1ec097c69fda004ba894e1c4355
data/kegg_modules/mags/gbk_antismash/bin.2/images/plant_antismash_icon.svg,22909,a842765151cc20dd2054ad99a13916f29f549b5a2a6b38a3f4aaaa10c9c533a5
data/kegg_modules/mags/gbk_antismash/bin.2/images/plant_antismash_icon_white.svg,22913,3c9dc64540c7ff0016d3a3b5f792c7d88f4ce1038643cade71a49cb709d3c963
data/kegg_modules/mags/gbk_antismash/bin.2/images/plus-circle.svg,491,9e80740025f9a84ca3fab0c60f23fb7965ffd816208773a326befd1e9841d7a8
data/kegg_modules/mags/gbk_antismash/bin.2/images/question-circle-solid.svg,854,c9babde9f7d66e40ab8ded58ac976714e9468ac30f70be8b6878b8b88cb5b0f4
data/kegg_modules/mags/gbk_antismash/bin.2/images/search-solid.svg,559,43a3063064b28abcc15bce8413838bcbb52297057495c286ded9a0c1c3dacfd4
data/kegg_modules/mags/gbk_antismash/bin.2/index.html,101889,cb5469ef60bfc77e33fad6cb58c31e950d9533900d74c255ace47d54cd538040
data/kegg_modules/mags/gbk_antismash/bin.2/input/bin.2.fa,1136239,004b03e8fcc22444b3baa1683a0b1bcba92d3d573851c888628c5183765ea693
data/kegg_modules/mags/gbk_antismash/bin.2/js/antismash.js,258688,4b4254087d8e77b3e8a75ff34280316e7266c4e4a40a116c0bdeac65dd2bcdb5
data/kegg_modules/mags/gbk_antismash/bin.2/js/jquery.js,92629,c12f6098e641aaca96c60215800f18f5671039aecf812217fab3c0d152f6adb4
data/kegg_modules/mags/gbk_antismash/bin.2/js/jquery.tablesorter.min.js,16521,b038bcf4e9ddb5f60c93e49bfe7aeeaf40f8fcc2fa753ee56d1abe2bcb89a016
data/kegg_modules/mags/gbk_antismash/bin.2/knownclusterblast/NODE_19793_length_3150_cov_3.290145_c1.txt,241,0301313981c3d2187f8ba4de5a19bb34ca44c1f2d5a76f152334dc43bb1eecef
data/kegg_modules/mags/gbk_antismash/bin.2/knownclusterblast/NODE_41380_length_2184_cov_3.001879_c1.txt,223,1f800e1c69e693ff5950b62b92e50654ce68e095a9139cdbb9a38cc4e6b8ae74
data/kegg_modules/mags/gbk_antismash/bin.2/knownclusterblast/region1/ctg154_2_mibig_hits.html,3374,52a3ddb9fd021e253f799196fee6f7651609f02000954fd1bf84d51f35bad7d8
data/kegg_modules/mags/gbk_antismash/bin.2/knownclusterblast/region1/ctg154_3_mibig_hits.html,17100,fa94b650e4b511b670a8a2d250898e31296742f126cff2be7efe077c8ec9dcbe
data/kegg_modules/mags/gbk_antismash/bin.2/knownclusterblast/region1/ctg46_2_mibig_hits.html,1792,4e05f8432ee95d7e0577e27f65c4fea7e2d0d4b9c370d0b028bb5b6e2edf2ad6
data/kegg_modules/mags/gbk_antismash/bin.2/knownclusterblast/region1/ctg46_3_mibig_hits.html,3330,db7a1b67794aa00699acd7fa9c7cdd33e2e198a8a5c0c3d209e6b36e8408d487
data/kegg_modules/mags/gbk_antismash/bin.2/knownclusterblast/region1/ctg46_4_mibig_hits.html,22731,fa72b9e1152dcf1d9fd48b7b8ed87dce6487c1601f28c94a0c6e751410c17577
data/kegg_modules/mags/gbk_antismash/bin.2/regions.js,192042,fc3f05d9e13d1cab4ae90ebe4fed13834419cd49804ce18260f6f4f324c499b5
data/kegg_modules/mags/gbk_antismash/bin.2/subclusterblast/NODE_19793_length_3150_cov_3.290145_c1.txt,241,0301313981c3d2187f8ba4de5a19bb34ca44c1f2d5a76f152334dc43bb1eecef
data/kegg_modules/mags/gbk_antismash/bin.2/subclusterblast/NODE_41380_length_2184_cov_3.001879_c1.txt,223,1f800e1c69e693ff5950b62b92e50654ce68e095a9139cdbb9a38cc4e6b8ae74
data/kegg_modules/mags/gbk_antismash/bin.22.orig.metawrap.1.repaired/NODE_15293_length_3585_cov_6.994334.region001.gbk,15249,01e9c710fcd127994f062edccfd882116034717923b4b9091f84e440bfc3ee73
data/kegg_modules/mags/gbk_antismash/bin.22.orig.metawrap.1.repaired/NODE_33213_length_2432_cov_4.398822.region001.gbk,11361,0a4d2059c9bd186afde6acd3e224bbe23502a796e7080e47eb50d2ea4b44cf33
data/kegg_modules/mags/gbk_antismash/bin.22.orig.metawrap.1.repaired/NODE_41410_length_2183_cov_4.094455.region001.gbk,10303,96a9f65148cd42f55367241913aeaf3994d5133418da75fbe505ab1eb5466de7
data/kegg_modules/mags/gbk_antismash/bin.22.orig.metawrap.1.repaired/bacteria-0ed71425-ddb9-4370-840b-2e90cbd82ffb.log,1029138,a3f444b94418270750b8f7252486371df9c9c72ad2fd78700b004001364a2355
data/kegg_modules/mags/gbk_antismash/bin.22.orig.metawrap.1.repaired/bin.22.orig.metawrap.1.repaired.gbk,3326061,3244bbc6d4dd53a92a67f5931e1aa552a156e907031cc0f7c8a0d1ed954bd629
data/kegg_modules/mags/gbk_antismash/bin.22.orig.metawrap.1.repaired/bin.22.orig.metawrap.1.repaired.json,4393551,538f2321934f0166e0c482897eedb2f51a3131cd42833f41a4e2d52a0e0fb397
data/kegg_modules/mags/gbk_antismash/bin.22.orig.metawrap.1.repaired/clusterblast/NODE_15293_length_3585_cov_6.994334_c1.txt,848,1ee54383e5dfa66b4f7bda9b70c491fb69d8d4760d574b11df415a63aae4cc44
data/kegg_modules/mags/gbk_antismash/bin.22.orig.metawrap.1.repaired/clusterblast/NODE_33213_length_2432_cov_4.398822_c1.txt,1376,59ee48b4c8357345d9005808d9269b1bbf6395fa63f839151aa319016b71e749
data/kegg_modules/mags/gbk_antismash/bin.22.orig.metawrap.1.repaired/clusterblast/NODE_41410_length_2183_cov_4.094455_c1.txt,225,235932dd38eed001b3a08bd9e0def99957057dd4a7bcd7aba29d21b1a3f5e672
data/kegg_modules/mags/gbk_antismash/bin.22.orig.metawrap.1.repaired/css/bacteria.css,60848,26c59575cedb40d4fae2918eb1cfa654fcfef48d3201fd5a0698ac38787d9e05
data/kegg_modules/mags/gbk_antismash/bin.22.orig.metawrap.1.repaired/images/about.svg,513,6d1e020364b303924b8134a7fbfaa1ccd9eeb96ba4768458f3acc4ac4de975d9
data/kegg_modules/mags/gbk_antismash/bin.22.orig.metawrap.1.repaired/images/bacteria_about.png,1607,233d5f419f9cc758d7c04cf7a3b18cef4428d2a2e4c9b2e935b4802c39dafa28
data/kegg_modules/mags/gbk_antismash/bin.22.orig.metawrap.1.repaired/images/bacteria_antismash_icon.svg,37742,6da16d6861747ab558195c00dfd432ef1368bd276e33c54e2051026f1de8c0b4
data/kegg_modules/mags/gbk_antismash/bin.22.orig.metawrap.1.repaired/images/bacteria_antismash_logo.svg,8433,7f1ad3684593fb1142a8da074c72528a7b809607281c4ad05111a7e6431b0d7a
data/kegg_modules/mags/gbk_antismash/bin.22.orig.metawrap.1.repaired/images/bacteria_antismash_white.svg,40766,246536c562f73dbdc963368a4b6bf34cb631655f92d2034346efb013653ef3d8
data/kegg_modules/mags/gbk_antismash/bin.22.orig.metawrap.1.repaired/images/bacteria_download.png,1670,ed750bb0a6f6367c19a1839b3385d9e2c360df6c12162d9f071a1f8c9cc17bb4
data/kegg_modules/mags/gbk_antismash/bin.22.orig.metawrap.1.repaired/images/bacteria_help.png,1951,46c29244608bfed589db5aec58c3829c4ff9952a8c58cabd688377b1aa165902
data/kegg_modules/mags/gbk_antismash/bin.22.orig.metawrap.1.repaired/images/bacteria_home.png,1414,43807c609de0e5603ae9fb658c587122f30e1269d895e6230abebe46bb545be9
data/kegg_modules/mags/gbk_antismash/bin.22.orig.metawrap.1.repaired/images/bacteria_logo.png,3831,d0056272e08e276d8efd306f448b31bb6e5d4837062b31061e032d19546cfe43
data/kegg_modules/mags/gbk_antismash/bin.22.orig.metawrap.1.repaired/images/contact.svg,678,28628158c3f9ca0d84eeba0b9d739575e5aa22ff9c1a83a07ab516e610bd023d
data/kegg_modules/mags/gbk_antismash/bin.22.orig.metawrap.1.repaired/images/download.svg,656,d59cf2c1b60fbbe12d3aa1e399357abbe9653203687923db8c24aaa740e51d5e
data/kegg_modules/mags/gbk_antismash/bin.22.orig.metawrap.1.repaired/images/expand-arrows-alt-solid.svg,715,f594ab6317974e50859ca18601d6693b0716bd0487873c5462b06dc84bff1f8c
data/kegg_modules/mags/gbk_antismash/bin.22.orig.metawrap.1.repaired/images/external-link-alt-solid.svg,778,634f9cdc7e573b2c73012642fe8a8b6c14ae4a257870110afb26769f9ae50681
data/kegg_modules/mags/gbk_antismash/bin.22.orig.metawrap.1.repaired/images/fungi_about.png,1595,48038f56f8f94c116b3849b2afd892bb3a93a0b43f5062d417bc16d5b6b86c33
data/kegg_modules/mags/gbk_antismash/bin.22.orig.metawrap.1.repaired/images/fungi_antismash_icon.svg,3331,24a4418c5cdde1ecd51881b00f1106dc1798f77ced04faf895281e538083116d
data/kegg_modules/mags/gbk_antismash/bin.22.orig.metawrap.1.repaired/images/fungi_antismash_icon_white.svg,3335,b7e6c0d4c7e4011c602aada578e5035fe3443bc2ffe44befa0aaa706772c9757
data/kegg_modules/mags/gbk_antismash/bin.22.orig.metawrap.1.repaired/images/fungi_antismash_logo.svg,8401,10fa1d1e3a9911472704a8b7eb6eb776a720d17b3540bf1a9b6535d4967b9824
data/kegg_modules/mags/gbk_antismash/bin.22.orig.metawrap.1.repaired/images/fungi_download.png,1679,a5bf4ba46c42ec08318586026eba612aaf0e3132bc6f543d265da1b9317dd85a
data/kegg_modules/mags/gbk_antismash/bin.22.orig.metawrap.1.repaired/images/fungi_help.png,1863,c88eb0117df14d25d75728f347e9cfcf597e9f0fb35ae64b5855cd29cc299c7b
data/kegg_modules/mags/gbk_antismash/bin.22.orig.metawrap.1.repaired/images/fungi_home.png,1392,9065ade41a0986dd4169ee8170f9a0a2646d07f9e3b47d406b8d6562d9177003
data/kegg_modules/mags/gbk_antismash/bin.22.orig.metawrap.1.repaired/images/fungi_logo.png,3572,cab376256a90e3f87e472b58115d01b27935fc45234c33fb5b6df7c6b9f65cb5
data/kegg_modules/mags/gbk_antismash/bin.22.orig.metawrap.1.repaired/images/help.svg,794,c8e44944b5c351de20ed42ddb4668d3653f5efac134ead63859f4333bace342a
data/kegg_modules/mags/gbk_antismash/bin.22.orig.metawrap.1.repaired/images/mail.png,1459,7ec23ea17d4ab95dbcc2eb81016789e2524d0f9b6221a19f40fd04fadc9705c4
data/kegg_modules/mags/gbk_antismash/bin.22.orig.metawrap.1.repaired/images/minus-circle.svg,389,acb059d2d35c7206490072ff549d93219bf20e01b2b59e51db80b91def1d12ad
data/kegg_modules/mags/gbk_antismash/bin.22.orig.metawrap.1.repaired/images/nostructure_icon.png,4131,012a4403352653672ae1b3e704b997b4641ff1ec097c69fda004ba894e1c4355
data/kegg_modules/mags/gbk_antismash/bin.22.orig.metawrap.1.repaired/images/plant_antismash_icon.svg,22909,a842765151cc20dd2054ad99a13916f29f549b5a2a6b38a3f4aaaa10c9c533a5
data/kegg_modules/mags/gbk_antismash/bin.22.orig.metawrap.1.repaired/images/plant_antismash_icon_white.svg,22913,3c9dc64540c7ff0016d3a3b5f792c7d88f4ce1038643cade71a49cb709d3c963
data/kegg_modules/mags/gbk_antismash/bin.22.orig.metawrap.1.repaired/images/plus-circle.svg,491,9e80740025f9a84ca3fab0c60f23fb7965ffd816208773a326befd1e9841d7a8
data/kegg_modules/mags/gbk_antismash/bin.22.orig.metawrap.1.repaired/images/question-circle-solid.svg,854,c9babde9f7d66e40ab8ded58ac976714e9468ac30f70be8b6878b8b88cb5b0f4
data/kegg_modules/mags/gbk_antismash/bin.22.orig.metawrap.1.repaired/images/search-solid.svg,559,43a3063064b28abcc15bce8413838bcbb52297057495c286ded9a0c1c3dacfd4
data/kegg_modules/mags/gbk_antismash/bin.22.orig.metawrap.1.repaired/index.html,125262,3c0cbe2daf1a58d5cc664fe477a9a33b8df01951c664cda7b8f7ecf2667bacfa
data/kegg_modules/mags/gbk_antismash/bin.22.orig.metawrap.1.repaired/input/bin.22.orig.metawrap.1.repaired.fasta,1654640,1d449cf8c50c5472856f8219e4312ec66fb33128f753e7413b00ef09f344174f
data/kegg_modules/mags/gbk_antismash/bin.22.orig.metawrap.1.repaired/js/antismash.js,258688,4b4254087d8e77b3e8a75ff34280316e7266c4e4a40a116c0bdeac65dd2bcdb5
data/kegg_modules/mags/gbk_antismash/bin.22.orig.metawrap.1.repaired/js/jquery.js,92629,c12f6098e641aaca96c60215800f18f5671039aecf812217fab3c0d152f6adb4
data/kegg_modules/mags/gbk_antismash/bin.22.orig.metawrap.1.repaired/js/jquery.tablesorter.min.js,16521,b038bcf4e9ddb5f60c93e49bfe7aeeaf40f8fcc2fa753ee56d1abe2bcb89a016
data/kegg_modules/mags/gbk_antismash/bin.22.orig.metawrap.1.repaired/knownclusterblast/NODE_15293_length_3585_cov_6.994334_c1.txt,224,2a3325a8a80c5d5b83de4afc5c0f5df230e13f9e9c7e4728398a315ec4703f34
data/kegg_modules/mags/gbk_antismash/bin.22.orig.metawrap.1.repaired/knownclusterblast/NODE_33213_length_2432_cov_4.398822_c1.txt,271,d76f6563f858bb870eb576fe2735edba3947813372cadb3100938115a88271e6
data/kegg_modules/mags/gbk_antismash/bin.22.orig.metawrap.1.repaired/knownclusterblast/NODE_41410_length_2183_cov_4.094455_c1.txt,225,235932dd38eed001b3a08bd9e0def99957057dd4a7bcd7aba29d21b1a3f5e672
data/kegg_modules/mags/gbk_antismash/bin.22.orig.metawrap.1.repaired/knownclusterblast/region1/ctg219_2_mibig_hits.html,14606,33f27840b7214a88b9faf27a9ef68e25b86c45d3984b0f4ddbe766286e9707d6
data/kegg_modules/mags/gbk_antismash/bin.22.orig.metawrap.1.repaired/knownclusterblast/region1/ctg75_1_mibig_hits.html,3687,d549e5c628e2e7206e118ac666765d3e02943d2c4b4b6242b0d2f95089cec9cf
data/kegg_modules/mags/gbk_antismash/bin.22.orig.metawrap.1.repaired/knownclusterblast/region1/ctg75_2_mibig_hits.html,23840,cfa742a913c2b77b00da8e36d89aef8c104f5e1fcca6d014cf0547673a28d429
data/kegg_modules/mags/gbk_antismash/bin.22.orig.metawrap.1.repaired/regions.js,191806,837c76a358fbd3f4f49b8b38866a750b4725f02a427924afd2f68f2eef07ca01
data/kegg_modules/mags/gbk_antismash/bin.22.orig.metawrap.1.repaired/subclusterblast/NODE_15293_length_3585_cov_6.994334_c1.txt,224,2a3325a8a80c5d5b83de4afc5c0f5df230e13f9e9c7e4728398a315ec4703f34
data/kegg_modules/mags/gbk_antismash/bin.22.orig.metawrap.1.repaired/subclusterblast/NODE_33213_length_2432_cov_4.398822_c1.txt,271,d76f6563f858bb870eb576fe2735edba3947813372cadb3100938115a88271e6
data/kegg_modules/mags/gbk_antismash/bin.22.orig.metawrap.1.repaired/subclusterblast/NODE_41410_length_2183_cov_4.094455_c1.txt,225,235932dd38eed001b3a08bd9e0def99957057dd4a7bcd7aba29d21b1a3f5e672
data/kegg_modules/mags/gbk_antismash/bin.25.permissive.metawrap.repaired/NODE_132_length_3846_cov_2.765190.region001.gbk,19352,ab4ea3da87f62bcaed57ad49ddac8b960dd8fabc155a3feb194c9928a16c3eeb
data/kegg_modules/mags/gbk_antismash/bin.25.permissive.metawrap.repaired/NODE_61_length_6576_cov_3.550854.region001.gbk,26475,12883621aa78d5d0f37591800173b646879ba6905c73e7b04631ac97141932d1
data/kegg_modules/mags/gbk_antismash/bin.25.permissive.metawrap.repaired/NODE_79_length_5512_cov_3.091260.region001.gbk,20625,60102f26f56b572fe83f871a089ea012c946dc6dccce6f3659adf0fe21f735be
data/kegg_modules/mags/gbk_antismash/bin.25.permissive.metawrap.repaired/bacteria-eaf22349-b7b3-4c5d-879a-3cea78ea0725.log,451254,47b91c0d99c7bac7c34befbb8c60f1a5d9a3a0439e561d08bbe23d1f558c8be2
data/kegg_modules/mags/gbk_antismash/bin.25.permissive.metawrap.repaired/bin.25.permissive.metawrap.repaired.gbk,2705622,bf6ed867b4f440d618e8cd46b67bd4fa3b79b312e7882c2c4976c79a97cd8e10
data/kegg_modules/mags/gbk_antismash/bin.25.permissive.metawrap.repaired/bin.25.permissive.metawrap.repaired.json,4117952,76928881d41ff88f3b8be39adea5b03aedd2d3f3f462869d7b25a50b2f04a9a9
data/kegg_modules/mags/gbk_antismash/bin.25.permissive.metawrap.repaired/clusterblast/NODE_132_length_3846_cov_2.765190_c1.txt,16465,23b93d3eda3f368eedcc47879f9c863ba1c68c83f0e274fb34dfe956934fa486
data/kegg_modules/mags/gbk_antismash/bin.25.permissive.metawrap.repaired/clusterblast/NODE_61_length_6576_cov_3.550854_c1.txt,11143,e587bd723246f796482608cad16817a8e823b5cfcb40896246feb0cd822430c5
data/kegg_modules/mags/gbk_antismash/bin.25.permissive.metawrap.repaired/clusterblast/NODE_79_length_5512_cov_3.091260_c1.txt,28821,0a43a9b61b7f45c79b26665afc4c5786938dd4d9bdd0e9d88a48d5056f5acb2a
data/kegg_modules/mags/gbk_antismash/bin.25.permissive.metawrap.repaired/css/bacteria.css,60848,26c59575cedb40d4fae2918eb1cfa654fcfef48d3201fd5a0698ac38787d9e05
data/kegg_modules/mags/gbk_antismash/bin.25.permissive.metawrap.repaired/images/about.svg,513,6d1e020364b303924b8134a7fbfaa1ccd9eeb96ba4768458f3acc4ac4de975d9
data/kegg_modules/mags/gbk_antismash/bin.25.permissive.metawrap.repaired/images/bacteria_about.png,1607,233d5f419f9cc758d7c04cf7a3b18cef4428d2a2e4c9b2e935b4802c39dafa28
data/kegg_modules/mags/gbk_antismash/bin.25.permissive.metawrap.repaired/images/bacteria_antismash_icon.svg,37742,6da16d6861747ab558195c00dfd432ef1368bd276e33c54e2051026f1de8c0b4
data/kegg_modules/mags/gbk_antismash/bin.25.permissive.metawrap.repaired/images/bacteria_antismash_logo.svg,8433,7f1ad3684593fb1142a8da074c72528a7b809607281c4ad05111a7e6431b0d7a
data/kegg_modules/mags/gbk_antismash/bin.25.permissive.metawrap.repaired/images/bacteria_antismash_white.svg,40766,246536c562f73dbdc963368a4b6bf34cb631655f92d2034346efb013653ef3d8
data/kegg_modules/mags/gbk_antismash/bin.25.permissive.metawrap.repaired/images/bacteria_download.png,1670,ed750bb0a6f6367c19a1839b3385d9e2c360df6c12162d9f071a1f8c9cc17bb4
data/kegg_modules/mags/gbk_antismash/bin.25.permissive.metawrap.repaired/images/bacteria_help.png,1951,46c29244608bfed589db5aec58c3829c4ff9952a8c58cabd688377b1aa165902
data/kegg_modules/mags/gbk_antismash/bin.25.permissive.metawrap.repaired/images/bacteria_home.png,1414,43807c609de0e5603ae9fb658c587122f30e1269d895e6230abebe46bb545be9
data/kegg_modules/mags/gbk_antismash/bin.25.permissive.metawrap.repaired/images/bacteria_logo.png,3831,d0056272e08e276d8efd306f448b31bb6e5d4837062b31061e032d19546cfe43
data/kegg_modules/mags/gbk_antismash/bin.25.permissive.metawrap.repaired/images/contact.svg,678,28628158c3f9ca0d84eeba0b9d739575e5aa22ff9c1a83a07ab516e610bd023d
data/kegg_modules/mags/gbk_antismash/bin.25.permissive.metawrap.repaired/images/download.svg,656,d59cf2c1b60fbbe12d3aa1e399357abbe9653203687923db8c24aaa740e51d5e
data/kegg_modules/mags/gbk_antismash/bin.25.permissive.metawrap.repaired/images/expand-arrows-alt-solid.svg,715,f594ab6317974e50859ca18601d6693b0716bd0487873c5462b06dc84bff1f8c
data/kegg_modules/mags/gbk_antismash/bin.25.permissive.metawrap.repaired/images/external-link-alt-solid.svg,778,634f9cdc7e573b2c73012642fe8a8b6c14ae4a257870110afb26769f9ae50681
data/kegg_modules/mags/gbk_antismash/bin.25.permissive.metawrap.repaired/images/fungi_about.png,1595,48038f56f8f94c116b3849b2afd892bb3a93a0b43f5062d417bc16d5b6b86c33
data/kegg_modules/mags/gbk_antismash/bin.25.permissive.metawrap.repaired/images/fungi_antismash_icon.svg,3331,24a4418c5cdde1ecd51881b00f1106dc1798f77ced04faf895281e538083116d
data/kegg_modules/mags/gbk_antismash/bin.25.permissive.metawrap.repaired/images/fungi_antismash_icon_white.svg,3335,b7e6c0d4c7e4011c602aada578e5035fe3443bc2ffe44befa0aaa706772c9757
data/kegg_modules/mags/gbk_antismash/bin.25.permissive.metawrap.repaired/images/fungi_antismash_logo.svg,8401,10fa1d1e3a9911472704a8b7eb6eb776a720d17b3540bf1a9b6535d4967b9824
data/kegg_modules/mags/gbk_antismash/bin.25.permissive.metawrap.repaired/images/fungi_download.png,1679,a5bf4ba46c42ec08318586026eba612aaf0e3132bc6f543d265da1b9317dd85a
data/kegg_modules/mags/gbk_antismash/bin.25.permissive.metawrap.repaired/images/fungi_help.png,1863,c88eb0117df14d25d75728f347e9cfcf597e9f0fb35ae64b5855cd29cc299c7b
data/kegg_modules/mags/gbk_antismash/bin.25.permissive.metawrap.repaired/images/fungi_home.png,1392,9065ade41a0986dd4169ee8170f9a0a2646d07f9e3b47d406b8d6562d9177003
data/kegg_modules/mags/gbk_antismash/bin.25.permissive.metawrap.repaired/images/fungi_logo.png,3572,cab376256a90e3f87e472b58115d01b27935fc45234c33fb5b6df7c6b9f65cb5
data/kegg_modules/mags/gbk_antismash/bin.25.permissive.metawrap.repaired/images/help.svg,794,c8e44944b5c351de20ed42ddb4668d3653f5efac134ead63859f4333bace342a
data/kegg_modules/mags/gbk_antismash/bin.25.permissive.metawrap.repaired/images/mail.png,1459,7ec23ea17d4ab95dbcc2eb81016789e2524d0f9b6221a19f40fd04fadc9705c4
data/kegg_modules/mags/gbk_antismash/bin.25.permissive.metawrap.repaired/images/minus-circle.svg,389,acb059d2d35c7206490072ff549d93219bf20e01b2b59e51db80b91def1d12ad
data/kegg_modules/mags/gbk_antismash/bin.25.permissive.metawrap.repaired/images/nostructure_icon.png,4131,012a4403352653672ae1b3e704b997b4641ff1ec097c69fda004ba894e1c4355
data/kegg_modules/mags/gbk_antismash/bin.25.permissive.metawrap.repaired/images/plant_antismash_icon.svg,22909,a842765151cc20dd2054ad99a13916f29f549b5a2a6b38a3f4aaaa10c9c533a5
data/kegg_modules/mags/gbk_antismash/bin.25.permissive.metawrap.repaired/images/plant_antismash_icon_white.svg,22913,3c9dc64540c7ff0016d3a3b5f792c7d88f4ce1038643cade71a49cb709d3c963
data/kegg_modules/mags/gbk_antismash/bin.25.permissive.metawrap.repaired/images/plus-circle.svg,491,9e80740025f9a84ca3fab0c60f23fb7965ffd816208773a326befd1e9841d7a8
data/kegg_modules/mags/gbk_antismash/bin.25.permissive.metawrap.repaired/images/question-circle-solid.svg,854,c9babde9f7d66e40ab8ded58ac976714e9468ac30f70be8b6878b8b88cb5b0f4
data/kegg_modules/mags/gbk_antismash/bin.25.permissive.metawrap.repaired/images/search-solid.svg,559,43a3063064b28abcc15bce8413838bcbb52297057495c286ded9a0c1c3dacfd4
data/kegg_modules/mags/gbk_antismash/bin.25.permissive.metawrap.repaired/index.html,110942,ae10245c1d11227810fcad12f7c6512e7775e724a984fe6ba5148761e8da4e1e
data/kegg_modules/mags/gbk_antismash/bin.25.permissive.metawrap.repaired/input/bin.25.permissive.metawrap.repaired.fasta,1388599,82b361133f31ac4d7dd36ddc30d264e66b54b0e0f24721160680803f183504e0
data/kegg_modules/mags/gbk_antismash/bin.25.permissive.metawrap.repaired/js/antismash.js,258688,4b4254087d8e77b3e8a75ff34280316e7266c4e4a40a116c0bdeac65dd2bcdb5
data/kegg_modules/mags/gbk_antismash/bin.25.permissive.metawrap.repaired/js/jquery.js,92629,c12f6098e641aaca96c60215800f18f5671039aecf812217fab3c0d152f6adb4
data/kegg_modules/mags/gbk_antismash/bin.25.permissive.metawrap.repaired/js/jquery.tablesorter.min.js,16521,b038bcf4e9ddb5f60c93e49bfe7aeeaf40f8fcc2fa753ee56d1abe2bcb89a016
data/kegg_modules/mags/gbk_antismash/bin.25.permissive.metawrap.repaired/knownclusterblast/NODE_132_length_3846_cov_2.765190_c1.txt,296,5fc9d7785aa6f62d3c6800d5f36f8acdea118722a611c1b7c40ccfc6601151b3
data/kegg_modules/mags/gbk_antismash/bin.25.permissive.metawrap.repaired/knownclusterblast/NODE_61_length_6576_cov_3.550854_c1.txt,355,c78eacf80ae0905d746c2a1931ac8dfdfa3a7ba9fe31dbfec7acec65405b2fce
data/kegg_modules/mags/gbk_antismash/bin.25.permissive.metawrap.repaired/knownclusterblast/NODE_79_length_5512_cov_3.091260_c1.txt,243,65855b6687bc32e8a0b08eafa6b68065545f874d26cea046d4b76d649a8d371c
data/kegg_modules/mags/gbk_antismash/bin.25.permissive.metawrap.repaired/knownclusterblast/region1/ctg132_1_mibig_hits.html,1812,adec1d6f1721342d9c3277783dd02513d38ac80df85e5d5fc8ac95fe8c4c6f96
data/kegg_modules/mags/gbk_antismash/bin.25.permissive.metawrap.repaired/knownclusterblast/region1/ctg61_1_mibig_hits.html,18890,225b9683b22b57411c127a3fe3bf97aa0b6ba7096cf36898fa7fc4b9cd8df427
data/kegg_modules/mags/gbk_antismash/bin.25.permissive.metawrap.repaired/knownclusterblast/region1/ctg61_2_mibig_hits.html,1761,8a21a983b8b59b787f902cb27aa80fcfe8d8e2f01f6f18862bbf30e473ae8a8f
data/kegg_modules/mags/gbk_antismash/bin.25.permissive.metawrap.repaired/knownclusterblast/region1/ctg61_3_mibig_hits.html,3425,ffa47411f23333bce7249f2de02516f64c499bed4467cb9d2ebe645eb03ab843
data/kegg_modules/mags/gbk_antismash/bin.25.permissive.metawrap.repaired/knownclusterblast/region1/ctg61_4_mibig_hits.html,2182,b72b7e031c16e8f2063e5e56f95db9c8026f9caf85eaa5c9d96fa214d7563f5b
data/kegg_modules/mags/gbk_antismash/bin.25.permissive.metawrap.repaired/knownclusterblast/region1/ctg61_8_mibig_hits.html,1760,6321fb7ea597860fc7aaac1b58a39e047bb64cf8824b23664b675406550df91d
data/kegg_modules/mags/gbk_antismash/bin.25.permissive.metawrap.repaired/knownclusterblast/region1/ctg79_1_mibig_hits.html,1786,406d1e9eaff00ce85d830e4fa57c476872b04455928e1d045584abcf6f8e240b
data/kegg_modules/mags/gbk_antismash/bin.25.permissive.metawrap.repaired/knownclusterblast/region1/ctg79_2_mibig_hits.html,1786,5a6ede59d7bc40669bd8c1a78713e86159f7ea955f1780cf6863e3aeb655fc3d
data/kegg_modules/mags/gbk_antismash/bin.25.permissive.metawrap.repaired/knownclusterblast/region1/ctg79_3_mibig_hits.html,12193,242fa31c4f2d115041a3db7b50f8b932031cb9a3e832bcc0eec95acfe4e9f646
data/kegg_modules/mags/gbk_antismash/bin.25.permissive.metawrap.repaired/regions.js,414133,433fa1dcc8f5902c8dbf16144e8bef51844f86a9a9a697a749c085aec10de960
data/kegg_modules/mags/gbk_antismash/bin.25.permissive.metawrap.repaired/subclusterblast/NODE_132_length_3846_cov_2.765190_c1.txt,296,5fc9d7785aa6f62d3c6800d5f36f8acdea118722a611c1b7c40ccfc6601151b3
data/kegg_modules/mags/gbk_antismash/bin.25.permissive.metawrap.repaired/subclusterblast/NODE_61_length_6576_cov_3.550854_c1.txt,355,c78eacf80ae0905d746c2a1931ac8dfdfa3a7ba9fe31dbfec7acec65405b2fce
data/kegg_modules/mags/gbk_antismash/bin.25.permissive.metawrap.repaired/subclusterblast/NODE_79_length_5512_cov_3.091260_c1.txt,243,65855b6687bc32e8a0b08eafa6b68065545f874d26cea046d4b76d649a8d371c
data/kegg_modules/mags/gbk_antismash/bin.28.orig.metawrap.repaired/NODE_14713_length_3659_cov_4.237236.region001.gbk,13282,9fc256f89d4384a98382b046f0aabfbece39d0c32cb5262df373ba0b43344f24
data/kegg_modules/mags/gbk_antismash/bin.28.orig.metawrap.repaired/NODE_39043_length_2247_cov_4.657391.region001.gbk,9494,1010f2875596345d9355cf605a5ddc39f85a6212ad9b408f9dfb299044c31207
data/kegg_modules/mags/gbk_antismash/bin.28.orig.metawrap.repaired/bacteria-e4a4d92b-3ba9-4416-95f8-0675de47839d.log,460742,baadcc937d078a709bdb92fcce29203fb07787f4df51a14ef0ab6640ed8767be
data/kegg_modules/mags/gbk_antismash/bin.28.orig.metawrap.repaired/bin.28.orig.metawrap.repaired.gbk,1787019,b213f678940e195f5391826c63b5588bd92e60f16433ab18ed3dcc85fec8502e
data/kegg_modules/mags/gbk_antismash/bin.28.orig.metawrap.repaired/bin.28.orig.metawrap.repaired.json,2226861,8b67afa6d8e17c899fb5e195588fac6e3d0fe6ef7422beca3274d04a2d85c7e7
data/kegg_modules/mags/gbk_antismash/bin.28.orig.metawrap.repaired/clusterblast/NODE_14713_length_3659_cov_4.237236_c1.txt,244,065d5d3b5ce36ad14e435b821b01e818b8738f1074db1f90d3820e9bc66d35ad
data/kegg_modules/mags/gbk_antismash/bin.28.orig.metawrap.repaired/clusterblast/NODE_39043_length_2247_cov_4.657391_c1.txt,206,c85683a17f3b998d9a101c413b064d0b627482b5e93908991f6d4514ae41d5a9
data/kegg_modules/mags/gbk_antismash/bin.28.orig.metawrap.repaired/css/bacteria.css,60848,26c59575cedb40d4fae2918eb1cfa654fcfef48d3201fd5a0698ac38787d9e05
data/kegg_modules/mags/gbk_antismash/bin.28.orig.metawrap.repaired/images/about.svg,513,6d1e020364b303924b8134a7fbfaa1ccd9eeb96ba4768458f3acc4ac4de975d9
data/kegg_modules/mags/gbk_antismash/bin.28.orig.metawrap.repaired/images/bacteria_about.png,1607,233d5f419f9cc758d7c04cf7a3b18cef4428d2a2e4c9b2e935b4802c39dafa28
data/kegg_modules/mags/gbk_antismash/bin.28.orig.metawrap.repaired/images/bacteria_antismash_icon.svg,37742,6da16d6861747ab558195c00dfd432ef1368bd276e33c54e2051026f1de8c0b4
data/kegg_modules/mags/gbk_antismash/bin.28.orig.metawrap.repaired/images/bacteria_antismash_logo.svg,8433,7f1ad3684593fb1142a8da074c72528a7b809607281c4ad05111a7e6431b0d7a
data/kegg_modules/mags/gbk_antismash/bin.28.orig.metawrap.repaired/images/bacteria_antismash_white.svg,40766,246536c562f73dbdc963368a4b6bf34cb631655f92d2034346efb013653ef3d8
data/kegg_modules/mags/gbk_antismash/bin.28.orig.metawrap.repaired/images/bacteria_download.png,1670,ed750bb0a6f6367c19a1839b3385d9e2c360df6c12162d9f071a1f8c9cc17bb4
data/kegg_modules/mags/gbk_antismash/bin.28.orig.metawrap.repaired/images/bacteria_help.png,1951,46c29244608bfed589db5aec58c3829c4ff9952a8c58cabd688377b1aa165902
data/kegg_modules/mags/gbk_antismash/bin.28.orig.metawrap.repaired/images/bacteria_home.png,1414,43807c609de0e5603ae9fb658c587122f30e1269d895e6230abebe46bb545be9
data/kegg_modules/mags/gbk_antismash/bin.28.orig.metawrap.repaired/images/bacteria_logo.png,3831,d0056272e08e276d8efd306f448b31bb6e5d4837062b31061e032d19546cfe43
data/kegg_modules/mags/gbk_antismash/bin.28.orig.metawrap.repaired/images/contact.svg,678,28628158c3f9ca0d84eeba0b9d739575e5aa22ff9c1a83a07ab516e610bd023d
data/kegg_modules/mags/gbk_antismash/bin.28.orig.metawrap.repaired/images/download.svg,656,d59cf2c1b60fbbe12d3aa1e399357abbe9653203687923db8c24aaa740e51d5e
data/kegg_modules/mags/gbk_antismash/bin.28.orig.metawrap.repaired/images/expand-arrows-alt-solid.svg,715,f594ab6317974e50859ca18601d6693b0716bd0487873c5462b06dc84bff1f8c
data/kegg_modules/mags/gbk_antismash/bin.28.orig.metawrap.repaired/images/external-link-alt-solid.svg,778,634f9cdc7e573b2c73012642fe8a8b6c14ae4a257870110afb26769f9ae50681
data/kegg_modules/mags/gbk_antismash/bin.28.orig.metawrap.repaired/images/fungi_about.png,1595,48038f56f8f94c116b3849b2afd892bb3a93a0b43f5062d417bc16d5b6b86c33
data/kegg_modules/mags/gbk_antismash/bin.28.orig.metawrap.repaired/images/fungi_antismash_icon.svg,3331,24a4418c5cdde1ecd51881b00f1106dc1798f77ced04faf895281e538083116d
data/kegg_modules/mags/gbk_antismash/bin.28.orig.metawrap.repaired/images/fungi_antismash_icon_white.svg,3335,b7e6c0d4c7e4011c602aada578e5035fe3443bc2ffe44befa0aaa706772c9757
data/kegg_modules/mags/gbk_antismash/bin.28.orig.metawrap.repaired/images/fungi_antismash_logo.svg,8401,10fa1d1e3a9911472704a8b7eb6eb776a720d17b3540bf1a9b6535d4967b9824
data/kegg_modules/mags/gbk_antismash/bin.28.orig.metawrap.repaired/images/fungi_download.png,1679,a5bf4ba46c42ec08318586026eba612aaf0e3132bc6f543d265da1b9317dd85a
data/kegg_modules/mags/gbk_antismash/bin.28.orig.metawrap.repaired/images/fungi_help.png,1863,c88eb0117df14d25d75728f347e9cfcf597e9f0fb35ae64b5855cd29cc299c7b
data/kegg_modules/mags/gbk_antismash/bin.28.orig.metawrap.repaired/images/fungi_home.png,1392,9065ade41a0986dd4169ee8170f9a0a2646d07f9e3b47d406b8d6562d9177003
data/kegg_modules/mags/gbk_antismash/bin.28.orig.metawrap.repaired/images/fungi_logo.png,3572,cab376256a90e3f87e472b58115d01b27935fc45234c33fb5b6df7c6b9f65cb5
data/kegg_modules/mags/gbk_antismash/bin.28.orig.metawrap.repaired/images/help.svg,794,c8e44944b5c351de20ed42ddb4668d3653f5efac134ead63859f4333bace342a
data/kegg_modules/mags/gbk_antismash/bin.28.orig.metawrap.repaired/images/mail.png,1459,7ec23ea17d4ab95dbcc2eb81016789e2524d0f9b6221a19f40fd04fadc9705c4
data/kegg_modules/mags/gbk_antismash/bin.28.orig.metawrap.repaired/images/minus-circle.svg,389,acb059d2d35c7206490072ff549d93219bf20e01b2b59e51db80b91def1d12ad
data/kegg_modules/mags/gbk_antismash/bin.28.orig.metawrap.repaired/images/nostructure_icon.png,4131,012a4403352653672ae1b3e704b997b4641ff1ec097c69fda004ba894e1c4355
data/kegg_modules/mags/gbk_antismash/bin.28.orig.metawrap.repaired/images/plant_antismash_icon.svg,22909,a842765151cc20dd2054ad99a13916f29f549b5a2a6b38a3f4aaaa10c9c533a5
data/kegg_modules/mags/gbk_antismash/bin.28.orig.metawrap.repaired/images/plant_antismash_icon_white.svg,22913,3c9dc64540c7ff0016d3a3b5f792c7d88f4ce1038643cade71a49cb709d3c963
data/kegg_modules/mags/gbk_antismash/bin.28.orig.metawrap.repaired/images/plus-circle.svg,491,9e80740025f9a84ca3fab0c60f23fb7965ffd816208773a326befd1e9841d7a8
data/kegg_modules/mags/gbk_antismash/bin.28.orig.metawrap.repaired/images/question-circle-solid.svg,854,c9babde9f7d66e40ab8ded58ac976714e9468ac30f70be8b6878b8b88cb5b0f4
data/kegg_modules/mags/gbk_antismash/bin.28.orig.metawrap.repaired/images/search-solid.svg,559,43a3063064b28abcc15bce8413838bcbb52297057495c286ded9a0c1c3dacfd4
data/kegg_modules/mags/gbk_antismash/bin.28.orig.metawrap.repaired/index.html,75884,89cc086f9fd7c34d5f6bf4dad3d99ae7f5815d66efa6882b2ac398ed3112f4cd
data/kegg_modules/mags/gbk_antismash/bin.28.orig.metawrap.repaired/input/bin.28.orig.metawrap.repaired.fasta,903817,8b2e6459ad4086d206c7727eccce22646c800b21bbf5fb2d4cb1e671b4973b1f
data/kegg_modules/mags/gbk_antismash/bin.28.orig.metawrap.repaired/js/antismash.js,258688,4b4254087d8e77b3e8a75ff34280316e7266c4e4a40a116c0bdeac65dd2bcdb5
data/kegg_modules/mags/gbk_antismash/bin.28.orig.metawrap.repaired/js/jquery.js,92629,c12f6098e641aaca96c60215800f18f5671039aecf812217fab3c0d152f6adb4
data/kegg_modules/mags/gbk_antismash/bin.28.orig.metawrap.repaired/js/jquery.tablesorter.min.js,16521,b038bcf4e9ddb5f60c93e49bfe7aeeaf40f8fcc2fa753ee56d1abe2bcb89a016
data/kegg_modules/mags/gbk_antismash/bin.28.orig.metawrap.repaired/knownclusterblast/NODE_14713_length_3659_cov_4.237236_c1.txt,244,065d5d3b5ce36ad14e435b821b01e818b8738f1074db1f90d3820e9bc66d35ad
data/kegg_modules/mags/gbk_antismash/bin.28.orig.metawrap.repaired/knownclusterblast/NODE_39043_length_2247_cov_4.657391_c1.txt,206,c85683a17f3b998d9a101c413b064d0b627482b5e93908991f6d4514ae41d5a9
data/kegg_modules/mags/gbk_antismash/bin.28.orig.metawrap.repaired/knownclusterblast/region1/ctg178_1_mibig_hits.html,21922,5cf65e19f97902092afbfe4f36164b1f3c558d3abb252537d234392373bc3307
data/kegg_modules/mags/gbk_antismash/bin.28.orig.metawrap.repaired/knownclusterblast/region1/ctg178_2_mibig_hits.html,1761,90518f38ccd3faa8de37a282ca549795b4ff104a88d84e8ce45fbf667f210939
data/kegg_modules/mags/gbk_antismash/bin.28.orig.metawrap.repaired/knownclusterblast/region1/ctg60_3_mibig_hits.html,2164,0731d97c4c96ad09f97462c964f4dc4fca7c6d033724f92323151fde85d00861
data/kegg_modules/mags/gbk_antismash/bin.28.orig.metawrap.repaired/regions.js,95898,e39bea51366e896c88feeaa0d90da9c0f0c7cf3aa39c9913c4c3542b5c01bcd6
data/kegg_modules/mags/gbk_antismash/bin.28.orig.metawrap.repaired/subclusterblast/NODE_14713_length_3659_cov_4.237236_c1.txt,244,065d5d3b5ce36ad14e435b821b01e818b8738f1074db1f90d3820e9bc66d35ad
data/kegg_modules/mags/gbk_antismash/bin.28.orig.metawrap.repaired/subclusterblast/NODE_39043_length_2247_cov_4.657391_c1.txt,206,c85683a17f3b998d9a101c413b064d0b627482b5e93908991f6d4514ae41d5a9
data/kegg_modules/mags/gbk_antismash/bin.29.orig.metawrap.repaired/NODE_185580_length_1066_cov_1.806133.region001.gbk,6823,c73604b8827fc7e9f54e6b8f5ae09d70ef49231df826acf610c6f8055ee25c50
data/kegg_modules/mags/gbk_antismash/bin.29.orig.metawrap.repaired/bacteria-e54f6126-14e6-4934-a117-efb87c7a902e.log,1269893,f336e83deb11fce697e30a1b3c6d01c339aa2d3e7bb0a664f3d2a17f5ea79f57
data/kegg_modules/mags/gbk_antismash/bin.29.orig.metawrap.repaired/bin.29.orig.metawrap.repaired.gbk,3332102,e190461d3997979546b6f65cfa3b6a2e0f9f736984b31d22a182385fd591b539
data/kegg_modules/mags/gbk_antismash/bin.29.orig.metawrap.repaired/bin.29.orig.metawrap.repaired.json,4172817,3dcf80c9c1f22a2ac8162becb2a13a23244d747ffc94f6323f7d2a82e4be0828
data/kegg_modules/mags/gbk_antismash/bin.29.orig.metawrap.repaired/clusterblast/NODE_185580_length_1066_cov_1.806133_c1.txt,203,3ce2d9c0e84a6c4e8e503c65b0cad351ea7c3c195a8c810343aa2658c7bfea94
data/kegg_modules/mags/gbk_antismash/bin.29.orig.metawrap.repaired/css/bacteria.css,60848,26c59575cedb40d4fae2918eb1cfa654fcfef48d3201fd5a0698ac38787d9e05
data/kegg_modules/mags/gbk_antismash/bin.29.orig.metawrap.repaired/images/about.svg,513,6d1e020364b303924b8134a7fbfaa1ccd9eeb96ba4768458f3acc4ac4de975d9
data/kegg_modules/mags/gbk_antismash/bin.29.orig.metawrap.repaired/images/bacteria_about.png,1607,233d5f419f9cc758d7c04cf7a3b18cef4428d2a2e4c9b2e935b4802c39dafa28
data/kegg_modules/mags/gbk_antismash/bin.29.orig.metawrap.repaired/images/bacteria_antismash_icon.svg,37742,6da16d6861747ab558195c00dfd432ef1368bd276e33c54e2051026f1de8c0b4
data/kegg_modules/mags/gbk_antismash/bin.29.orig.metawrap.repaired/images/bacteria_antismash_logo.svg,8433,7f1ad3684593fb1142a8da074c72528a7b809607281c4ad05111a7e6431b0d7a
data/kegg_modules/mags/gbk_antismash/bin.29.orig.metawrap.repaired/images/bacteria_antismash_white.svg,40766,246536c562f73dbdc963368a4b6bf34cb631655f92d2034346efb013653ef3d8
data/kegg_modules/mags/gbk_antismash/bin.29.orig.metawrap.repaired/images/bacteria_download.png,1670,ed750bb0a6f6367c19a1839b3385d9e2c360df6c12162d9f071a1f8c9cc17bb4
data/kegg_modules/mags/gbk_antismash/bin.29.orig.metawrap.repaired/images/bacteria_help.png,1951,46c29244608bfed589db5aec58c3829c4ff9952a8c58cabd688377b1aa165902
data/kegg_modules/mags/gbk_antismash/bin.29.orig.metawrap.repaired/images/bacteria_home.png,1414,43807c609de0e5603ae9fb658c587122f30e1269d895e6230abebe46bb545be9
data/kegg_modules/mags/gbk_antismash/bin.29.orig.metawrap.repaired/images/bacteria_logo.png,3831,d0056272e08e276d8efd306f448b31bb6e5d4837062b31061e032d19546cfe43
data/kegg_modules/mags/gbk_antismash/bin.29.orig.metawrap.repaired/images/contact.svg,678,28628158c3f9ca0d84eeba0b9d739575e5aa22ff9c1a83a07ab516e610bd023d
data/kegg_modules/mags/gbk_antismash/bin.29.orig.metawrap.repaired/images/download.svg,656,d59cf2c1b60fbbe12d3aa1e399357abbe9653203687923db8c24aaa740e51d5e
data/kegg_modules/mags/gbk_antismash/bin.29.orig.metawrap.repaired/images/expand-arrows-alt-solid.svg,715,f594ab6317974e50859ca18601d6693b0716bd0487873c5462b06dc84bff1f8c
data/kegg_modules/mags/gbk_antismash/bin.29.orig.metawrap.repaired/images/external-link-alt-solid.svg,778,634f9cdc7e573b2c73012642fe8a8b6c14ae4a257870110afb26769f9ae50681
data/kegg_modules/mags/gbk_antismash/bin.29.orig.metawrap.repaired/images/fungi_about.png,1595,48038f56f8f94c116b3849b2afd892bb3a93a0b43f5062d417bc16d5b6b86c33
data/kegg_modules/mags/gbk_antismash/bin.29.orig.metawrap.repaired/images/fungi_antismash_icon.svg,3331,24a4418c5cdde1ecd51881b00f1106dc1798f77ced04faf895281e538083116d
data/kegg_modules/mags/gbk_antismash/bin.29.orig.metawrap.repaired/images/fungi_antismash_icon_white.svg,3335,b7e6c0d4c7e4011c602aada578e5035fe3443bc2ffe44befa0aaa706772c9757
data/kegg_modules/mags/gbk_antismash/bin.29.orig.metawrap.repaired/images/fungi_antismash_logo.svg,8401,10fa1d1e3a9911472704a8b7eb6eb776a720d17b3540bf1a9b6535d4967b9824
data/kegg_modules/mags/gbk_antismash/bin.29.orig.metawrap.repaired/images/fungi_download.png,1679,a5bf4ba46c42ec08318586026eba612aaf0e3132bc6f543d265da1b9317dd85a
data/kegg_modules/mags/gbk_antismash/bin.29.orig.metawrap.repaired/images/fungi_help.png,1863,c88eb0117df14d25d75728f347e9cfcf597e9f0fb35ae64b5855cd29cc299c7b
data/kegg_modules/mags/gbk_antismash/bin.29.orig.metawrap.repaired/images/fungi_home.png,1392,9065ade41a0986dd4169ee8170f9a0a2646d07f9e3b47d406b8d6562d9177003
data/kegg_modules/mags/gbk_antismash/bin.29.orig.metawrap.repaired/images/fungi_logo.png,3572,cab376256a90e3f87e472b58115d01b27935fc45234c33fb5b6df7c6b9f65cb5
data/kegg_modules/mags/gbk_antismash/bin.29.orig.metawrap.repaired/images/help.svg,794,c8e44944b5c351de20ed42ddb4668d3653f5efac134ead63859f4333bace342a
data/kegg_modules/mags/gbk_antismash/bin.29.orig.metawrap.repaired/images/mail.png,1459,7ec23ea17d4ab95dbcc2eb81016789e2524d0f9b6221a19f40fd04fadc9705c4
data/kegg_modules/mags/gbk_antismash/bin.29.orig.metawrap.repaired/images/minus-circle.svg,389,acb059d2d35c7206490072ff549d93219bf20e01b2b59e51db80b91def1d12ad
data/kegg_modules/mags/gbk_antismash/bin.29.orig.metawrap.repaired/images/nostructure_icon.png,4131,012a4403352653672ae1b3e704b997b4641ff1ec097c69fda004ba894e1c4355
data/kegg_modules/mags/gbk_antismash/bin.29.orig.metawrap.repaired/images/plant_antismash_icon.svg,22909,a842765151cc20dd2054ad99a13916f29f549b5a2a6b38a3f4aaaa10c9c533a5
data/kegg_modules/mags/gbk_antismash/bin.29.orig.metawrap.repaired/images/plant_antismash_icon_white.svg,22913,3c9dc64540c7ff0016d3a3b5f792c7d88f4ce1038643cade71a49cb709d3c963
data/kegg_modules/mags/gbk_antismash/bin.29.orig.metawrap.repaired/images/plus-circle.svg,491,9e80740025f9a84ca3fab0c60f23fb7965ffd816208773a326befd1e9841d7a8
data/kegg_modules/mags/gbk_antismash/bin.29.orig.metawrap.repaired/images/question-circle-solid.svg,854,c9babde9f7d66e40ab8ded58ac976714e9468ac30f70be8b6878b8b88cb5b0f4
data/kegg_modules/mags/gbk_antismash/bin.29.orig.metawrap.repaired/images/search-solid.svg,559,43a3063064b28abcc15bce8413838bcbb52297057495c286ded9a0c1c3dacfd4
data/kegg_modules/mags/gbk_antismash/bin.29.orig.metawrap.repaired/index.html,86642,b5ac57a13d03c56b0e9e05d64aff18eca2ddbd96f7128e236a4937da17afd781
data/kegg_modules/mags/gbk_antismash/bin.29.orig.metawrap.repaired/input/bin.29.orig.metawrap.repaired.fasta,1581678,a51aafec47eeb52095bdee53625c527f3eb61ecfafa6cdd8433af81f905c0397
data/kegg_modules/mags/gbk_antismash/bin.29.orig.metawrap.repaired/js/antismash.js,258688,4b4254087d8e77b3e8a75ff34280316e7266c4e4a40a116c0bdeac65dd2bcdb5
data/kegg_modules/mags/gbk_antismash/bin.29.orig.metawrap.repaired/js/jquery.js,92629,c12f6098e641aaca96c60215800f18f5671039aecf812217fab3c0d152f6adb4
data/kegg_modules/mags/gbk_antismash/bin.29.orig.metawrap.repaired/js/jquery.tablesorter.min.js,16521,b038bcf4e9ddb5f60c93e49bfe7aeeaf40f8fcc2fa753ee56d1abe2bcb89a016
data/kegg_modules/mags/gbk_antismash/bin.29.orig.metawrap.repaired/knownclusterblast/NODE_185580_length_1066_cov_1.806133_c1.txt,203,3ce2d9c0e84a6c4e8e503c65b0cad351ea7c3c195a8c810343aa2658c7bfea94
data/kegg_modules/mags/gbk_antismash/bin.29.orig.metawrap.repaired/knownclusterblast/region1/ctg795_2_mibig_hits.html,2569,c5fd1e35726891427017d7798815691186359a53ed74cc40dbb8ce67144a6ec3
data/kegg_modules/mags/gbk_antismash/bin.29.orig.metawrap.repaired/regions.js,93923,0f0da2bda9c9c300d9945402f9ddbe65f14cb1688c23eb2af601afcc0c2db750
data/kegg_modules/mags/gbk_antismash/bin.29.orig.metawrap.repaired/subclusterblast/NODE_185580_length_1066_cov_1.806133_c1.txt,203,3ce2d9c0e84a6c4e8e503c65b0cad351ea7c3c195a8c810343aa2658c7bfea94
data/kegg_modules/mags/gbk_antismash/bin.3/bacteria-ffc7ab43-f4f3-471a-989c-5a139a7473bb.log,803811,58452ccf3d4a1bbf64e7b6b074aada688b43e2e54c89810d937ddf9064756b9e
data/kegg_modules/mags/gbk_antismash/bin.3/bin.3.gbk,4310047,09306a6b97af3ab2b4466b6a251ff97f956438da7150e393175fdeac2544f47b
data/kegg_modules/mags/gbk_antismash/bin.3/bin.3.json,4338714,82f1835b6ab71b229b0364b4e0e1382061c4f3cd07aba1c993395b57b2d2878d
data/kegg_modules/mags/gbk_antismash/bin.3/css/bacteria.css,60848,26c59575cedb40d4fae2918eb1cfa654fcfef48d3201fd5a0698ac38787d9e05
data/kegg_modules/mags/gbk_antismash/bin.3/images/about.svg,513,6d1e020364b303924b8134a7fbfaa1ccd9eeb96ba4768458f3acc4ac4de975d9
data/kegg_modules/mags/gbk_antismash/bin.3/images/bacteria_about.png,1607,233d5f419f9cc758d7c04cf7a3b18cef4428d2a2e4c9b2e935b4802c39dafa28
data/kegg_modules/mags/gbk_antismash/bin.3/images/bacteria_antismash_icon.svg,37742,6da16d6861747ab558195c00dfd432ef1368bd276e33c54e2051026f1de8c0b4
data/kegg_modules/mags/gbk_antismash/bin.3/images/bacteria_antismash_logo.svg,8433,7f1ad3684593fb1142a8da074c72528a7b809607281c4ad05111a7e6431b0d7a
data/kegg_modules/mags/gbk_antismash/bin.3/images/bacteria_antismash_white.svg,40766,246536c562f73dbdc963368a4b6bf34cb631655f92d2034346efb013653ef3d8
data/kegg_modules/mags/gbk_antismash/bin.3/images/bacteria_download.png,1670,ed750bb0a6f6367c19a1839b3385d9e2c360df6c12162d9f071a1f8c9cc17bb4
data/kegg_modules/mags/gbk_antismash/bin.3/images/bacteria_help.png,1951,46c29244608bfed589db5aec58c3829c4ff9952a8c58cabd688377b1aa165902
data/kegg_modules/mags/gbk_antismash/bin.3/images/bacteria_home.png,1414,43807c609de0e5603ae9fb658c587122f30e1269d895e6230abebe46bb545be9
data/kegg_modules/mags/gbk_antismash/bin.3/images/bacteria_logo.png,3831,d0056272e08e276d8efd306f448b31bb6e5d4837062b31061e032d19546cfe43
data/kegg_modules/mags/gbk_antismash/bin.3/images/contact.svg,678,28628158c3f9ca0d84eeba0b9d739575e5aa22ff9c1a83a07ab516e610bd023d
data/kegg_modules/mags/gbk_antismash/bin.3/images/download.svg,656,d59cf2c1b60fbbe12d3aa1e399357abbe9653203687923db8c24aaa740e51d5e
data/kegg_modules/mags/gbk_antismash/bin.3/images/expand-arrows-alt-solid.svg,715,f594ab6317974e50859ca18601d6693b0716bd0487873c5462b06dc84bff1f8c
data/kegg_modules/mags/gbk_antismash/bin.3/images/external-link-alt-solid.svg,778,634f9cdc7e573b2c73012642fe8a8b6c14ae4a257870110afb26769f9ae50681
data/kegg_modules/mags/gbk_antismash/bin.3/images/fungi_about.png,1595,48038f56f8f94c116b3849b2afd892bb3a93a0b43f5062d417bc16d5b6b86c33
data/kegg_modules/mags/gbk_antismash/bin.3/images/fungi_antismash_icon.svg,3331,24a4418c5cdde1ecd51881b00f1106dc1798f77ced04faf895281e538083116d
data/kegg_modules/mags/gbk_antismash/bin.3/images/fungi_antismash_icon_white.svg,3335,b7e6c0d4c7e4011c602aada578e5035fe3443bc2ffe44befa0aaa706772c9757
data/kegg_modules/mags/gbk_antismash/bin.3/images/fungi_antismash_logo.svg,8401,10fa1d1e3a9911472704a8b7eb6eb776a720d17b3540bf1a9b6535d4967b9824
data/kegg_modules/mags/gbk_antismash/bin.3/images/fungi_download.png,1679,a5bf4ba46c42ec08318586026eba612aaf0e3132bc6f543d265da1b9317dd85a
data/kegg_modules/mags/gbk_antismash/bin.3/images/fungi_help.png,1863,c88eb0117df14d25d75728f347e9cfcf597e9f0fb35ae64b5855cd29cc299c7b
data/kegg_modules/mags/gbk_antismash/bin.3/images/fungi_home.png,1392,9065ade41a0986dd4169ee8170f9a0a2646d07f9e3b47d406b8d6562d9177003
data/kegg_modules/mags/gbk_antismash/bin.3/images/fungi_logo.png,3572,cab376256a90e3f87e472b58115d01b27935fc45234c33fb5b6df7c6b9f65cb5
data/kegg_modules/mags/gbk_antismash/bin.3/images/help.svg,794,c8e44944b5c351de20ed42ddb4668d3653f5efac134ead63859f4333bace342a
data/kegg_modules/mags/gbk_antismash/bin.3/images/mail.png,1459,7ec23ea17d4ab95dbcc2eb81016789e2524d0f9b6221a19f40fd04fadc9705c4
data/kegg_modules/mags/gbk_antismash/bin.3/images/minus-circle.svg,389,acb059d2d35c7206490072ff549d93219bf20e01b2b59e51db80b91def1d12ad
data/kegg_modules/mags/gbk_antismash/bin.3/images/nostructure_icon.png,4131,012a4403352653672ae1b3e704b997b4641ff1ec097c69fda004ba894e1c4355
data/kegg_modules/mags/gbk_antismash/bin.3/images/plant_antismash_icon.svg,22909,a842765151cc20dd2054ad99a13916f29f549b5a2a6b38a3f4aaaa10c9c533a5
data/kegg_modules/mags/gbk_antismash/bin.3/images/plant_antismash_icon_white.svg,22913,3c9dc64540c7ff0016d3a3b5f792c7d88f4ce1038643cade71a49cb709d3c963
data/kegg_modules/mags/gbk_antismash/bin.3/images/plus-circle.svg,491,9e80740025f9a84ca3fab0c60f23fb7965ffd816208773a326befd1e9841d7a8
data/kegg_modules/mags/gbk_antismash/bin.3/images/question-circle-solid.svg,854,c9babde9f7d66e40ab8ded58ac976714e9468ac30f70be8b6878b8b88cb5b0f4
data/kegg_modules/mags/gbk_antismash/bin.3/images/search-solid.svg,559,43a3063064b28abcc15bce8413838bcbb52297057495c286ded9a0c1c3dacfd4
data/kegg_modules/mags/gbk_antismash/bin.3/index.html,4208,f7002940b20baf875c78854197da244b448ef41c0b87aeeb7d1db4aeaa15105d
data/kegg_modules/mags/gbk_antismash/bin.3/input/bin.3.fa,2261108,34622b6f3064334194eec09427503b576cd8e2eee3264bbc8779b3063a634ba6
data/kegg_modules/mags/gbk_antismash/bin.3/js/antismash.js,258688,4b4254087d8e77b3e8a75ff34280316e7266c4e4a40a116c0bdeac65dd2bcdb5
data/kegg_modules/mags/gbk_antismash/bin.3/js/jquery.js,92629,c12f6098e641aaca96c60215800f18f5671039aecf812217fab3c0d152f6adb4
data/kegg_modules/mags/gbk_antismash/bin.3/js/jquery.tablesorter.min.js,16521,b038bcf4e9ddb5f60c93e49bfe7aeeaf40f8fcc2fa753ee56d1abe2bcb89a016
data/kegg_modules/mags/gbk_antismash/bin.3/regions.js,44105,99a455ede2a3fdc8fc2517b2427b41228484b857b3581ca8fcd20b11ba1f6029
data/kegg_modules/mags/gbk_antismash/bin.31.strict.metawrap.repaired/NODE_203_length_2910_cov_3.256618.region001.gbk,12339,156fe6660485128b80fb3c4a6b5a8026a2c4d64f0ff478eb0ef974a5fd85f98e
data/kegg_modules/mags/gbk_antismash/bin.31.strict.metawrap.repaired/NODE_61_length_7970_cov_2.616116.region001.gbk,33182,764810d7bcb4c0bb883827d6f0407c22d2d49357ea62e72e95fd1fab2084dba6
data/kegg_modules/mags/gbk_antismash/bin.31.strict.metawrap.repaired/bacteria-37d41ebd-9999-4c7b-a15e-336ac23fcc7b.log,482981,d59183a0a6207ac7fc0432c72d1247769d45495d3d703189da6e7061a0503631
data/kegg_modules/mags/gbk_antismash/bin.31.strict.metawrap.repaired/bin.31.strict.metawrap.repaired.gbk,3377038,984d9be6c90fe09eab71dc6df23b5559ffc0b12e440c735936ec72b857bf3e9a
data/kegg_modules/mags/gbk_antismash/bin.31.strict.metawrap.repaired/bin.31.strict.metawrap.repaired.json,4234266,6ee41dda435d2aed30ba2bf52743cf7cd8ff73dcf4b3b8b20daacea40d4397d7
data/kegg_modules/mags/gbk_antismash/bin.31.strict.metawrap.repaired/clusterblast/NODE_203_length_2910_cov_3.256618_c1.txt,743,6291f3c15b26705d367ed2330f55e9f79ebaece530e11fc714eb5726ac67bcb4
data/kegg_modules/mags/gbk_antismash/bin.31.strict.metawrap.repaired/clusterblast/NODE_61_length_7970_cov_2.616116_c1.txt,32912,fc78012929f69751acb45df6cb6edc674143109f424c44e111406bf05badc325
data/kegg_modules/mags/gbk_antismash/bin.31.strict.metawrap.repaired/css/bacteria.css,60848,26c59575cedb40d4fae2918eb1cfa654fcfef48d3201fd5a0698ac38787d9e05
data/kegg_modules/mags/gbk_antismash/bin.31.strict.metawrap.repaired/images/about.svg,513,6d1e020364b303924b8134a7fbfaa1ccd9eeb96ba4768458f3acc4ac4de975d9
data/kegg_modules/mags/gbk_antismash/bin.31.strict.metawrap.repaired/images/bacteria_about.png,1607,233d5f419f9cc758d7c04cf7a3b18cef4428d2a2e4c9b2e935b4802c39dafa28
data/kegg_modules/mags/gbk_antismash/bin.31.strict.metawrap.repaired/images/bacteria_antismash_icon.svg,37742,6da16d6861747ab558195c00dfd432ef1368bd276e33c54e2051026f1de8c0b4
data/kegg_modules/mags/gbk_antismash/bin.31.strict.metawrap.repaired/images/bacteria_antismash_logo.svg,8433,7f1ad3684593fb1142a8da074c72528a7b809607281c4ad05111a7e6431b0d7a
data/kegg_modules/mags/gbk_antismash/bin.31.strict.metawrap.repaired/images/bacteria_antismash_white.svg,40766,246536c562f73dbdc963368a4b6bf34cb631655f92d2034346efb013653ef3d8
data/kegg_modules/mags/gbk_antismash/bin.31.strict.metawrap.repaired/images/bacteria_download.png,1670,ed750bb0a6f6367c19a1839b3385d9e2c360df6c12162d9f071a1f8c9cc17bb4
data/kegg_modules/mags/gbk_antismash/bin.31.strict.metawrap.repaired/images/bacteria_help.png,1951,46c29244608bfed589db5aec58c3829c4ff9952a8c58cabd688377b1aa165902
data/kegg_modules/mags/gbk_antismash/bin.31.strict.metawrap.repaired/images/bacteria_home.png,1414,43807c609de0e5603ae9fb658c587122f30e1269d895e6230abebe46bb545be9
data/kegg_modules/mags/gbk_antismash/bin.31.strict.metawrap.repaired/images/bacteria_logo.png,3831,d0056272e08e276d8efd306f448b31bb6e5d4837062b31061e032d19546cfe43
data/kegg_modules/mags/gbk_antismash/bin.31.strict.metawrap.repaired/images/contact.svg,678,28628158c3f9ca0d84eeba0b9d739575e5aa22ff9c1a83a07ab516e610bd023d
data/kegg_modules/mags/gbk_antismash/bin.31.strict.metawrap.repaired/images/download.svg,656,d59cf2c1b60fbbe12d3aa1e399357abbe9653203687923db8c24aaa740e51d5e
data/kegg_modules/mags/gbk_antismash/bin.31.strict.metawrap.repaired/images/expand-arrows-alt-solid.svg,715,f594ab6317974e50859ca18601d6693b0716bd0487873c5462b06dc84bff1f8c
data/kegg_modules/mags/gbk_antismash/bin.31.strict.metawrap.repaired/images/external-link-alt-solid.svg,778,634f9cdc7e573b2c73012642fe8a8b6c14ae4a257870110afb26769f9ae50681
data/kegg_modules/mags/gbk_antismash/bin.31.strict.metawrap.repaired/images/fungi_about.png,1595,48038f56f8f94c116b3849b2afd892bb3a93a0b43f5062d417bc16d5b6b86c33
data/kegg_modules/mags/gbk_antismash/bin.31.strict.metawrap.repaired/images/fungi_antismash_icon.svg,3331,24a4418c5cdde1ecd51881b00f1106dc1798f77ced04faf895281e538083116d
data/kegg_modules/mags/gbk_antismash/bin.31.strict.metawrap.repaired/images/fungi_antismash_icon_white.svg,3335,b7e6c0d4c7e4011c602aada578e5035fe3443bc2ffe44befa0aaa706772c9757
data/kegg_modules/mags/gbk_antismash/bin.31.strict.metawrap.repaired/images/fungi_antismash_logo.svg,8401,10fa1d1e3a9911472704a8b7eb6eb776a720d17b3540bf1a9b6535d4967b9824
data/kegg_modules/mags/gbk_antismash/bin.31.strict.metawrap.repaired/images/fungi_download.png,1679,a5bf4ba46c42ec08318586026eba612aaf0e3132bc6f543d265da1b9317dd85a
data/kegg_modules/mags/gbk_antismash/bin.31.strict.metawrap.repaired/images/fungi_help.png,1863,c88eb0117df14d25d75728f347e9cfcf597e9f0fb35ae64b5855cd29cc299c7b
data/kegg_modules/mags/gbk_antismash/bin.31.strict.metawrap.repaired/images/fungi_home.png,1392,9065ade41a0986dd4169ee8170f9a0a2646d07f9e3b47d406b8d6562d9177003
data/kegg_modules/mags/gbk_antismash/bin.31.strict.metawrap.repaired/images/fungi_logo.png,3572,cab376256a90e3f87e472b58115d01b27935fc45234c33fb5b6df7c6b9f65cb5
data/kegg_modules/mags/gbk_antismash/bin.31.strict.metawrap.repaired/images/help.svg,794,c8e44944b5c351de20ed42ddb4668d3653f5efac134ead63859f4333bace342a
data/kegg_modules/mags/gbk_antismash/bin.31.strict.metawrap.repaired/images/mail.png,1459,7ec23ea17d4ab95dbcc2eb81016789e2524d0f9b6221a19f40fd04fadc9705c4
data/kegg_modules/mags/gbk_antismash/bin.31.strict.metawrap.repaired/images/minus-circle.svg,389,acb059d2d35c7206490072ff549d93219bf20e01b2b59e51db80b91def1d12ad
data/kegg_modules/mags/gbk_antismash/bin.31.strict.metawrap.repaired/images/nostructure_icon.png,4131,012a4403352653672ae1b3e704b997b4641ff1ec097c69fda004ba894e1c4355
data/kegg_modules/mags/gbk_antismash/bin.31.strict.metawrap.repaired/images/plant_antismash_icon.svg,22909,a842765151cc20dd2054ad99a13916f29f549b5a2a6b38a3f4aaaa10c9c533a5
data/kegg_modules/mags/gbk_antismash/bin.31.strict.metawrap.repaired/images/plant_antismash_icon_white.svg,22913,3c9dc64540c7ff0016d3a3b5f792c7d88f4ce1038643cade71a49cb709d3c963
data/kegg_modules/mags/gbk_antismash/bin.31.strict.metawrap.repaired/images/plus-circle.svg,491,9e80740025f9a84ca3fab0c60f23fb7965ffd816208773a326befd1e9841d7a8
data/kegg_modules/mags/gbk_antismash/bin.31.strict.metawrap.repaired/images/question-circle-solid.svg,854,c9babde9f7d66e40ab8ded58ac976714e9468ac30f70be8b6878b8b88cb5b0f4
data/kegg_modules/mags/gbk_antismash/bin.31.strict.metawrap.repaired/images/search-solid.svg,559,43a3063064b28abcc15bce8413838bcbb52297057495c286ded9a0c1c3dacfd4
data/kegg_modules/mags/gbk_antismash/bin.31.strict.metawrap.repaired/index.html,88457,44705f187de52e1d076c88dabf8a664525a2e10f9d75fdde5d7f5b6614de53b4
data/kegg_modules/mags/gbk_antismash/bin.31.strict.metawrap.repaired/input/bin.31.strict.metawrap.repaired.fasta,1771038,4f166cac87f3b9dbd5ce81598486d804f9464842de7c587d2c53d9a55d8c22e0
data/kegg_modules/mags/gbk_antismash/bin.31.strict.metawrap.repaired/js/antismash.js,258688,4b4254087d8e77b3e8a75ff34280316e7266c4e4a40a116c0bdeac65dd2bcdb5
data/kegg_modules/mags/gbk_antismash/bin.31.strict.metawrap.repaired/js/jquery.js,92629,c12f6098e641aaca96c60215800f18f5671039aecf812217fab3c0d152f6adb4
data/kegg_modules/mags/gbk_antismash/bin.31.strict.metawrap.repaired/js/jquery.tablesorter.min.js,16521,b038bcf4e9ddb5f60c93e49bfe7aeeaf40f8fcc2fa753ee56d1abe2bcb89a016
data/kegg_modules/mags/gbk_antismash/bin.31.strict.metawrap.repaired/knownclusterblast/NODE_203_length_2910_cov_3.256618_c1.txt,223,e204189113254bc64dcca51c1a20a1180122f7645233e81f4266b73c880048bf
data/kegg_modules/mags/gbk_antismash/bin.31.strict.metawrap.repaired/knownclusterblast/NODE_61_length_7970_cov_2.616116_c1.txt,351,158c1d0efff919c81e2f6f563999730eb1dba47b8a65e6a0a398d544dc7cc17d
data/kegg_modules/mags/gbk_antismash/bin.31.strict.metawrap.repaired/knownclusterblast/region1/ctg203_1_mibig_hits.html,1769,13d15cbfe9191fc9a1d7197ded90da3c5016afc629d8a6a3df7f81150713d81c
data/kegg_modules/mags/gbk_antismash/bin.31.strict.metawrap.repaired/knownclusterblast/region1/ctg203_2_mibig_hits.html,7273,f9ceb6ba0c6b820a8d0bcc4ae6f29f2f8e752242e3b5153a0de9e24743069c1a
data/kegg_modules/mags/gbk_antismash/bin.31.strict.metawrap.repaired/knownclusterblast/region1/ctg61_3_mibig_hits.html,9048,d0de759849f9be8dd9b2013b51ab1db89ec56bc8255fc19403462563db7eb9e6
data/kegg_modules/mags/gbk_antismash/bin.31.strict.metawrap.repaired/knownclusterblast/region1/ctg61_5_mibig_hits.html,2140,b6d1a03269f9198b4c8c3b285b3d01770e6624f713277605746940503bc44076
data/kegg_modules/mags/gbk_antismash/bin.31.strict.metawrap.repaired/knownclusterblast/region1/ctg61_6_mibig_hits.html,3662,2ba16b3130e7209539548b165c9b04ab06e6e57f3e1bfac2d5a537765649ddd7
data/kegg_modules/mags/gbk_antismash/bin.31.strict.metawrap.repaired/knownclusterblast/region1/ctg61_7_mibig_hits.html,3791,31e4ba21406939ad44f1a61daad5caaead0a4e7b1d88138d8e608967a6ea04d3
data/kegg_modules/mags/gbk_antismash/bin.31.strict.metawrap.repaired/knownclusterblast/region1/ctg61_8_mibig_hits.html,3315,0cffa17dd1a095c8e9f2572779b29b4199b3f2973f8ca2286959efa70c5420be
data/kegg_modules/mags/gbk_antismash/bin.31.strict.metawrap.repaired/knownclusterblast/region1/ctg61_9_mibig_hits.html,4877,b1e5a11c0ed817c648a6b3957c76fa177c0cf49cd51c9d31f61ab6030fbb64ff
data/kegg_modules/mags/gbk_antismash/bin.31.strict.metawrap.repaired/regions.js,234113,be8e3425ca74e6e0cf5d8e6ed23bfc343377bf35879f6b447b2dd8174c6e75f7
data/kegg_modules/mags/gbk_antismash/bin.31.strict.metawrap.repaired/subclusterblast/NODE_203_length_2910_cov_3.256618_c1.txt,223,e204189113254bc64dcca51c1a20a1180122f7645233e81f4266b73c880048bf
data/kegg_modules/mags/gbk_antismash/bin.31.strict.metawrap.repaired/subclusterblast/NODE_61_length_7970_cov_2.616116_c1.txt,351,158c1d0efff919c81e2f6f563999730eb1dba47b8a65e6a0a398d544dc7cc17d
data/kegg_modules/mags/gbk_antismash/bin.34.permissive.metawrap.repaired/NODE_102_length_8521_cov_3.947655.region001.gbk,26956,b9934e594d3e73a22a3382f6bdbb224a27466885785021aa138e1107f89c614d
data/kegg_modules/mags/gbk_antismash/bin.34.permissive.metawrap.repaired/NODE_105_length_8485_cov_3.112155.region001.gbk,26840,eedd3e2b02c40e8753f11ba154bd760dcbe18ae857a10cf01540970e47fdc52a
data/kegg_modules/mags/gbk_antismash/bin.34.permissive.metawrap.repaired/NODE_128_length_7869_cov_3.135267.region001.gbk,36645,4a6464ba121354438e87d17496022c50335964e4cb6c8ff75c0e02e0560e99e2
data/kegg_modules/mags/gbk_antismash/bin.34.permissive.metawrap.repaired/NODE_187_length_6555_cov_3.354893.region001.gbk,35496,58bcc3ac7a3a25496a12cf974d900c3343f5cc40163951c0a0ac083035c538ea
data/kegg_modules/mags/gbk_antismash/bin.34.permissive.metawrap.repaired/NODE_405_length_4117_cov_2.850000.region001.gbk,17702,1b11a9e5266b5d73e3394baca3c1bb82ddd48a033bf1890e8a9071c47259360f
data/kegg_modules/mags/gbk_antismash/bin.34.permissive.metawrap.repaired/NODE_41_length_11976_cov_2.822674.region001.gbk,45434,11e30d48e7dc4ee429f1f668154ff4f1822600acffc0346eb26d49a617ab9c6a
data/kegg_modules/mags/gbk_antismash/bin.34.permissive.metawrap.repaired/NODE_461_length_3608_cov_3.781365.region001.gbk,14001,1d403301379a60cc2149746dd4c2023afcd053bae92eeadd71347413b67854ec
data/kegg_modules/mags/gbk_antismash/bin.34.permissive.metawrap.repaired/NODE_4_length_20628_cov_3.075665.region001.gbk,46800,8c2c76dfc1b402eb9763e9750506dedf8714df6125df340bc79a1c29cbb44ba1
data/kegg_modules/mags/gbk_antismash/bin.34.permissive.metawrap.repaired/NODE_656_length_2505_cov_2.686573.region001.gbk,18207,27d7a1b219d87951e18bd2df4fe7c7ad4bb08648fb47f45bf7c8b5248be42f76
data/kegg_modules/mags/gbk_antismash/bin.34.permissive.metawrap.repaired/NODE_8_length_17528_cov_3.212194.region001.gbk,57663,17c5258b93ed2612a1caeaa41df80edb8cf98a1f6b5cc2a075cc95d69e3a4d04
data/kegg_modules/mags/gbk_antismash/bin.34.permissive.metawrap.repaired/NODE_927_length_1546_cov_2.885636.region001.gbk,15124,977b76808f1a108df3ee482c95f8cf6929c8e98bbba3e39ca01ebe1366d7ffe8
data/kegg_modules/mags/gbk_antismash/bin.34.permissive.metawrap.repaired/bacteria-7d3f69db-da0a-4db6-97bc-5d689b0829e3.log,1521455,47ccbbd2c48141bcc12010200b4e5ae0ef5865ad6973f27bf5b9b2bd1aec2999
data/kegg_modules/mags/gbk_antismash/bin.34.permissive.metawrap.repaired/bin.34.permissive.metawrap.repaired.gbk,9108379,9b39b46b0c6a4d507a440ddb7a09d7a63526bae5cb2576ef87385c63087ec6ae
data/kegg_modules/mags/gbk_antismash/bin.34.permissive.metawrap.repaired/bin.34.permissive.metawrap.repaired.json,15732793,55be881254366d35ea810658fbc5759ee2d4bd695679a0b6b9907892d1dc5ba2
data/kegg_modules/mags/gbk_antismash/bin.34.permissive.metawrap.repaired/clusterblast/NODE_102_length_8521_cov_3.947655_c1.txt,26988,47edca060203310e94a1796f0768c8171aa5c3cab3ab831d36ed8950a95571da
data/kegg_modules/mags/gbk_antismash/bin.34.permissive.metawrap.repaired/clusterblast/NODE_105_length_8485_cov_3.112155_c1.txt,31236,515e30ea26ca85c81ad1a1a438a0256086cf9f72217894500d23cb79497b957c
data/kegg_modules/mags/gbk_antismash/bin.34.permissive.metawrap.repaired/clusterblast/NODE_128_length_7869_cov_3.135267_c1.txt,34186,e1d61189ac602e593129529875c862918b8a4724ba5c635e378966b0693fe7b8
data/kegg_modules/mags/gbk_antismash/bin.34.permissive.metawrap.repaired/clusterblast/NODE_187_length_6555_cov_3.354893_c1.txt,36777,7099746784b99c799f65a0ce350311749bf892e32678868209882c20748e9c71
data/kegg_modules/mags/gbk_antismash/bin.34.permissive.metawrap.repaired/clusterblast/NODE_405_length_4117_cov_2.850000_c1.txt,247,0a65a844232e66ddf3d4f76d9443f0a16be1709d90f2f1fd52d615780efd5c02
data/kegg_modules/mags/gbk_antismash/bin.34.permissive.metawrap.repaired/clusterblast/NODE_41_length_11976_cov_2.822674_c1.txt,8653,8a464030a619298bdaff88d348c81c5cc3de7a597e224647722083882e542b10
data/kegg_modules/mags/gbk_antismash/bin.34.permissive.metawrap.repaired/clusterblast/NODE_461_length_3608_cov_3.781365_c1.txt,4269,95249fb733987c2992217c1727cdf3c5455fcc8da89f20aa42b5c2592cdfc644
data/kegg_modules/mags/gbk_antismash/bin.34.permissive.metawrap.repaired/clusterblast/NODE_4_length_20628_cov_3.075665_c1.txt,32576,4df964e203e51660bd935f56eb39958a7f79a7e6a95a31610bdad87f107ed8db
data/kegg_modules/mags/gbk_antismash/bin.34.permissive.metawrap.repaired/clusterblast/NODE_656_length_2505_cov_2.686573_c1.txt,179,9091729f9390fa340ca83fde009a2f8d0c69dce8567c23b9c69bb0f2d9040590
data/kegg_modules/mags/gbk_antismash/bin.34.permissive.metawrap.repaired/clusterblast/NODE_8_length_17528_cov_3.212194_c1.txt,29649,50a33e768fcc967875d6123461bc8f365171f6ac450f138122cdeacd3494c442
data/kegg_modules/mags/gbk_antismash/bin.34.permissive.metawrap.repaired/clusterblast/NODE_927_length_1546_cov_2.885636_c1.txt,179,a4529c914f7f478d59abeb24aacbe788b9ae5a0c85821805df482ac6b6095f23
data/kegg_modules/mags/gbk_antismash/bin.34.permissive.metawrap.repaired/css/bacteria.css,60848,26c59575cedb40d4fae2918eb1cfa654fcfef48d3201fd5a0698ac38787d9e05
data/kegg_modules/mags/gbk_antismash/bin.34.permissive.metawrap.repaired/images/about.svg,513,6d1e020364b303924b8134a7fbfaa1ccd9eeb96ba4768458f3acc4ac4de975d9
data/kegg_modules/mags/gbk_antismash/bin.34.permissive.metawrap.repaired/images/bacteria_about.png,1607,233d5f419f9cc758d7c04cf7a3b18cef4428d2a2e4c9b2e935b4802c39dafa28
data/kegg_modules/mags/gbk_antismash/bin.34.permissive.metawrap.repaired/images/bacteria_antismash_icon.svg,37742,6da16d6861747ab558195c00dfd432ef1368bd276e33c54e2051026f1de8c0b4
data/kegg_modules/mags/gbk_antismash/bin.34.permissive.metawrap.repaired/images/bacteria_antismash_logo.svg,8433,7f1ad3684593fb1142a8da074c72528a7b809607281c4ad05111a7e6431b0d7a
data/kegg_modules/mags/gbk_antismash/bin.34.permissive.metawrap.repaired/images/bacteria_antismash_white.svg,40766,246536c562f73dbdc963368a4b6bf34cb631655f92d2034346efb013653ef3d8
data/kegg_modules/mags/gbk_antismash/bin.34.permissive.metawrap.repaired/images/bacteria_download.png,1670,ed750bb0a6f6367c19a1839b3385d9e2c360df6c12162d9f071a1f8c9cc17bb4
data/kegg_modules/mags/gbk_antismash/bin.34.permissive.metawrap.repaired/images/bacteria_help.png,1951,46c29244608bfed589db5aec58c3829c4ff9952a8c58cabd688377b1aa165902
data/kegg_modules/mags/gbk_antismash/bin.34.permissive.metawrap.repaired/images/bacteria_home.png,1414,43807c609de0e5603ae9fb658c587122f30e1269d895e6230abebe46bb545be9
data/kegg_modules/mags/gbk_antismash/bin.34.permissive.metawrap.repaired/images/bacteria_logo.png,3831,d0056272e08e276d8efd306f448b31bb6e5d4837062b31061e032d19546cfe43
data/kegg_modules/mags/gbk_antismash/bin.34.permissive.metawrap.repaired/images/contact.svg,678,28628158c3f9ca0d84eeba0b9d739575e5aa22ff9c1a83a07ab516e610bd023d
data/kegg_modules/mags/gbk_antismash/bin.34.permissive.metawrap.repaired/images/download.svg,656,d59cf2c1b60fbbe12d3aa1e399357abbe9653203687923db8c24aaa740e51d5e
data/kegg_modules/mags/gbk_antismash/bin.34.permissive.metawrap.repaired/images/expand-arrows-alt-solid.svg,715,f594ab6317974e50859ca18601d6693b0716bd0487873c5462b06dc84bff1f8c
data/kegg_modules/mags/gbk_antismash/bin.34.permissive.metawrap.repaired/images/external-link-alt-solid.svg,778,634f9cdc7e573b2c73012642fe8a8b6c14ae4a257870110afb26769f9ae50681
data/kegg_modules/mags/gbk_antismash/bin.34.permissive.metawrap.repaired/images/fungi_about.png,1595,48038f56f8f94c116b3849b2afd892bb3a93a0b43f5062d417bc16d5b6b86c33
data/kegg_modules/mags/gbk_antismash/bin.34.permissive.metawrap.repaired/images/fungi_antismash_icon.svg,3331,24a4418c5cdde1ecd51881b00f1106dc1798f77ced04faf895281e538083116d
data/kegg_modules/mags/gbk_antismash/bin.34.permissive.metawrap.repaired/images/fungi_antismash_icon_white.svg,3335,b7e6c0d4c7e4011c602aada578e5035fe3443bc2ffe44befa0aaa706772c9757
data/kegg_modules/mags/gbk_antismash/bin.34.permissive.metawrap.repaired/images/fungi_antismash_logo.svg,8401,10fa1d1e3a9911472704a8b7eb6eb776a720d17b3540bf1a9b6535d4967b9824
data/kegg_modules/mags/gbk_antismash/bin.34.permissive.metawrap.repaired/images/fungi_download.png,1679,a5bf4ba46c42ec08318586026eba612aaf0e3132bc6f543d265da1b9317dd85a
data/kegg_modules/mags/gbk_antismash/bin.34.permissive.metawrap.repaired/images/fungi_help.png,1863,c88eb0117df14d25d75728f347e9cfcf597e9f0fb35ae64b5855cd29cc299c7b
data/kegg_modules/mags/gbk_antismash/bin.34.permissive.metawrap.repaired/images/fungi_home.png,1392,9065ade41a0986dd4169ee8170f9a0a2646d07f9e3b47d406b8d6562d9177003
data/kegg_modules/mags/gbk_antismash/bin.34.permissive.metawrap.repaired/images/fungi_logo.png,3572,cab376256a90e3f87e472b58115d01b27935fc45234c33fb5b6df7c6b9f65cb5
data/kegg_modules/mags/gbk_antismash/bin.34.permissive.metawrap.repaired/images/help.svg,794,c8e44944b5c351de20ed42ddb4668d3653f5efac134ead63859f4333bace342a
data/kegg_modules/mags/gbk_antismash/bin.34.permissive.metawrap.repaired/images/mail.png,1459,7ec23ea17d4ab95dbcc2eb81016789e2524d0f9b6221a19f40fd04fadc9705c4
data/kegg_modules/mags/gbk_antismash/bin.34.permissive.metawrap.repaired/images/minus-circle.svg,389,acb059d2d35c7206490072ff549d93219bf20e01b2b59e51db80b91def1d12ad
data/kegg_modules/mags/gbk_antismash/bin.34.permissive.metawrap.repaired/images/nostructure_icon.png,4131,012a4403352653672ae1b3e704b997b4641ff1ec097c69fda004ba894e1c4355
data/kegg_modules/mags/gbk_antismash/bin.34.permissive.metawrap.repaired/images/plant_antismash_icon.svg,22909,a842765151cc20dd2054ad99a13916f29f549b5a2a6b38a3f4aaaa10c9c533a5
data/kegg_modules/mags/gbk_antismash/bin.34.permissive.metawrap.repaired/images/plant_antismash_icon_white.svg,22913,3c9dc64540c7ff0016d3a3b5f792c7d88f4ce1038643cade71a49cb709d3c963
data/kegg_modules/mags/gbk_antismash/bin.34.permissive.metawrap.repaired/images/plus-circle.svg,491,9e80740025f9a84ca3fab0c60f23fb7965ffd816208773a326befd1e9841d7a8
data/kegg_modules/mags/gbk_antismash/bin.34.permissive.metawrap.repaired/images/question-circle-solid.svg,854,c9babde9f7d66e40ab8ded58ac976714e9468ac30f70be8b6878b8b88cb5b0f4
data/kegg_modules/mags/gbk_antismash/bin.34.permissive.metawrap.repaired/images/search-solid.svg,559,43a3063064b28abcc15bce8413838bcbb52297057495c286ded9a0c1c3dacfd4
data/kegg_modules/mags/gbk_antismash/bin.34.permissive.metawrap.repaired/index.html,429895,4ee41e1a45557db6dfbaf8d4118b4078ac913f9b26c9aa39bb33648a811f217b
data/kegg_modules/mags/gbk_antismash/bin.34.permissive.metawrap.repaired/input/bin.34.permissive.metawrap.repaired.fasta,4861908,0ea22c8b2f80b264b437bbb3b5c857546cbba8c0f03638185e9bf75abcd4a5c7
data/kegg_modules/mags/gbk_antismash/bin.34.permissive.metawrap.repaired/js/antismash.js,258688,4b4254087d8e77b3e8a75ff34280316e7266c4e4a40a116c0bdeac65dd2bcdb5
data/kegg_modules/mags/gbk_antismash/bin.34.permissive.metawrap.repaired/js/jquery.js,92629,c12f6098e641aaca96c60215800f18f5671039aecf812217fab3c0d152f6adb4
data/kegg_modules/mags/gbk_antismash/bin.34.permissive.metawrap.repaired/js/jquery.tablesorter.min.js,16521,b038bcf4e9ddb5f60c93e49bfe7aeeaf40f8fcc2fa753ee56d1abe2bcb89a016
data/kegg_modules/mags/gbk_antismash/bin.34.permissive.metawrap.repaired/knownclusterblast/NODE_102_length_8521_cov_3.947655_c1.txt,318,0bee0790ba3df2eb1f0bcb1c8dd00c382e452b3e508908904c508e6391122e95
data/kegg_modules/mags/gbk_antismash/bin.34.permissive.metawrap.repaired/knownclusterblast/NODE_105_length_8485_cov_3.112155_c1.txt,340,77ef6f2fd9ad41ad77a5e2492561973943fa7dc896140106c0abe0c6eee60eed
data/kegg_modules/mags/gbk_antismash/bin.34.permissive.metawrap.repaired/knownclusterblast/NODE_128_length_7869_cov_3.135267_c1.txt,223,a817a2cb2855bd0510352eeaf040468895e99bb6557cf4b5871cd341cc19847f
data/kegg_modules/mags/gbk_antismash/bin.34.permissive.metawrap.repaired/knownclusterblast/NODE_187_length_6555_cov_3.354893_c1.txt,4330,569a66e1af7ae4d94d5fdaf77db8283b88bc35af46a4bac841f06250db8c43d3
data/kegg_modules/mags/gbk_antismash/bin.34.permissive.metawrap.repaired/knownclusterblast/NODE_405_length_4117_cov_2.850000_c1.txt,247,0a65a844232e66ddf3d4f76d9443f0a16be1709d90f2f1fd52d615780efd5c02
data/kegg_modules/mags/gbk_antismash/bin.34.permissive.metawrap.repaired/knownclusterblast/NODE_41_length_11976_cov_2.822674_c1.txt,449,a51f2acdca4b90572bc1d999a6b12b827d73212f723a19a8a55d614f6a51b430
data/kegg_modules/mags/gbk_antismash/bin.34.permissive.metawrap.repaired/knownclusterblast/NODE_461_length_3608_cov_3.781365_c1.txt,291,1b939c2f85e364c252a2a5107be371aed851ed24ac45d06cc1bd8bc372b58139
data/kegg_modules/mags/gbk_antismash/bin.34.permissive.metawrap.repaired/knownclusterblast/NODE_4_length_20628_cov_3.075665_c1.txt,561,52e70ad4f9adc8b9c55ce22b1ce7b23004ba1a3c101a90269fe1a432abdac6e0
data/kegg_modules/mags/gbk_antismash/bin.34.permissive.metawrap.repaired/knownclusterblast/NODE_656_length_2505_cov_2.686573_c1.txt,1472,aac88863eb54a6622daf01631437a58644d68b4930029541c259a51b4b1a069e
data/kegg_modules/mags/gbk_antismash/bin.34.permissive.metawrap.repaired/knownclusterblast/NODE_8_length_17528_cov_3.212194_c1.txt,620,05c885ebd20c3c284445b6bbdcf968618c311237413da36ab8e6d32b1f2d8d66
data/kegg_modules/mags/gbk_antismash/bin.34.permissive.metawrap.repaired/knownclusterblast/NODE_927_length_1546_cov_2.885636_c1.txt,1076,497f9e7719b7e5447edb81acd3b584fd224d5d0a460fbf5a11c054b5b17d59e0
data/kegg_modules/mags/gbk_antismash/bin.34.permissive.metawrap.repaired/knownclusterblast/region1/ctg102_4_mibig_hits.html,1791,00f372e761ea135ef3eff2c8160abc273a21a8c17536a24f5227d8d4ce238051
data/kegg_modules/mags/gbk_antismash/bin.34.permissive.metawrap.repaired/knownclusterblast/region1/ctg102_6_mibig_hits.html,8153,25e6cf87a62405b027bbebdd4203322d11978f088581ea2f1e0f679283202a73
data/kegg_modules/mags/gbk_antismash/bin.34.permissive.metawrap.repaired/knownclusterblast/region1/ctg105_2_mibig_hits.html,23741,8b6f85c638b757bcbe3dc0521b8aa845dbea6eeaf7d1758d81a2394afdcb228e
data/kegg_modules/mags/gbk_antismash/bin.34.permissive.metawrap.repaired/knownclusterblast/region1/ctg105_3_mibig_hits.html,4092,7436efa939f6410ffdc12c1fb5e2f39ed42480c66ec2d37317de5d2c142a35c4
data/kegg_modules/mags/gbk_antismash/bin.34.permissive.metawrap.repaired/knownclusterblast/region1/ctg128_1_mibig_hits.html,2164,0052260855a868a49bbbe48f606f9f6fa8759f116086514222c0d14998e33cb1
data/kegg_modules/mags/gbk_antismash/bin.34.permissive.metawrap.repaired/knownclusterblast/region1/ctg128_2_mibig_hits.html,468309,8754529fd97db600821d83ee1bf041e71d704f38cea8034b61ef93a627e756d3
data/kegg_modules/mags/gbk_antismash/bin.34.permissive.metawrap.repaired/knownclusterblast/region1/ctg128_3_mibig_hits.html,5197,1539e3e3442dfa0c0528913f93b1882341fa4c69a3caaa8916b3c61aff9e8569
data/kegg_modules/mags/gbk_antismash/bin.34.permissive.metawrap.repaired/knownclusterblast/region1/ctg187_1_mibig_hits.html,920024,580012ed07c9c8a950054ebdc0f47145fb8cc51255ad7df48107d4cec6fb7a1f
data/kegg_modules/mags/gbk_antismash/bin.34.permissive.metawrap.repaired/knownclusterblast/region1/ctg187_3_mibig_hits.html,5600,5393a8835732647dba51bcc6fbccf0b126b753344a6fcc8bb799d45fc81211ef
data/kegg_modules/mags/gbk_antismash/bin.34.permissive.metawrap.repaired/knownclusterblast/region1/ctg187_4_mibig_hits.html,4883,331b4e490f39cdc82f7065b89791d25e6f1e20177fb3ae6705e9d9e953e88e13
data/kegg_modules/mags/gbk_antismash/bin.34.permissive.metawrap.repaired/knownclusterblast/region1/ctg187_5_mibig_hits.html,4498,f02152ff605b6e9e8152a1e5a1c7ddf0d5b9a0ee386405a28e0049fab2a2a03b
data/kegg_modules/mags/gbk_antismash/bin.34.permissive.metawrap.repaired/knownclusterblast/region1/ctg405_2_mibig_hits.html,4520,bdfb47102cfff3b5ac53b3349cc067f3efd6e1e9f686fb27c404196f9abf8454
data/kegg_modules/mags/gbk_antismash/bin.34.permissive.metawrap.repaired/knownclusterblast/region1/ctg41_12_mibig_hits.html,1758,db8c228e81c33dbef7649aa75106a43cf38a7fb13cb16421174ff152fef252e5
data/kegg_modules/mags/gbk_antismash/bin.34.permissive.metawrap.repaired/knownclusterblast/region1/ctg41_4_mibig_hits.html,39483,72e7e17ea13be5049d40374533e1010e129496754713e28f9a497aac8f9be0a3
data/kegg_modules/mags/gbk_antismash/bin.34.permissive.metawrap.repaired/knownclusterblast/region1/ctg41_7_mibig_hits.html,1800,05ba462efd656bd7f80da24468cbbb749a4cc4a28a499ec5107f0022a3c41953
data/kegg_modules/mags/gbk_antismash/bin.34.permissive.metawrap.repaired/knownclusterblast/region1/ctg461_2_mibig_hits.html,1759,01e6875c4eb2ee60faca4afa72182d667af08d9124f6b91dbeaf7896edcf5cc8
data/kegg_modules/mags/gbk_antismash/bin.34.permissive.metawrap.repaired/knownclusterblast/region1/ctg461_3_mibig_hits.html,1768,7c616b03bca2c9e9a078e2c61d246fcbe458341bfec5ecceaa8a733326622690
data/kegg_modules/mags/gbk_antismash/bin.34.permissive.metawrap.repaired/knownclusterblast/region1/ctg461_4_mibig_hits.html,2172,91a999a880b04f772da4b2599812cfe05ae7a1ceb53fa54a9a29ff6d58d6046e
data/kegg_modules/mags/gbk_antismash/bin.34.permissive.metawrap.repaired/knownclusterblast/region1/ctg4_18_mibig_hits.html,15972,248600dc3fb6bd3f6cb485f86d82403760ab6a4cb878c020f0a8f98ef325293d
data/kegg_modules/mags/gbk_antismash/bin.34.permissive.metawrap.repaired/knownclusterblast/region1/ctg4_19_mibig_hits.html,1788,513e287761b5869b88af398827c8e5e40c2eea28963a52d722920f52bb259b76
data/kegg_modules/mags/gbk_antismash/bin.34.permissive.metawrap.repaired/knownclusterblast/region1/ctg4_20_mibig_hits.html,3788,b91c41478f7c55cff6a916f527968c3439608616060755de9a0b3f9bc062dd4b
data/kegg_modules/mags/gbk_antismash/bin.34.permissive.metawrap.repaired/knownclusterblast/region1/ctg4_23_mibig_hits.html,2153,a549473a916107bbd5e70934d1bcd8037947b2ceb02d9b9a3b4cf6aedac3ef84
data/kegg_modules/mags/gbk_antismash/bin.34.permissive.metawrap.repaired/knownclusterblast/region1/ctg4_24_mibig_hits.html,2622,8ae81d379b63d6b5c1d497ab2b6b3b34b2f447303c3f506575637b2e111f0653
data/kegg_modules/mags/gbk_antismash/bin.34.permissive.metawrap.repaired/knownclusterblast/region1/ctg656_1_mibig_hits.html,587709,dcd34b058148cba11234bf01280c42d170cb5abf37b5ea5c0c57cf050c204301
data/kegg_modules/mags/gbk_antismash/bin.34.permissive.metawrap.repaired/knownclusterblast/region1/ctg8_10_mibig_hits.html,3448,477b23493e171d2150a665ed62390d146e9058460fe280aaa398b0c24d71d675
data/kegg_modules/mags/gbk_antismash/bin.34.permissive.metawrap.repaired/knownclusterblast/region1/ctg8_11_mibig_hits.html,13891,2785be34ca44c8fd6c51e0d98f88608b73d11f0ff3371facac48a9db1545a1e2
data/kegg_modules/mags/gbk_antismash/bin.34.permissive.metawrap.repaired/knownclusterblast/region1/ctg8_13_mibig_hits.html,6358,0cff5d6d624dc5d475464b5c4272e2de975779f9e69e98c0d46bc709031661c9
data/kegg_modules/mags/gbk_antismash/bin.34.permissive.metawrap.repaired/knownclusterblast/region1/ctg8_14_mibig_hits.html,1748,60d56924b094f0405eeb22e9da3eedfe4c70b1b44b550e26a650d38fe3f4069a
data/kegg_modules/mags/gbk_antismash/bin.34.permissive.metawrap.repaired/knownclusterblast/region1/ctg8_8_mibig_hits.html,1781,b17e5991a2ec7b88b880cc0ad90c2f17b1f9806e4ec4d4022a9709ca16fc1cd8
data/kegg_modules/mags/gbk_antismash/bin.34.permissive.metawrap.repaired/knownclusterblast/region1/ctg927_1_mibig_hits.html,521242,9b5436a1e0e99cf100a4b74f9e21563c1e851f264e7dfe71fea27a8b2d87e1ae
data/kegg_modules/mags/gbk_antismash/bin.34.permissive.metawrap.repaired/regions.js,1430607,c23066cb9de72068ecdfc236ad4e55ad82600f0abf5235b57cefc59ff70db085
data/kegg_modules/mags/gbk_antismash/bin.34.permissive.metawrap.repaired/subclusterblast/NODE_102_length_8521_cov_3.947655_c1.txt,318,0bee0790ba3df2eb1f0bcb1c8dd00c382e452b3e508908904c508e6391122e95
data/kegg_modules/mags/gbk_antismash/bin.34.permissive.metawrap.repaired/subclusterblast/NODE_105_length_8485_cov_3.112155_c1.txt,340,77ef6f2fd9ad41ad77a5e2492561973943fa7dc896140106c0abe0c6eee60eed
data/kegg_modules/mags/gbk_antismash/bin.34.permissive.metawrap.repaired/subclusterblast/NODE_128_length_7869_cov_3.135267_c1.txt,223,a817a2cb2855bd0510352eeaf040468895e99bb6557cf4b5871cd341cc19847f
data/kegg_modules/mags/gbk_antismash/bin.34.permissive.metawrap.repaired/subclusterblast/NODE_187_length_6555_cov_3.354893_c1.txt,273,93e3e3a1aeb50a8d2ca2993cfadede81b5b4845f7831d4f831db4eb1a37a3f51
data/kegg_modules/mags/gbk_antismash/bin.34.permissive.metawrap.repaired/subclusterblast/NODE_405_length_4117_cov_2.850000_c1.txt,247,0a65a844232e66ddf3d4f76d9443f0a16be1709d90f2f1fd52d615780efd5c02
data/kegg_modules/mags/gbk_antismash/bin.34.permissive.metawrap.repaired/subclusterblast/NODE_41_length_11976_cov_2.822674_c1.txt,449,a51f2acdca4b90572bc1d999a6b12b827d73212f723a19a8a55d614f6a51b430
data/kegg_modules/mags/gbk_antismash/bin.34.permissive.metawrap.repaired/subclusterblast/NODE_461_length_3608_cov_3.781365_c1.txt,291,1b939c2f85e364c252a2a5107be371aed851ed24ac45d06cc1bd8bc372b58139
data/kegg_modules/mags/gbk_antismash/bin.34.permissive.metawrap.repaired/subclusterblast/NODE_4_length_20628_cov_3.075665_c1.txt,561,52e70ad4f9adc8b9c55ce22b1ce7b23004ba1a3c101a90269fe1a432abdac6e0
data/kegg_modules/mags/gbk_antismash/bin.34.permissive.metawrap.repaired/subclusterblast/NODE_656_length_2505_cov_2.686573_c1.txt,179,9091729f9390fa340ca83fde009a2f8d0c69dce8567c23b9c69bb0f2d9040590
data/kegg_modules/mags/gbk_antismash/bin.34.permissive.metawrap.repaired/subclusterblast/NODE_8_length_17528_cov_3.212194_c1.txt,620,05c885ebd20c3c284445b6bbdcf968618c311237413da36ab8e6d32b1f2d8d66
data/kegg_modules/mags/gbk_antismash/bin.34.permissive.metawrap.repaired/subclusterblast/NODE_927_length_1546_cov_2.885636_c1.txt,179,a4529c914f7f478d59abeb24aacbe788b9ae5a0c85821805df482ac6b6095f23
data/kegg_modules/mags/gbk_antismash/bin.35.strict.metawrap.1.repaired/NODE_106_length_10498_cov_1.873237.region001.gbk,38147,2b1242a122d65d767859e01119e726f1b76480c837c02d378993f18191a0d04a
data/kegg_modules/mags/gbk_antismash/bin.35.strict.metawrap.1.repaired/NODE_184_length_7341_cov_3.225633.region001.gbk,30049,c881eba9f96f90ea94036e0d071cbb0006e1c15295915863e79d203b873917d8
data/kegg_modules/mags/gbk_antismash/bin.35.strict.metawrap.1.repaired/NODE_221_length_6512_cov_3.251748.region001.gbk,26700,8be2955eab1a6b0689cce1be6b28a38c8e068f78e350f41ef2e59858981705f2
data/kegg_modules/mags/gbk_antismash/bin.35.strict.metawrap.1.repaired/NODE_224_length_6479_cov_2.086223.region001.gbk,30496,69085a91c1a4d453c03c9ca9cd8d5103f404e4c45cbe8d4795e47fc189667a62
data/kegg_modules/mags/gbk_antismash/bin.35.strict.metawrap.1.repaired/NODE_236_length_6227_cov_3.179512.region001.gbk,29088,6a0e0a04a5d07fb093ad604fe5608741d67424c1e835206f3d4448fa39ceba8c
data/kegg_modules/mags/gbk_antismash/bin.35.strict.metawrap.1.repaired/NODE_244_length_6085_cov_3.130992.region001.gbk,27485,8564d6d6edd27c558513710f574094f3bd5e7ce425c8c8e29168ce2944cb206c
data/kegg_modules/mags/gbk_antismash/bin.35.strict.metawrap.1.repaired/NODE_255_length_5906_cov_2.661692.region001.gbk,34576,c546e844fa50685af791ae3cc5f0a3bcd74c1c1270601d0084d3ac60e5e020e1
data/kegg_modules/mags/gbk_antismash/bin.35.strict.metawrap.1.repaired/NODE_26_length_18041_cov_2.640225.region001.gbk,52783,7531bb6360acdea83a96814c51501a8fec8a79ef60e2a0f861d0e447eba78425
data/kegg_modules/mags/gbk_antismash/bin.35.strict.metawrap.1.repaired/NODE_410_length_3606_cov_2.956362.region001.gbk,16714,625bd15712cda499c40f90d651d81328fa32b4b49f765b90eebf54dfb799af7f
data/kegg_modules/mags/gbk_antismash/bin.35.strict.metawrap.1.repaired/NODE_63_length_13568_cov_2.790305.region001.gbk,51784,7c703c58c81a15385aacf571764d973a0c4668fafcf1f5b580cb819da1bdc5fc
data/kegg_modules/mags/gbk_antismash/bin.35.strict.metawrap.1.repaired/bacteria-53253410-d78a-4d40-a475-c20683035d6b.log,1047393,84188611190c0931b031cfb76a6e58f79701e8c4800da0b1f5c49f57293b8805
data/kegg_modules/mags/gbk_antismash/bin.35.strict.metawrap.1.repaired/bin.35.strict.metawrap.1.repaired.gbk,8292550,232d45d58f96378f8c4efe1885833b5142224bea187510ec345f034afbb068d4
data/kegg_modules/mags/gbk_antismash/bin.35.strict.metawrap.1.repaired/bin.35.strict.metawrap.1.repaired.json,12541128,489c35abe4602ade3b06d40c7861e0cf76ecf84f739081d2b1aa234f20096cd0
data/kegg_modules/mags/gbk_antismash/bin.35.strict.metawrap.1.repaired/clusterblast/NODE_106_length_10498_cov_1.873237_c1.txt,21971,58d06325baa8a8b2185e23ca7acef08af30212f7601c30eaccfad1016d4f2a4e
data/kegg_modules/mags/gbk_antismash/bin.35.strict.metawrap.1.repaired/clusterblast/NODE_184_length_7341_cov_3.225633_c1.txt,29051,3bb8a8ac223225a83697579b302e4a308cce1c78185133b25e03d87e02ccbabb
data/kegg_modules/mags/gbk_antismash/bin.35.strict.metawrap.1.repaired/clusterblast/NODE_221_length_6512_cov_3.251748_c1.txt,13250,74cd2dacf005f9501a36efe5f6bced91ecadd25b806fa33c97e02623243b2e2a
data/kegg_modules/mags/gbk_antismash/bin.35.strict.metawrap.1.repaired/clusterblast/NODE_224_length_6479_cov_2.086223_c1.txt,225,7bea628279a50dc0f416587f00716c5f3ee22fb72954be8d6ffd161e7fdebc9c
data/kegg_modules/mags/gbk_antismash/bin.35.strict.metawrap.1.repaired/clusterblast/NODE_236_length_6227_cov_3.179512_c1.txt,32608,87d5ce9bd842cf00df682050129e18c11524a6170402540bd4cbb59d69773040
data/kegg_modules/mags/gbk_antismash/bin.35.strict.metawrap.1.repaired/clusterblast/NODE_244_length_6085_cov_3.130992_c1.txt,269,a4e9831574e38bddc5ea969fb01888f6a5bfe7e44c0248c2ad6ecce74893b034
data/kegg_modules/mags/gbk_antismash/bin.35.strict.metawrap.1.repaired/clusterblast/NODE_255_length_5906_cov_2.661692_c1.txt,32928,b8cdfe6c6b8a64bfe2c732fa1408b767ce02fc4dc7f98866fbb6f2fbd186f323
data/kegg_modules/mags/gbk_antismash/bin.35.strict.metawrap.1.repaired/clusterblast/NODE_26_length_18041_cov_2.640225_c1.txt,4427,e6aa53a569a99c38b18ececaf32823d0634daf15e70fd9880e62ccb7eb0daeec
data/kegg_modules/mags/gbk_antismash/bin.35.strict.metawrap.1.repaired/clusterblast/NODE_410_length_3606_cov_2.956362_c1.txt,2599,55913a378ac77d88ff228bc3249501ea769df2c0c03aa2d082fc5befadbc18b8
data/kegg_modules/mags/gbk_antismash/bin.35.strict.metawrap.1.repaired/clusterblast/NODE_63_length_13568_cov_2.790305_c1.txt,27772,85694d8cd7ae36dab00f1c3fe4770b959eb0ecc3964bf64de8f1c6ed624755c9
data/kegg_modules/mags/gbk_antismash/bin.35.strict.metawrap.1.repaired/css/bacteria.css,60848,26c59575cedb40d4fae2918eb1cfa654fcfef48d3201fd5a0698ac38787d9e05
data/kegg_modules/mags/gbk_antismash/bin.35.strict.metawrap.1.repaired/images/about.svg,513,6d1e020364b303924b8134a7fbfaa1ccd9eeb96ba4768458f3acc4ac4de975d9
data/kegg_modules/mags/gbk_antismash/bin.35.strict.metawrap.1.repaired/images/bacteria_about.png,1607,233d5f419f9cc758d7c04cf7a3b18cef4428d2a2e4c9b2e935b4802c39dafa28
data/kegg_modules/mags/gbk_antismash/bin.35.strict.metawrap.1.repaired/images/bacteria_antismash_icon.svg,37742,6da16d6861747ab558195c00dfd432ef1368bd276e33c54e2051026f1de8c0b4
data/kegg_modules/mags/gbk_antismash/bin.35.strict.metawrap.1.repaired/images/bacteria_antismash_logo.svg,8433,7f1ad3684593fb1142a8da074c72528a7b809607281c4ad05111a7e6431b0d7a
data/kegg_modules/mags/gbk_antismash/bin.35.strict.metawrap.1.repaired/images/bacteria_antismash_white.svg,40766,246536c562f73dbdc963368a4b6bf34cb631655f92d2034346efb013653ef3d8
data/kegg_modules/mags/gbk_antismash/bin.35.strict.metawrap.1.repaired/images/bacteria_download.png,1670,ed750bb0a6f6367c19a1839b3385d9e2c360df6c12162d9f071a1f8c9cc17bb4
data/kegg_modules/mags/gbk_antismash/bin.35.strict.metawrap.1.repaired/images/bacteria_help.png,1951,46c29244608bfed589db5aec58c3829c4ff9952a8c58cabd688377b1aa165902
data/kegg_modules/mags/gbk_antismash/bin.35.strict.metawrap.1.repaired/images/bacteria_home.png,1414,43807c609de0e5603ae9fb658c587122f30e1269d895e6230abebe46bb545be9
data/kegg_modules/mags/gbk_antismash/bin.35.strict.metawrap.1.repaired/images/bacteria_logo.png,3831,d0056272e08e276d8efd306f448b31bb6e5d4837062b31061e032d19546cfe43
data/kegg_modules/mags/gbk_antismash/bin.35.strict.metawrap.1.repaired/images/contact.svg,678,28628158c3f9ca0d84eeba0b9d739575e5aa22ff9c1a83a07ab516e610bd023d
data/kegg_modules/mags/gbk_antismash/bin.35.strict.metawrap.1.repaired/images/download.svg,656,d59cf2c1b60fbbe12d3aa1e399357abbe9653203687923db8c24aaa740e51d5e
data/kegg_modules/mags/gbk_antismash/bin.35.strict.metawrap.1.repaired/images/expand-arrows-alt-solid.svg,715,f594ab6317974e50859ca18601d6693b0716bd0487873c5462b06dc84bff1f8c
data/kegg_modules/mags/gbk_antismash/bin.35.strict.metawrap.1.repaired/images/external-link-alt-solid.svg,778,634f9cdc7e573b2c73012642fe8a8b6c14ae4a257870110afb26769f9ae50681
data/kegg_modules/mags/gbk_antismash/bin.35.strict.metawrap.1.repaired/images/fungi_about.png,1595,48038f56f8f94c116b3849b2afd892bb3a93a0b43f5062d417bc16d5b6b86c33
data/kegg_modules/mags/gbk_antismash/bin.35.strict.metawrap.1.repaired/images/fungi_antismash_icon.svg,3331,24a4418c5cdde1ecd51881b00f1106dc1798f77ced04faf895281e538083116d
data/kegg_modules/mags/gbk_antismash/bin.35.strict.metawrap.1.repaired/images/fungi_antismash_icon_white.svg,3335,b7e6c0d4c7e4011c602aada578e5035fe3443bc2ffe44befa0aaa706772c9757
data/kegg_modules/mags/gbk_antismash/bin.35.strict.metawrap.1.repaired/images/fungi_antismash_logo.svg,8401,10fa1d1e3a9911472704a8b7eb6eb776a720d17b3540bf1a9b6535d4967b9824
data/kegg_modules/mags/gbk_antismash/bin.35.strict.metawrap.1.repaired/images/fungi_download.png,1679,a5bf4ba46c42ec08318586026eba612aaf0e3132bc6f543d265da1b9317dd85a
data/kegg_modules/mags/gbk_antismash/bin.35.strict.metawrap.1.repaired/images/fungi_help.png,1863,c88eb0117df14d25d75728f347e9cfcf597e9f0fb35ae64b5855cd29cc299c7b
data/kegg_modules/mags/gbk_antismash/bin.35.strict.metawrap.1.repaired/images/fungi_home.png,1392,9065ade41a0986dd4169ee8170f9a0a2646d07f9e3b47d406b8d6562d9177003
data/kegg_modules/mags/gbk_antismash/bin.35.strict.metawrap.1.repaired/images/fungi_logo.png,3572,cab376256a90e3f87e472b58115d01b27935fc45234c33fb5b6df7c6b9f65cb5
data/kegg_modules/mags/gbk_antismash/bin.35.strict.metawrap.1.repaired/images/help.svg,794,c8e44944b5c351de20ed42ddb4668d3653f5efac134ead63859f4333bace342a
data/kegg_modules/mags/gbk_antismash/bin.35.strict.metawrap.1.repaired/images/mail.png,1459,7ec23ea17d4ab95dbcc2eb81016789e2524d0f9b6221a19f40fd04fadc9705c4
data/kegg_modules/mags/gbk_antismash/bin.35.strict.metawrap.1.repaired/images/minus-circle.svg,389,acb059d2d35c7206490072ff549d93219bf20e01b2b59e51db80b91def1d12ad
data/kegg_modules/mags/gbk_antismash/bin.35.strict.metawrap.1.repaired/images/nostructure_icon.png,4131,012a4403352653672ae1b3e704b997b4641ff1ec097c69fda004ba894e1c4355
data/kegg_modules/mags/gbk_antismash/bin.35.strict.metawrap.1.repaired/images/plant_antismash_icon.svg,22909,a842765151cc20dd2054ad99a13916f29f549b5a2a6b38a3f4aaaa10c9c533a5
data/kegg_modules/mags/gbk_antismash/bin.35.strict.metawrap.1.repaired/images/plant_antismash_icon_white.svg,22913,3c9dc64540c7ff0016d3a3b5f792c7d88f4ce1038643cade71a49cb709d3c963
data/kegg_modules/mags/gbk_antismash/bin.35.strict.metawrap.1.repaired/images/plus-circle.svg,491,9e80740025f9a84ca3fab0c60f23fb7965ffd816208773a326befd1e9841d7a8
data/kegg_modules/mags/gbk_antismash/bin.35.strict.metawrap.1.repaired/images/question-circle-solid.svg,854,c9babde9f7d66e40ab8ded58ac976714e9468ac30f70be8b6878b8b88cb5b0f4
data/kegg_modules/mags/gbk_antismash/bin.35.strict.metawrap.1.repaired/images/search-solid.svg,559,43a3063064b28abcc15bce8413838bcbb52297057495c286ded9a0c1c3dacfd4
data/kegg_modules/mags/gbk_antismash/bin.35.strict.metawrap.1.repaired/index.html,367172,3369ec68d4fd9753f204321af3d67863b3b513eb0df3dbadf6fcbdbf2b1febbd
data/kegg_modules/mags/gbk_antismash/bin.35.strict.metawrap.1.repaired/input/bin.35.strict.metawrap.1.repaired.fasta,4405216,1635d16f281a02a9cd0c4a0715d30bcbb9ccda68b072fb34c1360f59ce719df9
data/kegg_modules/mags/gbk_antismash/bin.35.strict.metawrap.1.repaired/js/antismash.js,258688,4b4254087d8e77b3e8a75ff34280316e7266c4e4a40a116c0bdeac65dd2bcdb5
data/kegg_modules/mags/gbk_antismash/bin.35.strict.metawrap.1.repaired/js/jquery.js,92629,c12f6098e641aaca96c60215800f18f5671039aecf812217fab3c0d152f6adb4
data/kegg_modules/mags/gbk_antismash/bin.35.strict.metawrap.1.repaired/js/jquery.tablesorter.min.js,16521,b038bcf4e9ddb5f60c93e49bfe7aeeaf40f8fcc2fa753ee56d1abe2bcb89a016
data/kegg_modules/mags/gbk_antismash/bin.35.strict.metawrap.1.repaired/knownclusterblast/NODE_106_length_10498_cov_1.873237_c1.txt,362,074f1acc2e79024d76dcb1a966edd92868b7ee21f53cf4b4da53fff120b2c6a0
data/kegg_modules/mags/gbk_antismash/bin.35.strict.metawrap.1.repaired/knownclusterblast/NODE_184_length_7341_cov_3.225633_c1.txt,315,d6321ac4d4b72af8dbc60a3e52adf5384aaeb882c08d8b6a89dbcc0e1305131a
data/kegg_modules/mags/gbk_antismash/bin.35.strict.metawrap.1.repaired/knownclusterblast/NODE_221_length_6512_cov_3.251748_c1.txt,319,ac141cbebf8120faca55edcd593d6cbaa744bc5624fe1ecb1401bfa18986c1f5
data/kegg_modules/mags/gbk_antismash/bin.35.strict.metawrap.1.repaired/knownclusterblast/NODE_224_length_6479_cov_2.086223_c1.txt,225,7bea628279a50dc0f416587f00716c5f3ee22fb72954be8d6ffd161e7fdebc9c
data/kegg_modules/mags/gbk_antismash/bin.35.strict.metawrap.1.repaired/knownclusterblast/NODE_236_length_6227_cov_3.179512_c1.txt,271,28c7b9f2d0a2f12edf48cd437b605c0880ab72010e29a057a9315ffb294c666d
data/kegg_modules/mags/gbk_antismash/bin.35.strict.metawrap.1.repaired/knownclusterblast/NODE_244_length_6085_cov_3.130992_c1.txt,269,a4e9831574e38bddc5ea969fb01888f6a5bfe7e44c0248c2ad6ecce74893b034
data/kegg_modules/mags/gbk_antismash/bin.35.strict.metawrap.1.repaired/knownclusterblast/NODE_255_length_5906_cov_2.661692_c1.txt,792,6e743e93f6d0c9c19b471cdb68f60e700086cc4b34791944ac302dbf89000ecf
data/kegg_modules/mags/gbk_antismash/bin.35.strict.metawrap.1.repaired/knownclusterblast/NODE_26_length_18041_cov_2.640225_c1.txt,378,38cb23000787d0e8eb0450d5e590734a9b957317170ebd7867b834ad3117fbd0
data/kegg_modules/mags/gbk_antismash/bin.35.strict.metawrap.1.repaired/knownclusterblast/NODE_410_length_3606_cov_2.956362_c1.txt,269,b9ca897b642d9f4a20e6cc3b1bd7cdd89d238b43b0fcb1573097c8f9a8404f0b
data/kegg_modules/mags/gbk_antismash/bin.35.strict.metawrap.1.repaired/knownclusterblast/NODE_63_length_13568_cov_2.790305_c1.txt,426,6f3c725b9e84529fea5af51c4afc49f6a794c4e5527fe66dad49011c7c3c0be3
data/kegg_modules/mags/gbk_antismash/bin.35.strict.metawrap.1.repaired/knownclusterblast/region1/ctg106_1_mibig_hits.html,13081,e295913480dbc9d3e16f9c89cd9b113bed0efaaf5377082f02fbc2865c527ddc
data/kegg_modules/mags/gbk_antismash/bin.35.strict.metawrap.1.repaired/knownclusterblast/region1/ctg184_1_mibig_hits.html,5214,d1137df43ff96f160b2c104e55c10ccd1753e6e06159e3ba3361132b0da3a163
data/kegg_modules/mags/gbk_antismash/bin.35.strict.metawrap.1.repaired/knownclusterblast/region1/ctg184_4_mibig_hits.html,2555,0ccacf154f4b046057960504f38255b7230cd8374f563435d4facd0861c48de2
data/kegg_modules/mags/gbk_antismash/bin.35.strict.metawrap.1.repaired/knownclusterblast/region1/ctg184_5_mibig_hits.html,10663,576435933fcecb6936fb37aa653c343179030f124acf507d27270a2d24821229
data/kegg_modules/mags/gbk_antismash/bin.35.strict.metawrap.1.repaired/knownclusterblast/region1/ctg184_7_mibig_hits.html,4516,80a8d3952c045c3452c3bb3059d41bd876212067dd2c7b73345563c67644a729
data/kegg_modules/mags/gbk_antismash/bin.35.strict.metawrap.1.repaired/knownclusterblast/region1/ctg221_2_mibig_hits.html,77565,15e5e342e100b64a1bc652066a621e0c377d28aa51d967d23ddcdab27978e40f
data/kegg_modules/mags/gbk_antismash/bin.35.strict.metawrap.1.repaired/knownclusterblast/region1/ctg224_1_mibig_hits.html,2318,7497be1f7b5e001bbd8ce726cf01be657cd95a6bef3b269e2044945603e2c6d2
data/kegg_modules/mags/gbk_antismash/bin.35.strict.metawrap.1.repaired/knownclusterblast/region1/ctg224_2_mibig_hits.html,115911,5bfc817a346749bd7843118cc3b221f10b80a64aef2a18372d2d9268924105ce
data/kegg_modules/mags/gbk_antismash/bin.35.strict.metawrap.1.repaired/knownclusterblast/region1/ctg224_3_mibig_hits.html,1776,942b5e3edf756a7dcb3e598703c551be83d305f0ddae8bc217bba90d8080c36c
data/kegg_modules/mags/gbk_antismash/bin.35.strict.metawrap.1.repaired/knownclusterblast/region1/ctg236_1_mibig_hits.html,8531,6a2e5529a4fb3a7f5c5b77d448b7dac7e55e55aebc761ae4d322cb06aedd819d
data/kegg_modules/mags/gbk_antismash/bin.35.strict.metawrap.1.repaired/knownclusterblast/region1/ctg236_2_mibig_hits.html,2169,0a39a91ee7b2f3bbdfb05867b843ce31e579bed7cf37794bc99abac8281fb523
data/kegg_modules/mags/gbk_antismash/bin.35.strict.metawrap.1.repaired/knownclusterblast/region1/ctg236_3_mibig_hits.html,8015,404fdc4a6a660fdc1a0f64789960debdd535888ac44bc5c9996ffcc258d80678
data/kegg_modules/mags/gbk_antismash/bin.35.strict.metawrap.1.repaired/knownclusterblast/region1/ctg236_5_mibig_hits.html,42085,0147876f4bd62667b5dc08ef1eeb2b206e6e0641afc0fe2bcba58c1254f9a2fd
data/kegg_modules/mags/gbk_antismash/bin.35.strict.metawrap.1.repaired/knownclusterblast/region1/ctg244_3_mibig_hits.html,192083,4731dfffda5bd406aae62b95c108810c431a7ddaec94faf50d8521eea6e42a7a
data/kegg_modules/mags/gbk_antismash/bin.35.strict.metawrap.1.repaired/knownclusterblast/region1/ctg255_1_mibig_hits.html,4885,54c7102882cc577f8aa31f4869995ac423ab34b334e817ec5b94ee04d23c94d5
data/kegg_modules/mags/gbk_antismash/bin.35.strict.metawrap.1.repaired/knownclusterblast/region1/ctg255_3_mibig_hits.html,1800,70d66d8bec64928ca22cef87ad699985f38608e8bef2767b288f1557be6d3adc
data/kegg_modules/mags/gbk_antismash/bin.35.strict.metawrap.1.repaired/knownclusterblast/region1/ctg255_4_mibig_hits.html,1800,447a79a2e1b0965f0edbd258c95c10fb547344fd3669c72224fab4b438b5aa35
data/kegg_modules/mags/gbk_antismash/bin.35.strict.metawrap.1.repaired/knownclusterblast/region1/ctg26_10_mibig_hits.html,1745,2bdcd5ce1d134a0e6b28815313fd9b5a1a6115eb4ba9afa51f09de787e2e137d
data/kegg_modules/mags/gbk_antismash/bin.35.strict.metawrap.1.repaired/knownclusterblast/region1/ctg26_7_mibig_hits.html,1771,8c73cbbaea5d3e1099536e267bb3f52902bb09defdf77576e625d68d90984a22
data/kegg_modules/mags/gbk_antismash/bin.35.strict.metawrap.1.repaired/knownclusterblast/region1/ctg410_5_mibig_hits.html,1776,eb9b08e84eb2d21c470ba00ad5c254c0fca9d37a3e6dae6241158cce3294a742
data/kegg_modules/mags/gbk_antismash/bin.35.strict.metawrap.1.repaired/knownclusterblast/region1/ctg63_11_mibig_hits.html,64546,91b1461bad0199023e0ba1e0a8ace01c65b4453dc22028855e1c770ce5874920
data/kegg_modules/mags/gbk_antismash/bin.35.strict.metawrap.1.repaired/knownclusterblast/region1/ctg63_12_mibig_hits.html,2551,7cbf62f485bc939cf96dc3f690c828e29ec81d931025de9004e7d6f0f65f1720
data/kegg_modules/mags/gbk_antismash/bin.35.strict.metawrap.1.repaired/knownclusterblast/region1/ctg63_4_mibig_hits.html,15383,87fae7c943ac461d2d3ae90fc2b9d4d21b27b96f8e6c00dc208aa1b396428772
data/kegg_modules/mags/gbk_antismash/bin.35.strict.metawrap.1.repaired/knownclusterblast/region1/ctg63_6_mibig_hits.html,1745,57940e0cdfcafeb30f34ace661edcab5552d2c7ff4ec64e9d63b4288f361a6cf
data/kegg_modules/mags/gbk_antismash/bin.35.strict.metawrap.1.repaired/knownclusterblast/region1/ctg63_7_mibig_hits.html,2150,63aeb794bbeb46ba49e38d66d641775271605a146186efc118753629a51dd59f
data/kegg_modules/mags/gbk_antismash/bin.35.strict.metawrap.1.repaired/regions.js,1200176,c6db3242934ce2e851fdc525470a1a6295aa55bd077bbb1a040fb7bf2009c06e
data/kegg_modules/mags/gbk_antismash/bin.35.strict.metawrap.1.repaired/subclusterblast/NODE_106_length_10498_cov_1.873237_c1.txt,362,074f1acc2e79024d76dcb1a966edd92868b7ee21f53cf4b4da53fff120b2c6a0
data/kegg_modules/mags/gbk_antismash/bin.35.strict.metawrap.1.repaired/subclusterblast/NODE_184_length_7341_cov_3.225633_c1.txt,315,d6321ac4d4b72af8dbc60a3e52adf5384aaeb882c08d8b6a89dbcc0e1305131a
data/kegg_modules/mags/gbk_antismash/bin.35.strict.metawrap.1.repaired/subclusterblast/NODE_221_length_6512_cov_3.251748_c1.txt,319,ac141cbebf8120faca55edcd593d6cbaa744bc5624fe1ecb1401bfa18986c1f5
data/kegg_modules/mags/gbk_antismash/bin.35.strict.metawrap.1.repaired/subclusterblast/NODE_224_length_6479_cov_2.086223_c1.txt,225,7bea628279a50dc0f416587f00716c5f3ee22fb72954be8d6ffd161e7fdebc9c
data/kegg_modules/mags/gbk_antismash/bin.35.strict.metawrap.1.repaired/subclusterblast/NODE_236_length_6227_cov_3.179512_c1.txt,271,28c7b9f2d0a2f12edf48cd437b605c0880ab72010e29a057a9315ffb294c666d
data/kegg_modules/mags/gbk_antismash/bin.35.strict.metawrap.1.repaired/subclusterblast/NODE_244_length_6085_cov_3.130992_c1.txt,269,a4e9831574e38bddc5ea969fb01888f6a5bfe7e44c0248c2ad6ecce74893b034
data/kegg_modules/mags/gbk_antismash/bin.35.strict.metawrap.1.repaired/subclusterblast/NODE_255_length_5906_cov_2.661692_c1.txt,340,b3d8617d21efcee0fb0e31b37aaf167c5d4c2ea178b84bf3f9f7b7c73c7fc2b0
data/kegg_modules/mags/gbk_antismash/bin.35.strict.metawrap.1.repaired/subclusterblast/NODE_26_length_18041_cov_2.640225_c1.txt,378,38cb23000787d0e8eb0450d5e590734a9b957317170ebd7867b834ad3117fbd0
data/kegg_modules/mags/gbk_antismash/bin.35.strict.metawrap.1.repaired/subclusterblast/NODE_410_length_3606_cov_2.956362_c1.txt,269,b9ca897b642d9f4a20e6cc3b1bd7cdd89d238b43b0fcb1573097c8f9a8404f0b
data/kegg_modules/mags/gbk_antismash/bin.35.strict.metawrap.1.repaired/subclusterblast/NODE_63_length_13568_cov_2.790305_c1.txt,426,6f3c725b9e84529fea5af51c4afc49f6a794c4e5527fe66dad49011c7c3c0be3
data/kegg_modules/mags/gbk_antismash/bin.36.orig.metawrap.4.repaired/NODE_13880_length_3770_cov_3.857604.region001.gbk,14608,d517dedd543afca0f71eb149ee3e2f5bcc8643420a85c807569c6a9d1fde5735
data/kegg_modules/mags/gbk_antismash/bin.36.orig.metawrap.4.repaired/NODE_82656_length_1567_cov_3.922619.region001.gbk,8639,037e45032fbc9c68c76682b02f35b9c489c4e423592a229a42b9e510375eeb4d
data/kegg_modules/mags/gbk_antismash/bin.36.orig.metawrap.4.repaired/bacteria-61605056-0d7b-4961-ad83-c80d7dd043a7.log,835975,5fef803b48a3c2937cb8a32e75a11c57d92898ccd01c818cb240b9aa5dc6da16
data/kegg_modules/mags/gbk_antismash/bin.36.orig.metawrap.4.repaired/bin.36.orig.metawrap.4.repaired.gbk,2669756,bb95902b658c9654824ae284c2f8c6e2aa059e6768e83b3455b498dae5d250cb
data/kegg_modules/mags/gbk_antismash/bin.36.orig.metawrap.4.repaired/bin.36.orig.metawrap.4.repaired.json,3562893,aaff12cd676d4e427db98176d79b3467402edbfed8cc1a0ec752152c79c6f16c
data/kegg_modules/mags/gbk_antismash/bin.36.orig.metawrap.4.repaired/clusterblast/NODE_13880_length_3770_cov_3.857604_c1.txt,246,551c0ca25d2f6cc89f7098bf15a71e1776c7dda6caadf10f11c6c87242e758ca
data/kegg_modules/mags/gbk_antismash/bin.36.orig.metawrap.4.repaired/clusterblast/NODE_82656_length_1567_cov_3.922619_c1.txt,203,bf023a7dccd57bfd3fcaa83528fc5daeb39487b0fe2688c23c77fd1b511c4b7b
data/kegg_modules/mags/gbk_antismash/bin.36.orig.metawrap.4.repaired/css/bacteria.css,60848,26c59575cedb40d4fae2918eb1cfa654fcfef48d3201fd5a0698ac38787d9e05
data/kegg_modules/mags/gbk_antismash/bin.36.orig.metawrap.4.repaired/images/about.svg,513,6d1e020364b303924b8134a7fbfaa1ccd9eeb96ba4768458f3acc4ac4de975d9
data/kegg_modules/mags/gbk_antismash/bin.36.orig.metawrap.4.repaired/images/bacteria_about.png,1607,233d5f419f9cc758d7c04cf7a3b18cef4428d2a2e4c9b2e935b4802c39dafa28
data/kegg_modules/mags/gbk_antismash/bin.36.orig.metawrap.4.repaired/images/bacteria_antismash_icon.svg,37742,6da16d6861747ab558195c00dfd432ef1368bd276e33c54e2051026f1de8c0b4
data/kegg_modules/mags/gbk_antismash/bin.36.orig.metawrap.4.repaired/images/bacteria_antismash_logo.svg,8433,7f1ad3684593fb1142a8da074c72528a7b809607281c4ad05111a7e6431b0d7a
data/kegg_modules/mags/gbk_antismash/bin.36.orig.metawrap.4.repaired/images/bacteria_antismash_white.svg,40766,246536c562f73dbdc963368a4b6bf34cb631655f92d2034346efb013653ef3d8
data/kegg_modules/mags/gbk_antismash/bin.36.orig.metawrap.4.repaired/images/bacteria_download.png,1670,ed750bb0a6f6367c19a1839b3385d9e2c360df6c12162d9f071a1f8c9cc17bb4
data/kegg_modules/mags/gbk_antismash/bin.36.orig.metawrap.4.repaired/images/bacteria_help.png,1951,46c29244608bfed589db5aec58c3829c4ff9952a8c58cabd688377b1aa165902
data/kegg_modules/mags/gbk_antismash/bin.36.orig.metawrap.4.repaired/images/bacteria_home.png,1414,43807c609de0e5603ae9fb658c587122f30e1269d895e6230abebe46bb545be9
data/kegg_modules/mags/gbk_antismash/bin.36.orig.metawrap.4.repaired/images/bacteria_logo.png,3831,d0056272e08e276d8efd306f448b31bb6e5d4837062b31061e032d19546cfe43
data/kegg_modules/mags/gbk_antismash/bin.36.orig.metawrap.4.repaired/images/contact.svg,678,28628158c3f9ca0d84eeba0b9d739575e5aa22ff9c1a83a07ab516e610bd023d
data/kegg_modules/mags/gbk_antismash/bin.36.orig.metawrap.4.repaired/images/download.svg,656,d59cf2c1b60fbbe12d3aa1e399357abbe9653203687923db8c24aaa740e51d5e
data/kegg_modules/mags/gbk_antismash/bin.36.orig.metawrap.4.repaired/images/expand-arrows-alt-solid.svg,715,f594ab6317974e50859ca18601d6693b0716bd0487873c5462b06dc84bff1f8c
data/kegg_modules/mags/gbk_antismash/bin.36.orig.metawrap.4.repaired/images/external-link-alt-solid.svg,778,634f9cdc7e573b2c73012642fe8a8b6c14ae4a257870110afb26769f9ae50681
data/kegg_modules/mags/gbk_antismash/bin.36.orig.metawrap.4.repaired/images/fungi_about.png,1595,48038f56f8f94c116b3849b2afd892bb3a93a0b43f5062d417bc16d5b6b86c33
data/kegg_modules/mags/gbk_antismash/bin.36.orig.metawrap.4.repaired/images/fungi_antismash_icon.svg,3331,24a4418c5cdde1ecd51881b00f1106dc1798f77ced04faf895281e538083116d
data/kegg_modules/mags/gbk_antismash/bin.36.orig.metawrap.4.repaired/images/fungi_antismash_icon_white.svg,3335,b7e6c0d4c7e4011c602aada578e5035fe3443bc2ffe44befa0aaa706772c9757
data/kegg_modules/mags/gbk_antismash/bin.36.orig.metawrap.4.repaired/images/fungi_antismash_logo.svg,8401,10fa1d1e3a9911472704a8b7eb6eb776a720d17b3540bf1a9b6535d4967b9824
data/kegg_modules/mags/gbk_antismash/bin.36.orig.metawrap.4.repaired/images/fungi_download.png,1679,a5bf4ba46c42ec08318586026eba612aaf0e3132bc6f543d265da1b9317dd85a
data/kegg_modules/mags/gbk_antismash/bin.36.orig.metawrap.4.repaired/images/fungi_help.png,1863,c88eb0117df14d25d75728f347e9cfcf597e9f0fb35ae64b5855cd29cc299c7b
data/kegg_modules/mags/gbk_antismash/bin.36.orig.metawrap.4.repaired/images/fungi_home.png,1392,9065ade41a0986dd4169ee8170f9a0a2646d07f9e3b47d406b8d6562d9177003
data/kegg_modules/mags/gbk_antismash/bin.36.orig.metawrap.4.repaired/images/fungi_logo.png,3572,cab376256a90e3f87e472b58115d01b27935fc45234c33fb5b6df7c6b9f65cb5
data/kegg_modules/mags/gbk_antismash/bin.36.orig.metawrap.4.repaired/images/help.svg,794,c8e44944b5c351de20ed42ddb4668d3653f5efac134ead63859f4333bace342a
data/kegg_modules/mags/gbk_antismash/bin.36.orig.metawrap.4.repaired/images/mail.png,1459,7ec23ea17d4ab95dbcc2eb81016789e2524d0f9b6221a19f40fd04fadc9705c4
data/kegg_modules/mags/gbk_antismash/bin.36.orig.metawrap.4.repaired/images/minus-circle.svg,389,acb059d2d35c7206490072ff549d93219bf20e01b2b59e51db80b91def1d12ad
data/kegg_modules/mags/gbk_antismash/bin.36.orig.metawrap.4.repaired/images/nostructure_icon.png,4131,012a4403352653672ae1b3e704b997b4641ff1ec097c69fda004ba894e1c4355
data/kegg_modules/mags/gbk_antismash/bin.36.orig.metawrap.4.repaired/images/plant_antismash_icon.svg,22909,a842765151cc20dd2054ad99a13916f29f549b5a2a6b38a3f4aaaa10c9c533a5
data/kegg_modules/mags/gbk_antismash/bin.36.orig.metawrap.4.repaired/images/plant_antismash_icon_white.svg,22913,3c9dc64540c7ff0016d3a3b5f792c7d88f4ce1038643cade71a49cb709d3c963
data/kegg_modules/mags/gbk_antismash/bin.36.orig.metawrap.4.repaired/images/plus-circle.svg,491,9e80740025f9a84ca3fab0c60f23fb7965ffd816208773a326befd1e9841d7a8
data/kegg_modules/mags/gbk_antismash/bin.36.orig.metawrap.4.repaired/images/question-circle-solid.svg,854,c9babde9f7d66e40ab8ded58ac976714e9468ac30f70be8b6878b8b88cb5b0f4
data/kegg_modules/mags/gbk_antismash/bin.36.orig.metawrap.4.repaired/images/search-solid.svg,559,43a3063064b28abcc15bce8413838bcbb52297057495c286ded9a0c1c3dacfd4
data/kegg_modules/mags/gbk_antismash/bin.36.orig.metawrap.4.repaired/index.html,104800,1b47b98856a7cd900dc27cb68e15821c8f6f70ffdadcc50c26dbb11872430bc7
data/kegg_modules/mags/gbk_antismash/bin.36.orig.metawrap.4.repaired/input/bin.36.orig.metawrap.4.repaired.fasta,1322575,0e988b95963a7757e065cbb67f7aadb360f5df7016b1be6cb353bff7d80ac35d
data/kegg_modules/mags/gbk_antismash/bin.36.orig.metawrap.4.repaired/js/antismash.js,258688,4b4254087d8e77b3e8a75ff34280316e7266c4e4a40a116c0bdeac65dd2bcdb5
data/kegg_modules/mags/gbk_antismash/bin.36.orig.metawrap.4.repaired/js/jquery.js,92629,c12f6098e641aaca96c60215800f18f5671039aecf812217fab3c0d152f6adb4
data/kegg_modules/mags/gbk_antismash/bin.36.orig.metawrap.4.repaired/js/jquery.tablesorter.min.js,16521,b038bcf4e9ddb5f60c93e49bfe7aeeaf40f8fcc2fa753ee56d1abe2bcb89a016
data/kegg_modules/mags/gbk_antismash/bin.36.orig.metawrap.4.repaired/knownclusterblast/NODE_13880_length_3770_cov_3.857604_c1.txt,246,551c0ca25d2f6cc89f7098bf15a71e1776c7dda6caadf10f11c6c87242e758ca
data/kegg_modules/mags/gbk_antismash/bin.36.orig.metawrap.4.repaired/knownclusterblast/NODE_82656_length_1567_cov_3.922619_c1.txt,203,bf023a7dccd57bfd3fcaa83528fc5daeb39487b0fe2688c23c77fd1b511c4b7b
data/kegg_modules/mags/gbk_antismash/bin.36.orig.metawrap.4.repaired/knownclusterblast/region1/ctg395_2_mibig_hits.html,10338,39666add393e9c57bb0f94bae815085292bd6b379226cab42f3b74e3addf0075
data/kegg_modules/mags/gbk_antismash/bin.36.orig.metawrap.4.repaired/knownclusterblast/region1/ctg54_2_mibig_hits.html,1768,087140fcf4e94d43065171392c315de59ec221bd456300fe94d7d539852bace5
data/kegg_modules/mags/gbk_antismash/bin.36.orig.metawrap.4.repaired/knownclusterblast/region1/ctg54_4_mibig_hits.html,26972,bc0a9469815359d32e661aec5ccfef54d0ce1bbc56eebc5e9fe85e724a970f4c
data/kegg_modules/mags/gbk_antismash/bin.36.orig.metawrap.4.repaired/regions.js,123406,bae4316b2536b53e3e75ff78f70e47787c7e440c0f9db9249c3e493155b949d0
data/kegg_modules/mags/gbk_antismash/bin.36.orig.metawrap.4.repaired/subclusterblast/NODE_13880_length_3770_cov_3.857604_c1.txt,246,551c0ca25d2f6cc89f7098bf15a71e1776c7dda6caadf10f11c6c87242e758ca
data/kegg_modules/mags/gbk_antismash/bin.36.orig.metawrap.4.repaired/subclusterblast/NODE_82656_length_1567_cov_3.922619_c1.txt,203,bf023a7dccd57bfd3fcaa83528fc5daeb39487b0fe2688c23c77fd1b511c4b7b
data/kegg_modules/mags/gbk_antismash/bin.38.permissive.metawrap.1.repaired/NODE_35_length_7274_cov_1.757572.region001.gbk,28416,9c1600a2b78d4ae69c22e2c69d08736ec110398b16c3541101db11fb3d46ec61
data/kegg_modules/mags/gbk_antismash/bin.38.permissive.metawrap.1.repaired/bacteria-a3019dd9-186f-4806-803d-e12bafca8534.log,678733,8e7eb5f19f0d70859ff3d773c7a2315ad9c4ee888fec3cf94257aca9b0e1bd9e
data/kegg_modules/mags/gbk_antismash/bin.38.permissive.metawrap.1.repaired/bin.38.permissive.metawrap.1.repaired.gbk,3153742,f62738274c645e972f9f2babb2678b30a7e2d76357c4fca0442fc0160724629c
data/kegg_modules/mags/gbk_antismash/bin.38.permissive.metawrap.1.repaired/bin.38.permissive.metawrap.1.repaired.json,4064612,8fb02660aa46a50d18e3872dd7c46ecc61a994e5b9d98b5a7fb19d11be806d42
data/kegg_modules/mags/gbk_antismash/bin.38.permissive.metawrap.1.repaired/clusterblast/NODE_35_length_7274_cov_1.757572_c1.txt,29924,9cfe98a0f421d1d022944d8428795c4825e775507aa77d30459c064d98e2337d
data/kegg_modules/mags/gbk_antismash/bin.38.permissive.metawrap.1.repaired/css/bacteria.css,60848,26c59575cedb40d4fae2918eb1cfa654fcfef48d3201fd5a0698ac38787d9e05
data/kegg_modules/mags/gbk_antismash/bin.38.permissive.metawrap.1.repaired/images/about.svg,513,6d1e020364b303924b8134a7fbfaa1ccd9eeb96ba4768458f3acc4ac4de975d9
data/kegg_modules/mags/gbk_antismash/bin.38.permissive.metawrap.1.repaired/images/bacteria_about.png,1607,233d5f419f9cc758d7c04cf7a3b18cef4428d2a2e4c9b2e935b4802c39dafa28
data/kegg_modules/mags/gbk_antismash/bin.38.permissive.metawrap.1.repaired/images/bacteria_antismash_icon.svg,37742,6da16d6861747ab558195c00dfd432ef1368bd276e33c54e2051026f1de8c0b4
data/kegg_modules/mags/gbk_antismash/bin.38.permissive.metawrap.1.repaired/images/bacteria_antismash_logo.svg,8433,7f1ad3684593fb1142a8da074c72528a7b809607281c4ad05111a7e6431b0d7a
data/kegg_modules/mags/gbk_antismash/bin.38.permissive.metawrap.1.repaired/images/bacteria_antismash_white.svg,40766,246536c562f73dbdc963368a4b6bf34cb631655f92d2034346efb013653ef3d8
data/kegg_modules/mags/gbk_antismash/bin.38.permissive.metawrap.1.repaired/images/bacteria_download.png,1670,ed750bb0a6f6367c19a1839b3385d9e2c360df6c12162d9f071a1f8c9cc17bb4
data/kegg_modules/mags/gbk_antismash/bin.38.permissive.metawrap.1.repaired/images/bacteria_help.png,1951,46c29244608bfed589db5aec58c3829c4ff9952a8c58cabd688377b1aa165902
data/kegg_modules/mags/gbk_antismash/bin.38.permissive.metawrap.1.repaired/images/bacteria_home.png,1414,43807c609de0e5603ae9fb658c587122f30e1269d895e6230abebe46bb545be9
data/kegg_modules/mags/gbk_antismash/bin.38.permissive.metawrap.1.repaired/images/bacteria_logo.png,3831,d0056272e08e276d8efd306f448b31bb6e5d4837062b31061e032d19546cfe43
data/kegg_modules/mags/gbk_antismash/bin.38.permissive.metawrap.1.repaired/images/contact.svg,678,28628158c3f9ca0d84eeba0b9d739575e5aa22ff9c1a83a07ab516e610bd023d
data/kegg_modules/mags/gbk_antismash/bin.38.permissive.metawrap.1.repaired/images/download.svg,656,d59cf2c1b60fbbe12d3aa1e399357abbe9653203687923db8c24aaa740e51d5e
data/kegg_modules/mags/gbk_antismash/bin.38.permissive.metawrap.1.repaired/images/expand-arrows-alt-solid.svg,715,f594ab6317974e50859ca18601d6693b0716bd0487873c5462b06dc84bff1f8c
data/kegg_modules/mags/gbk_antismash/bin.38.permissive.metawrap.1.repaired/images/external-link-alt-solid.svg,778,634f9cdc7e573b2c73012642fe8a8b6c14ae4a257870110afb26769f9ae50681
data/kegg_modules/mags/gbk_antismash/bin.38.permissive.metawrap.1.repaired/images/fungi_about.png,1595,48038f56f8f94c116b3849b2afd892bb3a93a0b43f5062d417bc16d5b6b86c33
data/kegg_modules/mags/gbk_antismash/bin.38.permissive.metawrap.1.repaired/images/fungi_antismash_icon.svg,3331,24a4418c5cdde1ecd51881b00f1106dc1798f77ced04faf895281e538083116d
data/kegg_modules/mags/gbk_antismash/bin.38.permissive.metawrap.1.repaired/images/fungi_antismash_icon_white.svg,3335,b7e6c0d4c7e4011c602aada578e5035fe3443bc2ffe44befa0aaa706772c9757
data/kegg_modules/mags/gbk_antismash/bin.38.permissive.metawrap.1.repaired/images/fungi_antismash_logo.svg,8401,10fa1d1e3a9911472704a8b7eb6eb776a720d17b3540bf1a9b6535d4967b9824
data/kegg_modules/mags/gbk_antismash/bin.38.permissive.metawrap.1.repaired/images/fungi_download.png,1679,a5bf4ba46c42ec08318586026eba612aaf0e3132bc6f543d265da1b9317dd85a
data/kegg_modules/mags/gbk_antismash/bin.38.permissive.metawrap.1.repaired/images/fungi_help.png,1863,c88eb0117df14d25d75728f347e9cfcf597e9f0fb35ae64b5855cd29cc299c7b
data/kegg_modules/mags/gbk_antismash/bin.38.permissive.metawrap.1.repaired/images/fungi_home.png,1392,9065ade41a0986dd4169ee8170f9a0a2646d07f9e3b47d406b8d6562d9177003
data/kegg_modules/mags/gbk_antismash/bin.38.permissive.metawrap.1.repaired/images/fungi_logo.png,3572,cab376256a90e3f87e472b58115d01b27935fc45234c33fb5b6df7c6b9f65cb5
data/kegg_modules/mags/gbk_antismash/bin.38.permissive.metawrap.1.repaired/images/help.svg,794,c8e44944b5c351de20ed42ddb4668d3653f5efac134ead63859f4333bace342a
data/kegg_modules/mags/gbk_antismash/bin.38.permissive.metawrap.1.repaired/images/mail.png,1459,7ec23ea17d4ab95dbcc2eb81016789e2524d0f9b6221a19f40fd04fadc9705c4
data/kegg_modules/mags/gbk_antismash/bin.38.permissive.metawrap.1.repaired/images/minus-circle.svg,389,acb059d2d35c7206490072ff549d93219bf20e01b2b59e51db80b91def1d12ad
data/kegg_modules/mags/gbk_antismash/bin.38.permissive.metawrap.1.repaired/images/nostructure_icon.png,4131,012a4403352653672ae1b3e704b997b4641ff1ec097c69fda004ba894e1c4355
data/kegg_modules/mags/gbk_antismash/bin.38.permissive.metawrap.1.repaired/images/plant_antismash_icon.svg,22909,a842765151cc20dd2054ad99a13916f29f549b5a2a6b38a3f4aaaa10c9c533a5
data/kegg_modules/mags/gbk_antismash/bin.38.permissive.metawrap.1.repaired/images/plant_antismash_icon_white.svg,22913,3c9dc64540c7ff0016d3a3b5f792c7d88f4ce1038643cade71a49cb709d3c963
data/kegg_modules/mags/gbk_antismash/bin.38.permissive.metawrap.1.repaired/images/plus-circle.svg,491,9e80740025f9a84ca3fab0c60f23fb7965ffd816208773a326befd1e9841d7a8
data/kegg_modules/mags/gbk_antismash/bin.38.permissive.metawrap.1.repaired/images/question-circle-solid.svg,854,c9babde9f7d66e40ab8ded58ac976714e9468ac30f70be8b6878b8b88cb5b0f4
data/kegg_modules/mags/gbk_antismash/bin.38.permissive.metawrap.1.repaired/images/search-solid.svg,559,43a3063064b28abcc15bce8413838bcbb52297057495c286ded9a0c1c3dacfd4
data/kegg_modules/mags/gbk_antismash/bin.38.permissive.metawrap.1.repaired/index.html,70590,71065fa21c3be519f0f02f243b7b8ec2fa4dedb03efc8ee8fdcaa885527a8deb
data/kegg_modules/mags/gbk_antismash/bin.38.permissive.metawrap.1.repaired/input/bin.38.permissive.metawrap.1.repaired.fasta,1688909,a8c191eab9df1d00fb85061a9942b94502931514f721d09759b068632b6f6a4f
data/kegg_modules/mags/gbk_antismash/bin.38.permissive.metawrap.1.repaired/js/antismash.js,258688,4b4254087d8e77b3e8a75ff34280316e7266c4e4a40a116c0bdeac65dd2bcdb5
data/kegg_modules/mags/gbk_antismash/bin.38.permissive.metawrap.1.repaired/js/jquery.js,92629,c12f6098e641aaca96c60215800f18f5671039aecf812217fab3c0d152f6adb4
data/kegg_modules/mags/gbk_antismash/bin.38.permissive.metawrap.1.repaired/js/jquery.tablesorter.min.js,16521,b038bcf4e9ddb5f60c93e49bfe7aeeaf40f8fcc2fa753ee56d1abe2bcb89a016
data/kegg_modules/mags/gbk_antismash/bin.38.permissive.metawrap.1.repaired/knownclusterblast/NODE_35_length_7274_cov_1.757572_c1.txt,374,485e79f299a6bd4d5b6754096ec734dc2bf79e66cee5490d29b9ba470435709b
data/kegg_modules/mags/gbk_antismash/bin.38.permissive.metawrap.1.repaired/knownclusterblast/region1/ctg35_2_mibig_hits.html,1785,86259022ff41c1c0c14d877603ec8af69fb4ea81cb0c93b014c7ac26a8c208db
data/kegg_modules/mags/gbk_antismash/bin.38.permissive.metawrap.1.repaired/knownclusterblast/region1/ctg35_6_mibig_hits.html,12631,38a1e01282aa79253a0355f106e8477066b101ce494ad16fa6fa6e535a3eaf2b
data/kegg_modules/mags/gbk_antismash/bin.38.permissive.metawrap.1.repaired/knownclusterblast/region1/ctg35_8_mibig_hits.html,5664,66e8ede88295d0cfe805abef380db1eb40b297ddd4a562d9de3248da5f310a2a
data/kegg_modules/mags/gbk_antismash/bin.38.permissive.metawrap.1.repaired/regions.js,212002,74ee7de3cc84a21a084e20f430c17c3cdcfaebb057ee02dd7f8c64b9003853ef
data/kegg_modules/mags/gbk_antismash/bin.38.permissive.metawrap.1.repaired/subclusterblast/NODE_35_length_7274_cov_1.757572_c1.txt,374,485e79f299a6bd4d5b6754096ec734dc2bf79e66cee5490d29b9ba470435709b
data/kegg_modules/mags/gbk_antismash/bin.39.permissive.metawrap.1.repaired/NODE_22_length_12479_cov_1.907999.region001.gbk,38649,d29f52b8d43153c4edc635b8d88da47fb2b1d8b13776f00ab771f048126dd556
data/kegg_modules/mags/gbk_antismash/bin.39.permissive.metawrap.1.repaired/bacteria-7ce48b97-1bca-468f-9308-a394ae4310d7.log,447559,79fff52e3dd5970e066e8b2f2c7cee05c50bafa55b78526aab829dbe39b826a4
data/kegg_modules/mags/gbk_antismash/bin.39.permissive.metawrap.1.repaired/bin.39.permissive.metawrap.1.repaired.gbk,3105160,2fd625cfc7651e71deb47b089d66bdb96e4bf474afe0e2083fc8c103c08b57aa
data/kegg_modules/mags/gbk_antismash/bin.39.permissive.metawrap.1.repaired/bin.39.permissive.metawrap.1.repaired.json,3078091,57b90d61bb16b8c68793e9ecac826f4c15422cbe173c0cfecee70582dc7cc8c9
data/kegg_modules/mags/gbk_antismash/bin.39.permissive.metawrap.1.repaired/clusterblast/NODE_22_length_12479_cov_1.907999_c1.txt,356,9a6c96c2c953bb2c11f3448e8f862ef23b5ad2456e76565376aec56995bbfc02
data/kegg_modules/mags/gbk_antismash/bin.39.permissive.metawrap.1.repaired/css/bacteria.css,60848,26c59575cedb40d4fae2918eb1cfa654fcfef48d3201fd5a0698ac38787d9e05
data/kegg_modules/mags/gbk_antismash/bin.39.permissive.metawrap.1.repaired/images/about.svg,513,6d1e020364b303924b8134a7fbfaa1ccd9eeb96ba4768458f3acc4ac4de975d9
data/kegg_modules/mags/gbk_antismash/bin.39.permissive.metawrap.1.repaired/images/bacteria_about.png,1607,233d5f419f9cc758d7c04cf7a3b18cef4428d2a2e4c9b2e935b4802c39dafa28
data/kegg_modules/mags/gbk_antismash/bin.39.permissive.metawrap.1.repaired/images/bacteria_antismash_icon.svg,37742,6da16d6861747ab558195c00dfd432ef1368bd276e33c54e2051026f1de8c0b4
data/kegg_modules/mags/gbk_antismash/bin.39.permissive.metawrap.1.repaired/images/bacteria_antismash_logo.svg,8433,7f1ad3684593fb1142a8da074c72528a7b809607281c4ad05111a7e6431b0d7a
data/kegg_modules/mags/gbk_antismash/bin.39.permissive.metawrap.1.repaired/images/bacteria_antismash_white.svg,40766,246536c562f73dbdc963368a4b6bf34cb631655f92d2034346efb013653ef3d8
data/kegg_modules/mags/gbk_antismash/bin.39.permissive.metawrap.1.repaired/images/bacteria_download.png,1670,ed750bb0a6f6367c19a1839b3385d9e2c360df6c12162d9f071a1f8c9cc17bb4
data/kegg_modules/mags/gbk_antismash/bin.39.permissive.metawrap.1.repaired/images/bacteria_help.png,1951,46c29244608bfed589db5aec58c3829c4ff9952a8c58cabd688377b1aa165902
data/kegg_modules/mags/gbk_antismash/bin.39.permissive.metawrap.1.repaired/images/bacteria_home.png,1414,43807c609de0e5603ae9fb658c587122f30e1269d895e6230abebe46bb545be9
data/kegg_modules/mags/gbk_antismash/bin.39.permissive.metawrap.1.repaired/images/bacteria_logo.png,3831,d0056272e08e276d8efd306f448b31bb6e5d4837062b31061e032d19546cfe43
data/kegg_modules/mags/gbk_antismash/bin.39.permissive.metawrap.1.repaired/images/contact.svg,678,28628158c3f9ca0d84eeba0b9d739575e5aa22ff9c1a83a07ab516e610bd023d
data/kegg_modules/mags/gbk_antismash/bin.39.permissive.metawrap.1.repaired/images/download.svg,656,d59cf2c1b60fbbe12d3aa1e399357abbe9653203687923db8c24aaa740e51d5e
data/kegg_modules/mags/gbk_antismash/bin.39.permissive.metawrap.1.repaired/images/expand-arrows-alt-solid.svg,715,f594ab6317974e50859ca18601d6693b0716bd0487873c5462b06dc84bff1f8c
data/kegg_modules/mags/gbk_antismash/bin.39.permissive.metawrap.1.repaired/images/external-link-alt-solid.svg,778,634f9cdc7e573b2c73012642fe8a8b6c14ae4a257870110afb26769f9ae50681
data/kegg_modules/mags/gbk_antismash/bin.39.permissive.metawrap.1.repaired/images/fungi_about.png,1595,48038f56f8f94c116b3849b2afd892bb3a93a0b43f5062d417bc16d5b6b86c33
data/kegg_modules/mags/gbk_antismash/bin.39.permissive.metawrap.1.repaired/images/fungi_antismash_icon.svg,3331,24a4418c5cdde1ecd51881b00f1106dc1798f77ced04faf895281e538083116d
data/kegg_modules/mags/gbk_antismash/bin.39.permissive.metawrap.1.repaired/images/fungi_antismash_icon_white.svg,3335,b7e6c0d4c7e4011c602aada578e5035fe3443bc2ffe44befa0aaa706772c9757
data/kegg_modules/mags/gbk_antismash/bin.39.permissive.metawrap.1.repaired/images/fungi_antismash_logo.svg,8401,10fa1d1e3a9911472704a8b7eb6eb776a720d17b3540bf1a9b6535d4967b9824
data/kegg_modules/mags/gbk_antismash/bin.39.permissive.metawrap.1.repaired/images/fungi_download.png,1679,a5bf4ba46c42ec08318586026eba612aaf0e3132bc6f543d265da1b9317dd85a
data/kegg_modules/mags/gbk_antismash/bin.39.permissive.metawrap.1.repaired/images/fungi_help.png,1863,c88eb0117df14d25d75728f347e9cfcf597e9f0fb35ae64b5855cd29cc299c7b
data/kegg_modules/mags/gbk_antismash/bin.39.permissive.metawrap.1.repaired/images/fungi_home.png,1392,9065ade41a0986dd4169ee8170f9a0a2646d07f9e3b47d406b8d6562d9177003
data/kegg_modules/mags/gbk_antismash/bin.39.permissive.metawrap.1.repaired/images/fungi_logo.png,3572,cab376256a90e3f87e472b58115d01b27935fc45234c33fb5b6df7c6b9f65cb5
data/kegg_modules/mags/gbk_antismash/bin.39.permissive.metawrap.1.repaired/images/help.svg,794,c8e44944b5c351de20ed42ddb4668d3653f5efac134ead63859f4333bace342a
data/kegg_modules/mags/gbk_antismash/bin.39.permissive.metawrap.1.repaired/images/mail.png,1459,7ec23ea17d4ab95dbcc2eb81016789e2524d0f9b6221a19f40fd04fadc9705c4
data/kegg_modules/mags/gbk_antismash/bin.39.permissive.metawrap.1.repaired/images/minus-circle.svg,389,acb059d2d35c7206490072ff549d93219bf20e01b2b59e51db80b91def1d12ad
data/kegg_modules/mags/gbk_antismash/bin.39.permissive.metawrap.1.repaired/images/nostructure_icon.png,4131,012a4403352653672ae1b3e704b997b4641ff1ec097c69fda004ba894e1c4355
data/kegg_modules/mags/gbk_antismash/bin.39.permissive.metawrap.1.repaired/images/plant_antismash_icon.svg,22909,a842765151cc20dd2054ad99a13916f29f549b5a2a6b38a3f4aaaa10c9c533a5
data/kegg_modules/mags/gbk_antismash/bin.39.permissive.metawrap.1.repaired/images/plant_antismash_icon_white.svg,22913,3c9dc64540c7ff0016d3a3b5f792c7d88f4ce1038643cade71a49cb709d3c963
data/kegg_modules/mags/gbk_antismash/bin.39.permissive.metawrap.1.repaired/images/plus-circle.svg,491,9e80740025f9a84ca3fab0c60f23fb7965ffd816208773a326befd1e9841d7a8
data/kegg_modules/mags/gbk_antismash/bin.39.permissive.metawrap.1.repaired/images/question-circle-solid.svg,854,c9babde9f7d66e40ab8ded58ac976714e9468ac30f70be8b6878b8b88cb5b0f4
data/kegg_modules/mags/gbk_antismash/bin.39.permissive.metawrap.1.repaired/images/search-solid.svg,559,43a3063064b28abcc15bce8413838bcbb52297057495c286ded9a0c1c3dacfd4
data/kegg_modules/mags/gbk_antismash/bin.39.permissive.metawrap.1.repaired/index.html,56704,3c24c8366cb43fecc6afafca057de7f3d4a1f4c2c0ec7caece0b944219eb8dab
data/kegg_modules/mags/gbk_antismash/bin.39.permissive.metawrap.1.repaired/input/bin.39.permissive.metawrap.1.repaired.fasta,1652730,7ae04dbfc7d1433797fb5ebc52c9d5e667203da1bfb0922fdf00b29446360178
data/kegg_modules/mags/gbk_antismash/bin.39.permissive.metawrap.1.repaired/js/antismash.js,258688,4b4254087d8e77b3e8a75ff34280316e7266c4e4a40a116c0bdeac65dd2bcdb5
data/kegg_modules/mags/gbk_antismash/bin.39.permissive.metawrap.1.repaired/js/jquery.js,92629,c12f6098e641aaca96c60215800f18f5671039aecf812217fab3c0d152f6adb4
data/kegg_modules/mags/gbk_antismash/bin.39.permissive.metawrap.1.repaired/js/jquery.tablesorter.min.js,16521,b038bcf4e9ddb5f60c93e49bfe7aeeaf40f8fcc2fa753ee56d1abe2bcb89a016
data/kegg_modules/mags/gbk_antismash/bin.39.permissive.metawrap.1.repaired/knownclusterblast/NODE_22_length_12479_cov_1.907999_c1.txt,356,9a6c96c2c953bb2c11f3448e8f862ef23b5ad2456e76565376aec56995bbfc02
data/kegg_modules/mags/gbk_antismash/bin.39.permissive.metawrap.1.repaired/knownclusterblast/region1/ctg22_4_mibig_hits.html,1776,9f1044e4b63ab12c2853a9fdaf8877aab008333fa0f9df171d8f6f30a76ae6d1
data/kegg_modules/mags/gbk_antismash/bin.39.permissive.metawrap.1.repaired/knownclusterblast/region1/ctg22_6_mibig_hits.html,8796,a31033e6ebb6cb9ed219d3359cfa283313286aae1395b9f4825c033f7a4464b6
data/kegg_modules/mags/gbk_antismash/bin.39.permissive.metawrap.1.repaired/knownclusterblast/region1/ctg22_8_mibig_hits.html,6117,d16577d5a5a457051839406ca323260e00373537d28b1fbba8bfca57bbbcb49d
data/kegg_modules/mags/gbk_antismash/bin.39.permissive.metawrap.1.repaired/regions.js,121317,22fce1bd826206ea6e3ec6aa156e7bfb4f695fcafbee97de38277e9eaf080100
data/kegg_modules/mags/gbk_antismash/bin.39.permissive.metawrap.1.repaired/subclusterblast/NODE_22_length_12479_cov_1.907999_c1.txt,356,9a6c96c2c953bb2c11f3448e8f862ef23b5ad2456e76565376aec56995bbfc02
data/kegg_modules/mags/gbk_antismash/bin.40.orig.metawrap.repaired/NODE_17649_length_3337_cov_6.138940.region001.gbk,14581,d6abdb5d77ced2e6372869feb68118b2d9660d88fc712a2dc918756b2596319f
data/kegg_modules/mags/gbk_antismash/bin.40.orig.metawrap.repaired/NODE_1840_length_9928_cov_6.147270.region001.gbk,42455,bd129738ab3a8e2f953d9b4ca508fa54ccc245d55a75ebda3dc671bc3ec66d64
data/kegg_modules/mags/gbk_antismash/bin.40.orig.metawrap.repaired/NODE_18939_length_3223_cov_6.250947.region001.gbk,24362,0cd4abe58949fc95dd21df6747251a107adc364aac67868b41f36e5666625df9
data/kegg_modules/mags/gbk_antismash/bin.40.orig.metawrap.repaired/NODE_24533_length_2823_cov_5.278179.region001.gbk,19450,63813e33a85204e8c3bf5583400ad03ddea4d6465eb869713cda44067300da09
data/kegg_modules/mags/gbk_antismash/bin.40.orig.metawrap.repaired/NODE_3156_length_7827_cov_6.287442.region001.gbk,36468,e373293c028581dc5bb429dea6c4ee51505ecd18060da58ca88ff96fa252d569
data/kegg_modules/mags/gbk_antismash/bin.40.orig.metawrap.repaired/NODE_7057_length_5268_cov_7.026856.region001.gbk,17629,233b497baa262756d135340431debb0d5c3e61a88ae07678384e4145815f2743
data/kegg_modules/mags/gbk_antismash/bin.40.orig.metawrap.repaired/NODE_8218_length_4905_cov_6.625979.region001.gbk,19746,0db3c9f9bfe126fc6a04afbfd92c638ee84d25f4a0cacb02e40eedca628723f2
data/kegg_modules/mags/gbk_antismash/bin.40.orig.metawrap.repaired/bacteria-5d4c7eab-7674-4234-b0bd-1a9b4030377c.log,1157547,dce149b69e5801e0bebe12c8154180f79aa25401601db73f7f90229e8305a669
data/kegg_modules/mags/gbk_antismash/bin.40.orig.metawrap.repaired/bin.40.orig.metawrap.repaired.gbk,8634450,b967472a7d68a90efd883f60c3fa135714b2a499ef15efc0826b49b771351542
data/kegg_modules/mags/gbk_antismash/bin.40.orig.metawrap.repaired/bin.40.orig.metawrap.repaired.json,11622093,edf257ea4a1a11e52181e311477e391a973ce1c17f2043eba96f60b2d3bda30d
data/kegg_modules/mags/gbk_antismash/bin.40.orig.metawrap.repaired/clusterblast/NODE_17649_length_3337_cov_6.138940_c1.txt,1319,e1e01f61fd0a9c4a11e4721e51f75c4dbd5a80303a183f5a60fbab9ce4a2c02e
data/kegg_modules/mags/gbk_antismash/bin.40.orig.metawrap.repaired/clusterblast/NODE_1840_length_9928_cov_6.147270_c1.txt,34761,fb100381683d419064487dadb4b515ca717d4b91f573108dade6aad323ee4428
data/kegg_modules/mags/gbk_antismash/bin.40.orig.metawrap.repaired/clusterblast/NODE_18939_length_3223_cov_6.250947_c1.txt,2997,d87ecf6af7ecb2ff370c604404214c28cf332a09c30c7c7b6139adef314f73f6
data/kegg_modules/mags/gbk_antismash/bin.40.orig.metawrap.repaired/clusterblast/NODE_24533_length_2823_cov_5.278179_c1.txt,1425,1e035123ae3ba72466a6012c783b7174e4438a9a885ae34cc6454fd046914e81
data/kegg_modules/mags/gbk_antismash/bin.40.orig.metawrap.repaired/clusterblast/NODE_3156_length_7827_cov_6.287442_c1.txt,32878,7d3d445dcc00ed19e9c10f8aacf202a3b42a63e251aea703de0cc8f786a89f06
data/kegg_modules/mags/gbk_antismash/bin.40.orig.metawrap.repaired/clusterblast/NODE_7057_length_5268_cov_7.026856_c1.txt,10625,3de8384d7b2183d57537c2b59b62ef9aaa3ad67868aa7e2d697c397d88abcc71
data/kegg_modules/mags/gbk_antismash/bin.40.orig.metawrap.repaired/clusterblast/NODE_8218_length_4905_cov_6.625979_c1.txt,28398,5ca539cd7b5283860e1f8827d61ac03d75d6e940d33f2c46e134c2d7ea8bf63b
data/kegg_modules/mags/gbk_antismash/bin.40.orig.metawrap.repaired/css/bacteria.css,60848,26c59575cedb40d4fae2918eb1cfa654fcfef48d3201fd5a0698ac38787d9e05
data/kegg_modules/mags/gbk_antismash/bin.40.orig.metawrap.repaired/images/about.svg,513,6d1e020364b303924b8134a7fbfaa1ccd9eeb96ba4768458f3acc4ac4de975d9
data/kegg_modules/mags/gbk_antismash/bin.40.orig.metawrap.repaired/images/bacteria_about.png,1607,233d5f419f9cc758d7c04cf7a3b18cef4428d2a2e4c9b2e935b4802c39dafa28
data/kegg_modules/mags/gbk_antismash/bin.40.orig.metawrap.repaired/images/bacteria_antismash_icon.svg,37742,6da16d6861747ab558195c00dfd432ef1368bd276e33c54e2051026f1de8c0b4
data/kegg_modules/mags/gbk_antismash/bin.40.orig.metawrap.repaired/images/bacteria_antismash_logo.svg,8433,7f1ad3684593fb1142a8da074c72528a7b809607281c4ad05111a7e6431b0d7a
data/kegg_modules/mags/gbk_antismash/bin.40.orig.metawrap.repaired/images/bacteria_antismash_white.svg,40766,246536c562f73dbdc963368a4b6bf34cb631655f92d2034346efb013653ef3d8
data/kegg_modules/mags/gbk_antismash/bin.40.orig.metawrap.repaired/images/bacteria_download.png,1670,ed750bb0a6f6367c19a1839b3385d9e2c360df6c12162d9f071a1f8c9cc17bb4
data/kegg_modules/mags/gbk_antismash/bin.40.orig.metawrap.repaired/images/bacteria_help.png,1951,46c29244608bfed589db5aec58c3829c4ff9952a8c58cabd688377b1aa165902
data/kegg_modules/mags/gbk_antismash/bin.40.orig.metawrap.repaired/images/bacteria_home.png,1414,43807c609de0e5603ae9fb658c587122f30e1269d895e6230abebe46bb545be9
data/kegg_modules/mags/gbk_antismash/bin.40.orig.metawrap.repaired/images/bacteria_logo.png,3831,d0056272e08e276d8efd306f448b31bb6e5d4837062b31061e032d19546cfe43
data/kegg_modules/mags/gbk_antismash/bin.40.orig.metawrap.repaired/images/contact.svg,678,28628158c3f9ca0d84eeba0b9d739575e5aa22ff9c1a83a07ab516e610bd023d
data/kegg_modules/mags/gbk_antismash/bin.40.orig.metawrap.repaired/images/download.svg,656,d59cf2c1b60fbbe12d3aa1e399357abbe9653203687923db8c24aaa740e51d5e
data/kegg_modules/mags/gbk_antismash/bin.40.orig.metawrap.repaired/images/expand-arrows-alt-solid.svg,715,f594ab6317974e50859ca18601d6693b0716bd0487873c5462b06dc84bff1f8c
data/kegg_modules/mags/gbk_antismash/bin.40.orig.metawrap.repaired/images/external-link-alt-solid.svg,778,634f9cdc7e573b2c73012642fe8a8b6c14ae4a257870110afb26769f9ae50681
data/kegg_modules/mags/gbk_antismash/bin.40.orig.metawrap.repaired/images/fungi_about.png,1595,48038f56f8f94c116b3849b2afd892bb3a93a0b43f5062d417bc16d5b6b86c33
data/kegg_modules/mags/gbk_antismash/bin.40.orig.metawrap.repaired/images/fungi_antismash_icon.svg,3331,24a4418c5cdde1ecd51881b00f1106dc1798f77ced04faf895281e538083116d
data/kegg_modules/mags/gbk_antismash/bin.40.orig.metawrap.repaired/images/fungi_antismash_icon_white.svg,3335,b7e6c0d4c7e4011c602aada578e5035fe3443bc2ffe44befa0aaa706772c9757
data/kegg_modules/mags/gbk_antismash/bin.40.orig.metawrap.repaired/images/fungi_antismash_logo.svg,8401,10fa1d1e3a9911472704a8b7eb6eb776a720d17b3540bf1a9b6535d4967b9824
data/kegg_modules/mags/gbk_antismash/bin.40.orig.metawrap.repaired/images/fungi_download.png,1679,a5bf4ba46c42ec08318586026eba612aaf0e3132bc6f543d265da1b9317dd85a
data/kegg_modules/mags/gbk_antismash/bin.40.orig.metawrap.repaired/images/fungi_help.png,1863,c88eb0117df14d25d75728f347e9cfcf597e9f0fb35ae64b5855cd29cc299c7b
data/kegg_modules/mags/gbk_antismash/bin.40.orig.metawrap.repaired/images/fungi_home.png,1392,9065ade41a0986dd4169ee8170f9a0a2646d07f9e3b47d406b8d6562d9177003
data/kegg_modules/mags/gbk_antismash/bin.40.orig.metawrap.repaired/images/fungi_logo.png,3572,cab376256a90e3f87e472b58115d01b27935fc45234c33fb5b6df7c6b9f65cb5
data/kegg_modules/mags/gbk_antismash/bin.40.orig.metawrap.repaired/images/help.svg,794,c8e44944b5c351de20ed42ddb4668d3653f5efac134ead63859f4333bace342a
data/kegg_modules/mags/gbk_antismash/bin.40.orig.metawrap.repaired/images/mail.png,1459,7ec23ea17d4ab95dbcc2eb81016789e2524d0f9b6221a19f40fd04fadc9705c4
data/kegg_modules/mags/gbk_antismash/bin.40.orig.metawrap.repaired/images/minus-circle.svg,389,acb059d2d35c7206490072ff549d93219bf20e01b2b59e51db80b91def1d12ad
data/kegg_modules/mags/gbk_antismash/bin.40.orig.metawrap.repaired/images/nostructure_icon.png,4131,012a4403352653672ae1b3e704b997b4641ff1ec097c69fda004ba894e1c4355
data/kegg_modules/mags/gbk_antismash/bin.40.orig.metawrap.repaired/images/plant_antismash_icon.svg,22909,a842765151cc20dd2054ad99a13916f29f549b5a2a6b38a3f4aaaa10c9c533a5
data/kegg_modules/mags/gbk_antismash/bin.40.orig.metawrap.repaired/images/plant_antismash_icon_white.svg,22913,3c9dc64540c7ff0016d3a3b5f792c7d88f4ce1038643cade71a49cb709d3c963
data/kegg_modules/mags/gbk_antismash/bin.40.orig.metawrap.repaired/images/plus-circle.svg,491,9e80740025f9a84ca3fab0c60f23fb7965ffd816208773a326befd1e9841d7a8
data/kegg_modules/mags/gbk_antismash/bin.40.orig.metawrap.repaired/images/question-circle-solid.svg,854,c9babde9f7d66e40ab8ded58ac976714e9468ac30f70be8b6878b8b88cb5b0f4
data/kegg_modules/mags/gbk_antismash/bin.40.orig.metawrap.repaired/images/search-solid.svg,559,43a3063064b28abcc15bce8413838bcbb52297057495c286ded9a0c1c3dacfd4
data/kegg_modules/mags/gbk_antismash/bin.40.orig.metawrap.repaired/index.html,251372,7070e7667045f0897920fcdce325fa573b11f729d6397f1f70756539ef7405b3
data/kegg_modules/mags/gbk_antismash/bin.40.orig.metawrap.repaired/input/bin.40.orig.metawrap.repaired.fasta,4570768,3e3fe0dfd5e384c022c7ad071f38c584e9def1e0169ebf95815144bb426a5978
data/kegg_modules/mags/gbk_antismash/bin.40.orig.metawrap.repaired/js/antismash.js,258688,4b4254087d8e77b3e8a75ff34280316e7266c4e4a40a116c0bdeac65dd2bcdb5
data/kegg_modules/mags/gbk_antismash/bin.40.orig.metawrap.repaired/js/jquery.js,92629,c12f6098e641aaca96c60215800f18f5671039aecf812217fab3c0d152f6adb4
data/kegg_modules/mags/gbk_antismash/bin.40.orig.metawrap.repaired/js/jquery.tablesorter.min.js,16521,b038bcf4e9ddb5f60c93e49bfe7aeeaf40f8fcc2fa753ee56d1abe2bcb89a016
data/kegg_modules/mags/gbk_antismash/bin.40.orig.metawrap.repaired/knownclusterblast/NODE_17649_length_3337_cov_6.138940_c1.txt,252,328261bfda7b6f9ad744d67e7ac5b82484134d92c2b6ac468e3e8603fafb4d7d
data/kegg_modules/mags/gbk_antismash/bin.40.orig.metawrap.repaired/knownclusterblast/NODE_1840_length_9928_cov_6.147270_c1.txt,388,5a410bb0af797c4d870e7b3474d5748453b74a016a72e7b2bc7553b0c674a951
data/kegg_modules/mags/gbk_antismash/bin.40.orig.metawrap.repaired/knownclusterblast/NODE_18939_length_3223_cov_6.250947_c1.txt,273,48ce1705f88c1492024b5118f890469a181902e337bb6be7903f535389e9af94
data/kegg_modules/mags/gbk_antismash/bin.40.orig.metawrap.repaired/knownclusterblast/NODE_24533_length_2823_cov_5.278179_c1.txt,269,4043b5224ec5a0aaecd9d90291d8d3a221719b79f37992668b0597ae74967724
data/kegg_modules/mags/gbk_antismash/bin.40.orig.metawrap.repaired/knownclusterblast/NODE_3156_length_7827_cov_6.287442_c1.txt,339,f44d55b44438df60ad6680ff1519f24bc12ca724365e80b2a85e90015bc0b294
data/kegg_modules/mags/gbk_antismash/bin.40.orig.metawrap.repaired/knownclusterblast/NODE_7057_length_5268_cov_7.026856_c1.txt,273,43a8d4c838448c0655e464b87b0a2089a6387d5d9701f7a70f93c14531f63662
data/kegg_modules/mags/gbk_antismash/bin.40.orig.metawrap.repaired/knownclusterblast/NODE_8218_length_4905_cov_6.625979_c1.txt,226,0fea6346bd87e70d52f2f586c397c13109fcab10132e60c646ef4fa5b2023a6d
data/kegg_modules/mags/gbk_antismash/bin.40.orig.metawrap.repaired/knownclusterblast/region1/ctg106_10_mibig_hits.html,5323,b182297a3eb4376d459969b0fe270fb83f1969836ea55c91e2ed9bb279b1ca7f
data/kegg_modules/mags/gbk_antismash/bin.40.orig.metawrap.repaired/knownclusterblast/region1/ctg106_1_mibig_hits.html,2133,792f48c1934447680db8d6d148922899db6c08200cd8028ba7d01ab760590a24
data/kegg_modules/mags/gbk_antismash/bin.40.orig.metawrap.repaired/knownclusterblast/region1/ctg106_2_mibig_hits.html,49414,2e2b18ab20e6eeacf3ae1a953ee98758580e1a2f4ec0a3bee1231de0e73b2c9c
data/kegg_modules/mags/gbk_antismash/bin.40.orig.metawrap.repaired/knownclusterblast/region1/ctg106_6_mibig_hits.html,3320,05fd57df796cd4ae2249dc334a47f71605da81e9c8b1687a26be426cdb998acf
data/kegg_modules/mags/gbk_antismash/bin.40.orig.metawrap.repaired/knownclusterblast/region1/ctg169_1_mibig_hits.html,2222,ab8ce78fb50a882d830d3379d4321edc1f059aa440b986db6857b0423b7e45f0
data/kegg_modules/mags/gbk_antismash/bin.40.orig.metawrap.repaired/knownclusterblast/region1/ctg169_2_mibig_hits.html,87749,417c98dd5516d3aa621caf1535aa3af2fbbafac1e8a3edc98c25ced3d76e595d
data/kegg_modules/mags/gbk_antismash/bin.40.orig.metawrap.repaired/knownclusterblast/region1/ctg169_4_mibig_hits.html,2169,23acb8d052496b97e0fb59ebc046c6d9ac96f8371f612e38045984f2ec54d0ca
data/kegg_modules/mags/gbk_antismash/bin.40.orig.metawrap.repaired/knownclusterblast/region1/ctg169_5_mibig_hits.html,3024,fd46f0906e1119f54c1d379080193ed2e43278156c41965793d726434555940b
data/kegg_modules/mags/gbk_antismash/bin.40.orig.metawrap.repaired/knownclusterblast/region1/ctg169_6_mibig_hits.html,108367,dc320250cd9833569a0a719c71ce08be0f0ab8668673f9a2e03f6d406234b534
data/kegg_modules/mags/gbk_antismash/bin.40.orig.metawrap.repaired/knownclusterblast/region1/ctg304_5_mibig_hits.html,15794,7803e3fca656dbd0f4c80a90761c97a34663209ef5105aca579b882412e37be9
data/kegg_modules/mags/gbk_antismash/bin.40.orig.metawrap.repaired/knownclusterblast/region1/ctg335_2_mibig_hits.html,183023,65f10c854314c0c396e5fbdb9904aaac5e40c0a374c3be073412dccb6833b6ef
data/kegg_modules/mags/gbk_antismash/bin.40.orig.metawrap.repaired/knownclusterblast/region1/ctg506_2_mibig_hits.html,1744,63f750188d8ef4b9ff976fbd8ef976eb383469821f90ea47489e1f9088d880e4
data/kegg_modules/mags/gbk_antismash/bin.40.orig.metawrap.repaired/knownclusterblast/region1/ctg506_3_mibig_hits.html,2551,01ac2ae375e6d0d4d54ab366fa9ad1df4d40fe28076bdeeafee4527a6060f6cb
data/kegg_modules/mags/gbk_antismash/bin.40.orig.metawrap.repaired/knownclusterblast/region1/ctg506_4_mibig_hits.html,1764,d1af88549e6d04763a6ab908704409a30f9c1ae8c33a427af58155fcda55937a
data/kegg_modules/mags/gbk_antismash/bin.40.orig.metawrap.repaired/knownclusterblast/region1/ctg584_3_mibig_hits.html,2152,4c603a0995841456a0f8d14a75744c73594fd44c3fb2b04ccaf98e7e912151e1
data/kegg_modules/mags/gbk_antismash/bin.40.orig.metawrap.repaired/regions.js,791775,4b54cb28942d735fe39ea9b6dcdf1df6d98c3b549e789f536983a007b660d62c
data/kegg_modules/mags/gbk_antismash/bin.40.orig.metawrap.repaired/subclusterblast/NODE_17649_length_3337_cov_6.138940_c1.txt,252,328261bfda7b6f9ad744d67e7ac5b82484134d92c2b6ac468e3e8603fafb4d7d
data/kegg_modules/mags/gbk_antismash/bin.40.orig.metawrap.repaired/subclusterblast/NODE_1840_length_9928_cov_6.147270_c1.txt,388,5a410bb0af797c4d870e7b3474d5748453b74a016a72e7b2bc7553b0c674a951
data/kegg_modules/mags/gbk_antismash/bin.40.orig.metawrap.repaired/subclusterblast/NODE_18939_length_3223_cov_6.250947_c1.txt,273,48ce1705f88c1492024b5118f890469a181902e337bb6be7903f535389e9af94
data/kegg_modules/mags/gbk_antismash/bin.40.orig.metawrap.repaired/subclusterblast/NODE_24533_length_2823_cov_5.278179_c1.txt,269,4043b5224ec5a0aaecd9d90291d8d3a221719b79f37992668b0597ae74967724
data/kegg_modules/mags/gbk_antismash/bin.40.orig.metawrap.repaired/subclusterblast/NODE_3156_length_7827_cov_6.287442_c1.txt,339,f44d55b44438df60ad6680ff1519f24bc12ca724365e80b2a85e90015bc0b294
data/kegg_modules/mags/gbk_antismash/bin.40.orig.metawrap.repaired/subclusterblast/NODE_7057_length_5268_cov_7.026856_c1.txt,273,43a8d4c838448c0655e464b87b0a2089a6387d5d9701f7a70f93c14531f63662
data/kegg_modules/mags/gbk_antismash/bin.40.orig.metawrap.repaired/subclusterblast/NODE_8218_length_4905_cov_6.625979_c1.txt,226,0fea6346bd87e70d52f2f586c397c13109fcab10132e60c646ef4fa5b2023a6d
data/kegg_modules/mags/gbk_antismash/bin.41.permissive.metawrap.repaired/NODE_15_length_13837_cov_2.619695.region001.gbk,56120,9db1607c5f44a397d7837e8345fb4e96cbeeba7b7854cc637919258be89fdea7
data/kegg_modules/mags/gbk_antismash/bin.41.permissive.metawrap.repaired/NODE_48_length_9742_cov_2.426487.region001.gbk,47002,e6677b47f201fef848cc29419559beb346fde6f1d4bbd99cd4fe080378fbbea8
data/kegg_modules/mags/gbk_antismash/bin.41.permissive.metawrap.repaired/bacteria-f52af88a-866f-41ea-917c-650bd7b53c50.log,384060,ace2e5b91116eb35425040c47893fb22944fec04ca498906e0858eb3300a9fe4
data/kegg_modules/mags/gbk_antismash/bin.41.permissive.metawrap.repaired/bin.41.permissive.metawrap.repaired.gbk,3000015,74a34a8cfa0b2ef4fb46f46bdbc960d9057e120614343f3fc45b65cd16239cb2
data/kegg_modules/mags/gbk_antismash/bin.41.permissive.metawrap.repaired/bin.41.permissive.metawrap.repaired.json,4967464,5f1dd17b68a1995498ac567cf5de01aa74c2e81e205bf9df7b29bbfc84b8fca6
data/kegg_modules/mags/gbk_antismash/bin.41.permissive.metawrap.repaired/clusterblast/NODE_15_length_13837_cov_2.619695_c1.txt,34158,104b02353f24061b361d97d4e469efbb845c0fc11a16eec8cc6d696b941ab715
data/kegg_modules/mags/gbk_antismash/bin.41.permissive.metawrap.repaired/clusterblast/NODE_48_length_9742_cov_2.426487_c1.txt,31332,ab93b5c6c46deb6ebe9960bb2446b639d7c78fc2b58a915de5a00f8c06019189
data/kegg_modules/mags/gbk_antismash/bin.41.permissive.metawrap.repaired/css/bacteria.css,60848,26c59575cedb40d4fae2918eb1cfa654fcfef48d3201fd5a0698ac38787d9e05
data/kegg_modules/mags/gbk_antismash/bin.41.permissive.metawrap.repaired/images/about.svg,513,6d1e020364b303924b8134a7fbfaa1ccd9eeb96ba4768458f3acc4ac4de975d9
data/kegg_modules/mags/gbk_antismash/bin.41.permissive.metawrap.repaired/images/bacteria_about.png,1607,233d5f419f9cc758d7c04cf7a3b18cef4428d2a2e4c9b2e935b4802c39dafa28
data/kegg_modules/mags/gbk_antismash/bin.41.permissive.metawrap.repaired/images/bacteria_antismash_icon.svg,37742,6da16d6861747ab558195c00dfd432ef1368bd276e33c54e2051026f1de8c0b4
data/kegg_modules/mags/gbk_antismash/bin.41.permissive.metawrap.repaired/images/bacteria_antismash_logo.svg,8433,7f1ad3684593fb1142a8da074c72528a7b809607281c4ad05111a7e6431b0d7a
data/kegg_modules/mags/gbk_antismash/bin.41.permissive.metawrap.repaired/images/bacteria_antismash_white.svg,40766,246536c562f73dbdc963368a4b6bf34cb631655f92d2034346efb013653ef3d8
data/kegg_modules/mags/gbk_antismash/bin.41.permissive.metawrap.repaired/images/bacteria_download.png,1670,ed750bb0a6f6367c19a1839b3385d9e2c360df6c12162d9f071a1f8c9cc17bb4
data/kegg_modules/mags/gbk_antismash/bin.41.permissive.metawrap.repaired/images/bacteria_help.png,1951,46c29244608bfed589db5aec58c3829c4ff9952a8c58cabd688377b1aa165902
data/kegg_modules/mags/gbk_antismash/bin.41.permissive.metawrap.repaired/images/bacteria_home.png,1414,43807c609de0e5603ae9fb658c587122f30e1269d895e6230abebe46bb545be9
data/kegg_modules/mags/gbk_antismash/bin.41.permissive.metawrap.repaired/images/bacteria_logo.png,3831,d0056272e08e276d8efd306f448b31bb6e5d4837062b31061e032d19546cfe43
data/kegg_modules/mags/gbk_antismash/bin.41.permissive.metawrap.repaired/images/contact.svg,678,28628158c3f9ca0d84eeba0b9d739575e5aa22ff9c1a83a07ab516e610bd023d
data/kegg_modules/mags/gbk_antismash/bin.41.permissive.metawrap.repaired/images/download.svg,656,d59cf2c1b60fbbe12d3aa1e399357abbe9653203687923db8c24aaa740e51d5e
data/kegg_modules/mags/gbk_antismash/bin.41.permissive.metawrap.repaired/images/expand-arrows-alt-solid.svg,715,f594ab6317974e50859ca18601d6693b0716bd0487873c5462b06dc84bff1f8c
data/kegg_modules/mags/gbk_antismash/bin.41.permissive.metawrap.repaired/images/external-link-alt-solid.svg,778,634f9cdc7e573b2c73012642fe8a8b6c14ae4a257870110afb26769f9ae50681
data/kegg_modules/mags/gbk_antismash/bin.41.permissive.metawrap.repaired/images/fungi_about.png,1595,48038f56f8f94c116b3849b2afd892bb3a93a0b43f5062d417bc16d5b6b86c33
data/kegg_modules/mags/gbk_antismash/bin.41.permissive.metawrap.repaired/images/fungi_antismash_icon.svg,3331,24a4418c5cdde1ecd51881b00f1106dc1798f77ced04faf895281e538083116d
data/kegg_modules/mags/gbk_antismash/bin.41.permissive.metawrap.repaired/images/fungi_antismash_icon_white.svg,3335,b7e6c0d4c7e4011c602aada578e5035fe3443bc2ffe44befa0aaa706772c9757
data/kegg_modules/mags/gbk_antismash/bin.41.permissive.metawrap.repaired/images/fungi_antismash_logo.svg,8401,10fa1d1e3a9911472704a8b7eb6eb776a720d17b3540bf1a9b6535d4967b9824
data/kegg_modules/mags/gbk_antismash/bin.41.permissive.metawrap.repaired/images/fungi_download.png,1679,a5bf4ba46c42ec08318586026eba612aaf0e3132bc6f543d265da1b9317dd85a
data/kegg_modules/mags/gbk_antismash/bin.41.permissive.metawrap.repaired/images/fungi_help.png,1863,c88eb0117df14d25d75728f347e9cfcf597e9f0fb35ae64b5855cd29cc299c7b
data/kegg_modules/mags/gbk_antismash/bin.41.permissive.metawrap.repaired/images/fungi_home.png,1392,9065ade41a0986dd4169ee8170f9a0a2646d07f9e3b47d406b8d6562d9177003
data/kegg_modules/mags/gbk_antismash/bin.41.permissive.metawrap.repaired/images/fungi_logo.png,3572,cab376256a90e3f87e472b58115d01b27935fc45234c33fb5b6df7c6b9f65cb5
data/kegg_modules/mags/gbk_antismash/bin.41.permissive.metawrap.repaired/images/help.svg,794,c8e44944b5c351de20ed42ddb4668d3653f5efac134ead63859f4333bace342a
data/kegg_modules/mags/gbk_antismash/bin.41.permissive.metawrap.repaired/images/mail.png,1459,7ec23ea17d4ab95dbcc2eb81016789e2524d0f9b6221a19f40fd04fadc9705c4
data/kegg_modules/mags/gbk_antismash/bin.41.permissive.metawrap.repaired/images/minus-circle.svg,389,acb059d2d35c7206490072ff549d93219bf20e01b2b59e51db80b91def1d12ad
data/kegg_modules/mags/gbk_antismash/bin.41.permissive.metawrap.repaired/images/nostructure_icon.png,4131,012a4403352653672ae1b3e704b997b4641ff1ec097c69fda004ba894e1c4355
data/kegg_modules/mags/gbk_antismash/bin.41.permissive.metawrap.repaired/images/plant_antismash_icon.svg,22909,a842765151cc20dd2054ad99a13916f29f549b5a2a6b38a3f4aaaa10c9c533a5
data/kegg_modules/mags/gbk_antismash/bin.41.permissive.metawrap.repaired/images/plant_antismash_icon_white.svg,22913,3c9dc64540c7ff0016d3a3b5f792c7d88f4ce1038643cade71a49cb709d3c963
data/kegg_modules/mags/gbk_antismash/bin.41.permissive.metawrap.repaired/images/plus-circle.svg,491,9e80740025f9a84ca3fab0c60f23fb7965ffd816208773a326befd1e9841d7a8
data/kegg_modules/mags/gbk_antismash/bin.41.permissive.metawrap.repaired/images/question-circle-solid.svg,854,c9babde9f7d66e40ab8ded58ac976714e9468ac30f70be8b6878b8b88cb5b0f4
data/kegg_modules/mags/gbk_antismash/bin.41.permissive.metawrap.repaired/images/search-solid.svg,559,43a3063064b28abcc15bce8413838bcbb52297057495c286ded9a0c1c3dacfd4
data/kegg_modules/mags/gbk_antismash/bin.41.permissive.metawrap.repaired/index.html,91304,becc4bdf5167c4e8dd0fdc22f9d51469ce5fb8a5f93b9f9247aac7cc2b779f37
data/kegg_modules/mags/gbk_antismash/bin.41.permissive.metawrap.repaired/input/bin.41.permissive.metawrap.repaired.fasta,1621516,4600b8eff3413b3cee0e3858f2508987001ee093a25657dfea8ad9ec9dedebbc
data/kegg_modules/mags/gbk_antismash/bin.41.permissive.metawrap.repaired/js/antismash.js,258688,4b4254087d8e77b3e8a75ff34280316e7266c4e4a40a116c0bdeac65dd2bcdb5
data/kegg_modules/mags/gbk_antismash/bin.41.permissive.metawrap.repaired/js/jquery.js,92629,c12f6098e641aaca96c60215800f18f5671039aecf812217fab3c0d152f6adb4
data/kegg_modules/mags/gbk_antismash/bin.41.permissive.metawrap.repaired/js/jquery.tablesorter.min.js,16521,b038bcf4e9ddb5f60c93e49bfe7aeeaf40f8fcc2fa753ee56d1abe2bcb89a016
data/kegg_modules/mags/gbk_antismash/bin.41.permissive.metawrap.repaired/knownclusterblast/NODE_15_length_13837_cov_2.619695_c1.txt,478,6b13c032f56a763010824a1f25ea9d6636c52c95c22a1b32ea94a61ab29fd554
data/kegg_modules/mags/gbk_antismash/bin.41.permissive.metawrap.repaired/knownclusterblast/NODE_48_length_9742_cov_2.426487_c1.txt,329,af828077b84607c1588e0fbd3f2474785d6b76d431d78c9c8ee4f23f2576aa50
data/kegg_modules/mags/gbk_antismash/bin.41.permissive.metawrap.repaired/knownclusterblast/region1/ctg15_11_mibig_hits.html,2168,2648a4d9e12354393353c3e6e779b93348e5fc6ccf77222d3bc4436f6ccf8742
data/kegg_modules/mags/gbk_antismash/bin.41.permissive.metawrap.repaired/knownclusterblast/region1/ctg15_12_mibig_hits.html,1798,3eefa217b8539468fcc0a43db40f9d5453ac29170cbdcffcd92ac2e5b3e49586
data/kegg_modules/mags/gbk_antismash/bin.41.permissive.metawrap.repaired/knownclusterblast/region1/ctg15_13_mibig_hits.html,2171,aab46b08d0dee5ae0fb47074f20f1664f97fd86bd5838f3add25229546248162
data/kegg_modules/mags/gbk_antismash/bin.41.permissive.metawrap.repaired/knownclusterblast/region1/ctg15_14_mibig_hits.html,2543,538ab231c9ceda8932f55f7fe2afbd8878d5715a1db8959f281ce2ce8634b6ed
data/kegg_modules/mags/gbk_antismash/bin.41.permissive.metawrap.repaired/knownclusterblast/region1/ctg15_1_mibig_hits.html,1745,b0cb0c6efe0124a1bb80b376cbde921316dcc7ef12fba0e3013482327f9770ec
data/kegg_modules/mags/gbk_antismash/bin.41.permissive.metawrap.repaired/knownclusterblast/region1/ctg15_2_mibig_hits.html,3765,9c8fe3ec8b7fc1b85ab6970b38ae4ef406885d4bf5089c4ea5ee94135da0e04f
data/kegg_modules/mags/gbk_antismash/bin.41.permissive.metawrap.repaired/knownclusterblast/region1/ctg15_3_mibig_hits.html,2556,0ed88ef4348d7af1fbc129f8b0e4ce3c76f093e14d0164d43b1c4058b6373854
data/kegg_modules/mags/gbk_antismash/bin.41.permissive.metawrap.repaired/knownclusterblast/region1/ctg15_4_mibig_hits.html,13042,d8eb9914a35c2441d2b0bc9eb675df57f00f6cb4bdc63ea2f270a0988e538b62
data/kegg_modules/mags/gbk_antismash/bin.41.permissive.metawrap.repaired/knownclusterblast/region1/ctg15_5_mibig_hits.html,16900,db19bb75af9117507299537e131b4fbdf4e57b38debc3537a3239accb5026294
data/kegg_modules/mags/gbk_antismash/bin.41.permissive.metawrap.repaired/knownclusterblast/region1/ctg15_9_mibig_hits.html,16953,ffd6b6198a53e229ecf92343c9947675c08ce292fd268d55fd3127a0d284fa57
data/kegg_modules/mags/gbk_antismash/bin.41.permissive.metawrap.repaired/knownclusterblast/region1/ctg48_1_mibig_hits.html,5948,7767d555ccba1b4653dc8fb304e0ea93a8fa875ef66c671ab8cc05fa4f972116
data/kegg_modules/mags/gbk_antismash/bin.41.permissive.metawrap.repaired/knownclusterblast/region1/ctg48_3_mibig_hits.html,1750,5a8a801dbe65d01711e3e7156239aa071e9a8e6e0e5b5ce1d5bc0717a98461a6
data/kegg_modules/mags/gbk_antismash/bin.41.permissive.metawrap.repaired/knownclusterblast/region1/ctg48_4_mibig_hits.html,15679,b54cbbf2e613c61dc821f53480a48bab305db7d8da63d1a1bce6fb12dfdd6ff5
data/kegg_modules/mags/gbk_antismash/bin.41.permissive.metawrap.repaired/knownclusterblast/region1/ctg48_5_mibig_hits.html,19287,b9b3536e81d307d020e2be2a0a1c9cd6b488259ce3a9e44be84e39f79d7f52e6
data/kegg_modules/mags/gbk_antismash/bin.41.permissive.metawrap.repaired/knownclusterblast/region1/ctg48_6_mibig_hits.html,18629,57568228307be97905e2f86cbf35671c20f17662336fbd1f3de5a1f9cc07cf3b
data/kegg_modules/mags/gbk_antismash/bin.41.permissive.metawrap.repaired/knownclusterblast/region1/ctg48_7_mibig_hits.html,134146,3c090f88b98a572b6e9fa4607d14294338d8600ab5dcb01e3ca9ce65fd23a85b
data/kegg_modules/mags/gbk_antismash/bin.41.permissive.metawrap.repaired/knownclusterblast/region1/ctg48_8_mibig_hits.html,2968,714474a06cd09404166b9fa7b6580c8932b44b469f99c02e172eed15eae7b693
data/kegg_modules/mags/gbk_antismash/bin.41.permissive.metawrap.repaired/regions.js,459460,ded4d0a62cd65aee541a6bb215fdf05d176a586a9444460ba361d9480a6a4211
data/kegg_modules/mags/gbk_antismash/bin.41.permissive.metawrap.repaired/subclusterblast/NODE_15_length_13837_cov_2.619695_c1.txt,478,6b13c032f56a763010824a1f25ea9d6636c52c95c22a1b32ea94a61ab29fd554
data/kegg_modules/mags/gbk_antismash/bin.41.permissive.metawrap.repaired/subclusterblast/NODE_48_length_9742_cov_2.426487_c1.txt,329,af828077b84607c1588e0fbd3f2474785d6b76d431d78c9c8ee4f23f2576aa50
data/kegg_modules/mags/gbk_antismash/bin.42.orig.metawrap.repaired/NODE_8879_length_4726_cov_3.950760.region001.gbk,22038,9ee73a28067667b113dd2dfdc7fb1da6125c433cb0e35ba73a8bb53f7f2688a1
data/kegg_modules/mags/gbk_antismash/bin.42.orig.metawrap.repaired/bacteria-e9208f39-fa43-4f89-999e-ad1972aa92d0.log,515477,46f76020ee100e7ad616f264694938ac779ad14dc64603c4bb0e38ccd9276e83
data/kegg_modules/mags/gbk_antismash/bin.42.orig.metawrap.repaired/bin.42.orig.metawrap.repaired.gbk,1945877,614896193fe2cd51077b5e9d2f2e0e100f102a941d1f4965bac8fe5ef6f226f3
data/kegg_modules/mags/gbk_antismash/bin.42.orig.metawrap.repaired/bin.42.orig.metawrap.repaired.json,3000309,2609128d6ac5f51e3e7c42349a580946d02eea46cac90ff5b4958bd0305665a4
data/kegg_modules/mags/gbk_antismash/bin.42.orig.metawrap.repaired/clusterblast/NODE_8879_length_4726_cov_3.950760_c1.txt,28484,87d112867cad65de0419d2c4231b3f81506c70a7cccd9dd25ccf76b61eca2139
data/kegg_modules/mags/gbk_antismash/bin.42.orig.metawrap.repaired/css/bacteria.css,60848,26c59575cedb40d4fae2918eb1cfa654fcfef48d3201fd5a0698ac38787d9e05
data/kegg_modules/mags/gbk_antismash/bin.42.orig.metawrap.repaired/images/about.svg,513,6d1e020364b303924b8134a7fbfaa1ccd9eeb96ba4768458f3acc4ac4de975d9
data/kegg_modules/mags/gbk_antismash/bin.42.orig.metawrap.repaired/images/bacteria_about.png,1607,233d5f419f9cc758d7c04cf7a3b18cef4428d2a2e4c9b2e935b4802c39dafa28
data/kegg_modules/mags/gbk_antismash/bin.42.orig.metawrap.repaired/images/bacteria_antismash_icon.svg,37742,6da16d6861747ab558195c00dfd432ef1368bd276e33c54e2051026f1de8c0b4
data/kegg_modules/mags/gbk_antismash/bin.42.orig.metawrap.repaired/images/bacteria_antismash_logo.svg,8433,7f1ad3684593fb1142a8da074c72528a7b809607281c4ad05111a7e6431b0d7a
data/kegg_modules/mags/gbk_antismash/bin.42.orig.metawrap.repaired/images/bacteria_antismash_white.svg,40766,246536c562f73dbdc963368a4b6bf34cb631655f92d2034346efb013653ef3d8
data/kegg_modules/mags/gbk_antismash/bin.42.orig.metawrap.repaired/images/bacteria_download.png,1670,ed750bb0a6f6367c19a1839b3385d9e2c360df6c12162d9f071a1f8c9cc17bb4
data/kegg_modules/mags/gbk_antismash/bin.42.orig.metawrap.repaired/images/bacteria_help.png,1951,46c29244608bfed589db5aec58c3829c4ff9952a8c58cabd688377b1aa165902
data/kegg_modules/mags/gbk_antismash/bin.42.orig.metawrap.repaired/images/bacteria_home.png,1414,43807c609de0e5603ae9fb658c587122f30e1269d895e6230abebe46bb545be9
data/kegg_modules/mags/gbk_antismash/bin.42.orig.metawrap.repaired/images/bacteria_logo.png,3831,d0056272e08e276d8efd306f448b31bb6e5d4837062b31061e032d19546cfe43
data/kegg_modules/mags/gbk_antismash/bin.42.orig.metawrap.repaired/images/contact.svg,678,28628158c3f9ca0d84eeba0b9d739575e5aa22ff9c1a83a07ab516e610bd023d
data/kegg_modules/mags/gbk_antismash/bin.42.orig.metawrap.repaired/images/download.svg,656,d59cf2c1b60fbbe12d3aa1e399357abbe9653203687923db8c24aaa740e51d5e
data/kegg_modules/mags/gbk_antismash/bin.42.orig.metawrap.repaired/images/expand-arrows-alt-solid.svg,715,f594ab6317974e50859ca18601d6693b0716bd0487873c5462b06dc84bff1f8c
data/kegg_modules/mags/gbk_antismash/bin.42.orig.metawrap.repaired/images/external-link-alt-solid.svg,778,634f9cdc7e573b2c73012642fe8a8b6c14ae4a257870110afb26769f9ae50681
data/kegg_modules/mags/gbk_antismash/bin.42.orig.metawrap.repaired/images/fungi_about.png,1595,48038f56f8f94c116b3849b2afd892bb3a93a0b43f5062d417bc16d5b6b86c33
data/kegg_modules/mags/gbk_antismash/bin.42.orig.metawrap.repaired/images/fungi_antismash_icon.svg,3331,24a4418c5cdde1ecd51881b00f1106dc1798f77ced04faf895281e538083116d
data/kegg_modules/mags/gbk_antismash/bin.42.orig.metawrap.repaired/images/fungi_antismash_icon_white.svg,3335,b7e6c0d4c7e4011c602aada578e5035fe3443bc2ffe44befa0aaa706772c9757
data/kegg_modules/mags/gbk_antismash/bin.42.orig.metawrap.repaired/images/fungi_antismash_logo.svg,8401,10fa1d1e3a9911472704a8b7eb6eb776a720d17b3540bf1a9b6535d4967b9824
data/kegg_modules/mags/gbk_antismash/bin.42.orig.metawrap.repaired/images/fungi_download.png,1679,a5bf4ba46c42ec08318586026eba612aaf0e3132bc6f543d265da1b9317dd85a
data/kegg_modules/mags/gbk_antismash/bin.42.orig.metawrap.repaired/images/fungi_help.png,1863,c88eb0117df14d25d75728f347e9cfcf597e9f0fb35ae64b5855cd29cc299c7b
data/kegg_modules/mags/gbk_antismash/bin.42.orig.metawrap.repaired/images/fungi_home.png,1392,9065ade41a0986dd4169ee8170f9a0a2646d07f9e3b47d406b8d6562d9177003
data/kegg_modules/mags/gbk_antismash/bin.42.orig.metawrap.repaired/images/fungi_logo.png,3572,cab376256a90e3f87e472b58115d01b27935fc45234c33fb5b6df7c6b9f65cb5
data/kegg_modules/mags/gbk_antismash/bin.42.orig.metawrap.repaired/images/help.svg,794,c8e44944b5c351de20ed42ddb4668d3653f5efac134ead63859f4333bace342a
data/kegg_modules/mags/gbk_antismash/bin.42.orig.metawrap.repaired/images/mail.png,1459,7ec23ea17d4ab95dbcc2eb81016789e2524d0f9b6221a19f40fd04fadc9705c4
data/kegg_modules/mags/gbk_antismash/bin.42.orig.metawrap.repaired/images/minus-circle.svg,389,acb059d2d35c7206490072ff549d93219bf20e01b2b59e51db80b91def1d12ad
data/kegg_modules/mags/gbk_antismash/bin.42.orig.metawrap.repaired/images/nostructure_icon.png,4131,012a4403352653672ae1b3e704b997b4641ff1ec097c69fda004ba894e1c4355
data/kegg_modules/mags/gbk_antismash/bin.42.orig.metawrap.repaired/images/plant_antismash_icon.svg,22909,a842765151cc20dd2054ad99a13916f29f549b5a2a6b38a3f4aaaa10c9c533a5
data/kegg_modules/mags/gbk_antismash/bin.42.orig.metawrap.repaired/images/plant_antismash_icon_white.svg,22913,3c9dc64540c7ff0016d3a3b5f792c7d88f4ce1038643cade71a49cb709d3c963
data/kegg_modules/mags/gbk_antismash/bin.42.orig.metawrap.repaired/images/plus-circle.svg,491,9e80740025f9a84ca3fab0c60f23fb7965ffd816208773a326befd1e9841d7a8
data/kegg_modules/mags/gbk_antismash/bin.42.orig.metawrap.repaired/images/question-circle-solid.svg,854,c9babde9f7d66e40ab8ded58ac976714e9468ac30f70be8b6878b8b88cb5b0f4
data/kegg_modules/mags/gbk_antismash/bin.42.orig.metawrap.repaired/images/search-solid.svg,559,43a3063064b28abcc15bce8413838bcbb52297057495c286ded9a0c1c3dacfd4
data/kegg_modules/mags/gbk_antismash/bin.42.orig.metawrap.repaired/index.html,60113,759ef54bf59e5d8e1d35cc5072a09474fee820e0eaf7ebd59d5181aeebf484de
data/kegg_modules/mags/gbk_antismash/bin.42.orig.metawrap.repaired/input/bin.42.orig.metawrap.repaired.fasta,983915,65b527fef65faee5990062d999d14a7dd57789d3f6a391ffd13cbefbb2cb7a57
data/kegg_modules/mags/gbk_antismash/bin.42.orig.metawrap.repaired/js/antismash.js,258688,4b4254087d8e77b3e8a75ff34280316e7266c4e4a40a116c0bdeac65dd2bcdb5
data/kegg_modules/mags/gbk_antismash/bin.42.orig.metawrap.repaired/js/jquery.js,92629,c12f6098e641aaca96c60215800f18f5671039aecf812217fab3c0d152f6adb4
data/kegg_modules/mags/gbk_antismash/bin.42.orig.metawrap.repaired/js/jquery.tablesorter.min.js,16521,b038bcf4e9ddb5f60c93e49bfe7aeeaf40f8fcc2fa753ee56d1abe2bcb89a016
data/kegg_modules/mags/gbk_antismash/bin.42.orig.metawrap.repaired/knownclusterblast/NODE_8879_length_4726_cov_3.950760_c1.txt,289,00215259490aa3269b744ce8f3842b1228742d7dc424a987451d67d3b415b681
data/kegg_modules/mags/gbk_antismash/bin.42.orig.metawrap.repaired/knownclusterblast/region1/ctg27_1_mibig_hits.html,8387,43e106a350b25d75bbad174d3707286bea71e2970733810dab9d3c9b989a29c6
data/kegg_modules/mags/gbk_antismash/bin.42.orig.metawrap.repaired/knownclusterblast/region1/ctg27_2_mibig_hits.html,16298,a5d3cfd3fcb7055e13dbec2f66e3dc515395212ccc0718ba825adbd9e9133b7e
data/kegg_modules/mags/gbk_antismash/bin.42.orig.metawrap.repaired/knownclusterblast/region1/ctg27_3_mibig_hits.html,2159,ce36ef211f4e1a4e9b55d23391756dcc5e93b648accc8fc0a043d7f1e2d4d439
data/kegg_modules/mags/gbk_antismash/bin.42.orig.metawrap.repaired/knownclusterblast/region1/ctg27_6_mibig_hits.html,1781,ed5629f51fe28baa43b17cc48665377402c9e381779af836ff0337431a99e308
data/kegg_modules/mags/gbk_antismash/bin.42.orig.metawrap.repaired/regions.js,132886,6d8eeea057001e86209a8ab0e20a976915f5b89250369997beab4e0215cb1f91
data/kegg_modules/mags/gbk_antismash/bin.42.orig.metawrap.repaired/subclusterblast/NODE_8879_length_4726_cov_3.950760_c1.txt,289,00215259490aa3269b744ce8f3842b1228742d7dc424a987451d67d3b415b681
data/kegg_modules/mags/gbk_antismash/bin.45.permissive.metawrap.repaired/NODE_29_length_15804_cov_3.045145.region001.gbk,75327,284a4346bfe4fcae15473a67baf577fb367bdfcf34428435ddc69fe1cb228023
data/kegg_modules/mags/gbk_antismash/bin.45.permissive.metawrap.repaired/NODE_49_length_12780_cov_2.619145.region001.gbk,51700,2b2212b4286b81426107cb898c3efebbb384d45b92e219c148e425bc7f92ed10
data/kegg_modules/mags/gbk_antismash/bin.45.permissive.metawrap.repaired/bacteria-13f83499-9995-48d0-8971-e4575b6d0b24.log,586106,b7f1a8ee839bde5f3efdffe42e3b86b6f558d2c0090190ae777f08d98688e48b
data/kegg_modules/mags/gbk_antismash/bin.45.permissive.metawrap.repaired/bin.45.permissive.metawrap.repaired.gbk,5275929,4e0e76ea0696ed227dd808dbfaa1f7e9172b7f7cae574ec8b793f1cc036acf77
data/kegg_modules/mags/gbk_antismash/bin.45.permissive.metawrap.repaired/bin.45.permissive.metawrap.repaired.json,7138343,18b0008a972877fe3d35d99e82a5db864ce7dd9f9e805d6a1d7e3e63b0678f0c
data/kegg_modules/mags/gbk_antismash/bin.45.permissive.metawrap.repaired/clusterblast/NODE_29_length_15804_cov_3.045145_c1.txt,33306,135837c30c77eeee9b85a7b514f433fc4c40d07108c1e23cad555deccf18238c
data/kegg_modules/mags/gbk_antismash/bin.45.permissive.metawrap.repaired/clusterblast/NODE_49_length_12780_cov_2.619145_c1.txt,35842,d9a4dc9829771c2de4be4d57eb5645411eb25a1974b68ebf8d15e1d9d35d9e0c
data/kegg_modules/mags/gbk_antismash/bin.45.permissive.metawrap.repaired/css/bacteria.css,60848,26c59575cedb40d4fae2918eb1cfa654fcfef48d3201fd5a0698ac38787d9e05
data/kegg_modules/mags/gbk_antismash/bin.45.permissive.metawrap.repaired/images/about.svg,513,6d1e020364b303924b8134a7fbfaa1ccd9eeb96ba4768458f3acc4ac4de975d9
data/kegg_modules/mags/gbk_antismash/bin.45.permissive.metawrap.repaired/images/bacteria_about.png,1607,233d5f419f9cc758d7c04cf7a3b18cef4428d2a2e4c9b2e935b4802c39dafa28
data/kegg_modules/mags/gbk_antismash/bin.45.permissive.metawrap.repaired/images/bacteria_antismash_icon.svg,37742,6da16d6861747ab558195c00dfd432ef1368bd276e33c54e2051026f1de8c0b4
data/kegg_modules/mags/gbk_antismash/bin.45.permissive.metawrap.repaired/images/bacteria_antismash_logo.svg,8433,7f1ad3684593fb1142a8da074c72528a7b809607281c4ad05111a7e6431b0d7a
data/kegg_modules/mags/gbk_antismash/bin.45.permissive.metawrap.repaired/images/bacteria_antismash_white.svg,40766,246536c562f73dbdc963368a4b6bf34cb631655f92d2034346efb013653ef3d8
data/kegg_modules/mags/gbk_antismash/bin.45.permissive.metawrap.repaired/images/bacteria_download.png,1670,ed750bb0a6f6367c19a1839b3385d9e2c360df6c12162d9f071a1f8c9cc17bb4
data/kegg_modules/mags/gbk_antismash/bin.45.permissive.metawrap.repaired/images/bacteria_help.png,1951,46c29244608bfed589db5aec58c3829c4ff9952a8c58cabd688377b1aa165902
data/kegg_modules/mags/gbk_antismash/bin.45.permissive.metawrap.repaired/images/bacteria_home.png,1414,43807c609de0e5603ae9fb658c587122f30e1269d895e6230abebe46bb545be9
data/kegg_modules/mags/gbk_antismash/bin.45.permissive.metawrap.repaired/images/bacteria_logo.png,3831,d0056272e08e276d8efd306f448b31bb6e5d4837062b31061e032d19546cfe43
data/kegg_modules/mags/gbk_antismash/bin.45.permissive.metawrap.repaired/images/contact.svg,678,28628158c3f9ca0d84eeba0b9d739575e5aa22ff9c1a83a07ab516e610bd023d
data/kegg_modules/mags/gbk_antismash/bin.45.permissive.metawrap.repaired/images/download.svg,656,d59cf2c1b60fbbe12d3aa1e399357abbe9653203687923db8c24aaa740e51d5e
data/kegg_modules/mags/gbk_antismash/bin.45.permissive.metawrap.repaired/images/expand-arrows-alt-solid.svg,715,f594ab6317974e50859ca18601d6693b0716bd0487873c5462b06dc84bff1f8c
data/kegg_modules/mags/gbk_antismash/bin.45.permissive.metawrap.repaired/images/external-link-alt-solid.svg,778,634f9cdc7e573b2c73012642fe8a8b6c14ae4a257870110afb26769f9ae50681
data/kegg_modules/mags/gbk_antismash/bin.45.permissive.metawrap.repaired/images/fungi_about.png,1595,48038f56f8f94c116b3849b2afd892bb3a93a0b43f5062d417bc16d5b6b86c33
data/kegg_modules/mags/gbk_antismash/bin.45.permissive.metawrap.repaired/images/fungi_antismash_icon.svg,3331,24a4418c5cdde1ecd51881b00f1106dc1798f77ced04faf895281e538083116d
data/kegg_modules/mags/gbk_antismash/bin.45.permissive.metawrap.repaired/images/fungi_antismash_icon_white.svg,3335,b7e6c0d4c7e4011c602aada578e5035fe3443bc2ffe44befa0aaa706772c9757
data/kegg_modules/mags/gbk_antismash/bin.45.permissive.metawrap.repaired/images/fungi_antismash_logo.svg,8401,10fa1d1e3a9911472704a8b7eb6eb776a720d17b3540bf1a9b6535d4967b9824
data/kegg_modules/mags/gbk_antismash/bin.45.permissive.metawrap.repaired/images/fungi_download.png,1679,a5bf4ba46c42ec08318586026eba612aaf0e3132bc6f543d265da1b9317dd85a
data/kegg_modules/mags/gbk_antismash/bin.45.permissive.metawrap.repaired/images/fungi_help.png,1863,c88eb0117df14d25d75728f347e9cfcf597e9f0fb35ae64b5855cd29cc299c7b
data/kegg_modules/mags/gbk_antismash/bin.45.permissive.metawrap.repaired/images/fungi_home.png,1392,9065ade41a0986dd4169ee8170f9a0a2646d07f9e3b47d406b8d6562d9177003
data/kegg_modules/mags/gbk_antismash/bin.45.permissive.metawrap.repaired/images/fungi_logo.png,3572,cab376256a90e3f87e472b58115d01b27935fc45234c33fb5b6df7c6b9f65cb5
data/kegg_modules/mags/gbk_antismash/bin.45.permissive.metawrap.repaired/images/help.svg,794,c8e44944b5c351de20ed42ddb4668d3653f5efac134ead63859f4333bace342a
data/kegg_modules/mags/gbk_antismash/bin.45.permissive.metawrap.repaired/images/mail.png,1459,7ec23ea17d4ab95dbcc2eb81016789e2524d0f9b6221a19f40fd04fadc9705c4
data/kegg_modules/mags/gbk_antismash/bin.45.permissive.metawrap.repaired/images/minus-circle.svg,389,acb059d2d35c7206490072ff549d93219bf20e01b2b59e51db80b91def1d12ad
data/kegg_modules/mags/gbk_antismash/bin.45.permissive.metawrap.repaired/images/nostructure_icon.png,4131,012a4403352653672ae1b3e704b997b4641ff1ec097c69fda004ba894e1c4355
data/kegg_modules/mags/gbk_antismash/bin.45.permissive.metawrap.repaired/images/plant_antismash_icon.svg,22909,a842765151cc20dd2054ad99a13916f29f549b5a2a6b38a3f4aaaa10c9c533a5
data/kegg_modules/mags/gbk_antismash/bin.45.permissive.metawrap.repaired/images/plant_antismash_icon_white.svg,22913,3c9dc64540c7ff0016d3a3b5f792c7d88f4ce1038643cade71a49cb709d3c963
data/kegg_modules/mags/gbk_antismash/bin.45.permissive.metawrap.repaired/images/plus-circle.svg,491,9e80740025f9a84ca3fab0c60f23fb7965ffd816208773a326befd1e9841d7a8
data/kegg_modules/mags/gbk_antismash/bin.45.permissive.metawrap.repaired/images/question-circle-solid.svg,854,c9babde9f7d66e40ab8ded58ac976714e9468ac30f70be8b6878b8b88cb5b0f4
data/kegg_modules/mags/gbk_antismash/bin.45.permissive.metawrap.repaired/images/search-solid.svg,559,43a3063064b28abcc15bce8413838bcbb52297057495c286ded9a0c1c3dacfd4
data/kegg_modules/mags/gbk_antismash/bin.45.permissive.metawrap.repaired/index.html,106137,802ed19d413a2e89ea14ec27af2f40d6a6771e1bf9686850df0b3180dcc83200
data/kegg_modules/mags/gbk_antismash/bin.45.permissive.metawrap.repaired/input/bin.45.permissive.metawrap.repaired.fasta,2836356,f3550d90a0eb2af9e9fdd83749493b141331cfcde0ea31d29b78fdf80e1d0f8b
data/kegg_modules/mags/gbk_antismash/bin.45.permissive.metawrap.repaired/js/antismash.js,258688,4b4254087d8e77b3e8a75ff34280316e7266c4e4a40a116c0bdeac65dd2bcdb5
data/kegg_modules/mags/gbk_antismash/bin.45.permissive.metawrap.repaired/js/jquery.js,92629,c12f6098e641aaca96c60215800f18f5671039aecf812217fab3c0d152f6adb4
data/kegg_modules/mags/gbk_antismash/bin.45.permissive.metawrap.repaired/js/jquery.tablesorter.min.js,16521,b038bcf4e9ddb5f60c93e49bfe7aeeaf40f8fcc2fa753ee56d1abe2bcb89a016
data/kegg_modules/mags/gbk_antismash/bin.45.permissive.metawrap.repaired/knownclusterblast/NODE_29_length_15804_cov_3.045145_c1.txt,532,c9ff1f6efcc6eff05f0dc393e04382eb4b1b44091af47679ea3acabe62719493
data/kegg_modules/mags/gbk_antismash/bin.45.permissive.metawrap.repaired/knownclusterblast/NODE_49_length_12780_cov_2.619145_c1.txt,405,e3f1264cc124c5969d2a1d8998a53227353dcd3638bc565164f6a249b6167ea5
data/kegg_modules/mags/gbk_antismash/bin.45.permissive.metawrap.repaired/knownclusterblast/region1/ctg29_12_mibig_hits.html,17785,c7162fc426ac63dffdf61ec16ea54bbebc25afdd46e9a721623ed45809c3aec3
data/kegg_modules/mags/gbk_antismash/bin.45.permissive.metawrap.repaired/knownclusterblast/region1/ctg29_13_mibig_hits.html,10603,d8536d141e0f9e894840e3147e2cc9d21b028ba8885476f66ceba6f225e63fef
data/kegg_modules/mags/gbk_antismash/bin.45.permissive.metawrap.repaired/knownclusterblast/region1/ctg29_9_mibig_hits.html,2146,dc4f943ffc891e21c1ee6387fb562253b01a35e9e2941a42e7672b644e665816
data/kegg_modules/mags/gbk_antismash/bin.45.permissive.metawrap.repaired/knownclusterblast/region1/ctg49_1_mibig_hits.html,62661,5d0edd92489f8aa9e282fc298f8a349c52536b2beba06fc3337bc1ebfdbc4885
data/kegg_modules/mags/gbk_antismash/bin.45.permissive.metawrap.repaired/knownclusterblast/region1/ctg49_3_mibig_hits.html,2199,e86fb7d8a088e64b10c9e3fecd6b576b8b0c18a93c9ff686ed1aa4d29e4df61f
data/kegg_modules/mags/gbk_antismash/bin.45.permissive.metawrap.repaired/knownclusterblast/region1/ctg49_4_mibig_hits.html,1788,fdec1c0902b19f59088a2e08a61d9362adf1e6c121ae852574dac5052723b0c8
data/kegg_modules/mags/gbk_antismash/bin.45.permissive.metawrap.repaired/knownclusterblast/region1/ctg49_5_mibig_hits.html,87686,2c656ffc799d0fe1977b741fc451e98c75936b6cea4fa89d8c3fe2ad698ae789
data/kegg_modules/mags/gbk_antismash/bin.45.permissive.metawrap.repaired/knownclusterblast/region1/ctg49_6_mibig_hits.html,69422,997b6420acebbad9390fc9390870f6babbe46e73822e34c4957991a8a1d7970b
data/kegg_modules/mags/gbk_antismash/bin.45.permissive.metawrap.repaired/knownclusterblast/region1/ctg49_7_mibig_hits.html,2133,b6fff55a213fd7837a004aecdd3959be5619f2e7d714839464c8de154392979b
data/kegg_modules/mags/gbk_antismash/bin.45.permissive.metawrap.repaired/knownclusterblast/region1/ctg49_8_mibig_hits.html,3266,fde7a641d299a68be592b0f85d0131ca092573a97271ed7fb4173bdab81577d4
data/kegg_modules/mags/gbk_antismash/bin.45.permissive.metawrap.repaired/regions.js,519581,e757f8ed6e5756f8af7a765d62f208dd712bfb899fb188ee719dbc07517e17fe
data/kegg_modules/mags/gbk_antismash/bin.45.permissive.metawrap.repaired/subclusterblast/NODE_29_length_15804_cov_3.045145_c1.txt,532,c9ff1f6efcc6eff05f0dc393e04382eb4b1b44091af47679ea3acabe62719493
data/kegg_modules/mags/gbk_antismash/bin.45.permissive.metawrap.repaired/subclusterblast/NODE_49_length_12780_cov_2.619145_c1.txt,405,e3f1264cc124c5969d2a1d8998a53227353dcd3638bc565164f6a249b6167ea5
data/kegg_modules/mags/gbk_antismash/bin.46.orig.metawrap.repaired/NODE_10104_length_4430_cov_4.900571.region001.gbk,14493,c92809a209b185747eddac74e91e74e0b0108919a13daa53db5b520ffa29dbbb
data/kegg_modules/mags/gbk_antismash/bin.46.orig.metawrap.repaired/NODE_420_length_18240_cov_5.981468.region001.gbk,49724,255e2a4f1a74b8860b5df77752aa78b8d9f8d109f763a6bc93cf59809c517104
data/kegg_modules/mags/gbk_antismash/bin.46.orig.metawrap.repaired/bacteria-d23a27a8-9754-4690-9196-093efb872651.log,323041,cda4553c4f225d82f9c0332fd3326ef2b4a40997fa0a50ed86f00b558d8f60d1
data/kegg_modules/mags/gbk_antismash/bin.46.orig.metawrap.repaired/bin.46.orig.metawrap.repaired.gbk,2504814,7a5100365e407dea648976d2713e152d3b5e143a908a9f820d37fbd91308939d
data/kegg_modules/mags/gbk_antismash/bin.46.orig.metawrap.repaired/bin.46.orig.metawrap.repaired.json,2994138,9321095155bf181b672b8ef14239c38e6c3a46fc2e13c283b12e9fa580de847c
data/kegg_modules/mags/gbk_antismash/bin.46.orig.metawrap.repaired/clusterblast/NODE_10104_length_4430_cov_4.900571_c1.txt,273,a063136bc8bd7ea24d8d2ebe4abc52181d324c45bb91198561734d9ee123847b
data/kegg_modules/mags/gbk_antismash/bin.46.orig.metawrap.repaired/clusterblast/NODE_420_length_18240_cov_5.981468_c1.txt,28420,b4173137bcd9928646cf5d220e3e61816ed5fedfcaaa4ebca50a09d3a03d0a82
data/kegg_modules/mags/gbk_antismash/bin.46.orig.metawrap.repaired/css/bacteria.css,60848,26c59575cedb40d4fae2918eb1cfa654fcfef48d3201fd5a0698ac38787d9e05
data/kegg_modules/mags/gbk_antismash/bin.46.orig.metawrap.repaired/images/about.svg,513,6d1e020364b303924b8134a7fbfaa1ccd9eeb96ba4768458f3acc4ac4de975d9
data/kegg_modules/mags/gbk_antismash/bin.46.orig.metawrap.repaired/images/bacteria_about.png,1607,233d5f419f9cc758d7c04cf7a3b18cef4428d2a2e4c9b2e935b4802c39dafa28
data/kegg_modules/mags/gbk_antismash/bin.46.orig.metawrap.repaired/images/bacteria_antismash_icon.svg,37742,6da16d6861747ab558195c00dfd432ef1368bd276e33c54e2051026f1de8c0b4
data/kegg_modules/mags/gbk_antismash/bin.46.orig.metawrap.repaired/images/bacteria_antismash_logo.svg,8433,7f1ad3684593fb1142a8da074c72528a7b809607281c4ad05111a7e6431b0d7a
data/kegg_modules/mags/gbk_antismash/bin.46.orig.metawrap.repaired/images/bacteria_antismash_white.svg,40766,246536c562f73dbdc963368a4b6bf34cb631655f92d2034346efb013653ef3d8
data/kegg_modules/mags/gbk_antismash/bin.46.orig.metawrap.repaired/images/bacteria_download.png,1670,ed750bb0a6f6367c19a1839b3385d9e2c360df6c12162d9f071a1f8c9cc17bb4
data/kegg_modules/mags/gbk_antismash/bin.46.orig.metawrap.repaired/images/bacteria_help.png,1951,46c29244608bfed589db5aec58c3829c4ff9952a8c58cabd688377b1aa165902
data/kegg_modules/mags/gbk_antismash/bin.46.orig.metawrap.repaired/images/bacteria_home.png,1414,43807c609de0e5603ae9fb658c587122f30e1269d895e6230abebe46bb545be9
data/kegg_modules/mags/gbk_antismash/bin.46.orig.metawrap.repaired/images/bacteria_logo.png,3831,d0056272e08e276d8efd306f448b31bb6e5d4837062b31061e032d19546cfe43
data/kegg_modules/mags/gbk_antismash/bin.46.orig.metawrap.repaired/images/contact.svg,678,28628158c3f9ca0d84eeba0b9d739575e5aa22ff9c1a83a07ab516e610bd023d
data/kegg_modules/mags/gbk_antismash/bin.46.orig.metawrap.repaired/images/download.svg,656,d59cf2c1b60fbbe12d3aa1e399357abbe9653203687923db8c24aaa740e51d5e
data/kegg_modules/mags/gbk_antismash/bin.46.orig.metawrap.repaired/images/expand-arrows-alt-solid.svg,715,f594ab6317974e50859ca18601d6693b0716bd0487873c5462b06dc84bff1f8c
data/kegg_modules/mags/gbk_antismash/bin.46.orig.metawrap.repaired/images/external-link-alt-solid.svg,778,634f9cdc7e573b2c73012642fe8a8b6c14ae4a257870110afb26769f9ae50681
data/kegg_modules/mags/gbk_antismash/bin.46.orig.metawrap.repaired/images/fungi_about.png,1595,48038f56f8f94c116b3849b2afd892bb3a93a0b43f5062d417bc16d5b6b86c33
data/kegg_modules/mags/gbk_antismash/bin.46.orig.metawrap.repaired/images/fungi_antismash_icon.svg,3331,24a4418c5cdde1ecd51881b00f1106dc1798f77ced04faf895281e538083116d
data/kegg_modules/mags/gbk_antismash/bin.46.orig.metawrap.repaired/images/fungi_antismash_icon_white.svg,3335,b7e6c0d4c7e4011c602aada578e5035fe3443bc2ffe44befa0aaa706772c9757
data/kegg_modules/mags/gbk_antismash/bin.46.orig.metawrap.repaired/images/fungi_antismash_logo.svg,8401,10fa1d1e3a9911472704a8b7eb6eb776a720d17b3540bf1a9b6535d4967b9824
data/kegg_modules/mags/gbk_antismash/bin.46.orig.metawrap.repaired/images/fungi_download.png,1679,a5bf4ba46c42ec08318586026eba612aaf0e3132bc6f543d265da1b9317dd85a
data/kegg_modules/mags/gbk_antismash/bin.46.orig.metawrap.repaired/images/fungi_help.png,1863,c88eb0117df14d25d75728f347e9cfcf597e9f0fb35ae64b5855cd29cc299c7b
data/kegg_modules/mags/gbk_antismash/bin.46.orig.metawrap.repaired/images/fungi_home.png,1392,9065ade41a0986dd4169ee8170f9a0a2646d07f9e3b47d406b8d6562d9177003
data/kegg_modules/mags/gbk_antismash/bin.46.orig.metawrap.repaired/images/fungi_logo.png,3572,cab376256a90e3f87e472b58115d01b27935fc45234c33fb5b6df7c6b9f65cb5
data/kegg_modules/mags/gbk_antismash/bin.46.orig.metawrap.repaired/images/help.svg,794,c8e44944b5c351de20ed42ddb4668d3653f5efac134ead63859f4333bace342a
data/kegg_modules/mags/gbk_antismash/bin.46.orig.metawrap.repaired/images/mail.png,1459,7ec23ea17d4ab95dbcc2eb81016789e2524d0f9b6221a19f40fd04fadc9705c4
data/kegg_modules/mags/gbk_antismash/bin.46.orig.metawrap.repaired/images/minus-circle.svg,389,acb059d2d35c7206490072ff549d93219bf20e01b2b59e51db80b91def1d12ad
data/kegg_modules/mags/gbk_antismash/bin.46.orig.metawrap.repaired/images/nostructure_icon.png,4131,012a4403352653672ae1b3e704b997b4641ff1ec097c69fda004ba894e1c4355
data/kegg_modules/mags/gbk_antismash/bin.46.orig.metawrap.repaired/images/plant_antismash_icon.svg,22909,a842765151cc20dd2054ad99a13916f29f549b5a2a6b38a3f4aaaa10c9c533a5
data/kegg_modules/mags/gbk_antismash/bin.46.orig.metawrap.repaired/images/plant_antismash_icon_white.svg,22913,3c9dc64540c7ff0016d3a3b5f792c7d88f4ce1038643cade71a49cb709d3c963
data/kegg_modules/mags/gbk_antismash/bin.46.orig.metawrap.repaired/images/plus-circle.svg,491,9e80740025f9a84ca3fab0c60f23fb7965ffd816208773a326befd1e9841d7a8
data/kegg_modules/mags/gbk_antismash/bin.46.orig.metawrap.repaired/images/question-circle-solid.svg,854,c9babde9f7d66e40ab8ded58ac976714e9468ac30f70be8b6878b8b88cb5b0f4
data/kegg_modules/mags/gbk_antismash/bin.46.orig.metawrap.repaired/images/search-solid.svg,559,43a3063064b28abcc15bce8413838bcbb52297057495c286ded9a0c1c3dacfd4
data/kegg_modules/mags/gbk_antismash/bin.46.orig.metawrap.repaired/index.html,73829,f04e6d36293d21292e6e9f2df56d10af3291581b450c9390afaf1b3df008e8ba
data/kegg_modules/mags/gbk_antismash/bin.46.orig.metawrap.repaired/input/bin.46.orig.metawrap.repaired.fasta,1321926,be0907623dfa03d860c987e2d091206e1c03bd9185bd49eccd974feb69543dc5
data/kegg_modules/mags/gbk_antismash/bin.46.orig.metawrap.repaired/js/antismash.js,258688,4b4254087d8e77b3e8a75ff34280316e7266c4e4a40a116c0bdeac65dd2bcdb5
data/kegg_modules/mags/gbk_antismash/bin.46.orig.metawrap.repaired/js/jquery.js,92629,c12f6098e641aaca96c60215800f18f5671039aecf812217fab3c0d152f6adb4
data/kegg_modules/mags/gbk_antismash/bin.46.orig.metawrap.repaired/js/jquery.tablesorter.min.js,16521,b038bcf4e9ddb5f60c93e49bfe7aeeaf40f8fcc2fa753ee56d1abe2bcb89a016
data/kegg_modules/mags/gbk_antismash/bin.46.orig.metawrap.repaired/knownclusterblast/NODE_10104_length_4430_cov_4.900571_c1.txt,273,a063136bc8bd7ea24d8d2ebe4abc52181d324c45bb91198561734d9ee123847b
data/kegg_modules/mags/gbk_antismash/bin.46.orig.metawrap.repaired/knownclusterblast/NODE_420_length_18240_cov_5.981468_c1.txt,436,e83e2525f7625f8dd963fd3137df91715f1eb5097651a13dc851ad68b7b4cfec
data/kegg_modules/mags/gbk_antismash/bin.46.orig.metawrap.repaired/knownclusterblast/region1/ctg111_3_mibig_hits.html,2174,d1b1bb9ad38c607a43159353d75bd3580d4e89d18876565b0e6c84a64ac865fe
data/kegg_modules/mags/gbk_antismash/bin.46.orig.metawrap.repaired/knownclusterblast/region1/ctg7_1_mibig_hits.html,5189,0c3daa87b57687283705e5e94017dfebbca9a3375fb12906bf9e7954676d2919
data/kegg_modules/mags/gbk_antismash/bin.46.orig.metawrap.repaired/knownclusterblast/region1/ctg7_2_mibig_hits.html,1772,493e9ed6c1dadb3a11061b1ae8e31356484bd19d0d130b4368059ea44cd85cf3
data/kegg_modules/mags/gbk_antismash/bin.46.orig.metawrap.repaired/knownclusterblast/region1/ctg7_3_mibig_hits.html,6460,78fff136e753e7b0ff14c6c9a995b1e80e0daf25e37eb401b95e5d34f0aba262
data/kegg_modules/mags/gbk_antismash/bin.46.orig.metawrap.repaired/knownclusterblast/region1/ctg7_4_mibig_hits.html,21921,9ab475b2e48e8d645379ec32b4faceb34cb674f8f69ca3ac992902ae62e46c9d
data/kegg_modules/mags/gbk_antismash/bin.46.orig.metawrap.repaired/knownclusterblast/region1/ctg7_5_mibig_hits.html,1761,b107eaf041fc2b2c520e555b44e50987f09c7b2903118cd0a52ffe4d30e4a70b
data/kegg_modules/mags/gbk_antismash/bin.46.orig.metawrap.repaired/regions.js,210960,a362071329d832f983de2ba957057cdf506d417a4ded71411f57a4a780020db9
data/kegg_modules/mags/gbk_antismash/bin.46.orig.metawrap.repaired/subclusterblast/NODE_10104_length_4430_cov_4.900571_c1.txt,273,a063136bc8bd7ea24d8d2ebe4abc52181d324c45bb91198561734d9ee123847b
data/kegg_modules/mags/gbk_antismash/bin.46.orig.metawrap.repaired/subclusterblast/NODE_420_length_18240_cov_5.981468_c1.txt,436,e83e2525f7625f8dd963fd3137df91715f1eb5097651a13dc851ad68b7b4cfec
data/kegg_modules/mags/gbk_antismash/bin.5/NODE_1776_length_10103_cov_4.572253.region001.gbk,39134,7f14071723e12f2b99215cb481305bb6c96e3a964657e2898cf492eb84b62d82
data/kegg_modules/mags/gbk_antismash/bin.5/NODE_38277_length_2269_cov_4.246161.region001.gbk,11314,9126f5e6652c5441770521081f85dae6393dfc008ba936527419a35d7174114e
data/kegg_modules/mags/gbk_antismash/bin.5/bacteria-ae87ed8e-bb66-49c1-a91a-901c8166cae4.log,340697,6cd7a5242706ce636d1f5de9ee413ea8a7a32f489af967de08baf3ebb6958ac3
data/kegg_modules/mags/gbk_antismash/bin.5/bin.5.gbk,1444657,1ef7a7e36aafe97359d7ed1332db70ffe3842a9d19ceb5faaaead41b04902e46
data/kegg_modules/mags/gbk_antismash/bin.5/bin.5.json,2562673,9034f5c3f05a6b30c25b80e46bb429da977699fe29948cde9dc1f9db6b19b94d
data/kegg_modules/mags/gbk_antismash/bin.5/clusterblast/NODE_1776_length_10103_cov_4.572253_c1.txt,29142,8212ac60db26b294fadf4f3ad2b0efdf447cd017f9e1756e80d0ab2ed25d5b3e
data/kegg_modules/mags/gbk_antismash/bin.5/clusterblast/NODE_38277_length_2269_cov_4.246161_c1.txt,3092,390fed79413d028d421c5638243259ee4fc564b4d98307c436b4373f4af013ca
data/kegg_modules/mags/gbk_antismash/bin.5/css/bacteria.css,60848,26c59575cedb40d4fae2918eb1cfa654fcfef48d3201fd5a0698ac38787d9e05
data/kegg_modules/mags/gbk_antismash/bin.5/images/about.svg,513,6d1e020364b303924b8134a7fbfaa1ccd9eeb96ba4768458f3acc4ac4de975d9
data/kegg_modules/mags/gbk_antismash/bin.5/images/bacteria_about.png,1607,233d5f419f9cc758d7c04cf7a3b18cef4428d2a2e4c9b2e935b4802c39dafa28
data/kegg_modules/mags/gbk_antismash/bin.5/images/bacteria_antismash_icon.svg,37742,6da16d6861747ab558195c00dfd432ef1368bd276e33c54e2051026f1de8c0b4
data/kegg_modules/mags/gbk_antismash/bin.5/images/bacteria_antismash_logo.svg,8433,7f1ad3684593fb1142a8da074c72528a7b809607281c4ad05111a7e6431b0d7a
data/kegg_modules/mags/gbk_antismash/bin.5/images/bacteria_antismash_white.svg,40766,246536c562f73dbdc963368a4b6bf34cb631655f92d2034346efb013653ef3d8
data/kegg_modules/mags/gbk_antismash/bin.5/images/bacteria_download.png,1670,ed750bb0a6f6367c19a1839b3385d9e2c360df6c12162d9f071a1f8c9cc17bb4
data/kegg_modules/mags/gbk_antismash/bin.5/images/bacteria_help.png,1951,46c29244608bfed589db5aec58c3829c4ff9952a8c58cabd688377b1aa165902
data/kegg_modules/mags/gbk_antismash/bin.5/images/bacteria_home.png,1414,43807c609de0e5603ae9fb658c587122f30e1269d895e6230abebe46bb545be9
data/kegg_modules/mags/gbk_antismash/bin.5/images/bacteria_logo.png,3831,d0056272e08e276d8efd306f448b31bb6e5d4837062b31061e032d19546cfe43
data/kegg_modules/mags/gbk_antismash/bin.5/images/contact.svg,678,28628158c3f9ca0d84eeba0b9d739575e5aa22ff9c1a83a07ab516e610bd023d
data/kegg_modules/mags/gbk_antismash/bin.5/images/download.svg,656,d59cf2c1b60fbbe12d3aa1e399357abbe9653203687923db8c24aaa740e51d5e
data/kegg_modules/mags/gbk_antismash/bin.5/images/expand-arrows-alt-solid.svg,715,f594ab6317974e50859ca18601d6693b0716bd0487873c5462b06dc84bff1f8c
data/kegg_modules/mags/gbk_antismash/bin.5/images/external-link-alt-solid.svg,778,634f9cdc7e573b2c73012642fe8a8b6c14ae4a257870110afb26769f9ae50681
data/kegg_modules/mags/gbk_antismash/bin.5/images/fungi_about.png,1595,48038f56f8f94c116b3849b2afd892bb3a93a0b43f5062d417bc16d5b6b86c33
data/kegg_modules/mags/gbk_antismash/bin.5/images/fungi_antismash_icon.svg,3331,24a4418c5cdde1ecd51881b00f1106dc1798f77ced04faf895281e538083116d
data/kegg_modules/mags/gbk_antismash/bin.5/images/fungi_antismash_icon_white.svg,3335,b7e6c0d4c7e4011c602aada578e5035fe3443bc2ffe44befa0aaa706772c9757
data/kegg_modules/mags/gbk_antismash/bin.5/images/fungi_antismash_logo.svg,8401,10fa1d1e3a9911472704a8b7eb6eb776a720d17b3540bf1a9b6535d4967b9824
data/kegg_modules/mags/gbk_antismash/bin.5/images/fungi_download.png,1679,a5bf4ba46c42ec08318586026eba612aaf0e3132bc6f543d265da1b9317dd85a
data/kegg_modules/mags/gbk_antismash/bin.5/images/fungi_help.png,1863,c88eb0117df14d25d75728f347e9cfcf597e9f0fb35ae64b5855cd29cc299c7b
data/kegg_modules/mags/gbk_antismash/bin.5/images/fungi_home.png,1392,9065ade41a0986dd4169ee8170f9a0a2646d07f9e3b47d406b8d6562d9177003
data/kegg_modules/mags/gbk_antismash/bin.5/images/fungi_logo.png,3572,cab376256a90e3f87e472b58115d01b27935fc45234c33fb5b6df7c6b9f65cb5
data/kegg_modules/mags/gbk_antismash/bin.5/images/help.svg,794,c8e44944b5c351de20ed42ddb4668d3653f5efac134ead63859f4333bace342a
data/kegg_modules/mags/gbk_antismash/bin.5/images/mail.png,1459,7ec23ea17d4ab95dbcc2eb81016789e2524d0f9b6221a19f40fd04fadc9705c4
data/kegg_modules/mags/gbk_antismash/bin.5/images/minus-circle.svg,389,acb059d2d35c7206490072ff549d93219bf20e01b2b59e51db80b91def1d12ad
data/kegg_modules/mags/gbk_antismash/bin.5/images/nostructure_icon.png,4131,012a4403352653672ae1b3e704b997b4641ff1ec097c69fda004ba894e1c4355
data/kegg_modules/mags/gbk_antismash/bin.5/images/plant_antismash_icon.svg,22909,a842765151cc20dd2054ad99a13916f29f549b5a2a6b38a3f4aaaa10c9c533a5
data/kegg_modules/mags/gbk_antismash/bin.5/images/plant_antismash_icon_white.svg,22913,3c9dc64540c7ff0016d3a3b5f792c7d88f4ce1038643cade71a49cb709d3c963
data/kegg_modules/mags/gbk_antismash/bin.5/images/plus-circle.svg,491,9e80740025f9a84ca3fab0c60f23fb7965ffd816208773a326befd1e9841d7a8
data/kegg_modules/mags/gbk_antismash/bin.5/images/question-circle-solid.svg,854,c9babde9f7d66e40ab8ded58ac976714e9468ac30f70be8b6878b8b88cb5b0f4
data/kegg_modules/mags/gbk_antismash/bin.5/images/search-solid.svg,559,43a3063064b28abcc15bce8413838bcbb52297057495c286ded9a0c1c3dacfd4
data/kegg_modules/mags/gbk_antismash/bin.5/index.html,85437,e8019ef72ec62190042c7683c1e83dd4abd208b47f37ac09f9b721af7d8ff463
data/kegg_modules/mags/gbk_antismash/bin.5/input/bin.5.fa,725025,faee5a2c75ff2aa9712d3fb64db64fd639d48377040e9e1691c524c811ea532a
data/kegg_modules/mags/gbk_antismash/bin.5/js/antismash.js,258688,4b4254087d8e77b3e8a75ff34280316e7266c4e4a40a116c0bdeac65dd2bcdb5
data/kegg_modules/mags/gbk_antismash/bin.5/js/jquery.js,92629,c12f6098e641aaca96c60215800f18f5671039aecf812217fab3c0d152f6adb4
data/kegg_modules/mags/gbk_antismash/bin.5/js/jquery.tablesorter.min.js,16521,b038bcf4e9ddb5f60c93e49bfe7aeeaf40f8fcc2fa753ee56d1abe2bcb89a016
data/kegg_modules/mags/gbk_antismash/bin.5/knownclusterblast/NODE_1776_length_10103_cov_4.572253_c1.txt,434,89a4f5d983a809520a0ba9acb84267e31522384811b008f651e1963f548339b1
data/kegg_modules/mags/gbk_antismash/bin.5/knownclusterblast/NODE_38277_length_2269_cov_4.246161_c1.txt,225,f1585c871125b085b582ba1d8fd333f044cd50930d644b3c68b73f4ca16e1bdf
data/kegg_modules/mags/gbk_antismash/bin.5/knownclusterblast/region1/ctg139_1_mibig_hits.html,14404,19bf00d2393c7cb26cd4835e78367e293fe5fadb65f9e08eddabb09086dbc467
data/kegg_modules/mags/gbk_antismash/bin.5/knownclusterblast/region1/ctg139_2_mibig_hits.html,10455,3310a499ab1d8bb84c8e4cabc2a5da9d81566678e71e3b70c8c5e5adc1677617
data/kegg_modules/mags/gbk_antismash/bin.5/knownclusterblast/region1/ctg1_10_mibig_hits.html,7270,6949c2101f36eb4287b5d89b98ea278e73cb792a7b90df73e796d7360b3c86f1
data/kegg_modules/mags/gbk_antismash/bin.5/knownclusterblast/region1/ctg1_4_mibig_hits.html,1769,e992f15e161fd4921adabf928a501cf7e3c6782e5896d81bffaa9b39a7f1595c
data/kegg_modules/mags/gbk_antismash/bin.5/knownclusterblast/region1/ctg1_6_mibig_hits.html,1778,c2506b0bbe3e2d49f4a53c1a4eae72f1886b53dd949a9383d34c9e4593b74938
data/kegg_modules/mags/gbk_antismash/bin.5/knownclusterblast/region1/ctg1_7_mibig_hits.html,1761,d19253885b65094403962773200a93917d829d3f5aeff5528c9203ce3eb34489
data/kegg_modules/mags/gbk_antismash/bin.5/knownclusterblast/region1/ctg1_9_mibig_hits.html,21919,90a758d34fa8d810960213ec367f6ffbe644429bc05daeb8cfdb21a390401dc6
data/kegg_modules/mags/gbk_antismash/bin.5/regions.js,253911,9ab2114fc5cc7a4086e9cf97b56a4800afcaeceab2c291858d19736cb51a08df
data/kegg_modules/mags/gbk_antismash/bin.5/subclusterblast/NODE_1776_length_10103_cov_4.572253_c1.txt,434,89a4f5d983a809520a0ba9acb84267e31522384811b008f651e1963f548339b1
data/kegg_modules/mags/gbk_antismash/bin.5/subclusterblast/NODE_38277_length_2269_cov_4.246161_c1.txt,225,f1585c871125b085b582ba1d8fd333f044cd50930d644b3c68b73f4ca16e1bdf
data/kegg_modules/mags/gbk_antismash/bin.50.orig.metawrap.repaired/NODE_25484_length_2770_cov_3.186372.region001.gbk,9751,e03ce8c6fe3480225502967afe45cf31047d879bebcceace818f654987d5256b
data/kegg_modules/mags/gbk_antismash/bin.50.orig.metawrap.repaired/bin.50.orig.metawrap.repaired.json,1572864,6c405fb3549e71d07a73a986d69e7b882ae2203b5cea392e0bd1891389479831
data/kegg_modules/mags/gbk_antismash/bin.50.orig.metawrap.repaired/clusterblast/NODE_25484_length_2770_cov_3.186372_c1.txt,4171,0e757a33e03d3ce7ce4cfc57151e65e7eb1cc072d4529602a12adb620adf8fbc
data/kegg_modules/mags/gbk_antismash/bin.50.orig.metawrap.repaired/regions.js,140581,d54e8db4d1070325808d812560c3786a482ef98b874cd3f415579fb140ebe7b9
data/kegg_modules/mags/gbk_antismash/bin.7/NODE_1571_length_10679_cov_15.011389.region001.gbk,47581,95d3df65cddd4793aabc5f9640d1c9f71bfae2be76df1bb8a656ca9f0e98095c
data/kegg_modules/mags/gbk_antismash/bin.7/NODE_29_length_50903_cov_12.218868.region001.gbk,54986,8e1e5e22e019161f2c5c00f98b6484f0963ae6b907facc406aeea3f9bb8accb5
data/kegg_modules/mags/gbk_antismash/bin.7/NODE_4_length_89084_cov_13.679037.region001.gbk,55634,0d6e3b87c8d59be0940e002d2f66447b0528532e6a957ecf5a17ce60b5ad4176
data/kegg_modules/mags/gbk_antismash/bin.7/NODE_88_length_33983_cov_13.293858.region001.gbk,82390,1591a79977d546a81b8b073e07549851a64865c19e515a7587a09f87dcbc5fba
data/kegg_modules/mags/gbk_antismash/bin.7/bacteria-00d873c7-1978-47dd-8521-a64b7e76d0d7.log,168110,a5a091d8bb065897b58ca94b230b618f5db7092dfb9ea17a03afd042ecae43a5
data/kegg_modules/mags/gbk_antismash/bin.7/bin.7.gbk,2998451,a523ae65ca509d834a58ca4413cf8be309852421062007afee83a97f7efe637b
data/kegg_modules/mags/gbk_antismash/bin.7/bin.7.json,5153401,7370ab9f034da47a79994b7017ed3774b220ba0611f37d17b5506e6e9c87aa82
data/kegg_modules/mags/gbk_antismash/bin.7/clusterblast/NODE_1571_length_10679_cov_15.011389_c1.txt,29451,f2c82ee8e765b03d20d1de6938379b6b49998d00c6589c1599b137c3be2fc83f
data/kegg_modules/mags/gbk_antismash/bin.7/clusterblast/NODE_29_length_50903_cov_12.218868_c1.txt,29340,6f2e71320a6c43600e9f3a7190e55b1dd2fa0e1284934fd5719a6bbf47747725
data/kegg_modules/mags/gbk_antismash/bin.7/clusterblast/NODE_4_length_89084_cov_13.679037_c1.txt,3587,a1830d5bdf91b6410ae9334f67b5a8852a8b7eb32da98f29bcaf175f085c2224
data/kegg_modules/mags/gbk_antismash/bin.7/clusterblast/NODE_88_length_33983_cov_13.293858_c1.txt,29811,a74adb546dceddff2849aa380373259d2f3bfa7dcea435ee33b40a888bb92b41
data/kegg_modules/mags/gbk_antismash/bin.7/css/bacteria.css,60848,26c59575cedb40d4fae2918eb1cfa654fcfef48d3201fd5a0698ac38787d9e05
data/kegg_modules/mags/gbk_antismash/bin.7/images/about.svg,513,6d1e020364b303924b8134a7fbfaa1ccd9eeb96ba4768458f3acc4ac4de975d9
data/kegg_modules/mags/gbk_antismash/bin.7/images/bacteria_about.png,1607,233d5f419f9cc758d7c04cf7a3b18cef4428d2a2e4c9b2e935b4802c39dafa28
data/kegg_modules/mags/gbk_antismash/bin.7/images/bacteria_antismash_icon.svg,37742,6da16d6861747ab558195c00dfd432ef1368bd276e33c54e2051026f1de8c0b4
data/kegg_modules/mags/gbk_antismash/bin.7/images/bacteria_antismash_logo.svg,8433,7f1ad3684593fb1142a8da074c72528a7b809607281c4ad05111a7e6431b0d7a
data/kegg_modules/mags/gbk_antismash/bin.7/images/bacteria_antismash_white.svg,40766,246536c562f73dbdc963368a4b6bf34cb631655f92d2034346efb013653ef3d8
data/kegg_modules/mags/gbk_antismash/bin.7/images/bacteria_download.png,1670,ed750bb0a6f6367c19a1839b3385d9e2c360df6c12162d9f071a1f8c9cc17bb4
data/kegg_modules/mags/gbk_antismash/bin.7/images/bacteria_help.png,1951,46c29244608bfed589db5aec58c3829c4ff9952a8c58cabd688377b1aa165902
data/kegg_modules/mags/gbk_antismash/bin.7/images/bacteria_home.png,1414,43807c609de0e5603ae9fb658c587122f30e1269d895e6230abebe46bb545be9
data/kegg_modules/mags/gbk_antismash/bin.7/images/bacteria_logo.png,3831,d0056272e08e276d8efd306f448b31bb6e5d4837062b31061e032d19546cfe43
data/kegg_modules/mags/gbk_antismash/bin.7/images/contact.svg,678,28628158c3f9ca0d84eeba0b9d739575e5aa22ff9c1a83a07ab516e610bd023d
data/kegg_modules/mags/gbk_antismash/bin.7/images/download.svg,656,d59cf2c1b60fbbe12d3aa1e399357abbe9653203687923db8c24aaa740e51d5e
data/kegg_modules/mags/gbk_antismash/bin.7/images/expand-arrows-alt-solid.svg,715,f594ab6317974e50859ca18601d6693b0716bd0487873c5462b06dc84bff1f8c
data/kegg_modules/mags/gbk_antismash/bin.7/images/external-link-alt-solid.svg,778,634f9cdc7e573b2c73012642fe8a8b6c14ae4a257870110afb26769f9ae50681
data/kegg_modules/mags/gbk_antismash/bin.7/images/fungi_about.png,1595,48038f56f8f94c116b3849b2afd892bb3a93a0b43f5062d417bc16d5b6b86c33
data/kegg_modules/mags/gbk_antismash/bin.7/images/fungi_antismash_icon.svg,3331,24a4418c5cdde1ecd51881b00f1106dc1798f77ced04faf895281e538083116d
data/kegg_modules/mags/gbk_antismash/bin.7/images/fungi_antismash_icon_white.svg,3335,b7e6c0d4c7e4011c602aada578e5035fe3443bc2ffe44befa0aaa706772c9757
data/kegg_modules/mags/gbk_antismash/bin.7/images/fungi_antismash_logo.svg,8401,10fa1d1e3a9911472704a8b7eb6eb776a720d17b3540bf1a9b6535d4967b9824
data/kegg_modules/mags/gbk_antismash/bin.7/images/fungi_download.png,1679,a5bf4ba46c42ec08318586026eba612aaf0e3132bc6f543d265da1b9317dd85a
data/kegg_modules/mags/gbk_antismash/bin.7/images/fungi_help.png,1863,c88eb0117df14d25d75728f347e9cfcf597e9f0fb35ae64b5855cd29cc299c7b
data/kegg_modules/mags/gbk_antismash/bin.7/images/fungi_home.png,1392,9065ade41a0986dd4169ee8170f9a0a2646d07f9e3b47d406b8d6562d9177003
data/kegg_modules/mags/gbk_antismash/bin.7/images/fungi_logo.png,3572,cab376256a90e3f87e472b58115d01b27935fc45234c33fb5b6df7c6b9f65cb5
data/kegg_modules/mags/gbk_antismash/bin.7/images/help.svg,794,c8e44944b5c351de20ed42ddb4668d3653f5efac134ead63859f4333bace342a
data/kegg_modules/mags/gbk_antismash/bin.7/images/mail.png,1459,7ec23ea17d4ab95dbcc2eb81016789e2524d0f9b6221a19f40fd04fadc9705c4
data/kegg_modules/mags/gbk_antismash/bin.7/images/minus-circle.svg,389,acb059d2d35c7206490072ff549d93219bf20e01b2b59e51db80b91def1d12ad
data/kegg_modules/mags/gbk_antismash/bin.7/images/nostructure_icon.png,4131,012a4403352653672ae1b3e704b997b4641ff1ec097c69fda004ba894e1c4355
data/kegg_modules/mags/gbk_antismash/bin.7/images/plant_antismash_icon.svg,22909,a842765151cc20dd2054ad99a13916f29f549b5a2a6b38a3f4aaaa10c9c533a5
data/kegg_modules/mags/gbk_antismash/bin.7/images/plant_antismash_icon_white.svg,22913,3c9dc64540c7ff0016d3a3b5f792c7d88f4ce1038643cade71a49cb709d3c963
data/kegg_modules/mags/gbk_antismash/bin.7/images/plus-circle.svg,491,9e80740025f9a84ca3fab0c60f23fb7965ffd816208773a326befd1e9841d7a8
data/kegg_modules/mags/gbk_antismash/bin.7/images/question-circle-solid.svg,854,c9babde9f7d66e40ab8ded58ac976714e9468ac30f70be8b6878b8b88cb5b0f4
data/kegg_modules/mags/gbk_antismash/bin.7/images/search-solid.svg,559,43a3063064b28abcc15bce8413838bcbb52297057495c286ded9a0c1c3dacfd4
data/kegg_modules/mags/gbk_antismash/bin.7/index.html,146640,c1acd666a39dc252969e8108629949d2555ad1086927fc1ebb86a3b4e62f871b
data/kegg_modules/mags/gbk_antismash/bin.7/input/bin.7.fa,1576806,eff387fd3c8177d57b7070da703c4032caf251f59b18696cb9afc538fe181f32
data/kegg_modules/mags/gbk_antismash/bin.7/js/antismash.js,258688,4b4254087d8e77b3e8a75ff34280316e7266c4e4a40a116c0bdeac65dd2bcdb5
data/kegg_modules/mags/gbk_antismash/bin.7/js/jquery.js,92629,c12f6098e641aaca96c60215800f18f5671039aecf812217fab3c0d152f6adb4
data/kegg_modules/mags/gbk_antismash/bin.7/js/jquery.tablesorter.min.js,16521,b038bcf4e9ddb5f60c93e49bfe7aeeaf40f8fcc2fa753ee56d1abe2bcb89a016
data/kegg_modules/mags/gbk_antismash/bin.7/knownclusterblast/NODE_1571_length_10679_cov_15.011389_c1.txt,471,32f3a4d2e0b1a9cae049f37ca4de02b3b30347b3534bd1bdd720a1b11887ba83
data/kegg_modules/mags/gbk_antismash/bin.7/knownclusterblast/NODE_29_length_50903_cov_12.218868_c1.txt,627,b4312ec96a8c9c5893fd9ca827692b1d379a200e07ebcead30f7b385d6795155
data/kegg_modules/mags/gbk_antismash/bin.7/knownclusterblast/NODE_4_length_89084_cov_13.679037_c1.txt,574,4ba85cb67380852195494d6d16f46ef6989729b7bb59652c173d833ac458838f
data/kegg_modules/mags/gbk_antismash/bin.7/knownclusterblast/NODE_88_length_33983_cov_13.293858_c1.txt,1009,e564c659ff4f57c0633c7123cfe0eeec4fab25d029c9e94ad32019fcdf6bb07d
data/kegg_modules/mags/gbk_antismash/bin.7/knownclusterblast/region1/ctg15_14_mibig_hits.html,2904,f783c47a8b34722a9fa7197b8ed1330df224d66bb040bfa2bad8a7a5ad1a56b0
data/kegg_modules/mags/gbk_antismash/bin.7/knownclusterblast/region1/ctg15_17_mibig_hits.html,2194,9588c990d34a51f414f441ed3718be03ef54fd24e5e7d6a85327ac4347d4f456
data/kegg_modules/mags/gbk_antismash/bin.7/knownclusterblast/region1/ctg15_22_mibig_hits.html,69148,8631e4e54a1e2e4dacdda94e97baffbd8bd22aa1a66f906aa50ffe68f3f3ce0e
data/kegg_modules/mags/gbk_antismash/bin.7/knownclusterblast/region1/ctg1_8_mibig_hits.html,14253,d8043b20694b879f17bafd71bfa91631f51a22553f8c4beb14300879822add2b
data/kegg_modules/mags/gbk_antismash/bin.7/knownclusterblast/region1/ctg48_10_mibig_hits.html,5199,3690ee9e92d630495a0f88626b5919a110db71d4f5b99d06eb9240c418948697
data/kegg_modules/mags/gbk_antismash/bin.7/knownclusterblast/region1/ctg48_12_mibig_hits.html,7272,b2d819d68c7694785dfe1f299767522005861763f111389eb689076f8e3e7e7c
data/kegg_modules/mags/gbk_antismash/bin.7/knownclusterblast/region1/ctg48_13_mibig_hits.html,23020,2f3398f91ac388b58a046a1bae48a796b383537fc6077c698deb2ce3c5dc92d5
data/kegg_modules/mags/gbk_antismash/bin.7/knownclusterblast/region1/ctg48_14_mibig_hits.html,1761,676660ec37b18c61eecbda3cf76726c1da7baf2eaf83e19f37a5de111e5c4659
data/kegg_modules/mags/gbk_antismash/bin.7/knownclusterblast/region1/ctg48_7_mibig_hits.html,2885,016bdaa8890f4271e68226106c0f88899f177aeca1c388047a90f70257e4f330
data/kegg_modules/mags/gbk_antismash/bin.7/knownclusterblast/region1/ctg6_3_mibig_hits.html,2522,1ba2e614e79693548d50720110af1e3e0b0cec839302bf3e3ffb5129e35e6be1
data/kegg_modules/mags/gbk_antismash/bin.7/knownclusterblast/region1/ctg6_5_mibig_hits.html,18349,a0091626bc051e333f26808786d5c75f6e2346c82c23e78db4f60ddc3f3df4cd
data/kegg_modules/mags/gbk_antismash/bin.7/knownclusterblast/region1/ctg6_6_mibig_hits.html,8732,2bd84681055be676b7d641b57e5280ab357afe65b297b8a2aa816617c48ba16c
data/kegg_modules/mags/gbk_antismash/bin.7/regions.js,883646,66166ad532eac809eccaa6741ab58a9ade5a6783b73c1d6b63b3f688aae3055b
data/kegg_modules/mags/gbk_antismash/bin.7/subclusterblast/NODE_1571_length_10679_cov_15.011389_c1.txt,471,32f3a4d2e0b1a9cae049f37ca4de02b3b30347b3534bd1bdd720a1b11887ba83
data/kegg_modules/mags/gbk_antismash/bin.7/subclusterblast/NODE_29_length_50903_cov_12.218868_c1.txt,627,b4312ec96a8c9c5893fd9ca827692b1d379a200e07ebcead30f7b385d6795155
data/kegg_modules/mags/gbk_antismash/bin.7/subclusterblast/NODE_4_length_89084_cov_13.679037_c1.txt,574,4ba85cb67380852195494d6d16f46ef6989729b7bb59652c173d833ac458838f
data/kegg_modules/mags/gbk_antismash/bin.7/subclusterblast/NODE_88_length_33983_cov_13.293858_c1.txt,1009,e564c659ff4f57c0633c7123cfe0eeec4fab25d029c9e94ad32019fcdf6bb07d
data/kegg_modules/mags/gbk_antismash/bin.9/NODE_1182_length_12158_cov_6.294555.region001.gbk,43142,fec1aca8e842d66fd6e7e00d4f02a404baf9bc6a3a44948aee318f84ae4b919d
data/kegg_modules/mags/gbk_antismash/bin.9/NODE_1342_length_11568_cov_7.728655.region001.gbk,42913,4e4130f9fea5e135512f6c6ad946f4bcf53a72ce2414015c34996d2054df6f31
data/kegg_modules/mags/gbk_antismash/bin.9/NODE_25366_length_2777_cov_3.578986.region001.gbk,13535,dfe03bb94b67f3d6e163e05a6066128c85df45b99fbc9aa55db2b375c690c245
data/kegg_modules/mags/gbk_antismash/bin.9/NODE_280_length_21721_cov_6.557556.region001.gbk,80355,040a0f9e7379f31b9b86d1f2cf45839cab7a86de2bcacc6d6bad895edaa545d4
data/kegg_modules/mags/gbk_antismash/bin.9/NODE_383_length_18990_cov_6.541431.region001.gbk,22946,3ff3cc69c60290ee05f0e9f62bc60dfd37064ffa0492a67b4f2e29b2183bb270
data/kegg_modules/mags/gbk_antismash/bin.9/NODE_672_length_15314_cov_5.952290.region001.gbk,53715,aa892192be3c5675948607b74acf0ed0e8a5f0c790a7f1f68617b3b4424b5749
data/kegg_modules/mags/gbk_antismash/bin.9/NODE_7853_length_5006_cov_6.094728.region001.gbk,26140,c95fd6a8894846ceca4f84d4b692ebda69647933742d5a8d62555823cb0c804c
data/kegg_modules/mags/gbk_antismash/bin.9/bacteria-4e1e5a22-f170-4b64-b857-2b8c48a12805.log,1013831,8fdba5bd909f63f1ddddb38bda0c628d2c7de54f7b55cc352b0e9439a7286388
data/kegg_modules/mags/gbk_antismash/bin.9/bin.9.gbk,8067544,d8f76b0132c7771bbf215483d7396bc591dd6d26ca416223bd6a7150a82aa5e1
data/kegg_modules/mags/gbk_antismash/bin.9/bin.9.json,12190136,fde53d1aad02a1ee771f647a274a317b81d8417a72fa6fcb17711d5f0b759974
data/kegg_modules/mags/gbk_antismash/bin.9/clusterblast/NODE_1182_length_12158_cov_6.294555_c1.txt,28622,05e113091a9b81fbfbd3e7d8bc43aa0870a8c40f37aa9b8023b0de2711809583
data/kegg_modules/mags/gbk_antismash/bin.9/clusterblast/NODE_1342_length_11568_cov_7.728655_c1.txt,26162,fd776a092f5ab0b02d9a6d2116688eb88b44b4f1093040ca73cef18188ecd2b8
data/kegg_modules/mags/gbk_antismash/bin.9/clusterblast/NODE_25366_length_2777_cov_3.578986_c1.txt,3537,24d71801b4cd0b4dda44f695a2bbe90e096b83d722f31d4c841b15274165a0a2
data/kegg_modules/mags/gbk_antismash/bin.9/clusterblast/NODE_280_length_21721_cov_6.557556_c1.txt,36276,fa776844eef9e1d6420d32589055e7ce58d84a1921f005bdb1b0216ecab7fc40
data/kegg_modules/mags/gbk_antismash/bin.9/clusterblast/NODE_383_length_18990_cov_6.541431_c1.txt,28057,71cf3b034a0f69d8b97af99027f40ae107a3b2d69f59ae2a3d18caf77b6ae3fe
data/kegg_modules/mags/gbk_antismash/bin.9/clusterblast/NODE_672_length_15314_cov_5.952290_c1.txt,34141,1a14582e070d1b5dd38c4f9389808629f82f959b8ecbb7ed6f5f23bfc8174c04
data/kegg_modules/mags/gbk_antismash/bin.9/clusterblast/NODE_7853_length_5006_cov_6.094728_c1.txt,30288,6c92d60c7b84c8b7ebaa34246dc66c717bd588a4640c68b7186ce87e299a5fed
data/kegg_modules/mags/gbk_antismash/bin.9/css/bacteria.css,60848,26c59575cedb40d4fae2918eb1cfa654fcfef48d3201fd5a0698ac38787d9e05
data/kegg_modules/mags/gbk_antismash/bin.9/images/about.svg,513,6d1e020364b303924b8134a7fbfaa1ccd9eeb96ba4768458f3acc4ac4de975d9
data/kegg_modules/mags/gbk_antismash/bin.9/images/bacteria_about.png,1607,233d5f419f9cc758d7c04cf7a3b18cef4428d2a2e4c9b2e935b4802c39dafa28
data/kegg_modules/mags/gbk_antismash/bin.9/images/bacteria_antismash_icon.svg,37742,6da16d6861747ab558195c00dfd432ef1368bd276e33c54e2051026f1de8c0b4
data/kegg_modules/mags/gbk_antismash/bin.9/images/bacteria_antismash_logo.svg,8433,7f1ad3684593fb1142a8da074c72528a7b809607281c4ad05111a7e6431b0d7a
data/kegg_modules/mags/gbk_antismash/bin.9/images/bacteria_antismash_white.svg,40766,246536c562f73dbdc963368a4b6bf34cb631655f92d2034346efb013653ef3d8
data/kegg_modules/mags/gbk_antismash/bin.9/images/bacteria_download.png,1670,ed750bb0a6f6367c19a1839b3385d9e2c360df6c12162d9f071a1f8c9cc17bb4
data/kegg_modules/mags/gbk_antismash/bin.9/images/bacteria_help.png,1951,46c29244608bfed589db5aec58c3829c4ff9952a8c58cabd688377b1aa165902
data/kegg_modules/mags/gbk_antismash/bin.9/images/bacteria_home.png,1414,43807c609de0e5603ae9fb658c587122f30e1269d895e6230abebe46bb545be9
data/kegg_modules/mags/gbk_antismash/bin.9/images/bacteria_logo.png,3831,d0056272e08e276d8efd306f448b31bb6e5d4837062b31061e032d19546cfe43
data/kegg_modules/mags/gbk_antismash/bin.9/images/contact.svg,678,28628158c3f9ca0d84eeba0b9d739575e5aa22ff9c1a83a07ab516e610bd023d
data/kegg_modules/mags/gbk_antismash/bin.9/images/download.svg,656,d59cf2c1b60fbbe12d3aa1e399357abbe9653203687923db8c24aaa740e51d5e
data/kegg_modules/mags/gbk_antismash/bin.9/images/expand-arrows-alt-solid.svg,715,f594ab6317974e50859ca18601d6693b0716bd0487873c5462b06dc84bff1f8c
data/kegg_modules/mags/gbk_antismash/bin.9/images/external-link-alt-solid.svg,778,634f9cdc7e573b2c73012642fe8a8b6c14ae4a257870110afb26769f9ae50681
data/kegg_modules/mags/gbk_antismash/bin.9/images/fungi_about.png,1595,48038f56f8f94c116b3849b2afd892bb3a93a0b43f5062d417bc16d5b6b86c33
data/kegg_modules/mags/gbk_antismash/bin.9/images/fungi_antismash_icon.svg,3331,24a4418c5cdde1ecd51881b00f1106dc1798f77ced04faf895281e538083116d
data/kegg_modules/mags/gbk_antismash/bin.9/images/fungi_antismash_icon_white.svg,3335,b7e6c0d4c7e4011c602aada578e5035fe3443bc2ffe44befa0aaa706772c9757
data/kegg_modules/mags/gbk_antismash/bin.9/images/fungi_antismash_logo.svg,8401,10fa1d1e3a9911472704a8b7eb6eb776a720d17b3540bf1a9b6535d4967b9824
data/kegg_modules/mags/gbk_antismash/bin.9/images/fungi_download.png,1679,a5bf4ba46c42ec08318586026eba612aaf0e3132bc6f543d265da1b9317dd85a
data/kegg_modules/mags/gbk_antismash/bin.9/images/fungi_help.png,1863,c88eb0117df14d25d75728f347e9cfcf597e9f0fb35ae64b5855cd29cc299c7b
data/kegg_modules/mags/gbk_antismash/bin.9/images/fungi_home.png,1392,9065ade41a0986dd4169ee8170f9a0a2646d07f9e3b47d406b8d6562d9177003
data/kegg_modules/mags/gbk_antismash/bin.9/images/fungi_logo.png,3572,cab376256a90e3f87e472b58115d01b27935fc45234c33fb5b6df7c6b9f65cb5
data/kegg_modules/mags/gbk_antismash/bin.9/images/help.svg,794,c8e44944b5c351de20ed42ddb4668d3653f5efac134ead63859f4333bace342a
data/kegg_modules/mags/gbk_antismash/bin.9/images/mail.png,1459,7ec23ea17d4ab95dbcc2eb81016789e2524d0f9b6221a19f40fd04fadc9705c4
data/kegg_modules/mags/gbk_antismash/bin.9/images/minus-circle.svg,389,acb059d2d35c7206490072ff549d93219bf20e01b2b59e51db80b91def1d12ad
data/kegg_modules/mags/gbk_antismash/bin.9/images/nostructure_icon.png,4131,012a4403352653672ae1b3e704b997b4641ff1ec097c69fda004ba894e1c4355
data/kegg_modules/mags/gbk_antismash/bin.9/images/plant_antismash_icon.svg,22909,a842765151cc20dd2054ad99a13916f29f549b5a2a6b38a3f4aaaa10c9c533a5
data/kegg_modules/mags/gbk_antismash/bin.9/images/plant_antismash_icon_white.svg,22913,3c9dc64540c7ff0016d3a3b5f792c7d88f4ce1038643cade71a49cb709d3c963
data/kegg_modules/mags/gbk_antismash/bin.9/images/plus-circle.svg,491,9e80740025f9a84ca3fab0c60f23fb7965ffd816208773a326befd1e9841d7a8
data/kegg_modules/mags/gbk_antismash/bin.9/images/question-circle-solid.svg,854,c9babde9f7d66e40ab8ded58ac976714e9468ac30f70be8b6878b8b88cb5b0f4
data/kegg_modules/mags/gbk_antismash/bin.9/images/search-solid.svg,559,43a3063064b28abcc15bce8413838bcbb52297057495c286ded9a0c1c3dacfd4
data/kegg_modules/mags/gbk_antismash/bin.9/index.html,274054,e5020a8015042dd104adb8a092b4371b2ce963447cd71250d2448a78970bbc4b
data/kegg_modules/mags/gbk_antismash/bin.9/input/bin.9.fa,4216900,084b3e4ff3107b6b1d17d0691ab5210c380b448766b05abbb423add437659bd4
data/kegg_modules/mags/gbk_antismash/bin.9/js/antismash.js,258688,4b4254087d8e77b3e8a75ff34280316e7266c4e4a40a116c0bdeac65dd2bcdb5
data/kegg_modules/mags/gbk_antismash/bin.9/js/jquery.js,92629,c12f6098e641aaca96c60215800f18f5671039aecf812217fab3c0d152f6adb4
data/kegg_modules/mags/gbk_antismash/bin.9/js/jquery.tablesorter.min.js,16521,b038bcf4e9ddb5f60c93e49bfe7aeeaf40f8fcc2fa753ee56d1abe2bcb89a016
data/kegg_modules/mags/gbk_antismash/bin.9/knownclusterblast/NODE_1182_length_12158_cov_6.294555_c1.txt,339,63608f81e74f2f7b2c13f61c45f220ed23ecedb050a7cb5f5b5cda76ddbcf031
data/kegg_modules/mags/gbk_antismash/bin.9/knownclusterblast/NODE_1342_length_11568_cov_7.728655_c1.txt,406,00a955adc93fe8b0eaf93f2c4b99101759e78e907350ff72f63eb9ba7c3619bd
data/kegg_modules/mags/gbk_antismash/bin.9/knownclusterblast/NODE_25366_length_2777_cov_3.578986_c1.txt,271,39a321d212113f15b61ce30dff6498abd789f96eb6d61fbc07e3e4e5812b4442
data/kegg_modules/mags/gbk_antismash/bin.9/knownclusterblast/NODE_280_length_21721_cov_6.557556_c1.txt,3013,350edd896c9095bc3c81d2a46f2dc0ca3b1fc926a9a82fd8353df0c64d0e2843
data/kegg_modules/mags/gbk_antismash/bin.9/knownclusterblast/NODE_383_length_18990_cov_6.541431_c1.txt,334,3cf503c5918cfd94a5d499a7a4be2667cf6cd3bbb2ad20447a48727de743b304
data/kegg_modules/mags/gbk_antismash/bin.9/knownclusterblast/NODE_672_length_15314_cov_5.952290_c1.txt,1034,9cc309b07fbc47ef353ddcca9023412616cd2133dd8f3dca301630a4e7b0875f
data/kegg_modules/mags/gbk_antismash/bin.9/knownclusterblast/NODE_7853_length_5006_cov_6.094728_c1.txt,293,1b272e4f46121836794b8f53a983ddb9b86161e6492034b38b7245bcd1ead56f
data/kegg_modules/mags/gbk_antismash/bin.9/knownclusterblast/region1/ctg14_15_mibig_hits.html,3682,757c7e4133e485e61b36de53d3f221aee8fba287fc047485ea470a81baf919a7
data/kegg_modules/mags/gbk_antismash/bin.9/knownclusterblast/region1/ctg14_16_mibig_hits.html,81149,a923acb93ab6089adeb9ab00c2247cc3fef7111257eb4f25be32d70bf821d7cd
data/kegg_modules/mags/gbk_antismash/bin.9/knownclusterblast/region1/ctg14_17_mibig_hits.html,1759,12a244963703f29f9b38691cc18c92d42bb37511e0f94a186b8b0d98343fcbd0
data/kegg_modules/mags/gbk_antismash/bin.9/knownclusterblast/region1/ctg14_18_mibig_hits.html,4494,6f227f9168465ecd7126615058999b04df15037f73ebb49e8b90ae7850273a26
data/kegg_modules/mags/gbk_antismash/bin.9/knownclusterblast/region1/ctg14_19_mibig_hits.html,8699,e393f59e44a493cda68a79bed3a1a91431cf7acb4508455056efc2f3ebbf665e
data/kegg_modules/mags/gbk_antismash/bin.9/knownclusterblast/region1/ctg14_21_mibig_hits.html,4511,728c55c7bdd6dd4dea07a1072016121978f8ae2ced300921819e22e5664b14ab
data/kegg_modules/mags/gbk_antismash/bin.9/knownclusterblast/region1/ctg14_3_mibig_hits.html,1767,9c2dbc7359526763f1193a3b20f22d3b96cdaa04a7d7b0b0cee0efd8b19a8d97
data/kegg_modules/mags/gbk_antismash/bin.9/knownclusterblast/region1/ctg14_5_mibig_hits.html,1768,2826137c9ec9d13222ce237981a9563c8e878ac0b092eb0acfb9806ba9ec31a8
data/kegg_modules/mags/gbk_antismash/bin.9/knownclusterblast/region1/ctg14_8_mibig_hits.html,1753,e1880dec53c22afd88a889feb1a63745400af60b664d104ceccbf920dc7ff554
data/kegg_modules/mags/gbk_antismash/bin.9/knownclusterblast/region1/ctg19_12_mibig_hits.html,1817,695b0ee7e9f08bc18b2701c3829739db51d0c3db73735024b5c58ebdb591dd73
data/kegg_modules/mags/gbk_antismash/bin.9/knownclusterblast/region1/ctg295_2_mibig_hits.html,13430,7cdadc335ab1b3380b8ea0be5adf0577d54b55d864366833099ddd3846516709
data/kegg_modules/mags/gbk_antismash/bin.9/knownclusterblast/region1/ctg295_3_mibig_hits.html,8726,db1599918e69b10c89b5168c1c53474638173c8ad944f020b091ae84228a5a6e
data/kegg_modules/mags/gbk_antismash/bin.9/knownclusterblast/region1/ctg42_10_mibig_hits.html,19089,5b06acf8863c4eec721de5ce99b8a26c4352904d27fe28d2f04ac28a9a589510
data/kegg_modules/mags/gbk_antismash/bin.9/knownclusterblast/region1/ctg42_11_mibig_hits.html,239419,143ce343a5ae87dc7465935dc570179be44e178639c1a8f88f9dde31b8e77ec6
data/kegg_modules/mags/gbk_antismash/bin.9/knownclusterblast/region1/ctg42_12_mibig_hits.html,1775,659b1b7655bfb71b271ad9b624d6baf6056c85e54e38175e22f792be6184c69a
data/kegg_modules/mags/gbk_antismash/bin.9/knownclusterblast/region1/ctg42_13_mibig_hits.html,2195,b2665fb76bc7a70c3daf13ed842c62210535bc7933757d2deff2943306e22291
data/kegg_modules/mags/gbk_antismash/bin.9/knownclusterblast/region1/ctg493_2_mibig_hits.html,2134,0ac888d973ca93b6899e89275010d95a78a845854e9071688c2b00aa4d21eed1
data/kegg_modules/mags/gbk_antismash/bin.9/knownclusterblast/region1/ctg74_1_mibig_hits.html,1778,c662f85b24ac460a88ffe1646705f4f29a02fdf6f79e70af059e71e37378c61b
data/kegg_modules/mags/gbk_antismash/bin.9/knownclusterblast/region1/ctg74_2_mibig_hits.html,112486,316ecce53cb9ada10d6e7e08a2ecdd1ef790f009f79c5d41b36e4e7acb6e980b
data/kegg_modules/mags/gbk_antismash/bin.9/knownclusterblast/region1/ctg74_3_mibig_hits.html,33637,dc332e9269db42faaa2d55f392966175fdfb076da5847e94a67bcfd2c8bcd715
data/kegg_modules/mags/gbk_antismash/bin.9/knownclusterblast/region1/ctg74_6_mibig_hits.html,1810,900044f7da7b5df1864e916bc96d2851af763be28670d32e609e712a14b4d018
data/kegg_modules/mags/gbk_antismash/bin.9/knownclusterblast/region1/ctg74_8_mibig_hits.html,2502,9633989f6f5f77e47a871b87bdb2855402dd5cca7ec7c3443f9f658f8f97c3fd
data/kegg_modules/mags/gbk_antismash/bin.9/knownclusterblast/region1/ctg85_10_mibig_hits.html,1768,9b30a1d2fbebca08b4d735edebb520247b459d7a55116a3fa5e7e18e98defc5d
data/kegg_modules/mags/gbk_antismash/bin.9/knownclusterblast/region1/ctg85_2_mibig_hits.html,1777,1935cf9dd79370c93c2535d9ea11d3c668d3478e0026ae0b3dd58bb97d9041ef
data/kegg_modules/mags/gbk_antismash/bin.9/knownclusterblast/region1/ctg85_4_mibig_hits.html,217448,a89784f2653d2959bbc80f906e5094e01bb3ae5cac0b87ce5b7df7e509c508c8
data/kegg_modules/mags/gbk_antismash/bin.9/knownclusterblast/region1/ctg85_7_mibig_hits.html,6180,2d1040a0c4921380274b16172085b416c5a5b49e1dcf3692080dcfa4321d1ddd
data/kegg_modules/mags/gbk_antismash/bin.9/regions.js,1073982,9700aa9c9741e7ca0f5333133acd184cd3332913141816fc46b31aa421b3a640
data/kegg_modules/mags/gbk_antismash/bin.9/subclusterblast/NODE_1182_length_12158_cov_6.294555_c1.txt,339,63608f81e74f2f7b2c13f61c45f220ed23ecedb050a7cb5f5b5cda76ddbcf031
data/kegg_modules/mags/gbk_antismash/bin.9/subclusterblast/NODE_1342_length_11568_cov_7.728655_c1.txt,406,00a955adc93fe8b0eaf93f2c4b99101759e78e907350ff72f63eb9ba7c3619bd
data/kegg_modules/mags/gbk_antismash/bin.9/subclusterblast/NODE_25366_length_2777_cov_3.578986_c1.txt,271,39a321d212113f15b61ce30dff6498abd789f96eb6d61fbc07e3e4e5812b4442
data/kegg_modules/mags/gbk_antismash/bin.9/subclusterblast/NODE_280_length_21721_cov_6.557556_c1.txt,652,c253cf36907bb28fbb9f6a1bc07ca275e2a535d9e71c9436033f070e39c1206b
data/kegg_modules/mags/gbk_antismash/bin.9/subclusterblast/NODE_383_length_18990_cov_6.541431_c1.txt,334,3cf503c5918cfd94a5d499a7a4be2667cf6cd3bbb2ad20447a48727de743b304
data/kegg_modules/mags/gbk_antismash/bin.9/subclusterblast/NODE_672_length_15314_cov_5.952290_c1.txt,475,610971f354348d1c2d5adcc97a2de90d16a551e6a7f3003e17053e85e3b7a5bc
data/kegg_modules/mags/gbk_antismash/bin.9/subclusterblast/NODE_7853_length_5006_cov_6.094728_c1.txt,293,1b272e4f46121836794b8f53a983ddb9b86161e6492034b38b7245bcd1ead56f
data/kegg_modules/mags/reports/reportKMC_bin.1.strict.pnt.fasta.tsv,62455,4536e9f587850d3ce17e829fa26dad855e2c661cb062028fd6e5ba834a5309f3
data/kegg_modules/mags/reports/reportKMC_bin.10.strict.ptn.fasta.tsv,62401,1023795a781518def265676a5bdbdd3d8464435a8ee29a1adca25fbe3bfb710c
data/kegg_modules/mags/reports/reportKMC_bin.11.strict.ptn.fasta.tsv,62532,f9a6198d3c33ded9660d6772e26261cea00d45d72e3ebd226c13c8c48f43fa5b
data/kegg_modules/mags/reports/reportKMC_bin.12.orig.ptn.fasta.tsv,62318,4cb3231e684fb80b8c4893b9f4786907adb0da36722726473e8082323499fbd6
data/kegg_modules/mags/reports/reportKMC_bin.13.strict.ptn.fasta.tsv,62309,7865dc5206ea221382172becd86b58616f74ff09bfb7f35d0625196662a5a1f4
data/kegg_modules/mags/reports/reportKMC_bin.14.orig.ptn.fasta.tsv,62298,9e38994ad36443a01284b192357b29990a98f0e0ead85b316a07972735c4df91
data/kegg_modules/mags/reports/reportKMC_bin.15.orig.ptn.fasta.tsv,62374,7e0f30514e98330f1b2c5fd19a2ccd5a17ec8d45dab64b47f9e5c6c036e76d3b
data/kegg_modules/mags/reports/reportKMC_bin.16.strict.ptn.fasta.tsv,62467,36c8c67280ecb4ebca78856bb7d779dddbc5bcb9479ce38dac43f5091493443d
data/kegg_modules/mags/reports/reportKMC_bin.17.orig.ptn.fasta.tsv,62262,de1d5ee1a56170e705d8b5654bbac160edabe8478f89359cbdfa76a6dd6b895f
data/kegg_modules/mags/reports/reportKMC_bin.18.strict.ptn.fasta.tsv,62186,f6bfe2f64e6ee0a224547b8f44d8469fbac46df8b5ce806da717acf442d52bc9
data/kegg_modules/mags/reports/reportKMC_bin.19.strict.ptn.fasta.tsv,62366,4d7b5187de1a1c489861d55a6c30ac405d8ef15eb6f11bde2614f07016d3fe97
data/kegg_modules/mags/reports/reportKMC_bin.2.strict.fasta.tsv,62411,7d0af8397df2766326cfe129c5f7b7e3c168d8f9eb0497615f40084988e00c2d
data/kegg_modules/mags/reports/reportKMC_bin.20.strict.ptn.fasta.tsv,62404,8f1b71367aed4d8a649e89df3370c3bd3163c9d4bc4439040bc9829ee096db0f
data/kegg_modules/mags/reports/reportKMC_bin.21.strict.ptn.fasta.tsv,62398,a3cb43e58950643d4c1c37d039e53f53f74f956d43f609da93d76a74330c05d4
data/kegg_modules/mags/reports/reportKMC_bin.22.orig.ptn.fasta.tsv,62426,8a2342662ad30278cf5fcc5c0531eeebeec3aa91fc46cc0d3af843b05fe0b86c
data/kegg_modules/mags/reports/reportKMC_bin.24.orig.ptns.fasta.tsv,62448,92b086aae7560eb63d830b42a1b45ed697ba7634cf136bbfeb678e12a5476a8c
data/kegg_modules/mags/reports/reportKMC_bin.25.permissive.ptn.fasta.tsv,62477,51d5b04be993af6649879e22be0363cc3498b12c6f1fa3827040ff6b57fd6276
data/kegg_modules/mags/reports/reportKMC_bin.26.strict.ptn.fasta.tsv,62191,a12e9f2ea8da34b2a10576ce56b6d75e127bcb116edddcb1d578aa5abac131b1
data/kegg_modules/mags/reports/reportKMC_bin.27.orig.ptn.fasta.tsv,62406,91d2b2dec4475e98f49afb1a3861b488b29e1f61e576d4f2af832ab188cdbab1
data/kegg_modules/mags/reports/reportKMC_bin.28.orig.ptn.fasta.tsv,62368,889fffb4755bcb1cd51f689c04fd1d5675bcc13c07745e77baea3ffdb227f19b
data/kegg_modules/mags/reports/reportKMC_bin.29.orig.ptn.fasta.tsv,62424,b68f3b44f8f9b83435cdaa4eef29bd082685dccbe986fc02b3363704dbe09062
data/kegg_modules/mags/reports/reportKMC_bin.3.permissive.ptn.fasta.tsv,62428,7d1ba792d779adde557af92e4d1609bedd02a8bd087f5c6bb16c240c4f6b2618
data/kegg_modules/mags/reports/reportKMC_bin.30.orig.ptn.fasta.tsv,62384,7651d2a867ee46af34d002ca59a4eef0ed2196a8d1334d4c9b9043930aacf5fc
data/kegg_modules/mags/reports/reportKMC_bin.31.strict.ptn.fasta.tsv,62377,73403496f00415cc5364e527c7ab4735b471a8b9d67748087208b541ce9b6937
data/kegg_modules/mags/reports/reportKMC_bin.32.orig.ptn.fasta.tsv,62390,f992da7620d1e425da82b2ed5b77319f84c0a6c6181b8c194706bb0531f2f743
data/kegg_modules/mags/reports/reportKMC_bin.33.permissive.ptn.fasta.tsv,62350,7f8e3640ef8104127a0c2ec15d3b6750c6dc63273be1e63d42a6b80971fe8aa9
data/kegg_modules/mags/reports/reportKMC_bin.34.permissive.ptn.fasta.tsv,62107,87a18d71c7a680377701508b2f6bf8c3c39fb08c50bffd5c2c963fff9b5ad2e0
data/kegg_modules/mags/reports/reportKMC_bin.35.strict.ptn.fasta.tsv,62409,ed50e25fd768b422b572129d79b5e54291daf0ac02f6b40c1a1d6e62c9b78ebd
data/kegg_modules/mags/reports/reportKMC_bin.36.orig.ptn.fasta.tsv,62495,7d613776046b4be8299918141442ce12af26f6d282a08061c9a8521279afabdc
data/kegg_modules/mags/reports/reportKMC_bin.37.orig.ptn.fasta.tsv,62352,249781ead86b98b791ccad7464f527c07748be4769ddfc3d81af88db68d896ad
data/kegg_modules/mags/reports/reportKMC_bin.38.permissive.ptn.fasta.tsv,62394,436142de6a03e4589589ece7a8c1c9b439e97755cd9dab3307b92a5af0364f70
data/kegg_modules/mags/reports/reportKMC_bin.39.permissive.ptn.fasta.tsv,62481,281e09e6fb213f581bf13692e7561bba66a110e50a33227edbedb24e0e5c296a
data/kegg_modules/mags/reports/reportKMC_bin.4.strict.ptn.fasta.tsv,62357,39277151941e5076da222010a5079999a21371be58ed547c1d5b6c118dabe4f2
data/kegg_modules/mags/reports/reportKMC_bin.40.orig.ptn.fasta.tsv,62339,383fea50ef5cfbb55c8b8d572b461f0f099f17fc110c950722202404297d92ac
data/kegg_modules/mags/reports/reportKMC_bin.41.permissive.ptn.fasta.tsv,62297,97fdc7e5f7888fe735bcd17552082c3e586131ff4184d87613e63f25ad48cc1a
data/kegg_modules/mags/reports/reportKMC_bin.42.orig.ptn.fasta.tsv,62404,9f30d122f4d1091b238a7781743af1ba64d27ed99b8edafdbd862964b9624d21
data/kegg_modules/mags/reports/reportKMC_bin.43.strict.ptn.fasta.tsv,62277,ad529a1871cdaf2d80f46c2c241a53f7b9680ca1e582daf205445d6f2cbb3ea5
data/kegg_modules/mags/reports/reportKMC_bin.44.orig.ptn.fasta.tsv,62366,2d4855deb8ad149acaa715721bc120bd94f281b2eee1aec336a99ef76c900fbe
data/kegg_modules/mags/reports/reportKMC_bin.45.permissive.ptn.fasta.tsv,62336,683ab9a7321ecc035e6254bfb06de70e1af0f6551d4dd24c60e29a3a081c975f
data/kegg_modules/mags/reports/reportKMC_bin.46.orig.ptn.fasta.tsv,62383,fb973140e5d310f94bf4c0b948f45953872d4f81eb464f4c4f8d471b41e5aa2c
data/kegg_modules/mags/reports/reportKMC_bin.47.strict.ptn.fasta.tsv,62430,d39ffa6585b9dbf379d7b35889be25e5aade61e9724dea0c50c383f4ab31ffdd
data/kegg_modules/mags/reports/reportKMC_bin.48.orig.ptn.fasta.tsv,62515,4edd8f3a690b8dca7b0ad36dcd8be1ed2a5ce47d19a87c31de0595c808415954
data/kegg_modules/mags/reports/reportKMC_bin.5.orig.pnt.fasta.tsv,124820,1e674a8c074bb0faca893027d887bc412e0cec2d8e55896db0c576cb57d3adee
data/kegg_modules/mags/reports/reportKMC_bin.6.strict.ptn.fasta.tsv,62404,5e5c76627a6bba76153770b9aef4231702555ec505b80742a7da41984d9d5c7c
data/kegg_modules/mags/reports/reportKMC_bin.7.orig.ptn.fasta.tsv,62291,1f67fab670c6e08fd84cd8a512ed219056ef861e5859075fd1e767b88c5854c0
data/kegg_modules/mags/reports/reportKMC_bin.8.orig.ptn.fasta.tsv,62215,2ab0fdd9169e7f342016bd29bdfffbfd1047e948d6aa2b56bdd26007aaa00ecf
data/kegg_modules/mags/reports/reportKMC_bin.9.orig.ptn.fasta.tsv,62272,2455e60c88a45d3785c6d88670b8b3ac5f2623d6805aea3317f6c65024117cae
data/module_figure_inputs/SupplementaryFigure37_MAG_KEGG_module_completeness_heatmap_species_MAGnumber_KEMET_style_3state_thematic_status.csv,15308,ac90aa04330df89cbf004563e51fb1f0e21ce30c61628fe3702e810eff6a2bf4
data/module_figure_inputs/SupplementaryFigure40_ST8_external_iron_rich_module_completeness_KEMET_style_3state_heatmap_thematic_status.csv,36802,8a2c1bbdc72be3a9ba251a4ed9328be66c4d2696fa3efff7774ccb38908c1836
data/module_figure_inputs/SupplementaryFigure67_lagoon_plus_external_iron_rich_module_completeness_KEMET_style_3state_heatmap_thematic_status.csv,50724,d677c13b27890eda3538548392d582b57bdc7e15890778d68105eaf106390655
data/module_figure_inputs/st8_metadata_curated.csv,101388,c08a79c9cddfc95062aeb57873cbab24a5fe2be46c228828b764179eba548701
data/preserved_publication_assets/SupplementaryFigure34_ST8_records_by_group_layer_vivid/SupplementaryFigure34_ST8_records_by_group_layer_vivid.pdf,24818,76b241cbd04fae89d09ed14eebab41aa59c70163203feed368983f1dc5d7dde9
data/preserved_publication_assets/SupplementaryFigure34_ST8_records_by_group_layer_vivid/SupplementaryFigure34_ST8_records_by_group_layer_vivid.png,976711,c1659f6cbbeea2482b89545a3500c174933fb3454a371eba554ed5fed71e8999
data/preserved_publication_assets/SupplementaryFigure34_ST8_records_by_group_layer_vivid/SupplementaryFigure34_ST8_records_by_group_layer_vivid.svg,57151,e98b416956cae53ad7c75d3fbaeaf77c9bd5087d5472aeb7149e53bbf5f42ab7
data/preserved_publication_assets/SupplementaryFigure35_all_KO_descriptive_contrasts_labeled/SupplementaryFigure35_all_KO_descriptive_contrasts_labeled.pdf,28700,4e2d9fcb439093eec5bf4054c4c53fe8bc9abb5c140bd84f0b5dc1e5286517f7
data/preserved_publication_assets/SupplementaryFigure35_all_KO_descriptive_contrasts_labeled/SupplementaryFigure35_all_KO_descriptive_contrasts_labeled.png,3226191,d626743670dea14da99eaec5d4a68dfe84fbf5846d8b5de26e4645e6cbea6aa6
data/preserved_publication_assets/SupplementaryFigure35_all_KO_descriptive_contrasts_labeled/SupplementaryFigure35_all_KO_descriptive_contrasts_labeled.svg,253328,0e27272644136eddab4be401cefa46f0128bbc29713faef7717c15de6695f8f4
data/preserved_publication_assets/SupplementaryFigure36_iron_KO_descriptive_contrasts_labeled/SupplementaryFigure36_iron_KO_descriptive_contrasts_labeled.pdf,32198,db98987b5208d3fb0481fdbfe0c0e91515ec2c7c243b365b821a721551d94691
data/preserved_publication_assets/SupplementaryFigure36_iron_KO_descriptive_contrasts_labeled/SupplementaryFigure36_iron_KO_descriptive_contrasts_labeled.png,645404,d8ce3a6699d3a525a9fe52fff681a5cb983ffed8851dafc108e76cee9ee397fd
data/preserved_publication_assets/SupplementaryFigure36_iron_KO_descriptive_contrasts_labeled/SupplementaryFigure36_iron_KO_descriptive_contrasts_labeled.svg,167126,9b25e98508839b807a0b7f8151068ce2e4c5f86e60aca4be84cefa1c0479ebd3
data/preserved_publication_assets/SupplementaryFigure39/SupplementaryFigure39_top_enriched_taxa_DESeq2_vivid.pdf,28256,4abca993541fa38b084e3bf116ba4bacee163dcdc927f7bc7798af8594b9d26b
data/preserved_publication_assets/SupplementaryFigure39/SupplementaryFigure39_top_enriched_taxa_DESeq2_vivid.png,1389328,4daa9d09bd87b1496923c4679ba9d00c8a38f328c7e88c768ade52ee4f8d6a6f
data/preserved_publication_assets/SupplementaryFigure39/SupplementaryFigure39_top_enriched_taxa_DESeq2_vivid.svg,97806,9de978c80a25f13e944aa79b94c69d8c6c7a138d086dd13ed37d9ae0ed3732b6
data/preserved_publication_assets/SupplementaryFigure39_top_enriched_taxa_DESeq2_vivid/SupplementaryFigure39_top_enriched_taxa_DESeq2_vivid.pdf,28256,4abca993541fa38b084e3bf116ba4bacee163dcdc927f7bc7798af8594b9d26b
data/preserved_publication_assets/SupplementaryFigure39_top_enriched_taxa_DESeq2_vivid/SupplementaryFigure39_top_enriched_taxa_DESeq2_vivid.png,1389328,4daa9d09bd87b1496923c4679ba9d00c8a38f328c7e88c768ade52ee4f8d6a6f
data/preserved_publication_assets/SupplementaryFigure39_top_enriched_taxa_DESeq2_vivid/SupplementaryFigure39_top_enriched_taxa_DESeq2_vivid.svg,97806,9de978c80a25f13e944aa79b94c69d8c6c7a138d086dd13ed37d9ae0ed3732b6
data/publication_sources/Supplementary_Table_4.xlsx,251889,fed188b8ba06e9d17f5767efa05c7ffa6b6dce87d88d6b7d53ddd6060727dea2
data/publication_sources/Supplementary_Table_5.xlsx,459584,9817a39a323aa75201fa3d3acdac2f8eb3952b99889934a67f1e8c664f698bee
data/resultado.cds.otu.tab,1433098,6e56cefed52b18afe8a2a83ad8db414812a79a11306270a78809020c6948e242
data/resultado.cds.tax.tab,3389955,892de22d72c9207d42695674dda5c0bc715685e3daa9e22e3e373040786e7842
data/section_script_manifest.csv,1434,44128105090ff5d51d31fb72ab7694fd6388414e42ae2e0fa0d3e31516644450
data/st8_export_manifest.csv,416,60276a46953969c8f23509cc664c28cf725eb5801c1fbdb12fd9d7a70d4b11ec
data/st8_export_manifest.json,1615,385df107daa701795c95b9ea936c0489f2dcd88c2704e67e79ce788d6684ba6b
data/st8_iron_amazonia_vs_groups.csv,273337,f35d96a34f1d676e0b23d421a8e21baca5d351d477e2140604e3d610d8ace26c
data/st8_ko_amazonia_vs_groups.csv,482308,b59ae14f9b2029bdba7db779225ed3de9d5811e094415523730f0c5a887c3c80
data/st8_ko_group_summary.csv,441235,811488a162d0bcfbfcce47684fb788b9384b06a77aaa6aba01b244de84871e82
data/st8_metadata_curated.csv,101388,c08a79c9cddfc95062aeb57873cbab24a5fe2be46c228828b764179eba548701
data/st8_study_references.csv,13724,b1a7a4e7cf55eec76b8c4e8784e1f21d41a7059c9fe82a51e77b97ac65bfd153
data/taxonomy_palette.csv,1096376,7ba0b6c77a0fc9f6e5e61322f1f166ba7ca5817a5aa610d2caaf89800c9176e5
data/taxonomy_palette.json,1344914,18670a314c4bbbcec263dc8569d48337635906cfd1770ab6b587c4b4a4d24fb5
data/taxonomy_supplementary_figure_manifest.json,19880,ffee26894d77c93be784f400ae5264d36cd37ab46b718306e40b65416d77f9c8
database/DATABASE_CONTENTS.md,869,14981f60f584e97dafa48fde96e23fa5a8178225e2557d292ae79652ff68da30
database/database_file_manifest.csv,8457,7db3deff25f8aba3dbaade9bc692095ac6f676914fb389296eb5301ffc997952
deployment/huggingface_spaces/DEPLOYMENT_CHECKLIST.md,697,9351cade827686f52bfa1783f23deba57884f1fba36d1f93bb17529b93e184bb
deployment/huggingface_spaces/README.md,4193,bbc059cad4354c2f9ce9c1bf8b42d0f293636c8a544a0a7623aa747b33fa00ad
deployment/huggingface_spaces/SECURITY_AND_SECRETS.md,838,fe578740156d3efc04873cd034c31515da15f250c73a71c032149b98a34edd15
deployment/huggingface_spaces/prepare_space_package.py,3298,6ab276dc7d5afb3425e5b6b48d5b34d3240ee0783ecc29329949c9e673016ab2
deployment/huggingface_spaces/requirements.txt,34,edab382a849c81efb720a136dbf643e8a79b64dce35c0c126bde9a83da04bdaa
deployment/huggingface_spaces/upload_to_huggingface.py,1554,f3423b813ffb6ee35b45118e8628cd1209b10961e4ec7a35812018a743f70264
docs/CODE_AND_REPRODUCIBILITY.md,653,80cb5cbb1dc4ff06851be29e60983f43dcaa38287e0b0c34007107eb6a5c0f6a
docs/ISME_Supplementary_App_Figure_Citation_Map.docx,38688,33955519fb7d8da81b886bd7f062e94e6ad5d4377d18ca046f011435564f959f
docs/KEMET_METAGENOME_INPUTS_AND_RECONSTRUCTION.md,1345,492b05e5cbc97dbdef87839de885ac0e4521e2f6a165e53f2788ceed1c49a977
docs/PLATFORM_METHODOLOGY_FINAL.md,1324,cd4b689162a17db8f2eb1403c52afba5c08ba4f69e44c5d84e5d68f34ce3fb27
docs/SCRIPT_FIGURE_TABLE_METHODS_MANIFEST.md,1935,dd0120ff655a21cdb35161fdfe3ade550d23cc08055b346cdb7c0740d14be4b6
docs/TAXONOMY_ADENDUM_REPRODUCIBILITY.md,3783,45d04806ca6a8fc0b63a305d11b728baa033662fecd8af159a552fbcf7bf8082
docs/TAXONOMY_ST8_REPRODUCIBILITY_V6.md,2836,199282b66cd1c297d19921b22881a3409e5e4f9035c0aeb78065dc2636eb054b
docs/WORKFLOW_MODULE_EXPLANATIONS.md,2722,30292215a508bfd0a2d39b3e79f9b51791aaeca709e3d0b7922abebc6e7d935c
docs/code/PLOTLY_STATIC_EXPORTS.md,1303,2ec6931542058eece4f4c49a11f396c5caaa4ba27e26dd20b09fd1cd2c152f32
docs/manuscript_V7/ARTICLE_FINAL_ISME_SUBMISSION_TAXONOMY_ST8_V7_EQUALPARTS_clean.docx,22884136,b2d85140953d8d996a0ddcd402cbfd51cd9745f3f9935c86e08f65acc9b53be2
docs/manuscript_V7/ARTICLE_FINAL_ISME_SUBMISSION_TAXONOMY_ST8_V7_EQUALPARTS_supplementary_information.docx,10154645,dc5cc2e16699e4fd39fde9a09dce44fee7065a25e5de436c4dc96a4986da2968
docs/manuscript_V7/ARTICLE_FINAL_ISME_SUBMISSION_TAXONOMY_ST8_V7_EQUALPARTS_tracked_changes.docx,22886782,eb57f6c67a54c27b7251333a667db010df4f6a7380a3c0ca202b4e1e366c58e4
docs/manuscript_final/ARTICLE_FINAL_ISME_SUBMISSION_CLEAN_REVISION4_ORDINATION_CORRECTED.docx,9271402,4f250777860a844f927a62c0e38c3ecb4a968af0aef08ffe5c19d121132c8f91
docs/manuscript_final/ARTICLE_FINAL_ISME_SUBMISSION_CLEAN_REVISION4_ORDINATION_CORRECTED.pdf,3927418,fd5c45ebdca15712360ff3b8fb8f074057c20f81c90cde023d1cb4eb990735d8
docs/manuscript_final/README_REPRODUCIBILITY.md,3826,192300c45984e36007d7efd922efc14b89a39a83846f3def64aa6fdea1b04eac
docs/manuscript_final/Supplementary_Information_ISME_REVISION4_ORDINATION_CORRECTED.docx,28298209,8e6b7fcefe71861ac3a8dfa50ae0a1b55e0362a53b0b3751d58c62cb3a5e6545
docs/manuscript_final/Supplementary_Information_ISME_REVISION4_ORDINATION_CORRECTED.pdf,32247012,c2ea0ecdfd75bb3c30dc42d677c34022ed5bcacad7edad3716144c2b46835d3e
outputs/app_supplementary_figures/Figure7_MAG_quality_and_abundance.pdf,44850,550896bda87f314c09823b341731f8f1d26e6d513ff1603b2c67b0ae8aeddb99
outputs/app_supplementary_figures/Figure7_MAG_quality_and_abundance.png,1124513,b49ccd937f6576d21ada3811fff79d260c41574e4865d810d5cfafa2abb61762
outputs/app_supplementary_figures/Figure7_MAG_quality_and_abundance.svg,114901,4468b5adfcc578c436cdab4a6589b059a1f1b23d66e76e6824ce9dd58b926a5b
outputs/app_supplementary_figures/Figure8_KO_differential_abundance_dry_rainy.pdf,28735,100a579f986e7dbf45821f18d5ab2cb5e432a3a8944117a2f0f713cadfc32f28
outputs/app_supplementary_figures/Figure8_KO_differential_abundance_dry_rainy.png,1077634,ed67a7b0d94a63041a002b27034a523a4966a6b8442b4879866cfda27d269923
outputs/app_supplementary_figures/Figure8_KO_differential_abundance_dry_rainy.svg,43750,dc7f3af7089990d41c6e625a76bba9661d06767311a5e35e305e576e1db0ff04
outputs/app_supplementary_figures/SupplementaryFigure10_iron_category_boxplot_vivid.pdf,577153,fa3151eb58793c2f1879cb6b01eeed43212d54849be34d155bcb071afb3c73fe
outputs/app_supplementary_figures/SupplementaryFigure10_iron_category_boxplot_vivid.png,1416724,df6713ce42a3110e380fbf838784af3d2be82fcef0f94594f2fe602401cfd665
outputs/app_supplementary_figures/SupplementaryFigure10_iron_category_boxplot_vivid.svg,667734,f2485cc778f40a76a548bd515875aa2e0fe3290a9f218486a4fef28fc2821259
outputs/app_supplementary_figures/SupplementaryFigure11_most_abundant_iron_markers_vivid.pdf,33119,7ae5b4a96b54654f7e5c8470beaf3d67937eb60cccd330d486b42325c48d2665
outputs/app_supplementary_figures/SupplementaryFigure11_most_abundant_iron_markers_vivid.png,2086983,7b0a405372bca52738a89e903ce328ca5b1cbcb52fc1745ed784d52bfa66b502
outputs/app_supplementary_figures/SupplementaryFigure11_most_abundant_iron_markers_vivid.svg,199987,8ad5aead7fcd81ffe8220e05e5c6f3bec9b67a414c27b93459a3e68265b5e524
outputs/app_supplementary_figures/SupplementaryFigure12_combined_marker_contrasts_vivid.pdf,957794,15941bfeecfd5424a81d439cbcfd1b670a702483c6d6e9a01efe618a623c1226
outputs/app_supplementary_figures/SupplementaryFigure12_combined_marker_contrasts_vivid.png,634276,cc7ae786902d5bdac021eff9049d1721b4b615f7ef75d778c1fda3e3b700de17
outputs/app_supplementary_figures/SupplementaryFigure12_combined_marker_contrasts_vivid.svg,1349826,34c59c84c9e1a508e0232a2b7c29810c1fdeedfc5e88b871aace7ce7da221b0b
outputs/app_supplementary_figures/SupplementaryFigure13_metadata_availability_heatmap_vivid.pdf,592227,09259eeae4b6395f9b91ae462216f673eb890ca86b95424f3f36df437407dbd5
outputs/app_supplementary_figures/SupplementaryFigure13_metadata_availability_heatmap_vivid.png,1352575,601b7f58165b6c93156a37643cbbdb8361f87a0449f2387ae16fd981935b9b14
outputs/app_supplementary_figures/SupplementaryFigure13_metadata_availability_heatmap_vivid.svg,894946,06fa86b8438bd43e0d9483c9fc6c14ecbb8d2d385e40c1ee6b6cce560fdb6d5d
outputs/app_supplementary_figures/SupplementaryFigure14_GTDB_phylum_combined_bold.pdf,31146,5787f3ea4888ad0e74a417b3e605165a460e79fcb007323ce3b233648151a63d
outputs/app_supplementary_figures/SupplementaryFigure14_GTDB_phylum_combined_bold.png,1302687,c48d4247b4b466404947282db916844cd1cb96c329c7729c3a89ddf7328c0ab3
outputs/app_supplementary_figures/SupplementaryFigure14_GTDB_phylum_combined_bold.svg,214351,b06b6c918745241700be03a6164d0e67a5014e7de9de9435b9aa787444350503
outputs/app_supplementary_figures/SupplementaryFigure15_FeGenie_all_metagenomes_heatmap_vivid.pdf,447976,2d3a50eb53efb07069bbf686f7e0f31e0986d593fa21b408ddc97fcc6d0e6fce
outputs/app_supplementary_figures/SupplementaryFigure15_FeGenie_all_metagenomes_heatmap_vivid.png,913967,5f20500095ff3b8ea390d3478dd8c16ee2e3e5df6301e61d9576f948f0dd3f97
outputs/app_supplementary_figures/SupplementaryFigure15_FeGenie_all_metagenomes_heatmap_vivid.svg,499450,17eef5c50aa5e08b59498949527755c831656c1a03bf760ae3540bf8744ec589
outputs/app_supplementary_figures/SupplementaryFigure16_FeGenie_boxplots_statistics_vivid.pdf,33211,4631d594333d8acbf2e831de0f511d2b7d67096aead5ef98d0a27bc085b92487
outputs/app_supplementary_figures/SupplementaryFigure16_FeGenie_boxplots_statistics_vivid.png,1293447,3d596574f90f241d20060f6c449f8a59260a2124fb97e38d1f216c3d0872fa09
outputs/app_supplementary_figures/SupplementaryFigure16_FeGenie_boxplots_statistics_vivid.svg,141572,45de8fa0463467a736cf2faf26b74dfe5c7111b38214aa95baef3ea9a19b496f
outputs/app_supplementary_figures/SupplementaryFigure17C_physicochemical_row_zscore_heatmap.png,198449,adbf119804678563475ae386682df4347ef29eb9f8a32bc72798e50a1415d060
outputs/app_supplementary_figures/SupplementaryFigure17_RDA_and_physicochemical_heatmap.pdf,66400,0a3c0e8cade0567618a6cb578ec408a933d24851353facea893434188b0023b5
outputs/app_supplementary_figures/SupplementaryFigure17_RDA_and_physicochemical_heatmap.png,1246450,b39515aff803279f068a195303ee327cdd595da47271c8202ef09f80f663aa26
outputs/app_supplementary_figures/SupplementaryFigure17_RDA_and_physicochemical_heatmap.svg,196072,6a8fe7018a2f90b732bd06e8f98aa762cbd875796b23e11d53434d2e6c69bbb0
outputs/app_supplementary_figures/SupplementaryFigure18_GTDB_phylum_metagenomics_bold.pdf,28972,91378b304714054dd8fc76c0a855ea86ad84be1221054460b50b700a2e059105
outputs/app_supplementary_figures/SupplementaryFigure18_GTDB_phylum_metagenomics_bold.png,1096365,0472a248312eca7f68df6f2a18b15fc50adcf212360d89c718a307ba70ed26e5
outputs/app_supplementary_figures/SupplementaryFigure18_GTDB_phylum_metagenomics_bold.svg,155574,be6f342fb7406b99f49178b82941bafc0c5cc45744cd37a91632ffd3a15de068
outputs/app_supplementary_figures/SupplementaryFigure19_GTDB_phylum_metatranscriptomics_bold.pdf,26566,5dd37083aae65694ce7b0549234ded4245d9d27b1ba7a7d8e13d771c02b2cb62
outputs/app_supplementary_figures/SupplementaryFigure19_GTDB_phylum_metatranscriptomics_bold.png,847838,dbc50cc748381d0d8fc52181ed4eca0e88ae14ab42d63de72589ca6a5b12a1b5
outputs/app_supplementary_figures/SupplementaryFigure19_GTDB_phylum_metatranscriptomics_bold.svg,119255,5414835cb0d681bcc0b6addc730e0d0cb42bda5020ec1e8d61d2df632426b8a2
outputs/app_supplementary_figures/SupplementaryFigure1_metrics_boxplots_vivid.pdf,2020757,09e48ba2962e1992ef76f078db95940b64d2b653876d162549b4baaf8980bf2d
outputs/app_supplementary_figures/SupplementaryFigure1_metrics_boxplots_vivid.png,1026817,c5b676e0689d495cfe8712452c43d626cf2afd645bf95681bce9a2c876a5c977
outputs/app_supplementary_figures/SupplementaryFigure1_metrics_boxplots_vivid.svg,1369254,a4fb57351be0a010f12d4bf91b00d0f1eaac0e26c414e0db07eda9b529d692e0
outputs/app_supplementary_figures/SupplementaryFigure20_GTDB_order_combined_bold.pdf,34253,451264cbd19d78df44753ef024b67bcfef406276c4a54e162cc52a9d10ab2b52
outputs/app_supplementary_figures/SupplementaryFigure20_GTDB_order_combined_bold.png,1755816,3d752b26726ee6487ebf8a878a42e2fded54f305af18ca240b6108addcbf47d2
outputs/app_supplementary_figures/SupplementaryFigure20_GTDB_order_combined_bold.svg,307334,a4d14a99d8beb59cc71811f17d79f788095394f71c08e01a362ada3feaa0f082
outputs/app_supplementary_figures/SupplementaryFigure21_GTDB_order_metagenomics_bold.pdf,31357,0a3ff43cff0d2fabed7a5cc16138be06962f96c7325a3842ef89f6e94a21f440
outputs/app_supplementary_figures/SupplementaryFigure21_GTDB_order_metagenomics_bold.png,1504269,20a9a0b7aca763f66d3569df0c35824271ba8dadb187dc6026d209b63a17d676
outputs/app_supplementary_figures/SupplementaryFigure21_GTDB_order_metagenomics_bold.svg,242740,8c2a2748ad088d3b59ba49c3a9d40d780a824ab284847f93b5f94f4ee93f3b45
outputs/app_supplementary_figures/SupplementaryFigure22_GTDB_order_metatranscriptomics_bold.pdf,28701,59c502deb24162af68593e7d2b5a0dbd33d6f8c9aaa5b648cb2aa5017cf3cc55
outputs/app_supplementary_figures/SupplementaryFigure22_GTDB_order_metatranscriptomics_bold.png,1223814,c0560f29474f339ac1c0370067de65f7257cd6eaa5a23fc83386c67ae0385f53
outputs/app_supplementary_figures/SupplementaryFigure22_GTDB_order_metatranscriptomics_bold.svg,198953,3467aacd5221ab0b12fd6e9c0146f5b2dc9eaff3e1a34a251becdbd28bc00b80
outputs/app_supplementary_figures/SupplementaryFigure23_GTDB_family_combined_bold.pdf,34472,8e1dd323d74a15a1fee483b25c40c602c4005a505aec1526de3af62b14eca42c
outputs/app_supplementary_figures/SupplementaryFigure23_GTDB_family_combined_bold.png,1901826,1f851dfda210f0c9c5bd27bbeb69094c822855819a41481adeb1b5b1345f8e1b
outputs/app_supplementary_figures/SupplementaryFigure23_GTDB_family_combined_bold.svg,338958,1f1bc3f8a991565f1cbf1ff276c4a8fbcaa70ce9492e07973dc54e4a2bf7751d
outputs/app_supplementary_figures/SupplementaryFigure24_GTDB_family_metagenomics_bold.pdf,32032,c09eb6c48bbd72088f9029fa4f1a06e604c6671ed5f64362bc88d64fc83dcff5
outputs/app_supplementary_figures/SupplementaryFigure24_GTDB_family_metagenomics_bold.png,1622677,40ca2134542005fb7031c2ec2eac78313087e60aec56b912901248c1a59b636b
outputs/app_supplementary_figures/SupplementaryFigure24_GTDB_family_metagenomics_bold.svg,275622,f4df273b2c27d58e6c0d6fc5c6d0f3a2d5f682b5ceedfe1f0e7ef0bef928e116
outputs/app_supplementary_figures/SupplementaryFigure25_GTDB_family_metatranscriptomics_bold.pdf,29661,3e4f5af3c80e861cb48c6947fcaf9bcee9ec5cf0d7405ff76afc3f04baf83955
outputs/app_supplementary_figures/SupplementaryFigure25_GTDB_family_metatranscriptomics_bold.png,1364153,0ca1df41975a316f48d791706eaa099b90010c048576b4c2f9928c1d2548f282
outputs/app_supplementary_figures/SupplementaryFigure25_GTDB_family_metatranscriptomics_bold.svg,236537,0178d908752ef169a9f2c4aaeb970e0613e4dbb929e6dff3a6c8211198481ac2
outputs/app_supplementary_figures/SupplementaryFigure26_taxonomic_overlap_phylum_original.pdf,203848,577cf1ed661c8ef54fafad7b5b11d4b50d246db58175f4fe48899a9f4eb212cc
outputs/app_supplementary_figures/SupplementaryFigure26_taxonomic_overlap_phylum_original.png,1989904,1a3bbaebfc1deff1acbc737fcad2cf3e5ce3dcd45b9fc46d822ff518b606105f
outputs/app_supplementary_figures/SupplementaryFigure26_taxonomic_overlap_phylum_original.svg,385306,378046120ae98441c4a807063f257ff1b3c6cdf17bf6cec8ab670df19b35726f
outputs/app_supplementary_figures/SupplementaryFigure27_taxonomic_overlap_order_original.pdf,204521,18710f4a83a8c77153d384e39ded6241515918329fc1af61d06592de871c49e4
outputs/app_supplementary_figures/SupplementaryFigure27_taxonomic_overlap_order_original.png,1998456,8b97700e8001719548bafd3bc860da1ab24325420dd61bc9d334d3e31170b084
outputs/app_supplementary_figures/SupplementaryFigure27_taxonomic_overlap_order_original.svg,385754,66fd8c2658374da60c1a4bb4d0c726c54763a0cef4d077ea1db0dc4f666f3783
outputs/app_supplementary_figures/SupplementaryFigure28_taxonomic_overlap_family_original.pdf,205092,7b33e68b06c8006b334ae6c836b1c35f8a33ca33fa415d8c52f82e2e904e3b4e
outputs/app_supplementary_figures/SupplementaryFigure28_taxonomic_overlap_family_original.png,1993144,a4d26d1ae52cf0786a1fac11d10cc37de0079f60ba487399264b19c342e7bf2b
outputs/app_supplementary_figures/SupplementaryFigure28_taxonomic_overlap_family_original.svg,384474,ef85ec1f7132c019571cd7c8e1f99774b7ad884bfb72c15cdbfa9851748dce15
outputs/app_supplementary_figures/SupplementaryFigure29_complete_computational_workflow.pdf,25712,01e6244ee277ad28681f4c41d8175a0939b55b5cac513d95a246aac502f1a0d6
outputs/app_supplementary_figures/SupplementaryFigure29_complete_computational_workflow.png,790754,8238debc16105eed8c43c44ae32ac85f32f6ef81bca5a7196831af87300b4507
outputs/app_supplementary_figures/SupplementaryFigure29_complete_computational_workflow.svg,109774,7b38b02b3f80a89ee17eb606084f3ba9efdcfe7ce672f0018d63c8aff21de876
outputs/app_supplementary_figures/SupplementaryFigure2_rarefaction_curves_CDS_32999.pdf,41268,0519621db0353bdc8b589efc9af514235222abdbfa8f3074c117af54f6756bb4
outputs/app_supplementary_figures/SupplementaryFigure2_rarefaction_curves_CDS_32999.png,4710571,067f639ce3e0210fe696830845de098234a44e3e4270ff595d587019124519b8
outputs/app_supplementary_figures/SupplementaryFigure2_rarefaction_curves_CDS_32999.svg,149416,dfadf5c7b74ba8d13f876e5e122e60744902495d502a5e25734e5c36aecb0897
outputs/app_supplementary_figures/SupplementaryFigure30_verified_coordinates_original.pdf,26582,aaf5fdbf5e6a2f0a9e071dad8d1e58d0506008fab32e17ae9c24f57685f212dc
outputs/app_supplementary_figures/SupplementaryFigure30_verified_coordinates_original.png,214079,45d0b85fff4e8fd7eaf04322a4796a597824ac1ef639ebd648fcb81a08508b64
outputs/app_supplementary_figures/SupplementaryFigure30_verified_coordinates_original.svg,71514,ee0642410f7a214c05d3e2095732df7e7a50a53d7baa1c102185070ad3953584
outputs/app_supplementary_figures/SupplementaryFigure31A_common_taxa_phylum_heatmap.pdf,113731,5491116d48af5a4e4d9798818974436a7a85f48a98ce69acfd926275b422a67e
outputs/app_supplementary_figures/SupplementaryFigure31A_common_taxa_phylum_heatmap.png,688093,81ac2fed946494db93b4860c02208043fd3ec606f15f2dd4efcf88f574b90e21
outputs/app_supplementary_figures/SupplementaryFigure31A_common_taxa_phylum_heatmap.svg,156111,2424ae8ae97e463c3eafb5b1ee3506898cb6a6f839a42ed3cf70b3bfb27efb0e
outputs/app_supplementary_figures/SupplementaryFigure31B_common_taxa_order_heatmap.pdf,126608,98b0e523e17365a5ef8624a66fe1a5e5dccc86afd7c6687c78b44fd8de077ae9
outputs/app_supplementary_figures/SupplementaryFigure31B_common_taxa_order_heatmap.png,769707,d50187ee1124603d16cafacd672352b0c8335e8aa45a1c1d2c370cbb4edb9bb3
outputs/app_supplementary_figures/SupplementaryFigure31B_common_taxa_order_heatmap.svg,172708,dda9aa1f513df0328ec0f95ca27045f8dbc6e1228a92e66463785b85e109b500
outputs/app_supplementary_figures/SupplementaryFigure31C_common_taxa_family_heatmap.pdf,122959,dddeaa74c63c6674432208cdc6654bbc770539426864cd7fd72cb012c3eb58dd
outputs/app_supplementary_figures/SupplementaryFigure31C_common_taxa_family_heatmap.png,795270,b8ae96dba93b5db2de8b34742c401a0fe2139fd488eb879d1fb969473913f609
outputs/app_supplementary_figures/SupplementaryFigure31C_common_taxa_family_heatmap.svg,172988,a3de3a5795656455f65a7a38b01e32fbcb0d5b4d9982ac9650d8c630f84b98a8
outputs/app_supplementary_figures/SupplementaryFigure32_ResBiomarker_Biogeochemical_cycles_raw_heatmap.pdf,335723,59759522ab40e5444f90315bcae789c7b0effa2991b0d4d0b901f5c4546ebde9
outputs/app_supplementary_figures/SupplementaryFigure32_ResBiomarker_Biogeochemical_cycles_raw_heatmap.png,5637470,1f4e0092498177a5d0fb5caa4013edd27d7465b6a4a56e44b5c8d2d5a45746d4
outputs/app_supplementary_figures/SupplementaryFigure32_ResBiomarker_Biogeochemical_cycles_raw_heatmap.svg,2613246,69d13929464155a5c2554033f5c6f7e2e3e4be4914cd333ea6a1764d7c776b76
outputs/app_supplementary_figures/SupplementaryFigure32_ResBiomarker_Biogeochemical_cycles_raw_heatmap_P001.png,1165084,3f293b7ef3526e75bd0e9d831859777b9f4d84bdba123ee9c89755731ca77a9e
outputs/app_supplementary_figures/SupplementaryFigure32_ResBiomarker_Biogeochemical_cycles_raw_heatmap_P001.svg,1553610,7bd761b92a529f8b4352fd3ad927c084f51d75cfe2e4b328f26fce9691e8f3f8
outputs/app_supplementary_figures/SupplementaryFigure32_ResBiomarker_Biogeochemical_cycles_raw_heatmap_P002.png,973254,32734026742a7c9a815934579fb562e5f4d975201dc14de9f9f37bc296e41095
outputs/app_supplementary_figures/SupplementaryFigure32_ResBiomarker_Biogeochemical_cycles_raw_heatmap_P002.svg,1297834,c5f763bd45e83954e6047b473f200d32e38cc80f26e1321ac3a1507379c4e0bd
outputs/app_supplementary_figures/SupplementaryFigure32_ResBiomarker_Biogeochemical_cycles_raw_heatmap_P003.png,1083127,ec691c97faf0592a378391f4063db3065f744c2c01bf8462d3d0651778e0a9d4
outputs/app_supplementary_figures/SupplementaryFigure32_ResBiomarker_Biogeochemical_cycles_raw_heatmap_P003.svg,1444334,ce171d13fb1229a48b0bbd5bf619c7fb58f477eba57acc8ce608734e37334008
outputs/app_supplementary_figures/SupplementaryFigure32_ResBiomarker_Biogeochemical_cycles_raw_heatmap_P004.png,1117861,e2e5589c72a553c27d9d89157b1297548bbad87864f0e4688b6be1ccb2f86e07
outputs/app_supplementary_figures/SupplementaryFigure32_ResBiomarker_Biogeochemical_cycles_raw_heatmap_P004.svg,1490646,a9cdca0383f304cc77986985d27a7b855f6392b02ce4e00b00ab4376791aa73a
outputs/app_supplementary_figures/SupplementaryFigure32_ResBiomarker_Biogeochemical_cycles_raw_heatmap_P005.png,1109972,58174cf70097de5ecb44b92514a17d8bdfe5388d746220e678c432d14178b1f9
outputs/app_supplementary_figures/SupplementaryFigure32_ResBiomarker_Biogeochemical_cycles_raw_heatmap_P005.svg,1480126,2fb52fb7b14a7c1074776451aa2a58b3fb9e77a27f0b5369879249cb77cb80a5
outputs/app_supplementary_figures/SupplementaryFigure32_ResBiomarker_Biogeochemical_cycles_raw_heatmap_P006.png,1069289,1856a95ca903acea39b8234d9acb3f13c9fcae4c94f803fa4aa6b99b9c198dd2
outputs/app_supplementary_figures/SupplementaryFigure32_ResBiomarker_Biogeochemical_cycles_raw_heatmap_P006.svg,1425882,b2bb9ac9088bda70d1ffc4b9aa36e418b367e53ee788d0a3d78ef517d2c57db1
outputs/app_supplementary_figures/SupplementaryFigure33_ResBiomarker_Biogeochemical_cycles_zscore_heatmap.pdf,344944,d6947ebb95a42718507a9051e3159d6ac7342bd671f6ca8740cef538bc58df69
outputs/app_supplementary_figures/SupplementaryFigure33_ResBiomarker_Biogeochemical_cycles_zscore_heatmap.png,5625312,a38cb592f8a8af1a7eb49295c05e587a6f726e0d55ac471cc9f0c33371c55dad
outputs/app_supplementary_figures/SupplementaryFigure33_ResBiomarker_Biogeochemical_cycles_zscore_heatmap.svg,2530518,d8ebab080821dc9f6ef07d2168e2478a8b9f4ec6b46cac2c8cc1f906128face1
outputs/app_supplementary_figures/SupplementaryFigure33_ResBiomarker_Biogeochemical_cycles_zscore_heatmap_P001.png,1161864,e445815f460d2b91822a7f8c1701b09530916a54d649ed967deecb0e3ee01ce3
outputs/app_supplementary_figures/SupplementaryFigure33_ResBiomarker_Biogeochemical_cycles_zscore_heatmap_P001.svg,1549314,85ed48f6b957b0d7f41e2c3389d0794d3c17be2813f4b75a4caea9cfb747d33f
outputs/app_supplementary_figures/SupplementaryFigure33_ResBiomarker_Biogeochemical_cycles_zscore_heatmap_P002.png,974017,6974419d266c409c9b13ba7d8875ed88b60b0ff66013310c5726d8e417ba40e3
outputs/app_supplementary_figures/SupplementaryFigure33_ResBiomarker_Biogeochemical_cycles_zscore_heatmap_P002.svg,1298854,d5bad2b916fceadf0c84b4c6c200c2d204a4c0d519f0045140b6d913d39e6b19
outputs/app_supplementary_figures/SupplementaryFigure33_ResBiomarker_Biogeochemical_cycles_zscore_heatmap_P003.png,1082325,a4e40776ec067e5f3d23934f6328dc67ef68bf380f592ccfe0c9b35587658233
outputs/app_supplementary_figures/SupplementaryFigure33_ResBiomarker_Biogeochemical_cycles_zscore_heatmap_P003.svg,1443262,287528ed2891d808a94562a85c15143758715b6bc8b4b4268c3a91ff66e5e5ef
outputs/app_supplementary_figures/SupplementaryFigure33_ResBiomarker_Biogeochemical_cycles_zscore_heatmap_P004.png,1120488,4cc6665f484e82a247c119ec9edba06997b463738770d79194600549bb440821
outputs/app_supplementary_figures/SupplementaryFigure33_ResBiomarker_Biogeochemical_cycles_zscore_heatmap_P004.svg,1494146,c50d2a009342c08e6b82c6f2934118c4e153aebd21a9346a65aa79eacb12b99e
outputs/app_supplementary_figures/SupplementaryFigure33_ResBiomarker_Biogeochemical_cycles_zscore_heatmap_P005.png,1103061,932826691d84e5d80116bb2834ae78522131b313338af2b75020d3d76ad39f65
outputs/app_supplementary_figures/SupplementaryFigure33_ResBiomarker_Biogeochemical_cycles_zscore_heatmap_P005.svg,1470910,ab3c13fefce5e188cf5097a8b52d093962c839b3c7686f28bc883c082560c7e9
outputs/app_supplementary_figures/SupplementaryFigure33_ResBiomarker_Biogeochemical_cycles_zscore_heatmap_P006.png,1062430,fab3e89fb676a2a759f714c6bf6d006ba909c96ece8f5a1e0833a7264aeff345
outputs/app_supplementary_figures/SupplementaryFigure33_ResBiomarker_Biogeochemical_cycles_zscore_heatmap_P006.svg,1416738,71181327d251f9e3180b3a673872dd709701e4151b3bb161595b974363a6f49d
outputs/app_supplementary_figures/SupplementaryFigure34_ST8_records_by_group_layer_vivid.pdf,24818,76b241cbd04fae89d09ed14eebab41aa59c70163203feed368983f1dc5d7dde9
outputs/app_supplementary_figures/SupplementaryFigure34_ST8_records_by_group_layer_vivid.png,976711,c1659f6cbbeea2482b89545a3500c174933fb3454a371eba554ed5fed71e8999
outputs/app_supplementary_figures/SupplementaryFigure34_ST8_records_by_group_layer_vivid.svg,57151,e98b416956cae53ad7c75d3fbaeaf77c9bd5087d5472aeb7149e53bbf5f42ab7
outputs/app_supplementary_figures/SupplementaryFigure35_all_KO_descriptive_contrasts_labeled.pdf,28700,4e2d9fcb439093eec5bf4054c4c53fe8bc9abb5c140bd84f0b5dc1e5286517f7
outputs/app_supplementary_figures/SupplementaryFigure35_all_KO_descriptive_contrasts_labeled.png,3226191,d626743670dea14da99eaec5d4a68dfe84fbf5846d8b5de26e4645e6cbea6aa6
outputs/app_supplementary_figures/SupplementaryFigure35_all_KO_descriptive_contrasts_labeled.svg,253328,0e27272644136eddab4be401cefa46f0128bbc29713faef7717c15de6695f8f4
outputs/app_supplementary_figures/SupplementaryFigure36_iron_KO_descriptive_contrasts_labeled.pdf,32198,db98987b5208d3fb0481fdbfe0c0e91515ec2c7c243b365b821a721551d94691
outputs/app_supplementary_figures/SupplementaryFigure36_iron_KO_descriptive_contrasts_labeled.png,645404,d8ce3a6699d3a525a9fe52fff681a5cb983ffed8851dafc108e76cee9ee397fd
outputs/app_supplementary_figures/SupplementaryFigure36_iron_KO_descriptive_contrasts_labeled.svg,167126,9b25e98508839b807a0b7f8151068ce2e4c5f86e60aca4be84cefa1c0479ebd3
outputs/app_supplementary_figures/SupplementaryFigure37_MAG_KEGG_module_completeness_heatmap_species_MAGnumber_KEMET_style_3state.pdf,39481,e710cdfa98bb7e23eb74fa0488f55cd005a2424e9a1cb166d138a231b81ed962
outputs/app_supplementary_figures/SupplementaryFigure37_MAG_KEGG_module_completeness_heatmap_species_MAGnumber_KEMET_style_3state.png,908242,ca493a4871695472bf46f3ffb095ce1c710890b3afbbd66f4aa206c7ec29555b
outputs/app_supplementary_figures/SupplementaryFigure37_MAG_KEGG_module_completeness_heatmap_species_MAGnumber_KEMET_style_3state.svg,174351,76aa44b458bcbc056eff85dbf69b17f55d9919a026327879beb18e5ad15fdddd
outputs/app_supplementary_figures/SupplementaryFigure37_MAG_KEGG_module_completeness_heatmap_species_MAGnumber_KEMET_style_3state_P001.pdf,34644,2aa3426ac6c90036d7d9cfb0b33e9b0220f28e0b019d53d1a71e611f194b28ae
outputs/app_supplementary_figures/SupplementaryFigure37_MAG_KEGG_module_completeness_heatmap_species_MAGnumber_KEMET_style_3state_P001.png,908242,ca493a4871695472bf46f3ffb095ce1c710890b3afbbd66f4aa206c7ec29555b
outputs/app_supplementary_figures/SupplementaryFigure37_MAG_KEGG_module_completeness_heatmap_species_MAGnumber_KEMET_style_3state_P001.svg,174351,76aa44b458bcbc056eff85dbf69b17f55d9919a026327879beb18e5ad15fdddd
outputs/app_supplementary_figures/SupplementaryFigure37_MAG_KEGG_module_completeness_heatmap_species_MAGnumber_KEMET_style_3state_P002.pdf,34513,abf5eb85d8a5774e31ae979a84a6a29c850e852b04673813d68fdb4c3b022f6c
outputs/app_supplementary_figures/SupplementaryFigure37_MAG_KEGG_module_completeness_heatmap_species_MAGnumber_KEMET_style_3state_P002.png,877711,adae296d357777a52d83e393950d17aac4caf7229b7d0dccc0516a76449e5e5a
outputs/app_supplementary_figures/SupplementaryFigure37_MAG_KEGG_module_completeness_heatmap_species_MAGnumber_KEMET_style_3state_P002.svg,170522,67a339bc2ad2be9c92410b2dcd26a6f37b9a8f0b45ddb13b12296e2ac25aab76
outputs/app_supplementary_figures/SupplementaryFigure38_metagenome_KEGG_module_completeness_heatmap.pdf,1073522,3f00d8d7a8301f1d10f3c47e650174e1c88d1a46c7ac9039646606b6310e6b6c
outputs/app_supplementary_figures/SupplementaryFigure38_metagenome_KEGG_module_completeness_heatmap.png,722681,189a83c04fdadf8218401025e4a1568a1dc374784c71fb3cdcc2e3ec9ca61b33
outputs/app_supplementary_figures/SupplementaryFigure38_metagenome_KEGG_module_completeness_heatmap.svg,963738,e6bac435acc512fedba7ce8c06a34ee13de73bf1f7d9c1d7efed2f9c1e2c20ac
outputs/app_supplementary_figures/SupplementaryFigure38_metagenome_KEGG_module_completeness_heatmap_multipage.pdf,1073522,3f00d8d7a8301f1d10f3c47e650174e1c88d1a46c7ac9039646606b6310e6b6c
outputs/app_supplementary_figures/SupplementaryFigure39_top_enriched_taxa_DESeq2_vivid.pdf,28256,4abca993541fa38b084e3bf116ba4bacee163dcdc927f7bc7798af8594b9d26b
outputs/app_supplementary_figures/SupplementaryFigure39_top_enriched_taxa_DESeq2_vivid.png,1389328,4daa9d09bd87b1496923c4679ba9d00c8a38f328c7e88c768ade52ee4f8d6a6f
outputs/app_supplementary_figures/SupplementaryFigure39_top_enriched_taxa_DESeq2_vivid.svg,97806,9de978c80a25f13e944aa79b94c69d8c6c7a138d086dd13ed37d9ae0ed3732b6
outputs/app_supplementary_figures/SupplementaryFigure3_NMDS_CDS_taxonomy.pdf,22057,ace8dd5289af744890c75e20eb153cee692dd955fd864628bb3c13bd4d03b31f
outputs/app_supplementary_figures/SupplementaryFigure3_NMDS_CDS_taxonomy.png,1629663,b9743cb224b48e5fb651c59b13b08980411793e081b429ee3d6ec7065ebacf9a
outputs/app_supplementary_figures/SupplementaryFigure3_NMDS_CDS_taxonomy.svg,58357,372c6c6648a1240f4d33b285896d114518cf15a2e24be543bbb665a4b47af02d
outputs/app_supplementary_figures/SupplementaryFigure40_ST8_external_iron_rich_module_completeness_by_environmental_group.pdf,55937,5dafd6770962326aa7f95eb7d5a43228cf268ce61973c845f6f1a94e9ba30233
outputs/app_supplementary_figures/SupplementaryFigure40_ST8_external_iron_rich_module_completeness_by_environmental_group.png,636420,6a27bc1e30a677d49027db56d24a17ae9f7e43c9d52bd845f1ea7501a86f6164
outputs/app_supplementary_figures/SupplementaryFigure40_ST8_external_iron_rich_module_completeness_by_environmental_group.svg,237309,c366112202545ce175fd678765c54183a67df93c9f018275ebb919ab8e319eea
outputs/app_supplementary_figures/SupplementaryFigure40_ST8_external_iron_rich_module_completeness_by_environmental_group_P001.pdf,44128,02f8e5ac79507432f3c054af08df284ddde71b548bffc201a0510d4a05d687b5
outputs/app_supplementary_figures/SupplementaryFigure40_ST8_external_iron_rich_module_completeness_by_environmental_group_P001.png,636420,6a27bc1e30a677d49027db56d24a17ae9f7e43c9d52bd845f1ea7501a86f6164
outputs/app_supplementary_figures/SupplementaryFigure40_ST8_external_iron_rich_module_completeness_by_environmental_group_P001.svg,237309,c366112202545ce175fd678765c54183a67df93c9f018275ebb919ab8e319eea
outputs/app_supplementary_figures/SupplementaryFigure40_ST8_external_iron_rich_module_completeness_by_environmental_group_P002.pdf,41813,186edf83f21a092e2cb2358eaa34982206ed62aa0ae0857e3d5d0bd8c9a92e63
outputs/app_supplementary_figures/SupplementaryFigure40_ST8_external_iron_rich_module_completeness_by_environmental_group_P002.png,564827,86fe3a1077f39864a27ad92a542710ae1941df4d1b434071afa9f7a376727b8e
outputs/app_supplementary_figures/SupplementaryFigure40_ST8_external_iron_rich_module_completeness_by_environmental_group_P002.svg,218345,8e17ff412735efe0204de648ae81d5b33ae75a50e59284f0998dede69d1baf65
outputs/app_supplementary_figures/SupplementaryFigure41_ST8_external_iron_rich_module_status_summary_3state_barplot.pdf,1165678,4cd382c4adeed35475d834af5db2521af12f77b02c07c01f10801e8114bcec27
outputs/app_supplementary_figures/SupplementaryFigure41_ST8_external_iron_rich_module_status_summary_3state_barplot.png,822550,5904212d273eeff168b08c3f7b1283cd31dd927b86c0d4cc0c40ec20673b5588
outputs/app_supplementary_figures/SupplementaryFigure41_ST8_external_iron_rich_module_status_summary_3state_barplot.svg,1096898,9f07d5ec07a576f1887593201b9f6b5593b27ca4867cbcf23e770c2e07590c05
outputs/app_supplementary_figures/SupplementaryFigure42_APP_LakeSeason_Aggregated_KO_Barplots.pdf,706831,f37272023afba468dfc5a237776ea8c93cef5f85b192931230cf7ef40cb7fc48
outputs/app_supplementary_figures/SupplementaryFigure42_APP_LakeSeason_Aggregated_KO_Barplots.png,537648,2b7e6924388e0036b80152bd403ef0105f8bc2d0e4fcd7dc3703326157219e18
outputs/app_supplementary_figures/SupplementaryFigure42_APP_LakeSeason_Aggregated_KO_Barplots.svg,717149,a691f5cc57d2c1dc352ee876e088a0ee6a9254d121fbbb15970a6eeefe3d55d3
outputs/app_supplementary_figures/SupplementaryFigure43_Taxonomy_Bacteria_Phylum_individual_samples_barplot_100pct.pdf,41221,fa9ba622c82860fe578eca5c7718e24fbfa6afe871204b798d75936b641e23c9
outputs/app_supplementary_figures/SupplementaryFigure43_Taxonomy_Bacteria_Phylum_individual_samples_barplot_100pct.png,385754,01f35e4eadc99ecef98fec293b729d4a9fe938ecd7421c8e4ef95bf88ca44cb1
outputs/app_supplementary_figures/SupplementaryFigure43_Taxonomy_Bacteria_Phylum_individual_samples_barplot_100pct.svg,230850,670a149a6367105d18102c6a358b67940e6c6c2405b1c4d88f77c6885fd939b0
outputs/app_supplementary_figures/SupplementaryFigure44_Taxonomy_Bacteria_Phylum_individual_samples_heatmap_relative_abundance.pdf,41137,c770d1f2c4f6a86e7f19e479eb54e0ed8260dbda8bde263af3e0fe231b502fbc
outputs/app_supplementary_figures/SupplementaryFigure44_Taxonomy_Bacteria_Phylum_individual_samples_heatmap_relative_abundance.png,445218,10d7cbd979579774b7043cf07eda1548753c3b9e433809b312e0ea13d5e70c7f
outputs/app_supplementary_figures/SupplementaryFigure44_Taxonomy_Bacteria_Phylum_individual_samples_heatmap_relative_abundance.svg,133768,c559bb779f69052be3f86758f3cee35b7d5daa78bd58f148322589174e5b53fb
outputs/app_supplementary_figures/SupplementaryFigure45_Taxonomy_Archaea_Phylum_individual_samples_barplot_100pct.pdf,39522,05dc8e83fbab044f1a4ad03d00f073ee701b7c689ef39ba69240f214028f35a9
outputs/app_supplementary_figures/SupplementaryFigure45_Taxonomy_Archaea_Phylum_individual_samples_barplot_100pct.png,443187,dc3a03d07486207742363207ba19cda85b8f191b3d8056533c0e66ba6053e1c3
outputs/app_supplementary_figures/SupplementaryFigure45_Taxonomy_Archaea_Phylum_individual_samples_barplot_100pct.svg,241311,cc7bcffd781d11db44a84984630c84414449fe8e401e7e4d786f925bc78ab129
outputs/app_supplementary_figures/SupplementaryFigure46_Taxonomy_Archaea_Phylum_individual_samples_heatmap_relative_abundance.pdf,39541,2cc2ff298737450c51349490648f37567e93ab2047fa9b62180e0b241d03d3a9
outputs/app_supplementary_figures/SupplementaryFigure46_Taxonomy_Archaea_Phylum_individual_samples_heatmap_relative_abundance.png,462506,486afc9b35957692ae9ad9a5b9bb66f5e6728d6815832f2186eb871e2688f97c
outputs/app_supplementary_figures/SupplementaryFigure46_Taxonomy_Archaea_Phylum_individual_samples_heatmap_relative_abundance.svg,132897,f519c70c7d09252141cd9da0fd11d55b3444922e1e16ce4978efa5e213abe1ae
outputs/app_supplementary_figures/SupplementaryFigure47_Taxonomy_Bacteria_Class_individual_samples_barplot_100pct.pdf,824737,d0913ce6317ffc84be23785f0b4d793bef27267a7dfa36fb539fbe230ba29b26
outputs/app_supplementary_figures/SupplementaryFigure47_Taxonomy_Bacteria_Class_individual_samples_barplot_100pct.png,462614,4a23cc7fe8a7119f221bc0e897ddbe7f0de701d878c07322e938a26f9aabe0c8
outputs/app_supplementary_figures/SupplementaryFigure47_Taxonomy_Bacteria_Class_individual_samples_barplot_100pct.svg,616982,aacaf72dfeeb63003e3cbcef22d5e9f09298305cde2ec05979517e6ab03bae48
outputs/app_supplementary_figures/SupplementaryFigure48_Taxonomy_Bacteria_Class_individual_samples_heatmap_relative_abundance.pdf,577734,a4976e598da6f492b20240a526038a15a01b61f7c3172ba9960fe16b5e564fcf
outputs/app_supplementary_figures/SupplementaryFigure48_Taxonomy_Bacteria_Class_individual_samples_heatmap_relative_abundance.png,527690,14f0fb6340a0b68b85e891dcd0293749086f9bb021db9afd02b344a8605a7919
outputs/app_supplementary_figures/SupplementaryFigure48_Taxonomy_Bacteria_Class_individual_samples_heatmap_relative_abundance.svg,703750,e636185184f6220a44e61091867beddb1130fa5ba7d0d0f9b5e720c29a4f295d
outputs/app_supplementary_figures/SupplementaryFigure49_Taxonomy_Archaea_Class_individual_samples_barplot_100pct.pdf,783477,f4cdbae105b5d9fdd40b2db60ae1a0643e00a20753d27a488dce56ef7fdf478b
outputs/app_supplementary_figures/SupplementaryFigure49_Taxonomy_Archaea_Class_individual_samples_barplot_100pct.png,472202,58e331ea278f8fd6836032cc54937adb92187c4035925d7f09d30765bd55daf0
outputs/app_supplementary_figures/SupplementaryFigure49_Taxonomy_Archaea_Class_individual_samples_barplot_100pct.svg,629766,73466a339791342c30405d193e1a54c0cd831935cee04d76d61769c367f02fba
outputs/app_supplementary_figures/SupplementaryFigure4_alpha_diversity_CDS_32999.pdf,45686,1b79e7b67c51c8882c86815ed071c407aa949e5688207328c9bf321397ba1e11
outputs/app_supplementary_figures/SupplementaryFigure4_alpha_diversity_CDS_32999.png,1588760,a9da7db35146af4046cd1a7302cdf6bbe6af27f16e24da71f196bb1cd1baee0b
outputs/app_supplementary_figures/SupplementaryFigure4_alpha_diversity_CDS_32999.svg,184991,3ade243c8584a7a750e9faffedbe93a71c43331ea42563d56cdcfc37c847c89f
outputs/app_supplementary_figures/SupplementaryFigure50_Taxonomy_Archaea_Class_individual_samples_heatmap_relative_abundance.pdf,38498,6fcde46766d84aaddb79300780043dc0a84b5b1682230859d0ab51c5934b7d26
outputs/app_supplementary_figures/SupplementaryFigure50_Taxonomy_Archaea_Class_individual_samples_heatmap_relative_abundance.png,382353,dc173c9ebbf3b9ba0ae70c65a96ad2782bacc5a6d184217050225cb215dc68c3
outputs/app_supplementary_figures/SupplementaryFigure50_Taxonomy_Archaea_Class_individual_samples_heatmap_relative_abundance.svg,113356,94281d64cf2e72ee446f1ed76df1a729d04d11afa6bcc4ed742003abf2dcd271
outputs/app_supplementary_figures/SupplementaryFigure51_Taxonomy_Bacteria_Order_individual_samples_barplot_100pct.pdf,830982,c10c7defaee5ecd3411491cbc63b1560537e68684efc65d1805520f96c910c65
outputs/app_supplementary_figures/SupplementaryFigure51_Taxonomy_Bacteria_Order_individual_samples_barplot_100pct.png,481929,138a930e4b8d3273a06c30f67c505ac2b7752f4d8fe62797dcaf790ed34f2003
outputs/app_supplementary_figures/SupplementaryFigure51_Taxonomy_Bacteria_Order_individual_samples_barplot_100pct.svg,642734,2685f2e72ccc6f75e366652bdd15b8615c7fb753afe38f66df7daa45a0a4da87
outputs/app_supplementary_figures/SupplementaryFigure52_Taxonomy_Bacteria_Order_individual_samples_heatmap_relative_abundance.pdf,39263,e67475cb49fd57124404880ae0e02b94ac875c28136299cd4cf7aabd1b7149ea
outputs/app_supplementary_figures/SupplementaryFigure52_Taxonomy_Bacteria_Order_individual_samples_heatmap_relative_abundance.png,430940,e04d5beb4f116588ca31038f897d5f72ca63f442c5d792aa2089e05e31609ed8
outputs/app_supplementary_figures/SupplementaryFigure52_Taxonomy_Bacteria_Order_individual_samples_heatmap_relative_abundance.svg,125501,00a7334cf1d056478fb067502e72766a178de5e1be657ff8c4be7dfa22dda802
outputs/app_supplementary_figures/SupplementaryFigure53_Taxonomy_Archaea_Order_individual_samples_barplot_100pct.pdf,808592,7a8d6e2c8cd931b5cc2760a5b7d15d4d85ee09821919fbc1ded81970f7bdf078
outputs/app_supplementary_figures/SupplementaryFigure53_Taxonomy_Archaea_Order_individual_samples_barplot_100pct.png,505489,a070811c3d8de5cb0409b3404a723123a0b91e5c7ea9b525c9528eb5fac0947c
outputs/app_supplementary_figures/SupplementaryFigure53_Taxonomy_Archaea_Order_individual_samples_barplot_100pct.svg,674150,9e4af5d1a48cd62e98a38b4ac709765643f63d91d3ba0ee2cf57b74be1800e87
outputs/app_supplementary_figures/SupplementaryFigure54_Taxonomy_Archaea_Order_individual_samples_heatmap_relative_abundance.pdf,41259,6d271ddf1fd0212fd7a6c63fa0737b11b870253ce1530ef051a828f5b67f1c1e
outputs/app_supplementary_figures/SupplementaryFigure54_Taxonomy_Archaea_Order_individual_samples_heatmap_relative_abundance.png,467693,d4d7f26ec3256283ae90cd48c32cfd752acf83b78287738da836d672028cc061
outputs/app_supplementary_figures/SupplementaryFigure54_Taxonomy_Archaea_Order_individual_samples_heatmap_relative_abundance.svg,132403,4d590c7574a000f42ba0d82500934867531be1465a9a198efdcf08b6298d3862
outputs/app_supplementary_figures/SupplementaryFigure55_Taxonomy_Bacteria_Family_individual_samples_barplot_100pct.pdf,829683,2cd8cc3241243f9a2fee26abd3de743c80a7437236f60ce6c71b7fb30aa2843b
outputs/app_supplementary_figures/SupplementaryFigure55_Taxonomy_Bacteria_Family_individual_samples_barplot_100pct.png,497286,dd8de3050e61d571e3ffce3136dce36d4baf8dce344861effed7739d9592558a
outputs/app_supplementary_figures/SupplementaryFigure55_Taxonomy_Bacteria_Family_individual_samples_barplot_100pct.svg,663210,efcd7811a889945fc07445e28a9b97523f540c960cc858ad639ca6b072fdb1c1
outputs/app_supplementary_figures/SupplementaryFigure56_Taxonomy_Bacteria_Family_individual_samples_heatmap_relative_abundance.pdf,40096,0e3d578c415aa8d62192ee83e699960ebb2e16ac42fe2cb433557ddf5b38fcb2
outputs/app_supplementary_figures/SupplementaryFigure56_Taxonomy_Bacteria_Family_individual_samples_heatmap_relative_abundance.png,466549,d92e24dfe24cd01f2b088a27d8bdb9cdcd90ccda66add29dbbb89b888e9cbc7d
outputs/app_supplementary_figures/SupplementaryFigure56_Taxonomy_Bacteria_Family_individual_samples_heatmap_relative_abundance.svg,129164,b5f34ebc84859a7f28f8634e988877513045bde94fcc65baf50aea498fc4ebef
outputs/app_supplementary_figures/SupplementaryFigure57_Taxonomy_Archaea_Family_individual_samples_barplot_100pct.pdf,830529,fbc61ad091832f151b358dff76e91859172b0c01c5a5cac6ae41471a0b31c785
outputs/app_supplementary_figures/SupplementaryFigure57_Taxonomy_Archaea_Family_individual_samples_barplot_100pct.png,526843,acf1bb2cc797ed037d0d49d6161076f7284bc2ef8f95129c868464192de52ecd
outputs/app_supplementary_figures/SupplementaryFigure57_Taxonomy_Archaea_Family_individual_samples_barplot_100pct.svg,702622,c89da876ac06d340437f3af174f336e4eaeeac33b26e01ef5f3210ba64a28c8c
outputs/app_supplementary_figures/SupplementaryFigure58_Taxonomy_Archaea_Family_individual_samples_heatmap_relative_abundance.pdf,621129,a501f990b9b8850b7b1e3c2d095940d9621e7a8bae5e1851dca057be43ec75ae
outputs/app_supplementary_figures/SupplementaryFigure58_Taxonomy_Archaea_Family_individual_samples_heatmap_relative_abundance.png,609635,e98e914cb483d48667eeaae357affb5f1d5004e6943789bcbd30b9fec89dc231
outputs/app_supplementary_figures/SupplementaryFigure58_Taxonomy_Archaea_Family_individual_samples_heatmap_relative_abundance.svg,813010,5f7e3b845f296eb30bcc51c8021724589fde3e6dc500bd258900bb9c850259f1
outputs/app_supplementary_figures/SupplementaryFigure59_Taxonomy_Bacteria_Genus_individual_samples_barplot_100pct.pdf,39705,4b979826aa62e16c96fb355fd879a0125f5369295e040b7bf89fba8370c6023a
outputs/app_supplementary_figures/SupplementaryFigure59_Taxonomy_Bacteria_Genus_individual_samples_barplot_100pct.png,370582,3d18150e5ce003073d09cae5ee799df3322c0b00e7957a638786d213356f1d1c
outputs/app_supplementary_figures/SupplementaryFigure59_Taxonomy_Bacteria_Genus_individual_samples_barplot_100pct.svg,224841,ac58bd9fb3544f981a5715d07cd735200ea0e200f518ebb2aa85bd379efc3ff6
outputs/app_supplementary_figures/SupplementaryFigure5_MAG_bubble_original.pdf,55887,65b9704374f4f2eb82359becdd666ce949eb654cddb8ace1c5aa9c7022b54b21
outputs/app_supplementary_figures/SupplementaryFigure5_MAG_bubble_original.png,987717,8f4afbd8a65d78c5ee3681d43b8bf592881d8eb67f6306e7693b2086f3b5bdfc
outputs/app_supplementary_figures/SupplementaryFigure5_MAG_bubble_original.svg,222706,2e53091576753c399774faf54ca4c58c0c6d9a79337a7ebfbe79524fc2fa7b2e
outputs/app_supplementary_figures/SupplementaryFigure5_MAG_bubble_original_source.csv,2293,80ead9b76775834aca38d78b74f04c47c787c8a5a6ecc54357f71b11cd5951e4
outputs/app_supplementary_figures/SupplementaryFigure60_Taxonomy_Bacteria_Genus_individual_samples_heatmap_relative_abundance.pdf,41684,9830fc09cc05daa1612bd92a12500f8e37f58b3acd9fdeb213dec26ad53a4ab7
outputs/app_supplementary_figures/SupplementaryFigure60_Taxonomy_Bacteria_Genus_individual_samples_heatmap_relative_abundance.png,426980,e0fdf0a06add22405ff355133e90cd2eb136a55bd3878646afc87d44f976ec8a
outputs/app_supplementary_figures/SupplementaryFigure60_Taxonomy_Bacteria_Genus_individual_samples_heatmap_relative_abundance.svg,124857,12c459db1ae1d717122057fc0510082af576cefd38edd2f40b08aef42897f24e
outputs/app_supplementary_figures/SupplementaryFigure61_Taxonomy_Archaea_Genus_individual_samples_barplot_100pct.pdf,801361,a9558caf7655e9baa68f0d6f0709a1969263811cfe73a9eeaa6ca511b1077de3
outputs/app_supplementary_figures/SupplementaryFigure61_Taxonomy_Archaea_Genus_individual_samples_barplot_100pct.png,484841,fca869310fc041fcd6a7e58f8de91ea1388e59a44c3676ed0fbbb0851ec19755
outputs/app_supplementary_figures/SupplementaryFigure61_Taxonomy_Archaea_Genus_individual_samples_barplot_100pct.svg,646618,18c2d8482822697a5a590c4bab53ea059c89757704aea0f6828f258aad47fdba
outputs/app_supplementary_figures/SupplementaryFigure62_Taxonomy_Archaea_Genus_individual_samples_heatmap_relative_abundance.pdf,40028,1f06e3f5f6a29900932bf850b4903ec7cc2d84320546cff39c25bcd56a5ff8f1
outputs/app_supplementary_figures/SupplementaryFigure62_Taxonomy_Archaea_Genus_individual_samples_heatmap_relative_abundance.png,450332,587846a3bbcdb00ad43d17d3391b49a02b63c82be5e6a39171c364c896d20a16
outputs/app_supplementary_figures/SupplementaryFigure62_Taxonomy_Archaea_Genus_individual_samples_heatmap_relative_abundance.svg,128920,41cb484a3a803970b061a0b9f334bc788030a8e0b832dc0199ef7e7e404ae830
outputs/app_supplementary_figures/SupplementaryFigure63_Taxonomy_Bacteria_Species_individual_samples_barplot_100pct.pdf,971179,fc60c74e995dd9edeb77a4df9b454038a0b9942e5cdb3e4cd3c9a7d24b27dabd
outputs/app_supplementary_figures/SupplementaryFigure63_Taxonomy_Bacteria_Species_individual_samples_barplot_100pct.png,684710,ac3b2d26e624d9a0becb61a5ae8516e9fe658fa046087302edd3c3c9c239a5eb
outputs/app_supplementary_figures/SupplementaryFigure63_Taxonomy_Bacteria_Species_individual_samples_barplot_100pct.svg,913110,607c9baeccacc81205d9b6910ad6865e83796078cd92eae9e2acbb208e14fe0b
outputs/app_supplementary_figures/SupplementaryFigure64_Taxonomy_Bacteria_Species_individual_samples_heatmap_relative_abundance.pdf,39160,d991ab9575e043c0867e7670ecb840fa1e969217d3bde0f83aef00eb456c79eb
outputs/app_supplementary_figures/SupplementaryFigure64_Taxonomy_Bacteria_Species_individual_samples_heatmap_relative_abundance.png,619052,a5a4c9d7d13b262e6a3d6a437f2380f9a34d42941e7a8f7f3905eed51cb4058f
outputs/app_supplementary_figures/SupplementaryFigure64_Taxonomy_Bacteria_Species_individual_samples_heatmap_relative_abundance.svg,168473,f729c4874aa7097141f7c57bd77d905ae20490ec1ec398875aedbb2eb3ff81b6
outputs/app_supplementary_figures/SupplementaryFigure65_Taxonomy_Archaea_Species_individual_samples_barplot_100pct.pdf,959251,a2a2896df4395dbeed195c50eb3ef4e9ed3e1c9aa6bdc7ef17a07e28ad91f72d
outputs/app_supplementary_figures/SupplementaryFigure65_Taxonomy_Archaea_Species_individual_samples_barplot_100pct.png,710844,6edd75c751fe6e2f5b8ccbbd49c9bccc7d78c375bba79756a5c3585e55f2030c
outputs/app_supplementary_figures/SupplementaryFigure65_Taxonomy_Archaea_Species_individual_samples_barplot_100pct.svg,947954,86340260c7ac80002e2de00a5dec33e3a03c51584f8c9cdc8881d203d9e4f313
outputs/app_supplementary_figures/SupplementaryFigure66_Taxonomy_Archaea_Species_individual_samples_heatmap_relative_abundance.pdf,39707,4cd2d944b39f3340333e2980b04fdc74024d54a99d498a65e2a630ea076105f4
outputs/app_supplementary_figures/SupplementaryFigure66_Taxonomy_Archaea_Species_individual_samples_heatmap_relative_abundance.png,664460,98c884289c35252aedd155035d993dadab5bbff735e09879cb56613bbd786891
outputs/app_supplementary_figures/SupplementaryFigure66_Taxonomy_Archaea_Species_individual_samples_heatmap_relative_abundance.svg,171368,09517dab8403cc550c93e70da4fcfee27ec10f5c23210cd556b3e27bc2f3626d
outputs/app_supplementary_figures/SupplementaryFigure67_lagoon_plus_external_iron_rich_module_completeness_KEMET_style_3state_heatmap.pdf,56490,04fee4e7e4383180be393f34799f5ab9d29e968cf42a94b37570af4448c6ebc0
outputs/app_supplementary_figures/SupplementaryFigure67_lagoon_plus_external_iron_rich_module_completeness_KEMET_style_3state_heatmap.png,691563,89997e142ff6ae235d770a0054065d6fe83fd82d432ce3ddc7d43827aa6c65cc
outputs/app_supplementary_figures/SupplementaryFigure67_lagoon_plus_external_iron_rich_module_completeness_KEMET_style_3state_heatmap.svg,257216,842f3d5cb7b87ab66fb79c5f4ee4fa9c0fff67d8ce9f57092c1b6686879e78b9
outputs/app_supplementary_figures/SupplementaryFigure67_lagoon_plus_external_iron_rich_module_completeness_KEMET_style_3state_heatmap_P001.pdf,42981,39153567cfd29072837fadcd3c7a2006093e0c5bbe53f4bcb61ddb227dc2ff95
outputs/app_supplementary_figures/SupplementaryFigure67_lagoon_plus_external_iron_rich_module_completeness_KEMET_style_3state_heatmap_P001.png,691563,89997e142ff6ae235d770a0054065d6fe83fd82d432ce3ddc7d43827aa6c65cc
outputs/app_supplementary_figures/SupplementaryFigure67_lagoon_plus_external_iron_rich_module_completeness_KEMET_style_3state_heatmap_P001.svg,257216,842f3d5cb7b87ab66fb79c5f4ee4fa9c0fff67d8ce9f57092c1b6686879e78b9
outputs/app_supplementary_figures/SupplementaryFigure67_lagoon_plus_external_iron_rich_module_completeness_KEMET_style_3state_heatmap_P002.pdf,41020,e6e945fcf7ad11e51fad4f248a4693fc4b1d42037b04e09b57cf62d348a9b89f
outputs/app_supplementary_figures/SupplementaryFigure67_lagoon_plus_external_iron_rich_module_completeness_KEMET_style_3state_heatmap_P002.png,620580,9740ce0904d8e49b3b06c1be9bdd609114a0f00b6eeda9551f8465eb03ee4c88
outputs/app_supplementary_figures/SupplementaryFigure67_lagoon_plus_external_iron_rich_module_completeness_KEMET_style_3state_heatmap_P002.svg,238137,3c4b947ba6f4f33c73ca6b2f0310194ef80a6a67618adc0144d47eb53beb78e5
outputs/app_supplementary_figures/SupplementaryFigure67_lagoon_plus_external_iron_rich_module_completeness_by_environmental_group.pdf,59289,40a62b8db8ca69364f6d3ef5209ee603a3280e0d89deb2118720ea3d3e776364
outputs/app_supplementary_figures/SupplementaryFigure67_lagoon_plus_external_iron_rich_module_completeness_by_environmental_group.png,724713,7707aa542dfbf9a2326eef94a319cdc9353d173966ebe137fafcc75aec538257
outputs/app_supplementary_figures/SupplementaryFigure67_lagoon_plus_external_iron_rich_module_completeness_by_environmental_group.svg,272387,03876fbafaed1868b5751d5232f7b597761cdc033c9cd59e810af15483fec9c8
outputs/app_supplementary_figures/SupplementaryFigure67_lagoon_plus_external_iron_rich_module_completeness_by_environmental_group_P001.pdf,46329,4c9789d647684d57e5a297ad426bead848b37a4129ae396782fa8159f86a980f
outputs/app_supplementary_figures/SupplementaryFigure67_lagoon_plus_external_iron_rich_module_completeness_by_environmental_group_P001.png,724713,7707aa542dfbf9a2326eef94a319cdc9353d173966ebe137fafcc75aec538257
outputs/app_supplementary_figures/SupplementaryFigure67_lagoon_plus_external_iron_rich_module_completeness_by_environmental_group_P001.svg,272387,03876fbafaed1868b5751d5232f7b597761cdc033c9cd59e810af15483fec9c8
outputs/app_supplementary_figures/SupplementaryFigure67_lagoon_plus_external_iron_rich_module_completeness_by_environmental_group_P002.pdf,44416,acc220680c092360458fcad15c1485b3768d49a75726d0427af3400376139d17
outputs/app_supplementary_figures/SupplementaryFigure67_lagoon_plus_external_iron_rich_module_completeness_by_environmental_group_P002.png,653449,f9876d547a75cf3e8ac91cd26a0b511dc831fa65ab0c5834b0c4270f5e0b523b
outputs/app_supplementary_figures/SupplementaryFigure67_lagoon_plus_external_iron_rich_module_completeness_by_environmental_group_P002.svg,253293,6cb172158965735a6c55acecad6fd8c4d76469372353ec726e6900c248efaa0c
outputs/app_supplementary_figures/SupplementaryFigure68_biogeochemical_KO_directional_contrast.pdf,34342,0d059e79d06643adb2703d4b5d2fe83c36e149837d783040f1867e537d7bfb65
outputs/app_supplementary_figures/SupplementaryFigure68_biogeochemical_KO_directional_contrast.png,902201,e2ff4e926b60f0d73a1365f206c840329a9cfa4655b8f9671d591c25e454351a
outputs/app_supplementary_figures/SupplementaryFigure68_biogeochemical_KO_directional_contrast.svg,196193,fb0914a98d29fb3a675f4eb5a152c09f73049213d3628fbe214050f601433112
outputs/app_supplementary_figures/SupplementaryFigure69_iron_KO_directional_contrast.pdf,33035,f107fc6f858a571045a6f6382fe03fbf7ef923b5ebada6bc5bc8c0fe1b5aa60b
outputs/app_supplementary_figures/SupplementaryFigure69_iron_KO_directional_contrast.png,722153,d4bc9320bb44de668346f3f446b28f80a150eb253b175fe4241966810ac90ea2
outputs/app_supplementary_figures/SupplementaryFigure69_iron_KO_directional_contrast.svg,165581,ff8be0b7851140d85103e36f067d858c355bd000174603f8329d16779fb09f30
outputs/app_supplementary_figures/SupplementaryFigure6_ST8_selected_sediments_all_KO_zscore_proportional.pdf,28729,92a9e64b62021d2f73808cd2a35399178f84755693c6fa1cd1d39f5c7fc57308
outputs/app_supplementary_figures/SupplementaryFigure6_ST8_selected_sediments_all_KO_zscore_proportional.png,1811915,5f2c0532e42190f5ccb179d90a8a7d95eb84281619dbcba23ea3e106d61e13e8
outputs/app_supplementary_figures/SupplementaryFigure6_ST8_selected_sediments_all_KO_zscore_proportional.svg,43443,92a665921b169eeb2ac3dc96fef0a2150c37fa9ca9bb540f8af2a8853f6c9eac
outputs/app_supplementary_figures/SupplementaryFigure6_ST8_selected_sediments_all_KO_zscore_proportional_P01.pdf,26738,199a7ff9a156a4d0c408e583e7c448f4fc22be027ad3921a003640f54895e6fb
outputs/app_supplementary_figures/SupplementaryFigure6_ST8_selected_sediments_all_KO_zscore_proportional_P01.png,1205990,52827a9859002c45340b917e920b868667f6fe1ae6867a47f4812fae8b0459e7
outputs/app_supplementary_figures/SupplementaryFigure6_ST8_selected_sediments_all_KO_zscore_proportional_P01.svg,27318,8a41f4b7e9a61e6424aa1c9104fc22b4d4fba4d08196522ef2e1f8b3d67c5357
outputs/app_supplementary_figures/SupplementaryFigure6_ST8_selected_sediments_all_KO_zscore_proportional_P02.pdf,26852,46d9a6dc5b59e5aa99a9a3761b5825c0e9637b446893d81436bffa739331c236
outputs/app_supplementary_figures/SupplementaryFigure6_ST8_selected_sediments_all_KO_zscore_proportional_P02.png,1211025,8d5172c97c59a002a461c5746a6bac23780d85fc911e3e1a1e1b954774a9b21d
outputs/app_supplementary_figures/SupplementaryFigure6_ST8_selected_sediments_all_KO_zscore_proportional_P02.svg,27100,196542b56286d347badc62bd14d0fdf66a864ae0ff28d5b309f4b78f0ae29d7b
outputs/app_supplementary_figures/SupplementaryFigure70_external_iron_rich_environment_world_map.pdf,318862,cf54ed4dc4c897e7e44129729cdf1ba9e54abd74dc88f32f42dc2e83e7db696b
outputs/app_supplementary_figures/SupplementaryFigure70_external_iron_rich_environment_world_map.png,1845595,f9b5c32ac8d11acb7fc8355dcce794e29ff87d659529ae37130456e6894757a8
outputs/app_supplementary_figures/SupplementaryFigure70_external_iron_rich_environment_world_map.svg,814397,a1f86da480b6c0531621d3c3a9b7e166a8fb3d7b8b75330d2d4128cdebd1220a
outputs/app_supplementary_figures/SupplementaryFigure7_ST8_iron_selected_zscore_proportional.pdf,26160,732f83b37488c6fae87ec4da50d72be90544cfd7b9b7056d27c61aa785f963a8
outputs/app_supplementary_figures/SupplementaryFigure7_ST8_iron_selected_zscore_proportional.png,921038,e4576983ebe86154fc01f8f928ed46a3f7cbb7dc8fbe67325f1f28fbef01e782
outputs/app_supplementary_figures/SupplementaryFigure7_ST8_iron_selected_zscore_proportional.svg,39362,e2f46e9701e2ed24f804b29a46df9a5740ce5fc0bdedec72ff2c1d195984b842
outputs/app_supplementary_figures/SupplementaryFigure7_ST8_iron_selected_zscore_proportional_P01.pdf,25073,02038a652617f6e402336f2c8a42c8e20618c93c2d6f61aeeeea6f23b931e7a1
outputs/app_supplementary_figures/SupplementaryFigure7_ST8_iron_selected_zscore_proportional_P01.png,590512,2d63c60d43e3a08cf95348c46a8ce06ddeb82e2f51bd10fef1cfc55188e78b84
outputs/app_supplementary_figures/SupplementaryFigure7_ST8_iron_selected_zscore_proportional_P01.svg,26372,f18a3cc710df5c0e77771cdc76d836a07e1a9764b8a9705145248a2900c1e7a9
outputs/app_supplementary_figures/SupplementaryFigure7_ST8_iron_selected_zscore_proportional_P02.pdf,24886,3bf7d04430d1f614c0ac6deb54656fac295b0aaf79091b8bdcbc75ca6e3e0440
outputs/app_supplementary_figures/SupplementaryFigure7_ST8_iron_selected_zscore_proportional_P02.png,603400,3ab9aba5f8e133f5291f07fffbaa05b0d6108e190f9e0bdbea08cdc5dc7bf229
outputs/app_supplementary_figures/SupplementaryFigure7_ST8_iron_selected_zscore_proportional_P02.svg,23932,58b5d1704e9b81c699c1dd6b86e81f1f7f5ba65a518e1f8c86ea3a68b8a93e10
outputs/app_supplementary_figures/SupplementaryFigure8_most_abundant_all_KO_vivid.pdf,26112,9488acd09b7a55f40b32f324c11f55210fb2092252ffe189fadf3f799ad88a16
outputs/app_supplementary_figures/SupplementaryFigure8_most_abundant_all_KO_vivid.png,1336381,b4eefd6a7f004116de89c877b2215118a9fbaf03483754c5c7dac1caafe06c9f
outputs/app_supplementary_figures/SupplementaryFigure8_most_abundant_all_KO_vivid.svg,110124,ab85355794edd2a0630135496885e1106f59be23d788ad244db03a355af8bbce
outputs/app_supplementary_figures/SupplementaryFigure9_KO_category_boxplot_vivid.pdf,680805,cb082fc5884f8b07bde0b55dc7505e3858fe75be5fcf7f30539b03628eaf639f
outputs/app_supplementary_figures/SupplementaryFigure9_KO_category_boxplot_vivid.png,1882028,007752f93a7e39e44213b1f98dfbc585bed37a8f99219d45116efb8d5096443d
outputs/app_supplementary_figures/SupplementaryFigure9_KO_category_boxplot_vivid.svg,1059030,6f0a4f0ff4ab8a2879a1e892502e8a2eb9d02a830f1bec3ab36aa572f0a532fb
outputs/docx_insert_images_revision/supp/SupplementaryFigure10_P001.jpg,177281,c182bf57e3fa378e1ea5d21841c9ac917baadd49fb58b5c0c6960ab3bd69661d
outputs/docx_insert_images_revision/supp/SupplementaryFigure11_P001.jpg,295617,67a1421218dce38e2a5895f843d9b3a0df81238420ef267fc5f50aae3e754bf0
outputs/docx_insert_images_revision/supp/SupplementaryFigure12_P001.jpg,354109,1ab935bb8438a59fd29243d45092d8988865ef29d6dba9bb70e80839bdd643ef
outputs/docx_insert_images_revision/supp/SupplementaryFigure13_P001.jpg,200864,7653e2be1fbbf4f87626c08700fae012a6ffea23c4aaec297277251dd8d55f3c
outputs/docx_insert_images_revision/supp/SupplementaryFigure14_P001.jpg,430231,5a471c739eaeded89c98fb43f62210a0e4fea4d5fd1cb5ae7a9cfd8b008f1501
outputs/docx_insert_images_revision/supp/SupplementaryFigure15_P001.jpg,182284,eae5359f6099483012dc71267a11f3f41e2b1724400e9620add800ac553744e7
outputs/docx_insert_images_revision/supp/SupplementaryFigure16_P001.jpg,204835,45ee06a26282d58267d7693b5e7711d56733c9b5165707d19ff535668a3340ad
outputs/docx_insert_images_revision/supp/SupplementaryFigure17_P001.jpg,285437,8b94db1a1ac5095999a2bf5dacae5388eb2e8eba9a81ab4e433be8dfdf1328de
outputs/docx_insert_images_revision/supp/SupplementaryFigure18_P001.jpg,308409,a28e8547606a4346c1a5af98d3c940a525c28ad18cd83858324557a2d2cee60b
outputs/docx_insert_images_revision/supp/SupplementaryFigure19_P001.jpg,244604,39fd71a9272cc1657297b362cf139c15b8c1651b5edcb070e954c5ec22219f4a
outputs/docx_insert_images_revision/supp/SupplementaryFigure1_P001.jpg,314308,3560922214c027a2140f41b49a2933a013c3fa49024624819c68d4f3936ea7a8
outputs/docx_insert_images_revision/supp/SupplementaryFigure20_P001.jpg,499714,170966b3d4cddcdd78653adf2104c1d97616c9d0e5591c35dab6f90ce5b7e473
outputs/docx_insert_images_revision/supp/SupplementaryFigure21_P001.jpg,397685,10cbc10a6baeea886b19dcaab3a69e5f48b91e2af7600436b9e9e59870597f56
outputs/docx_insert_images_revision/supp/SupplementaryFigure22_P001.jpg,335342,ed714fa80f4c73adfe34a9d02cbc70ac6141beaf079372d050140af7875098ee
outputs/docx_insert_images_revision/supp/SupplementaryFigure23_P001.jpg,483094,7cc0b151e575791013dc9749d5214d5a0058b48ae1e9ac06b8d5f9efd937a3ec
outputs/docx_insert_images_revision/supp/SupplementaryFigure24_P001.jpg,403110,7860acf6bc7a577a018b4ca50b28e1fda8c338224b2cbd6172283db15335e268
outputs/docx_insert_images_revision/supp/SupplementaryFigure25_P001.jpg,344473,984cd236194ccbdfd84e4509e5540b61391cdf6ce9cd7dd1d282c4218892efbd
outputs/docx_insert_images_revision/supp/SupplementaryFigure26_P001.jpg,137239,9d9fab4d444d8f98f9678476249d4d9d033ca9f84f2cb10c87b40ae58e007b1c
outputs/docx_insert_images_revision/supp/SupplementaryFigure27_P001.jpg,138290,0beddc234ac6588f665208568baf9ab923fe1d9d1038100f2d0252f12fb83e97
outputs/docx_insert_images_revision/supp/SupplementaryFigure28_P001.jpg,138468,81db0866beec20b797882dede3e81f0b69dfd42fc16e99cb911986ee9cd4cce9
outputs/docx_insert_images_revision/supp/SupplementaryFigure29_P001.jpg,337594,f326483fe8b4cc743b789866204de258561998d8b60d2a747bccb60882ecc525
outputs/docx_insert_images_revision/supp/SupplementaryFigure2_P001.jpg,372455,7c0a0ddb4b91b24f7406204fe5f7be1e0ed8bb3872a790d2743a644461ab5f4f
outputs/docx_insert_images_revision/supp/SupplementaryFigure30_P001.jpg,143513,62c8c01d957503c4bcf36d20cfc90c023e2760404f4c5d0291645d1b830403a6
outputs/docx_insert_images_revision/supp/SupplementaryFigure31_P001.jpg,240826,a32afa11e2fa5111efc3f45f47e29f9a36930465339dee8431802ff7dea9d227
outputs/docx_insert_images_revision/supp/SupplementaryFigure31_P002.jpg,245594,e72d2c00c19b2f4ed2bdbc4e11d2d6ebc1c39a92d42a3ae6929231bfa5d64b8f
outputs/docx_insert_images_revision/supp/SupplementaryFigure31_P003.jpg,250180,5763c79e98c71f83649246c6a2da0391ce6d46c822c1ddcdc7be77de571f3ba8
outputs/docx_insert_images_revision/supp/SupplementaryFigure32_P001.jpg,470368,a440ad9efd9b0ea37164dd1c38693b6ade298777867e5eaf6d26c49f8abfa6dc
outputs/docx_insert_images_revision/supp/SupplementaryFigure32_P002.jpg,434475,74208f9b3b9d989c71221be99838e83cec9daf7c163c787fb5d0a3ccc563b6fb
outputs/docx_insert_images_revision/supp/SupplementaryFigure32_P003.jpg,451045,e7d95b1cbf9b0e5220b8f338bff3b45d994a7c0559acb807cba03c7ca74a1a11
outputs/docx_insert_images_revision/supp/SupplementaryFigure32_P004.jpg,466603,121c99921caeffde923c182ba4007a0d69fb5b2fef19ba3d2788abde9c82ee0c
outputs/docx_insert_images_revision/supp/SupplementaryFigure32_P005.jpg,467610,da8bf55fe53e90db77522c94659befdcfd3851cd7af0b127eccc11d67613f346
outputs/docx_insert_images_revision/supp/SupplementaryFigure32_P006.jpg,452116,6eb3d98c7ead7dfc70e824123c6023739dd195ee61ece5ade824fcf28bf4597a
outputs/docx_insert_images_revision/supp/SupplementaryFigure32_P007.jpg,405382,929d76cc2e063e0579de5509e6dfe245c4ad46d5ebf9f5f262f3aef57d80bff2
outputs/docx_insert_images_revision/supp/SupplementaryFigure32_P008.jpg,408121,617d1fe445d72280cc04395d1cee99ba126680e3f54e3f297bf8ff9b850b3fdf
outputs/docx_insert_images_revision/supp/SupplementaryFigure32_P009.jpg,406993,f23d51f38d41746a327844c009fe26058730867fafbbf64f24d3c10afde97032
outputs/docx_insert_images_revision/supp/SupplementaryFigure32_P010.jpg,324141,d47618ac765fe31d04f400bd0b18c4512a6a8b5f4534a75710c89288d27da514
outputs/docx_insert_images_revision/supp/SupplementaryFigure32_P011.jpg,217568,7250372a8e70e052b6bcfb60fc833eb07947b5dd980e23a43d926b9133dd99cb
outputs/docx_insert_images_revision/supp/SupplementaryFigure32_P012.jpg,215265,1434db05570086a58c0a57b20b94fbdd453fb176282120328565ebdb7f9f7044
outputs/docx_insert_images_revision/supp/SupplementaryFigure32_P013.jpg,215666,52d977ef6a09d3600689b260762f4ab45a939b878fba9bfce4439eab776820c9
outputs/docx_insert_images_revision/supp/SupplementaryFigure32_P014.jpg,217635,ba0b89a976516495603fb17d6b7c17fb7efe3bc95b79e1e6cae4076b01172e8c
outputs/docx_insert_images_revision/supp/SupplementaryFigure32_P015.jpg,216808,e57532de7844dd613695dff2574a796ca0fbe88f671b75a1f38f2e4d07543842
outputs/docx_insert_images_revision/supp/SupplementaryFigure32_P016.jpg,215752,40d9c001be779b9efdaa3a44e3bcf71732e1c1d1c38bf290610d374956319a37
outputs/docx_insert_images_revision/supp/SupplementaryFigure32_P017.jpg,214957,8da105c1ccc60e9c0608da6ffd4e0a74c6f2a41f2ebf94baa0c192db1e502033
outputs/docx_insert_images_revision/supp/SupplementaryFigure32_P018.jpg,217207,6f338c2eac42c0021b1695eb868ce01156a516b7eeb77478ec67bfd151b13b3e
outputs/docx_insert_images_revision/supp/SupplementaryFigure32_P019.jpg,212690,f093bf8457e880e90e6b625f0a523034ea20c18d4bee526e972351a1c929885d
outputs/docx_insert_images_revision/supp/SupplementaryFigure32_P020.jpg,215917,86c1751355ebf7a1e4a039c3b4276786c34368aeb0ac372c2114d785736adbc9
outputs/docx_insert_images_revision/supp/SupplementaryFigure32_P021.jpg,215878,d41cf9a5afabc717f7c1ba92f0879870eff0b53434c2b7cacbf4f8925e40d2ba
outputs/docx_insert_images_revision/supp/SupplementaryFigure32_P022.jpg,175064,ebf55368651f61b801c7ee66bf6ac87626f5c5a519e1449bf78f7ecbb0e7da06
outputs/docx_insert_images_revision/supp/SupplementaryFigure33_P001.jpg,412583,c9f16f9e7f56912d27ac60a126e3f2c18ea0ca69f43098cedeb8728f46549271
outputs/docx_insert_images_revision/supp/SupplementaryFigure33_P002.jpg,389802,ea72e804658ba3f35142974c1b6dc960c331ace2006c9614299ca8dbae6bf9fa
outputs/docx_insert_images_revision/supp/SupplementaryFigure33_P003.jpg,382578,048675cb150285f85ced428ff549d5707a13517e7e790f0b4bdb9bf96b140471
outputs/docx_insert_images_revision/supp/SupplementaryFigure33_P004.jpg,405658,543e3ab71d9722baea9c7f3a5f4bfc333c277edec56e0ab74672be4ef6bd9d03
outputs/docx_insert_images_revision/supp/SupplementaryFigure33_P005.jpg,403994,7ca93243bf158d2fc3cdfc89aad713f404ec53ba8f8613ca7505aae6cdf8cddb
outputs/docx_insert_images_revision/supp/SupplementaryFigure33_P006.jpg,396323,25b183a9eae26dd770f61211c53c5adea75e27cbd52526e45513a0ae13b7dca2
outputs/docx_insert_images_revision/supp/SupplementaryFigure33_P007.jpg,353427,5e0aacffda992959207d37965369aafb0ae7c4e53a2140929dfcf17e13dfed5e
outputs/docx_insert_images_revision/supp/SupplementaryFigure33_P008.jpg,358923,d589089745de1ab13bccedbbf31fd87757538ded2315c0e202c66d9fa8b96016
outputs/docx_insert_images_revision/supp/SupplementaryFigure33_P009.jpg,355263,9277272f97f2215268e5dc579e3f1f6a2d9d1adb4fe17f0f7706fd52986af4de
outputs/docx_insert_images_revision/supp/SupplementaryFigure33_P010.jpg,283578,52f5fc8bc6c6a0e4e5afeda4604b21b31237636d0e4b3750195db03ac0f6da5f
outputs/docx_insert_images_revision/supp/SupplementaryFigure34_P001.jpg,163179,178337c198c9f2aed1eae7d32c11250466552267a5a414c59fe64a1a30159300
outputs/docx_insert_images_revision/supp/SupplementaryFigure35_P001.jpg,361711,ce27826b170523a44cbbe1ef5c1df7f71a10b4ba72d1169af707318a1de94882
outputs/docx_insert_images_revision/supp/SupplementaryFigure36_P001.jpg,263330,b462f49d7dc3b606897ae14190ab517457e1fc1d2747b0a8b7b37343cbb6fbc2
outputs/docx_insert_images_revision/supp/SupplementaryFigure38_P001.jpg,401133,d8de49d65b6a16d3dd737df094b6212e21395d291f22797fa35a392879ddd4e6
outputs/docx_insert_images_revision/supp/SupplementaryFigure38_P002.jpg,371045,f9cad142922011bfb630127e4c8f588fe4b6ec23edc7c2c46c40e4166313eb70
outputs/docx_insert_images_revision/supp/SupplementaryFigure38_P003.jpg,366504,436cb845754fd57173a78f73827ee3f8010895dd677b5606304b1cebc8fa4ce4
outputs/docx_insert_images_revision/supp/SupplementaryFigure38_P004.jpg,393282,056cc1b7ef855335b51293c887f5e372e1b01fb94ef297aa8589ad3ddf2a3807
outputs/docx_insert_images_revision/supp/SupplementaryFigure38_P005.jpg,294651,267463ab4e4251319783901769b845fd8eb63c50cf1ea30e3e8626dc0db76ccf
outputs/docx_insert_images_revision/supp/SupplementaryFigure39_P001.jpg,278157,0461da87bb5042dffe548a32cad2d67ff22661241a84fda6090a67688b168d4b
outputs/docx_insert_images_revision/supp/SupplementaryFigure3_P001.jpg,173538,b1400a203840cfa62ff82495c5d7923efa47c948bb7642fd620f8dafbcf0626c
outputs/docx_insert_images_revision/supp/SupplementaryFigure41_P001.jpg,521940,e7cde3fe1502e8129b8343a0c0c81058c9a9e73eaf4c2f839af481fa346ea5ef
outputs/docx_insert_images_revision/supp/SupplementaryFigure41_P002.jpg,510143,beccb0e60cc9998c2a7543abb5caaa6bc9275582c913772c913e4eb80a9b0dde
outputs/docx_insert_images_revision/supp/SupplementaryFigure42_P001.jpg,239504,0afb009cfd3a20b3df0a30f6e0efa2b0dfdba59ed18ecf2879675488635f0fb4
outputs/docx_insert_images_revision/supp/SupplementaryFigure43_P001.jpg,401763,c25bc596b73e89cf79d72a97c9d2bc0a0ebed394d58c1b9b2c9d6b301c7e88bc
outputs/docx_insert_images_revision/supp/SupplementaryFigure44_P001.jpg,248607,bb43a8555bef16051aafaf2b63c2e08185f4ffabf651ff5a14f69beac0ad2986
outputs/docx_insert_images_revision/supp/SupplementaryFigure45_P001.jpg,374332,fd0628aa911c232e4e40a37d323702e8da89039a1ea203a78e3b8e87e1b4e571
outputs/docx_insert_images_revision/supp/SupplementaryFigure46_P001.jpg,268054,af08d6bebba4a94e6ae2468e2ebfaf8422464bc983ea0ecc38fd5b1c2ab4828e
outputs/docx_insert_images_revision/supp/SupplementaryFigure47_P001.jpg,340116,16e4b7d4109c1ba650315b8d613a02f39cb7dc7c83cea1a2ecf216e28d33a6b9
outputs/docx_insert_images_revision/supp/SupplementaryFigure48_P001.jpg,259951,6e1f46acc93b3da6afd4cc0daaf57089969395babbcccccbd34e8be6373816a1
outputs/docx_insert_images_revision/supp/SupplementaryFigure49_P001.jpg,306613,2ff9e91637b70a2302cbb1cc91ab8b8f90e7ee39bd3a378079a9d9907f9610e8
outputs/docx_insert_images_revision/supp/SupplementaryFigure4_P001.jpg,315635,558f2e1988b7de9e42a49823eed0e4269392a98698f5c1cfb45bc8c5891eeb48
outputs/docx_insert_images_revision/supp/SupplementaryFigure50_P001.jpg,238240,8e7c27c7b1018d57411e782237d76e3746c07c12c6d581a6a0d08c704cb23692
outputs/docx_insert_images_revision/supp/SupplementaryFigure51_P001.jpg,335656,0b552c3fd48101a78601a236659ae056205be1a995fb456c84be87145d2771f2
outputs/docx_insert_images_revision/supp/SupplementaryFigure52_P001.jpg,233318,062d9c24c26f214e8872fdc1ce86d5b7bab242de6fae21315044ebc6fb4f3072
outputs/docx_insert_images_revision/supp/SupplementaryFigure53_P001.jpg,315466,c78da892b268c3320adc8a88092a4bc7f30dcb412a03bc2e74a7d867492f6c60
outputs/docx_insert_images_revision/supp/SupplementaryFigure54_P001.jpg,240913,8ce6147ceacb5c285c813e226ddcd716250ea3528cd350a0e8fb1881eca61b32
outputs/docx_insert_images_revision/supp/SupplementaryFigure55_P001.jpg,324897,262ca4542762840fd596781da6b49e208255daad9722542e34089268c3004d65
outputs/docx_insert_images_revision/supp/SupplementaryFigure56_P001.jpg,244087,f1f426c7d255aaeec860b1e58b913a46f34ae0eaf05155cf4241b42cc7635bbb
outputs/docx_insert_images_revision/supp/SupplementaryFigure57_P001.jpg,326992,d3d193da47eb168cfe8be8fb962cb8d29bdf010cab61a780456db6dd78e452ce
outputs/docx_insert_images_revision/supp/SupplementaryFigure58_P001.jpg,298850,d4250092ae2eb1e3dd324a909c1762cd2920fd4a9b4f3218aad8e2cf0f7fc2ed
outputs/docx_insert_images_revision/supp/SupplementaryFigure59_P001.jpg,316837,94c1b52a6457e1979358af5aee75e56cd185bb6751d214288e59b35ce4eeba34
outputs/docx_insert_images_revision/supp/SupplementaryFigure5_P001.jpg,293222,4af4b634f4bc0c29ed0e550d462cf8ebdca6979456260dcd7f47748a4e5d5d48
outputs/docx_insert_images_revision/supp/SupplementaryFigure60_P001.jpg,227682,797802e17711593b1e918cb1603ffd1239afb69462fdf40ad48096164175c25f
outputs/docx_insert_images_revision/supp/SupplementaryFigure61_P001.jpg,314297,b5ff5d26a76ee240f0fc5065a21ed2d7ccc209f5fac4f65de07e711f5c8f5bf1
outputs/docx_insert_images_revision/supp/SupplementaryFigure62_P001.jpg,236855,437b61d239c2169cb8a4ae64f11f3476b13761e8faf90529ad1c93b2a01f8da9
outputs/docx_insert_images_revision/supp/SupplementaryFigure63_P001.jpg,428405,8f9710ffd4be0627a7d1c6bb52b4df9c5e117765375a068731ad79e629d50082
outputs/docx_insert_images_revision/supp/SupplementaryFigure64_P001.jpg,312124,4fe4231fd5fc8ea6d16950eb3715899931b4a7a76c2978ce33a7ed00fed3cb44
outputs/docx_insert_images_revision/supp/SupplementaryFigure65_P001.jpg,422025,33aa8e49bf156a4c82956d574b74816840d8729b968687d6b08beb764d607206
outputs/docx_insert_images_revision/supp/SupplementaryFigure66_P001.jpg,327864,6a0e8c4042dd36d7749e71fbbee064b153ef62a36f1f6e759f024bfb7d3c49c8
outputs/docx_insert_images_revision/supp/SupplementaryFigure68_P001.jpg,303699,1eb924d5060fc45c20e8f018e889115ddf1b5dc3b6c1db61e6a65c1dbbd69b6f
outputs/docx_insert_images_revision/supp/SupplementaryFigure69_P001.jpg,270299,1fba16bacb08c6068e2b07bac8fbd434f40d44760b49ce18030f960a576db5de
outputs/docx_insert_images_revision/supp/SupplementaryFigure6_P001.jpg,322425,4fa87bdc1540d1d6ada2c436b9a88f2990d565b9d5f804ea10f1e03321771a24
outputs/docx_insert_images_revision/supp/SupplementaryFigure6_P002.jpg,327954,0450055ab9ab3e197c031377230a5ce87470042556a2d1b948490aa426f0f8af
outputs/docx_insert_images_revision/supp/SupplementaryFigure70_P001.jpg,301109,b3759327fd77970bb58eb9a8963be0b9017e7dcdf837b287619a8127168cf12e
outputs/docx_insert_images_revision/supp/SupplementaryFigure7_P001.jpg,218087,f36584aed644afff778b9ebdf1742d286d88192deaea9503546ce0426ce2aa97
outputs/docx_insert_images_revision/supp/SupplementaryFigure7_P002.jpg,209925,4fbda9f55edbd202e4398cfb97ebc06e92d14ca31a32a197b5372f18b74144ba
outputs/docx_insert_images_revision/supp/SupplementaryFigure8_P001.jpg,227381,ae045d4b502691419b7a6dff4ff34494539a5953cc0c48af6f060d1e55c7cc0d
outputs/docx_insert_images_revision/supp/SupplementaryFigure9_P001.jpg,199428,119ad9e2d67d238fe28395a575768cd9e1364cd91f6bf5b6991e5f79fd8de544
outputs/docx_insert_images_revision3/Figure4_taxonomic_bacteria_genus_profiles.jpg,327871,05287b0d509b604dc903a23a7ee078a241b72183ed6f4827640dd596b36c13d5
outputs/docx_insert_images_revision3/Figure5_taxonomic_archaea_genus_profiles.jpg,347421,ccdc78d894fe426171c4c491ef3bf57bc817b04b560e79be3f48cba5bab4565a
outputs/docx_insert_images_revision3/SupplementaryFigure17_RDA_and_physicochemical_heatmap.jpg,264576,c9776acb103c3ed2e207edc72fd404d592075bda16e7335c28ee23f14032ab09
outputs/docx_insert_images_revision3/SupplementaryFigure31A_common_taxa_phylum_heatmap.jpg,254860,4808844d5a76d77f10f651e50ef768177c1b4c9ae6da10fb89c22452fde2d5e9
outputs/docx_insert_images_revision3/SupplementaryFigure31B_common_taxa_order_heatmap.jpg,256718,7d579c70917db376fadd04040af81048e754098f31c9b37d3be4c5190ec658fc
outputs/docx_insert_images_revision3/SupplementaryFigure31C_common_taxa_family_heatmap.jpg,262715,dda300be3a4bf56df856d5f2454194232f3e2542910c25f4732361e57896413f
outputs/docx_insert_images_revision3/SupplementaryFigure33_ResBiomarker_Biogeochemical_cycles_zscore_heatmap_P01.jpg,257296,070762bc4de2484b3e34b848e91ac79b940d87ca73c69c4c99d431202d0e3b4c
outputs/docx_insert_images_revision3/SupplementaryFigure33_ResBiomarker_Biogeochemical_cycles_zscore_heatmap_P02.jpg,249993,6adaf673f6f98c7d278df2eef3fefd9314d90ccec612785e112d5a51885f7673
outputs/docx_insert_images_revision3/SupplementaryFigure33_ResBiomarker_Biogeochemical_cycles_zscore_heatmap_P03.jpg,256313,37ef4c2459c34c48a6f4339e39674cc81856bf6007170ac2d9b6b8abc8723d6c
outputs/docx_insert_images_revision3/SupplementaryFigure33_ResBiomarker_Biogeochemical_cycles_zscore_heatmap_P04.jpg,248758,2c3f5eb97c4974e28034142850307c9752a0d2770cf57fc0fcb42bace2f74649
outputs/docx_insert_images_revision3/SupplementaryFigure33_ResBiomarker_Biogeochemical_cycles_zscore_heatmap_P05.jpg,252447,0679f783f520a44a22d8b7a0f54784946d64670c173a1cc7be1b3a5525547396
outputs/docx_insert_images_revision3/SupplementaryFigure33_ResBiomarker_Biogeochemical_cycles_zscore_heatmap_P06.jpg,254497,43afe15a8c63335ddf42113f299b1f11732b738e0b4719fc15d712f0459969a5
outputs/docx_insert_images_revision3/SupplementaryFigure33_ResBiomarker_Biogeochemical_cycles_zscore_heatmap_P07.jpg,254200,0e6f907b2c74cde4f578c5505726bfb6b3c95d24a61e292c2020bdbe04b56332
outputs/docx_insert_images_revision3/SupplementaryFigure33_ResBiomarker_Biogeochemical_cycles_zscore_heatmap_P08.jpg,253130,9f3a1dad84a4471bcb929e1138116095c988134a3628d1f7507522b8c04057af
outputs/docx_insert_images_revision3/SupplementaryFigure33_ResBiomarker_Biogeochemical_cycles_zscore_heatmap_P09.jpg,255193,3f9d33191fb5b1be41312d796646ac209275dc15dce600a59dd07569d352a0a3
outputs/docx_insert_images_revision3/SupplementaryFigure33_ResBiomarker_Biogeochemical_cycles_zscore_heatmap_P10.jpg,182346,82599fc28269add5b95e3786b3c122a62f0959be96b0094933f2bc79da7810c7
outputs/docx_insert_images_revision3/SupplementaryFigure70_external_iron_rich_environment_world_map.jpg,226103,1fcb86a666e24789d479e935dd00144e57f4faa0a6e42a58900b49df001b6c4e
outputs/environmental_group_heatmap_comparison.json,15543,e0ae8f9d412d6e2d1df94e043bf5177d9d98275f7b48edc8bf9c416d32dfe72e
outputs/environmental_group_heatmap_comparison.tsv,880037,3f94e1308805d4e9cb3c97dd8b9c3d2a5f326da90215e3458804dc0a3aa34ce6
outputs/environmental_group_heatmap_generation_report.json,23843,6e5fedb5f941a341ade7b14e782d0887a848c6e6a36dd5d4984dc7dd61ef2549
outputs/final_publication_audit_tables/Taxonomy_all_levels_supplementary_figure_index.csv,722,f68e2a5b91cfdbdc1fae1a996b22034da319f6ad22feaeb5ab61bf319a33e037
outputs/final_publication_audit_tables/source_SupplementaryFigure14_GTDB_phylum_combined_bold.csv,47587,da747753a91f309bb3672b8af9604e296bbad393e6f0d4bd35565e0319e0644c
outputs/final_publication_audit_tables/source_SupplementaryFigure18_GTDB_phylum_metagenomics_bold.csv,27409,c2f757c19c76734eb4125320951e53c171005a7cdc9efc50e128dfb6108f093a
outputs/final_publication_audit_tables/source_SupplementaryFigure19_GTDB_phylum_metatranscriptomics_bold.csv,13074,e5d785b5a57739b70c09208ad160eeb3f5a0f9ad9cb271a6015334724a056eae
outputs/final_publication_audit_tables/source_SupplementaryFigure20_GTDB_order_combined_bold.csv,66544,43121a762c07c7c49dc093739358994432b4a833cc35f92b4c08ab61c442c356
outputs/final_publication_audit_tables/source_SupplementaryFigure21_GTDB_order_metagenomics_bold.csv,36634,6b3ded9800be11cae7c0278f4479812d5f0b6ca62831b82fca117e4011713944
outputs/final_publication_audit_tables/source_SupplementaryFigure22_GTDB_order_metatranscriptomics_bold.csv,17059,abc253b51e8e956ea38b398088bd0f933787d720d2ed570aba2f26649ddcc53d
outputs/final_publication_audit_tables/source_SupplementaryFigure23_GTDB_family_combined_bold.csv,62759,1191cd7dc0cd4fc22535d07b7c3e1d6e90135b17e8346fccc616d46fef5d8045
outputs/final_publication_audit_tables/source_SupplementaryFigure24_GTDB_family_metagenomics_bold.csv,36696,79933dcdcd9bdd600a9aa4912e520f4d1091386922f0d8878fdbcce0f630afd6
outputs/final_publication_audit_tables/source_SupplementaryFigure25_GTDB_family_metatranscriptomics_bold.csv,15750,301121e5796c2b1b24d20d6656b4677855055c0037ed6fc3d3d0c78d1d4cc4e9
outputs/final_publication_audit_tables/source_SupplementaryFigure40_ST8_external_iron_rich_module_completeness_KEMET_style_3state_heatmap.csv,33317,d19e23e5ded5d2cc891c801d83e77d96d9c8d66815b1a933a98e561f60989750
outputs/final_publication_audit_tables/source_SupplementaryFigure41_lagoon_plus_external_iron_rich_module_completeness_KEMET_style_3state_heatmap.csv,39846,04f212d1c5712bde5810af0c6bbb619852006c6d62207dd2eb777760288fce57
outputs/final_publication_derived/SupplementaryFigure17C_physicochemical_row_zscore_heatmap.png,198449,adbf119804678563475ae386682df4347ef29eb9f8a32bc72798e50a1415d060
outputs/final_publication_derived/SupplementaryFigure17C_physicochemical_row_zscore_heatmap_source.csv,1889,71fc6492ea64001e9ebbdfcb4bc9e29dde901544742fe12cdc41fa7fc991c876
outputs/final_publication_derived/SupplementaryFigure17_RDA_and_physicochemical_heatmap_corrected.png,1629842,be51e558d2ffe09957fbc531b62ece96d4b8028be35097cfbbc373109db8cb6d
outputs/final_publication_derived/SupplementaryFigure40_ST8_external_iron_rich_module_completeness_by_environmental_group_column_order.csv,9628,266a1531783e9db6b6b56448d6558fd7663d15d52da886ad19d448994e85f4f7
outputs/final_publication_derived/SupplementaryFigure40_ST8_external_iron_rich_module_completeness_by_environmental_group_status.csv,30114,c18c356f16d374864621fb5fdaf59b688d828416d0f5b9462f896274d17a9900
outputs/final_publication_derived/SupplementaryFigure67_lagoon_plus_external_iron_rich_module_completeness_KEMET_style_3state_heatmap_column_order.csv,11045,0ca0412e7a40583f6c57d6d2115afa3ad0be81d1fb51ea52e220f39029567ba0
outputs/final_publication_derived/SupplementaryFigure67_lagoon_plus_external_iron_rich_module_completeness_KEMET_style_3state_heatmap_status.csv,43257,59571a6511a8895b52735671978531ab7be10d33441d54d537935a14f7c8f5cf
outputs/final_publication_derived/SupplementaryFigure67_lagoon_plus_external_iron_rich_module_completeness_by_environmental_group_column_order.csv,12002,6359a9680b24cc2606f989448446e7d7f1223322c1c66c85d17e25a5edd27253
outputs/final_publication_derived/SupplementaryFigure67_lagoon_plus_external_iron_rich_module_completeness_by_environmental_group_status.csv,43257,ccaefa8c5182ccd7f8711e3c4dbd90389f18b62605b0d8339413f6a8e742e9b7
outputs/final_publication_figures/Figure1_sampling_map.pdf,74786,5127608538512faf928fa3de90840bd5ef33394284a85bf880a56a72a60b8aba
outputs/final_publication_figures/Figure1_sampling_map.png,16916671,98c3b8e6559c6946481815f4fa769efdb5793f5f95506e6b86cdbd53f583b94e
outputs/final_publication_figures/Figure1_sampling_map.svg,1015544,b5007c52ec5225e58df5b438a9188111aac4179162de503fdbad70a14b4e452b
outputs/final_publication_figures/Figure2_taxonomic_phylum_bacteria_horizontal_CDS.pdf,35835,89d12267e9678dd5d54bb54b08523bc5ea413838af1775ac866bddd02a9a6edc
outputs/final_publication_figures/Figure2_taxonomic_phylum_bacteria_horizontal_CDS.png,368302,82c84f0ac1095f6db0c11e903decd3fc0e54cd03d47ea17bf0a3dd1c29fe3cb0
outputs/final_publication_figures/Figure2_taxonomic_phylum_bacteria_horizontal_CDS.svg,167939,672fe0ff973d1acb4032a3217976707fdd054cdc3cbb8a5840ac168daf2dbaea
outputs/final_publication_figures/Figure3_taxonomic_phylum_archaea_horizontal_CDS.pdf,35716,11c36080f1d59892a89eefb14baacc2dab4d3ec27d0f770c367bd84167ac0397
outputs/final_publication_figures/Figure3_taxonomic_phylum_archaea_horizontal_CDS.png,425659,57716fbc66b2e21adffaea84146ce34a8a8923ededc6f50898b0d0d42896a819
outputs/final_publication_figures/Figure3_taxonomic_phylum_archaea_horizontal_CDS.svg,175447,89fec9f0f8b32fd27a876ea0b93f58d66152d203f13669370e183e4148a51c5a
outputs/final_publication_figures/Figure4_taxonomic_bacteria_genus_profiles.pdf,60371,25dec5fce21eca9333a7e74b39313b916fe731b00b69ca78b23755b49888e949
outputs/final_publication_figures/Figure4_taxonomic_bacteria_genus_profiles.png,1162516,9a5809e71204db9f08226ad5368da61a38f08e0c47adef78ed9ce7211f5a884b
outputs/final_publication_figures/Figure4_taxonomic_bacteria_genus_profiles.svg,314766,e6a8fdfda81a07013d26a7ca901b911fa468bff2966d245b447efee4fbc79538
outputs/final_publication_figures/Figure5_taxonomic_archaea_genus_profiles.pdf,59671,ec2017b15c7d6c2b655dbcb4c472af5cad6913e41092c54e1ebeac0f4255fa75
outputs/final_publication_figures/Figure5_taxonomic_archaea_genus_profiles.png,1213763,842dc51275016d835ede795bf2f37c49bd73a449209faf24574413df2c949cef
outputs/final_publication_figures/Figure5_taxonomic_archaea_genus_profiles.svg,312177,cc3395090ea41b0397189b63d9ec733d3393e06e1b0c2c62b9bbbcd54625e06d
outputs/final_publication_figures/Figure6_taxon_differential_abundance.pdf,29233,ead13ae289423ec3de111a837835da1aed2ef7d03416b1c3e77ef944cf4629ea
outputs/final_publication_figures/Figure6_taxon_differential_abundance.png,2284373,a3b45bde7709a9815201620e3a515fe6cd7e4344503cce5c2ab1742bd083a675
outputs/final_publication_figures/Figure6_taxon_differential_abundance.svg,153110,5cfed856cc915212ddadd3b749adbd617aac09689ad41c89eca7e1049df9f7b6
outputs/final_publication_figures/Figure7_MAG_quality_and_abundance.pdf,44850,550896bda87f314c09823b341731f8f1d26e6d513ff1603b2c67b0ae8aeddb99
outputs/final_publication_figures/Figure7_MAG_quality_and_abundance.png,1124513,b49ccd937f6576d21ada3811fff79d260c41574e4865d810d5cfafa2abb61762
outputs/final_publication_figures/Figure7_MAG_quality_and_abundance.svg,114901,4468b5adfcc578c436cdab4a6589b059a1f1b23d66e76e6824ce9dd58b926a5b
outputs/final_publication_figures/Figure8_KO_differential_abundance_dry_rainy.pdf,28735,100a579f986e7dbf45821f18d5ab2cb5e432a3a8944117a2f0f713cadfc32f28
outputs/final_publication_figures/Figure8_KO_differential_abundance_dry_rainy.png,1077634,ed67a7b0d94a63041a002b27034a523a4966a6b8442b4879866cfda27d269923
outputs/final_publication_figures/Figure8_KO_differential_abundance_dry_rainy.svg,43750,dc7f3af7089990d41c6e625a76bba9661d06767311a5e35e305e576e1db0ff04
outputs/final_publication_figures/SupplementaryFigure10_iron_category_boxplot_vivid.pdf,577153,fa3151eb58793c2f1879cb6b01eeed43212d54849be34d155bcb071afb3c73fe
outputs/final_publication_figures/SupplementaryFigure10_iron_category_boxplot_vivid.png,1416724,df6713ce42a3110e380fbf838784af3d2be82fcef0f94594f2fe602401cfd665
outputs/final_publication_figures/SupplementaryFigure10_iron_category_boxplot_vivid.svg,667734,f2485cc778f40a76a548bd515875aa2e0fe3290a9f218486a4fef28fc2821259
outputs/final_publication_figures/SupplementaryFigure11_most_abundant_iron_markers_vivid.pdf,33119,7ae5b4a96b54654f7e5c8470beaf3d67937eb60cccd330d486b42325c48d2665
outputs/final_publication_figures/SupplementaryFigure11_most_abundant_iron_markers_vivid.png,2086983,7b0a405372bca52738a89e903ce328ca5b1cbcb52fc1745ed784d52bfa66b502
outputs/final_publication_figures/SupplementaryFigure11_most_abundant_iron_markers_vivid.svg,199987,8ad5aead7fcd81ffe8220e05e5c6f3bec9b67a414c27b93459a3e68265b5e524
outputs/final_publication_figures/SupplementaryFigure12_combined_marker_contrasts_vivid.pdf,957794,15941bfeecfd5424a81d439cbcfd1b670a702483c6d6e9a01efe618a623c1226
outputs/final_publication_figures/SupplementaryFigure12_combined_marker_contrasts_vivid.png,634276,cc7ae786902d5bdac021eff9049d1721b4b615f7ef75d778c1fda3e3b700de17
outputs/final_publication_figures/SupplementaryFigure12_combined_marker_contrasts_vivid.svg,1349826,34c59c84c9e1a508e0232a2b7c29810c1fdeedfc5e88b871aace7ce7da221b0b
outputs/final_publication_figures/SupplementaryFigure13_metadata_availability_heatmap_vivid.pdf,592227,09259eeae4b6395f9b91ae462216f673eb890ca86b95424f3f36df437407dbd5
outputs/final_publication_figures/SupplementaryFigure13_metadata_availability_heatmap_vivid.png,1352575,601b7f58165b6c93156a37643cbbdb8361f87a0449f2387ae16fd981935b9b14
outputs/final_publication_figures/SupplementaryFigure13_metadata_availability_heatmap_vivid.svg,894946,06fa86b8438bd43e0d9483c9fc6c14ecbb8d2d385e40c1ee6b6cce560fdb6d5d
outputs/final_publication_figures/SupplementaryFigure14_GTDB_phylum_combined_bold.pdf,31146,5787f3ea4888ad0e74a417b3e605165a460e79fcb007323ce3b233648151a63d
outputs/final_publication_figures/SupplementaryFigure14_GTDB_phylum_combined_bold.png,1302687,c48d4247b4b466404947282db916844cd1cb96c329c7729c3a89ddf7328c0ab3
outputs/final_publication_figures/SupplementaryFigure14_GTDB_phylum_combined_bold.svg,214351,b06b6c918745241700be03a6164d0e67a5014e7de9de9435b9aa787444350503
outputs/final_publication_figures/SupplementaryFigure15_FeGenie_all_metagenomes_heatmap_vivid.pdf,447976,2d3a50eb53efb07069bbf686f7e0f31e0986d593fa21b408ddc97fcc6d0e6fce
outputs/final_publication_figures/SupplementaryFigure15_FeGenie_all_metagenomes_heatmap_vivid.png,913967,5f20500095ff3b8ea390d3478dd8c16ee2e3e5df6301e61d9576f948f0dd3f97
outputs/final_publication_figures/SupplementaryFigure15_FeGenie_all_metagenomes_heatmap_vivid.svg,499450,17eef5c50aa5e08b59498949527755c831656c1a03bf760ae3540bf8744ec589
outputs/final_publication_figures/SupplementaryFigure16_FeGenie_boxplots_statistics_vivid.pdf,33211,4631d594333d8acbf2e831de0f511d2b7d67096aead5ef98d0a27bc085b92487
outputs/final_publication_figures/SupplementaryFigure16_FeGenie_boxplots_statistics_vivid.png,1293447,3d596574f90f241d20060f6c449f8a59260a2124fb97e38d1f216c3d0872fa09
outputs/final_publication_figures/SupplementaryFigure16_FeGenie_boxplots_statistics_vivid.svg,141572,45de8fa0463467a736cf2faf26b74dfe5c7111b38214aa95baef3ea9a19b496f
outputs/final_publication_figures/SupplementaryFigure17C_physicochemical_row_zscore_heatmap.png,198449,adbf119804678563475ae386682df4347ef29eb9f8a32bc72798e50a1415d060
outputs/final_publication_figures/SupplementaryFigure17_RDA_and_physicochemical_heatmap.pdf,66400,0a3c0e8cade0567618a6cb578ec408a933d24851353facea893434188b0023b5
outputs/final_publication_figures/SupplementaryFigure17_RDA_and_physicochemical_heatmap.png,1246450,b39515aff803279f068a195303ee327cdd595da47271c8202ef09f80f663aa26
outputs/final_publication_figures/SupplementaryFigure17_RDA_and_physicochemical_heatmap.svg,196072,6a8fe7018a2f90b732bd06e8f98aa762cbd875796b23e11d53434d2e6c69bbb0
outputs/final_publication_figures/SupplementaryFigure18_GTDB_phylum_metagenomics_bold.pdf,28972,91378b304714054dd8fc76c0a855ea86ad84be1221054460b50b700a2e059105
outputs/final_publication_figures/SupplementaryFigure18_GTDB_phylum_metagenomics_bold.png,1096365,0472a248312eca7f68df6f2a18b15fc50adcf212360d89c718a307ba70ed26e5
outputs/final_publication_figures/SupplementaryFigure18_GTDB_phylum_metagenomics_bold.svg,155574,be6f342fb7406b99f49178b82941bafc0c5cc45744cd37a91632ffd3a15de068
outputs/final_publication_figures/SupplementaryFigure19_GTDB_phylum_metatranscriptomics_bold.pdf,26566,5dd37083aae65694ce7b0549234ded4245d9d27b1ba7a7d8e13d771c02b2cb62
outputs/final_publication_figures/SupplementaryFigure19_GTDB_phylum_metatranscriptomics_bold.png,847838,dbc50cc748381d0d8fc52181ed4eca0e88ae14ab42d63de72589ca6a5b12a1b5
outputs/final_publication_figures/SupplementaryFigure19_GTDB_phylum_metatranscriptomics_bold.svg,119255,5414835cb0d681bcc0b6addc730e0d0cb42bda5020ec1e8d61d2df632426b8a2
outputs/final_publication_figures/SupplementaryFigure1_metrics_boxplots_vivid.pdf,2020757,09e48ba2962e1992ef76f078db95940b64d2b653876d162549b4baaf8980bf2d
outputs/final_publication_figures/SupplementaryFigure1_metrics_boxplots_vivid.png,1026817,c5b676e0689d495cfe8712452c43d626cf2afd645bf95681bce9a2c876a5c977
outputs/final_publication_figures/SupplementaryFigure1_metrics_boxplots_vivid.svg,1369254,a4fb57351be0a010f12d4bf91b00d0f1eaac0e26c414e0db07eda9b529d692e0
outputs/final_publication_figures/SupplementaryFigure20_GTDB_order_combined_bold.pdf,34253,451264cbd19d78df44753ef024b67bcfef406276c4a54e162cc52a9d10ab2b52
outputs/final_publication_figures/SupplementaryFigure20_GTDB_order_combined_bold.png,1755816,3d752b26726ee6487ebf8a878a42e2fded54f305af18ca240b6108addcbf47d2
outputs/final_publication_figures/SupplementaryFigure20_GTDB_order_combined_bold.svg,307334,a4d14a99d8beb59cc71811f17d79f788095394f71c08e01a362ada3feaa0f082
outputs/final_publication_figures/SupplementaryFigure21_GTDB_order_metagenomics_bold.pdf,31357,0a3ff43cff0d2fabed7a5cc16138be06962f96c7325a3842ef89f6e94a21f440
outputs/final_publication_figures/SupplementaryFigure21_GTDB_order_metagenomics_bold.png,1504269,20a9a0b7aca763f66d3569df0c35824271ba8dadb187dc6026d209b63a17d676
outputs/final_publication_figures/SupplementaryFigure21_GTDB_order_metagenomics_bold.svg,242740,8c2a2748ad088d3b59ba49c3a9d40d780a824ab284847f93b5f94f4ee93f3b45
outputs/final_publication_figures/SupplementaryFigure22_GTDB_order_metatranscriptomics_bold.pdf,28701,59c502deb24162af68593e7d2b5a0dbd33d6f8c9aaa5b648cb2aa5017cf3cc55
outputs/final_publication_figures/SupplementaryFigure22_GTDB_order_metatranscriptomics_bold.png,1223814,c0560f29474f339ac1c0370067de65f7257cd6eaa5a23fc83386c67ae0385f53
outputs/final_publication_figures/SupplementaryFigure22_GTDB_order_metatranscriptomics_bold.svg,198953,3467aacd5221ab0b12fd6e9c0146f5b2dc9eaff3e1a34a251becdbd28bc00b80
outputs/final_publication_figures/SupplementaryFigure23_GTDB_family_combined_bold.pdf,34472,8e1dd323d74a15a1fee483b25c40c602c4005a505aec1526de3af62b14eca42c
outputs/final_publication_figures/SupplementaryFigure23_GTDB_family_combined_bold.png,1901826,1f851dfda210f0c9c5bd27bbeb69094c822855819a41481adeb1b5b1345f8e1b
outputs/final_publication_figures/SupplementaryFigure23_GTDB_family_combined_bold.svg,338958,1f1bc3f8a991565f1cbf1ff276c4a8fbcaa70ce9492e07973dc54e4a2bf7751d
outputs/final_publication_figures/SupplementaryFigure24_GTDB_family_metagenomics_bold.pdf,32032,c09eb6c48bbd72088f9029fa4f1a06e604c6671ed5f64362bc88d64fc83dcff5
outputs/final_publication_figures/SupplementaryFigure24_GTDB_family_metagenomics_bold.png,1622677,40ca2134542005fb7031c2ec2eac78313087e60aec56b912901248c1a59b636b
outputs/final_publication_figures/SupplementaryFigure24_GTDB_family_metagenomics_bold.svg,275622,f4df273b2c27d58e6c0d6fc5c6d0f3a2d5f682b5ceedfe1f0e7ef0bef928e116
outputs/final_publication_figures/SupplementaryFigure25_GTDB_family_metatranscriptomics_bold.pdf,29661,3e4f5af3c80e861cb48c6947fcaf9bcee9ec5cf0d7405ff76afc3f04baf83955
outputs/final_publication_figures/SupplementaryFigure25_GTDB_family_metatranscriptomics_bold.png,1364153,0ca1df41975a316f48d791706eaa099b90010c048576b4c2f9928c1d2548f282
outputs/final_publication_figures/SupplementaryFigure25_GTDB_family_metatranscriptomics_bold.svg,236537,0178d908752ef169a9f2c4aaeb970e0613e4dbb929e6dff3a6c8211198481ac2
outputs/final_publication_figures/SupplementaryFigure26_taxonomic_overlap_phylum_original.pdf,203848,577cf1ed661c8ef54fafad7b5b11d4b50d246db58175f4fe48899a9f4eb212cc
outputs/final_publication_figures/SupplementaryFigure26_taxonomic_overlap_phylum_original.png,1989904,1a3bbaebfc1deff1acbc737fcad2cf3e5ce3dcd45b9fc46d822ff518b606105f
outputs/final_publication_figures/SupplementaryFigure26_taxonomic_overlap_phylum_original.svg,385306,378046120ae98441c4a807063f257ff1b3c6cdf17bf6cec8ab670df19b35726f
outputs/final_publication_figures/SupplementaryFigure27_taxonomic_overlap_order_original.pdf,204521,18710f4a83a8c77153d384e39ded6241515918329fc1af61d06592de871c49e4
outputs/final_publication_figures/SupplementaryFigure27_taxonomic_overlap_order_original.png,1998456,8b97700e8001719548bafd3bc860da1ab24325420dd61bc9d334d3e31170b084
outputs/final_publication_figures/SupplementaryFigure27_taxonomic_overlap_order_original.svg,385754,66fd8c2658374da60c1a4bb4d0c726c54763a0cef4d077ea1db0dc4f666f3783
outputs/final_publication_figures/SupplementaryFigure28_taxonomic_overlap_family_original.pdf,205092,7b33e68b06c8006b334ae6c836b1c35f8a33ca33fa415d8c52f82e2e904e3b4e
outputs/final_publication_figures/SupplementaryFigure28_taxonomic_overlap_family_original.png,1993144,a4d26d1ae52cf0786a1fac11d10cc37de0079f60ba487399264b19c342e7bf2b
outputs/final_publication_figures/SupplementaryFigure28_taxonomic_overlap_family_original.svg,384474,ef85ec1f7132c019571cd7c8e1f99774b7ad884bfb72c15cdbfa9851748dce15
outputs/final_publication_figures/SupplementaryFigure29_complete_computational_workflow.pdf,25712,01e6244ee277ad28681f4c41d8175a0939b55b5cac513d95a246aac502f1a0d6
outputs/final_publication_figures/SupplementaryFigure29_complete_computational_workflow.png,790754,8238debc16105eed8c43c44ae32ac85f32f6ef81bca5a7196831af87300b4507
outputs/final_publication_figures/SupplementaryFigure29_complete_computational_workflow.svg,109774,7b38b02b3f80a89ee17eb606084f3ba9efdcfe7ce672f0018d63c8aff21de876
outputs/final_publication_figures/SupplementaryFigure2_rarefaction_curves_CDS_32999.pdf,41268,0519621db0353bdc8b589efc9af514235222abdbfa8f3074c117af54f6756bb4
outputs/final_publication_figures/SupplementaryFigure2_rarefaction_curves_CDS_32999.png,4710571,067f639ce3e0210fe696830845de098234a44e3e4270ff595d587019124519b8
outputs/final_publication_figures/SupplementaryFigure2_rarefaction_curves_CDS_32999.svg,149416,dfadf5c7b74ba8d13f876e5e122e60744902495d502a5e25734e5c36aecb0897
outputs/final_publication_figures/SupplementaryFigure30_verified_coordinates_original.pdf,26582,aaf5fdbf5e6a2f0a9e071dad8d1e58d0506008fab32e17ae9c24f57685f212dc
outputs/final_publication_figures/SupplementaryFigure30_verified_coordinates_original.png,214079,45d0b85fff4e8fd7eaf04322a4796a597824ac1ef639ebd648fcb81a08508b64
outputs/final_publication_figures/SupplementaryFigure30_verified_coordinates_original.svg,71514,ee0642410f7a214c05d3e2095732df7e7a50a53d7baa1c102185070ad3953584
outputs/final_publication_figures/SupplementaryFigure31A_common_taxa_phylum_heatmap.pdf,113731,5491116d48af5a4e4d9798818974436a7a85f48a98ce69acfd926275b422a67e
outputs/final_publication_figures/SupplementaryFigure31A_common_taxa_phylum_heatmap.png,688093,81ac2fed946494db93b4860c02208043fd3ec606f15f2dd4efcf88f574b90e21
outputs/final_publication_figures/SupplementaryFigure31A_common_taxa_phylum_heatmap.svg,156111,2424ae8ae97e463c3eafb5b1ee3506898cb6a6f839a42ed3cf70b3bfb27efb0e
outputs/final_publication_figures/SupplementaryFigure31B_common_taxa_order_heatmap.pdf,126608,98b0e523e17365a5ef8624a66fe1a5e5dccc86afd7c6687c78b44fd8de077ae9
outputs/final_publication_figures/SupplementaryFigure31B_common_taxa_order_heatmap.png,769707,d50187ee1124603d16cafacd672352b0c8335e8aa45a1c1d2c370cbb4edb9bb3
outputs/final_publication_figures/SupplementaryFigure31B_common_taxa_order_heatmap.svg,172708,dda9aa1f513df0328ec0f95ca27045f8dbc6e1228a92e66463785b85e109b500
outputs/final_publication_figures/SupplementaryFigure31C_common_taxa_family_heatmap.pdf,122959,dddeaa74c63c6674432208cdc6654bbc770539426864cd7fd72cb012c3eb58dd
outputs/final_publication_figures/SupplementaryFigure31C_common_taxa_family_heatmap.png,795270,b8ae96dba93b5db2de8b34742c401a0fe2139fd488eb879d1fb969473913f609
outputs/final_publication_figures/SupplementaryFigure31C_common_taxa_family_heatmap.svg,172988,a3de3a5795656455f65a7a38b01e32fbcb0d5b4d9982ac9650d8c630f84b98a8
outputs/final_publication_figures/SupplementaryFigure32_ResBiomarker_Biogeochemical_cycles_raw_heatmap.pdf,335723,59759522ab40e5444f90315bcae789c7b0effa2991b0d4d0b901f5c4546ebde9
outputs/final_publication_figures/SupplementaryFigure32_ResBiomarker_Biogeochemical_cycles_raw_heatmap.png,5637470,1f4e0092498177a5d0fb5caa4013edd27d7465b6a4a56e44b5c8d2d5a45746d4
outputs/final_publication_figures/SupplementaryFigure32_ResBiomarker_Biogeochemical_cycles_raw_heatmap.svg,2613246,69d13929464155a5c2554033f5c6f7e2e3e4be4914cd333ea6a1764d7c776b76
outputs/final_publication_figures/SupplementaryFigure32_ResBiomarker_Biogeochemical_cycles_raw_heatmap_P001.png,1165084,3f293b7ef3526e75bd0e9d831859777b9f4d84bdba123ee9c89755731ca77a9e
outputs/final_publication_figures/SupplementaryFigure32_ResBiomarker_Biogeochemical_cycles_raw_heatmap_P001.svg,1553610,7bd761b92a529f8b4352fd3ad927c084f51d75cfe2e4b328f26fce9691e8f3f8
outputs/final_publication_figures/SupplementaryFigure32_ResBiomarker_Biogeochemical_cycles_raw_heatmap_P002.png,973254,32734026742a7c9a815934579fb562e5f4d975201dc14de9f9f37bc296e41095
outputs/final_publication_figures/SupplementaryFigure32_ResBiomarker_Biogeochemical_cycles_raw_heatmap_P002.svg,1297834,c5f763bd45e83954e6047b473f200d32e38cc80f26e1321ac3a1507379c4e0bd
outputs/final_publication_figures/SupplementaryFigure32_ResBiomarker_Biogeochemical_cycles_raw_heatmap_P003.png,1083127,ec691c97faf0592a378391f4063db3065f744c2c01bf8462d3d0651778e0a9d4
outputs/final_publication_figures/SupplementaryFigure32_ResBiomarker_Biogeochemical_cycles_raw_heatmap_P003.svg,1444334,ce171d13fb1229a48b0bbd5bf619c7fb58f477eba57acc8ce608734e37334008
outputs/final_publication_figures/SupplementaryFigure32_ResBiomarker_Biogeochemical_cycles_raw_heatmap_P004.png,1117861,e2e5589c72a553c27d9d89157b1297548bbad87864f0e4688b6be1ccb2f86e07
outputs/final_publication_figures/SupplementaryFigure32_ResBiomarker_Biogeochemical_cycles_raw_heatmap_P004.svg,1490646,a9cdca0383f304cc77986985d27a7b855f6392b02ce4e00b00ab4376791aa73a
outputs/final_publication_figures/SupplementaryFigure32_ResBiomarker_Biogeochemical_cycles_raw_heatmap_P005.png,1109972,58174cf70097de5ecb44b92514a17d8bdfe5388d746220e678c432d14178b1f9
outputs/final_publication_figures/SupplementaryFigure32_ResBiomarker_Biogeochemical_cycles_raw_heatmap_P005.svg,1480126,2fb52fb7b14a7c1074776451aa2a58b3fb9e77a27f0b5369879249cb77cb80a5
outputs/final_publication_figures/SupplementaryFigure32_ResBiomarker_Biogeochemical_cycles_raw_heatmap_P006.png,1069289,1856a95ca903acea39b8234d9acb3f13c9fcae4c94f803fa4aa6b99b9c198dd2
outputs/final_publication_figures/SupplementaryFigure32_ResBiomarker_Biogeochemical_cycles_raw_heatmap_P006.svg,1425882,b2bb9ac9088bda70d1ffc4b9aa36e418b367e53ee788d0a3d78ef517d2c57db1
outputs/final_publication_figures/SupplementaryFigure33_ResBiomarker_Biogeochemical_cycles_zscore_heatmap.pdf,344944,d6947ebb95a42718507a9051e3159d6ac7342bd671f6ca8740cef538bc58df69
outputs/final_publication_figures/SupplementaryFigure33_ResBiomarker_Biogeochemical_cycles_zscore_heatmap.png,5625312,a38cb592f8a8af1a7eb49295c05e587a6f726e0d55ac471cc9f0c33371c55dad
outputs/final_publication_figures/SupplementaryFigure33_ResBiomarker_Biogeochemical_cycles_zscore_heatmap.svg,2530518,d8ebab080821dc9f6ef07d2168e2478a8b9f4ec6b46cac2c8cc1f906128face1
outputs/final_publication_figures/SupplementaryFigure33_ResBiomarker_Biogeochemical_cycles_zscore_heatmap_P001.png,1161864,e445815f460d2b91822a7f8c1701b09530916a54d649ed967deecb0e3ee01ce3
outputs/final_publication_figures/SupplementaryFigure33_ResBiomarker_Biogeochemical_cycles_zscore_heatmap_P001.svg,1549314,85ed48f6b957b0d7f41e2c3389d0794d3c17be2813f4b75a4caea9cfb747d33f
outputs/final_publication_figures/SupplementaryFigure33_ResBiomarker_Biogeochemical_cycles_zscore_heatmap_P002.png,974017,6974419d266c409c9b13ba7d8875ed88b60b0ff66013310c5726d8e417ba40e3
outputs/final_publication_figures/SupplementaryFigure33_ResBiomarker_Biogeochemical_cycles_zscore_heatmap_P002.svg,1298854,d5bad2b916fceadf0c84b4c6c200c2d204a4c0d519f0045140b6d913d39e6b19
outputs/final_publication_figures/SupplementaryFigure33_ResBiomarker_Biogeochemical_cycles_zscore_heatmap_P003.png,1082325,a4e40776ec067e5f3d23934f6328dc67ef68bf380f592ccfe0c9b35587658233
outputs/final_publication_figures/SupplementaryFigure33_ResBiomarker_Biogeochemical_cycles_zscore_heatmap_P003.svg,1443262,287528ed2891d808a94562a85c15143758715b6bc8b4b4268c3a91ff66e5e5ef
outputs/final_publication_figures/SupplementaryFigure33_ResBiomarker_Biogeochemical_cycles_zscore_heatmap_P004.png,1120488,4cc6665f484e82a247c119ec9edba06997b463738770d79194600549bb440821
outputs/final_publication_figures/SupplementaryFigure33_ResBiomarker_Biogeochemical_cycles_zscore_heatmap_P004.svg,1494146,c50d2a009342c08e6b82c6f2934118c4e153aebd21a9346a65aa79eacb12b99e
outputs/final_publication_figures/SupplementaryFigure33_ResBiomarker_Biogeochemical_cycles_zscore_heatmap_P005.png,1103061,932826691d84e5d80116bb2834ae78522131b313338af2b75020d3d76ad39f65
outputs/final_publication_figures/SupplementaryFigure33_ResBiomarker_Biogeochemical_cycles_zscore_heatmap_P005.svg,1470910,ab3c13fefce5e188cf5097a8b52d093962c839b3c7686f28bc883c082560c7e9
outputs/final_publication_figures/SupplementaryFigure33_ResBiomarker_Biogeochemical_cycles_zscore_heatmap_P006.png,1062430,fab3e89fb676a2a759f714c6bf6d006ba909c96ece8f5a1e0833a7264aeff345
outputs/final_publication_figures/SupplementaryFigure33_ResBiomarker_Biogeochemical_cycles_zscore_heatmap_P006.svg,1416738,71181327d251f9e3180b3a673872dd709701e4151b3bb161595b974363a6f49d
outputs/final_publication_figures/SupplementaryFigure34_ST8_records_by_group_layer_vivid.pdf,24818,76b241cbd04fae89d09ed14eebab41aa59c70163203feed368983f1dc5d7dde9
outputs/final_publication_figures/SupplementaryFigure34_ST8_records_by_group_layer_vivid.png,976711,c1659f6cbbeea2482b89545a3500c174933fb3454a371eba554ed5fed71e8999
outputs/final_publication_figures/SupplementaryFigure34_ST8_records_by_group_layer_vivid.svg,57151,e98b416956cae53ad7c75d3fbaeaf77c9bd5087d5472aeb7149e53bbf5f42ab7
outputs/final_publication_figures/SupplementaryFigure35_all_KO_descriptive_contrasts_labeled.pdf,28700,4e2d9fcb439093eec5bf4054c4c53fe8bc9abb5c140bd84f0b5dc1e5286517f7
outputs/final_publication_figures/SupplementaryFigure35_all_KO_descriptive_contrasts_labeled.png,3226191,d626743670dea14da99eaec5d4a68dfe84fbf5846d8b5de26e4645e6cbea6aa6
outputs/final_publication_figures/SupplementaryFigure35_all_KO_descriptive_contrasts_labeled.svg,253328,0e27272644136eddab4be401cefa46f0128bbc29713faef7717c15de6695f8f4
outputs/final_publication_figures/SupplementaryFigure36_iron_KO_descriptive_contrasts_labeled.pdf,32198,db98987b5208d3fb0481fdbfe0c0e91515ec2c7c243b365b821a721551d94691
outputs/final_publication_figures/SupplementaryFigure36_iron_KO_descriptive_contrasts_labeled.png,645404,d8ce3a6699d3a525a9fe52fff681a5cb983ffed8851dafc108e76cee9ee397fd
outputs/final_publication_figures/SupplementaryFigure36_iron_KO_descriptive_contrasts_labeled.svg,167126,9b25e98508839b807a0b7f8151068ce2e4c5f86e60aca4be84cefa1c0479ebd3
outputs/final_publication_figures/SupplementaryFigure37_MAG_KEGG_module_completeness_heatmap_species_MAGnumber_KEMET_style_3state.pdf,39481,e710cdfa98bb7e23eb74fa0488f55cd005a2424e9a1cb166d138a231b81ed962
outputs/final_publication_figures/SupplementaryFigure37_MAG_KEGG_module_completeness_heatmap_species_MAGnumber_KEMET_style_3state.png,908242,ca493a4871695472bf46f3ffb095ce1c710890b3afbbd66f4aa206c7ec29555b
outputs/final_publication_figures/SupplementaryFigure37_MAG_KEGG_module_completeness_heatmap_species_MAGnumber_KEMET_style_3state.svg,174351,cd07a7e922accbeb60f696184785c7dc76d655434b8276f9dbbadaf05b4b9925
outputs/final_publication_figures/SupplementaryFigure37_MAG_KEGG_module_completeness_heatmap_species_MAGnumber_KEMET_style_3state_P001.pdf,34644,b2f091a343fa4f7b4b1b16a97af92a71e36f35eda32b741e7f6cc3900971e6c9
outputs/final_publication_figures/SupplementaryFigure37_MAG_KEGG_module_completeness_heatmap_species_MAGnumber_KEMET_style_3state_P001.png,908242,ca493a4871695472bf46f3ffb095ce1c710890b3afbbd66f4aa206c7ec29555b
outputs/final_publication_figures/SupplementaryFigure37_MAG_KEGG_module_completeness_heatmap_species_MAGnumber_KEMET_style_3state_P001.svg,174351,cd07a7e922accbeb60f696184785c7dc76d655434b8276f9dbbadaf05b4b9925
outputs/final_publication_figures/SupplementaryFigure37_MAG_KEGG_module_completeness_heatmap_species_MAGnumber_KEMET_style_3state_P002.pdf,34513,64171db015d327e28a763c53e8555c4c13f89986410f712e5fc248a8224f553b
outputs/final_publication_figures/SupplementaryFigure37_MAG_KEGG_module_completeness_heatmap_species_MAGnumber_KEMET_style_3state_P002.png,877711,adae296d357777a52d83e393950d17aac4caf7229b7d0dccc0516a76449e5e5a
outputs/final_publication_figures/SupplementaryFigure37_MAG_KEGG_module_completeness_heatmap_species_MAGnumber_KEMET_style_3state_P002.svg,170522,81d44850c0deb0d3a00d4dbd9e237e53000e00aa316366c8a6c6b923e4a2770d
outputs/final_publication_figures/SupplementaryFigure38_metagenome_KEGG_module_completeness_heatmap.pdf,1073522,3f00d8d7a8301f1d10f3c47e650174e1c88d1a46c7ac9039646606b6310e6b6c
outputs/final_publication_figures/SupplementaryFigure38_metagenome_KEGG_module_completeness_heatmap.png,722681,189a83c04fdadf8218401025e4a1568a1dc374784c71fb3cdcc2e3ec9ca61b33
outputs/final_publication_figures/SupplementaryFigure38_metagenome_KEGG_module_completeness_heatmap.svg,963738,e6bac435acc512fedba7ce8c06a34ee13de73bf1f7d9c1d7efed2f9c1e2c20ac
outputs/final_publication_figures/SupplementaryFigure38_metagenome_KEGG_module_completeness_heatmap_P001.pdf,1073512,08f2acad078c74059be71777ee645532ab9c296d89197ca375282daabe41f8e6
outputs/final_publication_figures/SupplementaryFigure38_metagenome_KEGG_module_completeness_heatmap_P001.png,858411,d81c3ed1156148fbdc83833bde2152d8e61a5f1e0b4c248dc881a5c5e9a747f6
outputs/final_publication_figures/SupplementaryFigure38_metagenome_KEGG_module_completeness_heatmap_P001.svg,1144710,7c8227e1d3a630eac4cf8b706f549b0ccc7f13de842f4a6f2fe5755cacb1e718
outputs/final_publication_figures/SupplementaryFigure38_metagenome_KEGG_module_completeness_heatmap_multipage.pdf,1073522,3f00d8d7a8301f1d10f3c47e650174e1c88d1a46c7ac9039646606b6310e6b6c
outputs/final_publication_figures/SupplementaryFigure39_top_enriched_taxa_DESeq2_vivid.pdf,28256,4abca993541fa38b084e3bf116ba4bacee163dcdc927f7bc7798af8594b9d26b
outputs/final_publication_figures/SupplementaryFigure39_top_enriched_taxa_DESeq2_vivid.png,1389328,4daa9d09bd87b1496923c4679ba9d00c8a38f328c7e88c768ade52ee4f8d6a6f
outputs/final_publication_figures/SupplementaryFigure39_top_enriched_taxa_DESeq2_vivid.svg,97806,9de978c80a25f13e944aa79b94c69d8c6c7a138d086dd13ed37d9ae0ed3732b6
outputs/final_publication_figures/SupplementaryFigure3_NMDS_CDS_taxonomy.pdf,29137,f8dec91bbb339abecddd0b1a7bb5704611caf5c2044f7a0a1228e9cbd0d520e5
outputs/final_publication_figures/SupplementaryFigure3_NMDS_CDS_taxonomy.png,291835,fb053bacfae7863e285f365b8932f0c637e2c9abddff86e714115dcc2ee87b2b
outputs/final_publication_figures/SupplementaryFigure3_NMDS_CDS_taxonomy.svg,76675,d0d44ac23e0fa48a850adf9c2a6d99b668fd041d33d3406ec589189b96bc7ff2
outputs/final_publication_figures/SupplementaryFigure40_ST8_external_iron_rich_module_completeness_by_environmental_group.pdf,55937,5dafd6770962326aa7f95eb7d5a43228cf268ce61973c845f6f1a94e9ba30233
outputs/final_publication_figures/SupplementaryFigure40_ST8_external_iron_rich_module_completeness_by_environmental_group.png,636420,6a27bc1e30a677d49027db56d24a17ae9f7e43c9d52bd845f1ea7501a86f6164
outputs/final_publication_figures/SupplementaryFigure40_ST8_external_iron_rich_module_completeness_by_environmental_group.svg,237309,c366112202545ce175fd678765c54183a67df93c9f018275ebb919ab8e319eea
outputs/final_publication_figures/SupplementaryFigure40_ST8_external_iron_rich_module_completeness_by_environmental_group_P001.pdf,44128,02f8e5ac79507432f3c054af08df284ddde71b548bffc201a0510d4a05d687b5
outputs/final_publication_figures/SupplementaryFigure40_ST8_external_iron_rich_module_completeness_by_environmental_group_P001.png,636420,6a27bc1e30a677d49027db56d24a17ae9f7e43c9d52bd845f1ea7501a86f6164
outputs/final_publication_figures/SupplementaryFigure40_ST8_external_iron_rich_module_completeness_by_environmental_group_P001.svg,237309,c366112202545ce175fd678765c54183a67df93c9f018275ebb919ab8e319eea
outputs/final_publication_figures/SupplementaryFigure40_ST8_external_iron_rich_module_completeness_by_environmental_group_P002.pdf,41813,186edf83f21a092e2cb2358eaa34982206ed62aa0ae0857e3d5d0bd8c9a92e63
outputs/final_publication_figures/SupplementaryFigure40_ST8_external_iron_rich_module_completeness_by_environmental_group_P002.png,564827,86fe3a1077f39864a27ad92a542710ae1941df4d1b434071afa9f7a376727b8e
outputs/final_publication_figures/SupplementaryFigure40_ST8_external_iron_rich_module_completeness_by_environmental_group_P002.svg,218345,8e17ff412735efe0204de648ae81d5b33ae75a50e59284f0998dede69d1baf65
outputs/final_publication_figures/SupplementaryFigure41_ST8_external_iron_rich_module_status_summary_3state_barplot.pdf,1165678,4cd382c4adeed35475d834af5db2521af12f77b02c07c01f10801e8114bcec27
outputs/final_publication_figures/SupplementaryFigure41_ST8_external_iron_rich_module_status_summary_3state_barplot.png,822550,5904212d273eeff168b08c3f7b1283cd31dd927b86c0d4cc0c40ec20673b5588
outputs/final_publication_figures/SupplementaryFigure41_ST8_external_iron_rich_module_status_summary_3state_barplot.svg,1096898,9f07d5ec07a576f1887593201b9f6b5593b27ca4867cbcf23e770c2e07590c05
outputs/final_publication_figures/SupplementaryFigure41_ST8_external_iron_rich_module_status_summary_3state_barplot_P001.pdf,1165678,4cd382c4adeed35475d834af5db2521af12f77b02c07c01f10801e8114bcec27
outputs/final_publication_figures/SupplementaryFigure41_ST8_external_iron_rich_module_status_summary_3state_barplot_P001.png,822550,5904212d273eeff168b08c3f7b1283cd31dd927b86c0d4cc0c40ec20673b5588
outputs/final_publication_figures/SupplementaryFigure41_ST8_external_iron_rich_module_status_summary_3state_barplot_P001.svg,1096898,9f07d5ec07a576f1887593201b9f6b5593b27ca4867cbcf23e770c2e07590c05
outputs/final_publication_figures/SupplementaryFigure41_ST8_external_iron_rich_module_status_summary_3state_barplot_P002.pdf,1139713,3d6f2714b755ecdb51d0c4e0d8b28b3ab171fccc10ef1444ec7f4bf5621e3171
outputs/final_publication_figures/SupplementaryFigure41_ST8_external_iron_rich_module_status_summary_3state_barplot_P002.png,797815,00f39f3c134b8984dbd35345d2b1eb6ca8b054a551f66694dff2b877b05d657a
outputs/final_publication_figures/SupplementaryFigure41_ST8_external_iron_rich_module_status_summary_3state_barplot_P002.svg,1063918,973612a035ac391a1ca3717ff83cca02f1cd40981b70882072c424fc6f926aad
outputs/final_publication_figures/SupplementaryFigure41_ST8_external_iron_rich_module_status_summary_3state_barplot_multipage.pdf,2304841,14d9b1a8f75ace284a514d8292504fd3370ae1a8f699ea34e2a7e0c24ffe7b94
outputs/final_publication_figures/SupplementaryFigure42_APP_LakeSeason_Aggregated_KO_Barplots.pdf,706831,f37272023afba468dfc5a237776ea8c93cef5f85b192931230cf7ef40cb7fc48
outputs/final_publication_figures/SupplementaryFigure42_APP_LakeSeason_Aggregated_KO_Barplots.png,537648,2b7e6924388e0036b80152bd403ef0105f8bc2d0e4fcd7dc3703326157219e18
outputs/final_publication_figures/SupplementaryFigure42_APP_LakeSeason_Aggregated_KO_Barplots.svg,717149,a691f5cc57d2c1dc352ee876e088a0ee6a9254d121fbbb15970a6eeefe3d55d3
outputs/final_publication_figures/SupplementaryFigure43_Taxonomy_Bacteria_Phylum_individual_samples_barplot_100pct.pdf,41221,fa9ba622c82860fe578eca5c7718e24fbfa6afe871204b798d75936b641e23c9
outputs/final_publication_figures/SupplementaryFigure43_Taxonomy_Bacteria_Phylum_individual_samples_barplot_100pct.png,385754,01f35e4eadc99ecef98fec293b729d4a9fe938ecd7421c8e4ef95bf88ca44cb1
outputs/final_publication_figures/SupplementaryFigure43_Taxonomy_Bacteria_Phylum_individual_samples_barplot_100pct.svg,230850,670a149a6367105d18102c6a358b67940e6c6c2405b1c4d88f77c6885fd939b0
outputs/final_publication_figures/SupplementaryFigure44_Taxonomy_Bacteria_Phylum_individual_samples_heatmap_relative_abundance.pdf,41137,c770d1f2c4f6a86e7f19e479eb54e0ed8260dbda8bde263af3e0fe231b502fbc
outputs/final_publication_figures/SupplementaryFigure44_Taxonomy_Bacteria_Phylum_individual_samples_heatmap_relative_abundance.png,445218,10d7cbd979579774b7043cf07eda1548753c3b9e433809b312e0ea13d5e70c7f
outputs/final_publication_figures/SupplementaryFigure44_Taxonomy_Bacteria_Phylum_individual_samples_heatmap_relative_abundance.svg,133768,c559bb779f69052be3f86758f3cee35b7d5daa78bd58f148322589174e5b53fb
outputs/final_publication_figures/SupplementaryFigure45_Taxonomy_Archaea_Phylum_individual_samples_barplot_100pct.pdf,39522,05dc8e83fbab044f1a4ad03d00f073ee701b7c689ef39ba69240f214028f35a9
outputs/final_publication_figures/SupplementaryFigure45_Taxonomy_Archaea_Phylum_individual_samples_barplot_100pct.png,443187,dc3a03d07486207742363207ba19cda85b8f191b3d8056533c0e66ba6053e1c3
outputs/final_publication_figures/SupplementaryFigure45_Taxonomy_Archaea_Phylum_individual_samples_barplot_100pct.svg,241311,cc7bcffd781d11db44a84984630c84414449fe8e401e7e4d786f925bc78ab129
outputs/final_publication_figures/SupplementaryFigure46_Taxonomy_Archaea_Phylum_individual_samples_heatmap_relative_abundance.pdf,39541,2cc2ff298737450c51349490648f37567e93ab2047fa9b62180e0b241d03d3a9
outputs/final_publication_figures/SupplementaryFigure46_Taxonomy_Archaea_Phylum_individual_samples_heatmap_relative_abundance.png,462506,486afc9b35957692ae9ad9a5b9bb66f5e6728d6815832f2186eb871e2688f97c
outputs/final_publication_figures/SupplementaryFigure46_Taxonomy_Archaea_Phylum_individual_samples_heatmap_relative_abundance.svg,132897,f519c70c7d09252141cd9da0fd11d55b3444922e1e16ce4978efa5e213abe1ae
outputs/final_publication_figures/SupplementaryFigure47_Taxonomy_Bacteria_Class_individual_samples_barplot_100pct.pdf,824737,d0913ce6317ffc84be23785f0b4d793bef27267a7dfa36fb539fbe230ba29b26
outputs/final_publication_figures/SupplementaryFigure47_Taxonomy_Bacteria_Class_individual_samples_barplot_100pct.png,462614,4a23cc7fe8a7119f221bc0e897ddbe7f0de701d878c07322e938a26f9aabe0c8
outputs/final_publication_figures/SupplementaryFigure47_Taxonomy_Bacteria_Class_individual_samples_barplot_100pct.svg,616982,aacaf72dfeeb63003e3cbcef22d5e9f09298305cde2ec05979517e6ab03bae48
outputs/final_publication_figures/SupplementaryFigure48_Taxonomy_Bacteria_Class_individual_samples_heatmap_relative_abundance.pdf,577734,a4976e598da6f492b20240a526038a15a01b61f7c3172ba9960fe16b5e564fcf
outputs/final_publication_figures/SupplementaryFigure48_Taxonomy_Bacteria_Class_individual_samples_heatmap_relative_abundance.png,527690,14f0fb6340a0b68b85e891dcd0293749086f9bb021db9afd02b344a8605a7919
outputs/final_publication_figures/SupplementaryFigure48_Taxonomy_Bacteria_Class_individual_samples_heatmap_relative_abundance.svg,703750,e636185184f6220a44e61091867beddb1130fa5ba7d0d0f9b5e720c29a4f295d
outputs/final_publication_figures/SupplementaryFigure49_Taxonomy_Archaea_Class_individual_samples_barplot_100pct.pdf,783477,f4cdbae105b5d9fdd40b2db60ae1a0643e00a20753d27a488dce56ef7fdf478b
outputs/final_publication_figures/SupplementaryFigure49_Taxonomy_Archaea_Class_individual_samples_barplot_100pct.png,472202,58e331ea278f8fd6836032cc54937adb92187c4035925d7f09d30765bd55daf0
outputs/final_publication_figures/SupplementaryFigure49_Taxonomy_Archaea_Class_individual_samples_barplot_100pct.svg,629766,73466a339791342c30405d193e1a54c0cd831935cee04d76d61769c367f02fba
outputs/final_publication_figures/SupplementaryFigure4_alpha_diversity_CDS_32999.pdf,45686,fc44a078958d6d7b70c8bee32031f92d5ea110d533b3b706cac4a2f62dfd978d
outputs/final_publication_figures/SupplementaryFigure4_alpha_diversity_CDS_32999.png,1588760,a9da7db35146af4046cd1a7302cdf6bbe6af27f16e24da71f196bb1cd1baee0b
outputs/final_publication_figures/SupplementaryFigure4_alpha_diversity_CDS_32999.svg,184991,7eeee882172a4d6e27c1fbbc06a6b9f7b143e016c9c68771075d3830049b94b0
outputs/final_publication_figures/SupplementaryFigure4_alpha_diversity_CDS_32999.tiff,262886734,cc1af2395d87a49616c28a8c96b8d536cc9c0a21b69af39948af007ddc9f9ee3
outputs/final_publication_figures/SupplementaryFigure50_Taxonomy_Archaea_Class_individual_samples_heatmap_relative_abundance.pdf,38498,6fcde46766d84aaddb79300780043dc0a84b5b1682230859d0ab51c5934b7d26
outputs/final_publication_figures/SupplementaryFigure50_Taxonomy_Archaea_Class_individual_samples_heatmap_relative_abundance.png,382353,dc173c9ebbf3b9ba0ae70c65a96ad2782bacc5a6d184217050225cb215dc68c3
outputs/final_publication_figures/SupplementaryFigure50_Taxonomy_Archaea_Class_individual_samples_heatmap_relative_abundance.svg,113356,94281d64cf2e72ee446f1ed76df1a729d04d11afa6bcc4ed742003abf2dcd271
outputs/final_publication_figures/SupplementaryFigure51_Taxonomy_Bacteria_Order_individual_samples_barplot_100pct.pdf,830982,c10c7defaee5ecd3411491cbc63b1560537e68684efc65d1805520f96c910c65
outputs/final_publication_figures/SupplementaryFigure51_Taxonomy_Bacteria_Order_individual_samples_barplot_100pct.png,481929,138a930e4b8d3273a06c30f67c505ac2b7752f4d8fe62797dcaf790ed34f2003
outputs/final_publication_figures/SupplementaryFigure51_Taxonomy_Bacteria_Order_individual_samples_barplot_100pct.svg,642734,2685f2e72ccc6f75e366652bdd15b8615c7fb753afe38f66df7daa45a0a4da87
outputs/final_publication_figures/SupplementaryFigure52_Taxonomy_Bacteria_Order_individual_samples_heatmap_relative_abundance.pdf,39263,e67475cb49fd57124404880ae0e02b94ac875c28136299cd4cf7aabd1b7149ea
outputs/final_publication_figures/SupplementaryFigure52_Taxonomy_Bacteria_Order_individual_samples_heatmap_relative_abundance.png,430940,e04d5beb4f116588ca31038f897d5f72ca63f442c5d792aa2089e05e31609ed8
outputs/final_publication_figures/SupplementaryFigure52_Taxonomy_Bacteria_Order_individual_samples_heatmap_relative_abundance.svg,125501,00a7334cf1d056478fb067502e72766a178de5e1be657ff8c4be7dfa22dda802
outputs/final_publication_figures/SupplementaryFigure53_Taxonomy_Archaea_Order_individual_samples_barplot_100pct.pdf,808592,7a8d6e2c8cd931b5cc2760a5b7d15d4d85ee09821919fbc1ded81970f7bdf078
outputs/final_publication_figures/SupplementaryFigure53_Taxonomy_Archaea_Order_individual_samples_barplot_100pct.png,505489,a070811c3d8de5cb0409b3404a723123a0b91e5c7ea9b525c9528eb5fac0947c
outputs/final_publication_figures/SupplementaryFigure53_Taxonomy_Archaea_Order_individual_samples_barplot_100pct.svg,674150,9e4af5d1a48cd62e98a38b4ac709765643f63d91d3ba0ee2cf57b74be1800e87
outputs/final_publication_figures/SupplementaryFigure54_Taxonomy_Archaea_Order_individual_samples_heatmap_relative_abundance.pdf,41259,6d271ddf1fd0212fd7a6c63fa0737b11b870253ce1530ef051a828f5b67f1c1e
outputs/final_publication_figures/SupplementaryFigure54_Taxonomy_Archaea_Order_individual_samples_heatmap_relative_abundance.png,467693,d4d7f26ec3256283ae90cd48c32cfd752acf83b78287738da836d672028cc061
outputs/final_publication_figures/SupplementaryFigure54_Taxonomy_Archaea_Order_individual_samples_heatmap_relative_abundance.svg,132403,4d590c7574a000f42ba0d82500934867531be1465a9a198efdcf08b6298d3862
outputs/final_publication_figures/SupplementaryFigure55_Taxonomy_Bacteria_Family_individual_samples_barplot_100pct.pdf,829683,2cd8cc3241243f9a2fee26abd3de743c80a7437236f60ce6c71b7fb30aa2843b
outputs/final_publication_figures/SupplementaryFigure55_Taxonomy_Bacteria_Family_individual_samples_barplot_100pct.png,497286,dd8de3050e61d571e3ffce3136dce36d4baf8dce344861effed7739d9592558a
outputs/final_publication_figures/SupplementaryFigure55_Taxonomy_Bacteria_Family_individual_samples_barplot_100pct.svg,663210,efcd7811a889945fc07445e28a9b97523f540c960cc858ad639ca6b072fdb1c1
outputs/final_publication_figures/SupplementaryFigure56_Taxonomy_Bacteria_Family_individual_samples_heatmap_relative_abundance.pdf,40096,0e3d578c415aa8d62192ee83e699960ebb2e16ac42fe2cb433557ddf5b38fcb2
outputs/final_publication_figures/SupplementaryFigure56_Taxonomy_Bacteria_Family_individual_samples_heatmap_relative_abundance.png,466549,d92e24dfe24cd01f2b088a27d8bdb9cdcd90ccda66add29dbbb89b888e9cbc7d
outputs/final_publication_figures/SupplementaryFigure56_Taxonomy_Bacteria_Family_individual_samples_heatmap_relative_abundance.svg,129164,b5f34ebc84859a7f28f8634e988877513045bde94fcc65baf50aea498fc4ebef
outputs/final_publication_figures/SupplementaryFigure57_Taxonomy_Archaea_Family_individual_samples_barplot_100pct.pdf,830529,fbc61ad091832f151b358dff76e91859172b0c01c5a5cac6ae41471a0b31c785
outputs/final_publication_figures/SupplementaryFigure57_Taxonomy_Archaea_Family_individual_samples_barplot_100pct.png,526843,acf1bb2cc797ed037d0d49d6161076f7284bc2ef8f95129c868464192de52ecd
outputs/final_publication_figures/SupplementaryFigure57_Taxonomy_Archaea_Family_individual_samples_barplot_100pct.svg,702622,c89da876ac06d340437f3af174f336e4eaeeac33b26e01ef5f3210ba64a28c8c
outputs/final_publication_figures/SupplementaryFigure58_Taxonomy_Archaea_Family_individual_samples_heatmap_relative_abundance.pdf,621129,a501f990b9b8850b7b1e3c2d095940d9621e7a8bae5e1851dca057be43ec75ae
outputs/final_publication_figures/SupplementaryFigure58_Taxonomy_Archaea_Family_individual_samples_heatmap_relative_abundance.png,609635,e98e914cb483d48667eeaae357affb5f1d5004e6943789bcbd30b9fec89dc231
outputs/final_publication_figures/SupplementaryFigure58_Taxonomy_Archaea_Family_individual_samples_heatmap_relative_abundance.svg,813010,5f7e3b845f296eb30bcc51c8021724589fde3e6dc500bd258900bb9c850259f1
outputs/final_publication_figures/SupplementaryFigure59_Taxonomy_Bacteria_Genus_individual_samples_barplot_100pct.pdf,39705,4b979826aa62e16c96fb355fd879a0125f5369295e040b7bf89fba8370c6023a
outputs/final_publication_figures/SupplementaryFigure59_Taxonomy_Bacteria_Genus_individual_samples_barplot_100pct.png,370582,3d18150e5ce003073d09cae5ee799df3322c0b00e7957a638786d213356f1d1c
outputs/final_publication_figures/SupplementaryFigure59_Taxonomy_Bacteria_Genus_individual_samples_barplot_100pct.svg,224841,ac58bd9fb3544f981a5715d07cd735200ea0e200f518ebb2aa85bd379efc3ff6
outputs/final_publication_figures/SupplementaryFigure5_MAG_bubble_original.pdf,55887,65b9704374f4f2eb82359becdd666ce949eb654cddb8ace1c5aa9c7022b54b21
outputs/final_publication_figures/SupplementaryFigure5_MAG_bubble_original.png,987717,8f4afbd8a65d78c5ee3681d43b8bf592881d8eb67f6306e7693b2086f3b5bdfc
outputs/final_publication_figures/SupplementaryFigure5_MAG_bubble_original.svg,222706,2e53091576753c399774faf54ca4c58c0c6d9a79337a7ebfbe79524fc2fa7b2e
outputs/final_publication_figures/SupplementaryFigure5_MAG_bubble_original_source.csv,2293,80ead9b76775834aca38d78b74f04c47c787c8a5a6ecc54357f71b11cd5951e4
outputs/final_publication_figures/SupplementaryFigure60_Taxonomy_Bacteria_Genus_individual_samples_heatmap_relative_abundance.pdf,41684,9830fc09cc05daa1612bd92a12500f8e37f58b3acd9fdeb213dec26ad53a4ab7
outputs/final_publication_figures/SupplementaryFigure60_Taxonomy_Bacteria_Genus_individual_samples_heatmap_relative_abundance.png,426980,e0fdf0a06add22405ff355133e90cd2eb136a55bd3878646afc87d44f976ec8a
outputs/final_publication_figures/SupplementaryFigure60_Taxonomy_Bacteria_Genus_individual_samples_heatmap_relative_abundance.svg,124857,12c459db1ae1d717122057fc0510082af576cefd38edd2f40b08aef42897f24e
outputs/final_publication_figures/SupplementaryFigure61_Taxonomy_Archaea_Genus_individual_samples_barplot_100pct.pdf,801361,a9558caf7655e9baa68f0d6f0709a1969263811cfe73a9eeaa6ca511b1077de3
outputs/final_publication_figures/SupplementaryFigure61_Taxonomy_Archaea_Genus_individual_samples_barplot_100pct.png,484841,fca869310fc041fcd6a7e58f8de91ea1388e59a44c3676ed0fbbb0851ec19755
outputs/final_publication_figures/SupplementaryFigure61_Taxonomy_Archaea_Genus_individual_samples_barplot_100pct.svg,646618,18c2d8482822697a5a590c4bab53ea059c89757704aea0f6828f258aad47fdba
outputs/final_publication_figures/SupplementaryFigure62_Taxonomy_Archaea_Genus_individual_samples_heatmap_relative_abundance.pdf,40028,1f06e3f5f6a29900932bf850b4903ec7cc2d84320546cff39c25bcd56a5ff8f1
outputs/final_publication_figures/SupplementaryFigure62_Taxonomy_Archaea_Genus_individual_samples_heatmap_relative_abundance.png,450332,587846a3bbcdb00ad43d17d3391b49a02b63c82be5e6a39171c364c896d20a16
outputs/final_publication_figures/SupplementaryFigure62_Taxonomy_Archaea_Genus_individual_samples_heatmap_relative_abundance.svg,128920,41cb484a3a803970b061a0b9f334bc788030a8e0b832dc0199ef7e7e404ae830
outputs/final_publication_figures/SupplementaryFigure63_Taxonomy_Bacteria_Species_individual_samples_barplot_100pct.pdf,971179,fc60c74e995dd9edeb77a4df9b454038a0b9942e5cdb3e4cd3c9a7d24b27dabd
outputs/final_publication_figures/SupplementaryFigure63_Taxonomy_Bacteria_Species_individual_samples_barplot_100pct.png,684710,ac3b2d26e624d9a0becb61a5ae8516e9fe658fa046087302edd3c3c9c239a5eb
outputs/final_publication_figures/SupplementaryFigure63_Taxonomy_Bacteria_Species_individual_samples_barplot_100pct.svg,913110,607c9baeccacc81205d9b6910ad6865e83796078cd92eae9e2acbb208e14fe0b
outputs/final_publication_figures/SupplementaryFigure64_Taxonomy_Bacteria_Species_individual_samples_heatmap_relative_abundance.pdf,39160,d991ab9575e043c0867e7670ecb840fa1e969217d3bde0f83aef00eb456c79eb
outputs/final_publication_figures/SupplementaryFigure64_Taxonomy_Bacteria_Species_individual_samples_heatmap_relative_abundance.png,619052,a5a4c9d7d13b262e6a3d6a437f2380f9a34d42941e7a8f7f3905eed51cb4058f
outputs/final_publication_figures/SupplementaryFigure64_Taxonomy_Bacteria_Species_individual_samples_heatmap_relative_abundance.svg,168473,f729c4874aa7097141f7c57bd77d905ae20490ec1ec398875aedbb2eb3ff81b6
outputs/final_publication_figures/SupplementaryFigure65_Taxonomy_Archaea_Species_individual_samples_barplot_100pct.pdf,959251,a2a2896df4395dbeed195c50eb3ef4e9ed3e1c9aa6bdc7ef17a07e28ad91f72d
outputs/final_publication_figures/SupplementaryFigure65_Taxonomy_Archaea_Species_individual_samples_barplot_100pct.png,710844,6edd75c751fe6e2f5b8ccbbd49c9bccc7d78c375bba79756a5c3585e55f2030c
outputs/final_publication_figures/SupplementaryFigure65_Taxonomy_Archaea_Species_individual_samples_barplot_100pct.svg,947954,86340260c7ac80002e2de00a5dec33e3a03c51584f8c9cdc8881d203d9e4f313
outputs/final_publication_figures/SupplementaryFigure66_Taxonomy_Archaea_Species_individual_samples_heatmap_relative_abundance.pdf,39707,4cd2d944b39f3340333e2980b04fdc74024d54a99d498a65e2a630ea076105f4
outputs/final_publication_figures/SupplementaryFigure66_Taxonomy_Archaea_Species_individual_samples_heatmap_relative_abundance.png,664460,98c884289c35252aedd155035d993dadab5bbff735e09879cb56613bbd786891
outputs/final_publication_figures/SupplementaryFigure66_Taxonomy_Archaea_Species_individual_samples_heatmap_relative_abundance.svg,171368,09517dab8403cc550c93e70da4fcfee27ec10f5c23210cd556b3e27bc2f3626d
outputs/final_publication_figures/SupplementaryFigure67_lagoon_plus_external_iron_rich_module_completeness_KEMET_style_3state_heatmap.pdf,56490,04fee4e7e4383180be393f34799f5ab9d29e968cf42a94b37570af4448c6ebc0
outputs/final_publication_figures/SupplementaryFigure67_lagoon_plus_external_iron_rich_module_completeness_KEMET_style_3state_heatmap.png,691563,89997e142ff6ae235d770a0054065d6fe83fd82d432ce3ddc7d43827aa6c65cc
outputs/final_publication_figures/SupplementaryFigure67_lagoon_plus_external_iron_rich_module_completeness_KEMET_style_3state_heatmap.svg,257216,842f3d5cb7b87ab66fb79c5f4ee4fa9c0fff67d8ce9f57092c1b6686879e78b9
outputs/final_publication_figures/SupplementaryFigure67_lagoon_plus_external_iron_rich_module_completeness_KEMET_style_3state_heatmap_P001.pdf,42981,39153567cfd29072837fadcd3c7a2006093e0c5bbe53f4bcb61ddb227dc2ff95
outputs/final_publication_figures/SupplementaryFigure67_lagoon_plus_external_iron_rich_module_completeness_KEMET_style_3state_heatmap_P001.png,691563,89997e142ff6ae235d770a0054065d6fe83fd82d432ce3ddc7d43827aa6c65cc
outputs/final_publication_figures/SupplementaryFigure67_lagoon_plus_external_iron_rich_module_completeness_KEMET_style_3state_heatmap_P001.svg,257216,842f3d5cb7b87ab66fb79c5f4ee4fa9c0fff67d8ce9f57092c1b6686879e78b9
outputs/final_publication_figures/SupplementaryFigure67_lagoon_plus_external_iron_rich_module_completeness_KEMET_style_3state_heatmap_P002.pdf,41020,e6e945fcf7ad11e51fad4f248a4693fc4b1d42037b04e09b57cf62d348a9b89f
outputs/final_publication_figures/SupplementaryFigure67_lagoon_plus_external_iron_rich_module_completeness_KEMET_style_3state_heatmap_P002.png,620580,9740ce0904d8e49b3b06c1be9bdd609114a0f00b6eeda9551f8465eb03ee4c88
outputs/final_publication_figures/SupplementaryFigure67_lagoon_plus_external_iron_rich_module_completeness_KEMET_style_3state_heatmap_P002.svg,238137,3c4b947ba6f4f33c73ca6b2f0310194ef80a6a67618adc0144d47eb53beb78e5
outputs/final_publication_figures/SupplementaryFigure67_lagoon_plus_external_iron_rich_module_completeness_by_environmental_group.pdf,59289,40a62b8db8ca69364f6d3ef5209ee603a3280e0d89deb2118720ea3d3e776364
outputs/final_publication_figures/SupplementaryFigure67_lagoon_plus_external_iron_rich_module_completeness_by_environmental_group.png,724713,7707aa542dfbf9a2326eef94a319cdc9353d173966ebe137fafcc75aec538257
outputs/final_publication_figures/SupplementaryFigure67_lagoon_plus_external_iron_rich_module_completeness_by_environmental_group.svg,272387,03876fbafaed1868b5751d5232f7b597761cdc033c9cd59e810af15483fec9c8
outputs/final_publication_figures/SupplementaryFigure67_lagoon_plus_external_iron_rich_module_completeness_by_environmental_group_P001.pdf,46329,4c9789d647684d57e5a297ad426bead848b37a4129ae396782fa8159f86a980f
outputs/final_publication_figures/SupplementaryFigure67_lagoon_plus_external_iron_rich_module_completeness_by_environmental_group_P001.png,724713,7707aa542dfbf9a2326eef94a319cdc9353d173966ebe137fafcc75aec538257
outputs/final_publication_figures/SupplementaryFigure67_lagoon_plus_external_iron_rich_module_completeness_by_environmental_group_P001.svg,272387,03876fbafaed1868b5751d5232f7b597761cdc033c9cd59e810af15483fec9c8
outputs/final_publication_figures/SupplementaryFigure67_lagoon_plus_external_iron_rich_module_completeness_by_environmental_group_P002.pdf,44416,acc220680c092360458fcad15c1485b3768d49a75726d0427af3400376139d17
outputs/final_publication_figures/SupplementaryFigure67_lagoon_plus_external_iron_rich_module_completeness_by_environmental_group_P002.png,653449,f9876d547a75cf3e8ac91cd26a0b511dc831fa65ab0c5834b0c4270f5e0b523b
outputs/final_publication_figures/SupplementaryFigure67_lagoon_plus_external_iron_rich_module_completeness_by_environmental_group_P002.svg,253293,6cb172158965735a6c55acecad6fd8c4d76469372353ec726e6900c248efaa0c
outputs/final_publication_figures/SupplementaryFigure68_biogeochemical_KO_directional_contrast.pdf,34342,0d059e79d06643adb2703d4b5d2fe83c36e149837d783040f1867e537d7bfb65
outputs/final_publication_figures/SupplementaryFigure68_biogeochemical_KO_directional_contrast.png,902201,e2ff4e926b60f0d73a1365f206c840329a9cfa4655b8f9671d591c25e454351a
outputs/final_publication_figures/SupplementaryFigure68_biogeochemical_KO_directional_contrast.svg,196193,fb0914a98d29fb3a675f4eb5a152c09f73049213d3628fbe214050f601433112
outputs/final_publication_figures/SupplementaryFigure69_iron_KO_directional_contrast.pdf,33035,f107fc6f858a571045a6f6382fe03fbf7ef923b5ebada6bc5bc8c0fe1b5aa60b
outputs/final_publication_figures/SupplementaryFigure69_iron_KO_directional_contrast.png,722153,d4bc9320bb44de668346f3f446b28f80a150eb253b175fe4241966810ac90ea2
outputs/final_publication_figures/SupplementaryFigure69_iron_KO_directional_contrast.svg,165581,ff8be0b7851140d85103e36f067d858c355bd000174603f8329d16779fb09f30
outputs/final_publication_figures/SupplementaryFigure6_ST8_selected_sediments_all_KO_zscore_proportional.pdf,28729,92a9e64b62021d2f73808cd2a35399178f84755693c6fa1cd1d39f5c7fc57308
outputs/final_publication_figures/SupplementaryFigure6_ST8_selected_sediments_all_KO_zscore_proportional.png,1811915,5f2c0532e42190f5ccb179d90a8a7d95eb84281619dbcba23ea3e106d61e13e8
outputs/final_publication_figures/SupplementaryFigure6_ST8_selected_sediments_all_KO_zscore_proportional.svg,43443,92a665921b169eeb2ac3dc96fef0a2150c37fa9ca9bb540f8af2a8853f6c9eac
outputs/final_publication_figures/SupplementaryFigure6_ST8_selected_sediments_all_KO_zscore_proportional_P01.pdf,26738,199a7ff9a156a4d0c408e583e7c448f4fc22be027ad3921a003640f54895e6fb
outputs/final_publication_figures/SupplementaryFigure6_ST8_selected_sediments_all_KO_zscore_proportional_P01.png,1205990,52827a9859002c45340b917e920b868667f6fe1ae6867a47f4812fae8b0459e7
outputs/final_publication_figures/SupplementaryFigure6_ST8_selected_sediments_all_KO_zscore_proportional_P01.svg,27318,8a41f4b7e9a61e6424aa1c9104fc22b4d4fba4d08196522ef2e1f8b3d67c5357
outputs/final_publication_figures/SupplementaryFigure6_ST8_selected_sediments_all_KO_zscore_proportional_P02.pdf,26852,46d9a6dc5b59e5aa99a9a3761b5825c0e9637b446893d81436bffa739331c236
outputs/final_publication_figures/SupplementaryFigure6_ST8_selected_sediments_all_KO_zscore_proportional_P02.png,1211025,8d5172c97c59a002a461c5746a6bac23780d85fc911e3e1a1e1b954774a9b21d
outputs/final_publication_figures/SupplementaryFigure6_ST8_selected_sediments_all_KO_zscore_proportional_P02.svg,27100,196542b56286d347badc62bd14d0fdf66a864ae0ff28d5b309f4b78f0ae29d7b
outputs/final_publication_figures/SupplementaryFigure70_external_iron_rich_environment_world_map.pdf,318862,cf54ed4dc4c897e7e44129729cdf1ba9e54abd74dc88f32f42dc2e83e7db696b
outputs/final_publication_figures/SupplementaryFigure70_external_iron_rich_environment_world_map.png,1845595,f9b5c32ac8d11acb7fc8355dcce794e29ff87d659529ae37130456e6894757a8
outputs/final_publication_figures/SupplementaryFigure70_external_iron_rich_environment_world_map.svg,814397,a1f86da480b6c0531621d3c3a9b7e166a8fb3d7b8b75330d2d4128cdebd1220a
outputs/final_publication_figures/SupplementaryFigure7_ST8_iron_selected_zscore_proportional.pdf,26160,732f83b37488c6fae87ec4da50d72be90544cfd7b9b7056d27c61aa785f963a8
outputs/final_publication_figures/SupplementaryFigure7_ST8_iron_selected_zscore_proportional.png,921038,e4576983ebe86154fc01f8f928ed46a3f7cbb7dc8fbe67325f1f28fbef01e782
outputs/final_publication_figures/SupplementaryFigure7_ST8_iron_selected_zscore_proportional.svg,39362,e2f46e9701e2ed24f804b29a46df9a5740ce5fc0bdedec72ff2c1d195984b842
outputs/final_publication_figures/SupplementaryFigure7_ST8_iron_selected_zscore_proportional_P01.pdf,25073,02038a652617f6e402336f2c8a42c8e20618c93c2d6f61aeeeea6f23b931e7a1
outputs/final_publication_figures/SupplementaryFigure7_ST8_iron_selected_zscore_proportional_P01.png,590512,2d63c60d43e3a08cf95348c46a8ce06ddeb82e2f51bd10fef1cfc55188e78b84
outputs/final_publication_figures/SupplementaryFigure7_ST8_iron_selected_zscore_proportional_P01.svg,26372,f18a3cc710df5c0e77771cdc76d836a07e1a9764b8a9705145248a2900c1e7a9
outputs/final_publication_figures/SupplementaryFigure7_ST8_iron_selected_zscore_proportional_P02.pdf,24886,3bf7d04430d1f614c0ac6deb54656fac295b0aaf79091b8bdcbc75ca6e3e0440
outputs/final_publication_figures/SupplementaryFigure7_ST8_iron_selected_zscore_proportional_P02.png,603400,3ab9aba5f8e133f5291f07fffbaa05b0d6108e190f9e0bdbea08cdc5dc7bf229
outputs/final_publication_figures/SupplementaryFigure7_ST8_iron_selected_zscore_proportional_P02.svg,23932,58b5d1704e9b81c699c1dd6b86e81f1f7f5ba65a518e1f8c86ea3a68b8a93e10
outputs/final_publication_figures/SupplementaryFigure8_most_abundant_all_KO_vivid.pdf,26112,9488acd09b7a55f40b32f324c11f55210fb2092252ffe189fadf3f799ad88a16
outputs/final_publication_figures/SupplementaryFigure8_most_abundant_all_KO_vivid.png,1336381,b4eefd6a7f004116de89c877b2215118a9fbaf03483754c5c7dac1caafe06c9f
outputs/final_publication_figures/SupplementaryFigure8_most_abundant_all_KO_vivid.svg,110124,ab85355794edd2a0630135496885e1106f59be23d788ad244db03a355af8bbce
outputs/final_publication_figures/SupplementaryFigure9_KO_category_boxplot_vivid.pdf,680805,cb082fc5884f8b07bde0b55dc7505e3858fe75be5fcf7f30539b03628eaf639f
outputs/final_publication_figures/SupplementaryFigure9_KO_category_boxplot_vivid.png,1882028,007752f93a7e39e44213b1f98dfbc585bed37a8f99219d45116efb8d5096443d
outputs/final_publication_figures/SupplementaryFigure9_KO_category_boxplot_vivid.svg,1059030,6f0a4f0ff4ab8a2879a1e892502e8a2eb9d02a830f1bec3ab36aa572f0a532fb
outputs/final_publication_figures/_render_SupplementaryFigure67_lagoon_plus_external_iron_rich_module_completeness_KEMET_style_3state_heatmap/page-01.png,97183,b61e78e522705ce657b40db8223a261b80072bb64fc3efb1c33792d63c2e3fc3
outputs/final_publication_figures/_render_SupplementaryFigure67_lagoon_plus_external_iron_rich_module_completeness_KEMET_style_3state_heatmap/page-02.png,113364,831b11b7efe092d66f22be636ef176d4f3d05f1c78324e823bc2be77108333c1
outputs/final_publication_figures/_render_SupplementaryFigure67_lagoon_plus_external_iron_rich_module_completeness_KEMET_style_3state_heatmap/page-03.png,115182,35e4c6e4f0e4f9745f3deb05274540b16030936dd5ffa8c403259f7eb69e9efc
outputs/final_publication_figures/_render_SupplementaryFigure67_lagoon_plus_external_iron_rich_module_completeness_KEMET_style_3state_heatmap/page-04.png,110101,7a552c2af81afa74ccfbf37f30ffc959a915b06164ebbc5801ed647893101986
outputs/final_publication_figures/_render_SupplementaryFigure67_lagoon_plus_external_iron_rich_module_completeness_KEMET_style_3state_heatmap/page-05.png,94247,90e6e49b773ad0288c72f2ca405aea1d723995e894cff60da9c211329fbe167d
outputs/final_publication_figures/_render_SupplementaryFigure67_lagoon_plus_external_iron_rich_module_completeness_KEMET_style_3state_heatmap/page-06.png,108654,a158fa2ac33df699f200fb51414b19e383f8e58c4aee2c6361af0cf0a74247e9
outputs/final_publication_figures/_render_SupplementaryFigure67_lagoon_plus_external_iron_rich_module_completeness_KEMET_style_3state_heatmap/page-07.png,110265,f8ac9a62dcc78eb85e0bf5ba4303c7a21321cc7eb651df0f099a1482c223d316
outputs/final_publication_figures/_render_SupplementaryFigure67_lagoon_plus_external_iron_rich_module_completeness_KEMET_style_3state_heatmap/page-08.png,105864,26fb23d2fc7cc029919ab779f8b586050a4fffe2218e27cc53fa5aadaa38d8da
outputs/final_publication_figures/_render_SupplementaryFigure67_lagoon_plus_external_iron_rich_module_completeness_KEMET_style_3state_heatmap/page-09.png,96408,be125d5b03641047f5651885312ee783262158e733482bc07bbafcf71519ea56
outputs/final_publication_figures/_render_SupplementaryFigure67_lagoon_plus_external_iron_rich_module_completeness_KEMET_style_3state_heatmap/page-10.png,110863,4e213c9788402732aae2d3896fecdb8de645136e6404af4f7ad364a7de3dacc6
outputs/final_publication_figures/_render_SupplementaryFigure67_lagoon_plus_external_iron_rich_module_completeness_KEMET_style_3state_heatmap/page-11.png,112091,d1e51919057a02e76fb928004273d8045906b6642e3fa578f483100fe80fd492
outputs/final_publication_figures/_render_SupplementaryFigure67_lagoon_plus_external_iron_rich_module_completeness_KEMET_style_3state_heatmap/page-12.png,0,e3b0c44298fc1c149afbf4c8996fb92427ae41e4649b934ca495991b7852b855
outputs/final_publication_source_tables/Taxonomy_all_levels_supplementary_figure_index.csv,722,f68e2a5b91cfdbdc1fae1a996b22034da319f6ad22feaeb5ab61bf319a33e037
outputs/final_publication_source_tables/source_SupplementaryFigure14_GTDB_phylum_combined_bold.csv,47587,da747753a91f309bb3672b8af9604e296bbad393e6f0d4bd35565e0319e0644c
outputs/final_publication_source_tables/source_SupplementaryFigure18_GTDB_phylum_metagenomics_bold.csv,27409,c2f757c19c76734eb4125320951e53c171005a7cdc9efc50e128dfb6108f093a
outputs/final_publication_source_tables/source_SupplementaryFigure19_GTDB_phylum_metatranscriptomics_bold.csv,13074,e5d785b5a57739b70c09208ad160eeb3f5a0f9ad9cb271a6015334724a056eae
outputs/final_publication_source_tables/source_SupplementaryFigure20_GTDB_order_combined_bold.csv,66544,43121a762c07c7c49dc093739358994432b4a833cc35f92b4c08ab61c442c356
outputs/final_publication_source_tables/source_SupplementaryFigure21_GTDB_order_metagenomics_bold.csv,36634,6b3ded9800be11cae7c0278f4479812d5f0b6ca62831b82fca117e4011713944
outputs/final_publication_source_tables/source_SupplementaryFigure22_GTDB_order_metatranscriptomics_bold.csv,17059,abc253b51e8e956ea38b398088bd0f933787d720d2ed570aba2f26649ddcc53d
outputs/final_publication_source_tables/source_SupplementaryFigure23_GTDB_family_combined_bold.csv,62759,1191cd7dc0cd4fc22535d07b7c3e1d6e90135b17e8346fccc616d46fef5d8045
outputs/final_publication_source_tables/source_SupplementaryFigure24_GTDB_family_metagenomics_bold.csv,36696,79933dcdcd9bdd600a9aa4912e520f4d1091386922f0d8878fdbcce0f630afd6
outputs/final_publication_source_tables/source_SupplementaryFigure25_GTDB_family_metatranscriptomics_bold.csv,15750,301121e5796c2b1b24d20d6656b4677855055c0037ed6fc3d3d0c78d1d4cc4e9
outputs/final_publication_source_tables/source_SupplementaryFigure40_ST8_external_iron_rich_module_completeness_KEMET_style_3state_heatmap.csv,33317,d19e23e5ded5d2cc891c801d83e77d96d9c8d66815b1a933a98e561f60989750
outputs/final_publication_source_tables/source_SupplementaryFigure41_lagoon_plus_external_iron_rich_module_completeness_KEMET_style_3state_heatmap.csv,39846,04f212d1c5712bde5810af0c6bbb619852006c6d62207dd2eb777760288fce57
outputs/final_publication_statistics/SupplementaryFigure4_alpha_diversity_CDS_32999_source.csv,1926,ede06388d8397c3c0e22efef7c5a3be8f842dc3f34f52307d8903fb39ebc4425
outputs/kegg_modules/Combined_lagoon_plus_external_iron_rich_module_completeness_SCORE_3state.csv,108380,097bf79b7c830bf309d1acf4f253f91d94a5cd39415b4e3106f6e33607ad4433
outputs/kegg_modules/Combined_lagoon_plus_external_iron_rich_module_completeness_STATUS_3state.csv,474407,5d6a050924cce8fe97347fe3fb8c0227eb1bf4a2d198771d9e2f2058f45e070a
outputs/kegg_modules/FINAL_KEGG_ST8_UPDATE_REPORT.json,1550,38f58e54b06d778f9df0d97c302b2432bad9702a002f3883533ad71883db9a67
outputs/kegg_modules/KEMET_lagoon_all_metagenomes_module_completeness_SCORE_3state.csv,46113,ff8ee059c0cda74e9678e3484a76cd07d5f42c824f9d5fea84609b162dff5c7e
outputs/kegg_modules/KEMET_lagoon_all_metagenomes_module_completeness_STATUS_3state.csv,131553,77fde99096e48ac1ed8f10d6dd0cc24f3d367b66e8f9c1c1ed4187a97200ac11
outputs/kegg_modules/KEMET_module_KO_sets_extracted_from_lagoon_reportKMC.csv,54453,b23291508c88b91ab911dc143a0806e6c12cd9109916f8e71c2ed4af4a891479
outputs/kegg_modules/MAG_KEGG_module_completeness_SCORE_species_MAGnumber_3state.csv,10046,3ed9497a55795704f1579eb4e501381cfe1b9f12abb4282886aeb97465c8bf89
outputs/kegg_modules/MAG_KEGG_module_completeness_STATUS_species_MAGnumber_3state.csv,33538,cad34e82706cbf51d627646a7059f6a6125e783c78fd4d09fcf46113701c589f
outputs/kegg_modules/MAG_KEGG_module_completeness_display_labels_species_MAGnumber.csv,24155,4e976a3cc1db343520e155bc63c6405db6e101976b8c6c197ea72f4c8b37ba66
outputs/kegg_modules/MAG_genome_quality_completeness_interactive.html,19792,107a14054f193b86e607ce07e5f01501b673ac23159b7dba46876b91d62c7a6f
outputs/kegg_modules/MAG_genome_quality_completeness_table.csv,7701,7d2a942c9a9aa919701f1744eff8118468780a8a18473cf3083da3e61e12f8ac
outputs/kegg_modules/SAppFig_KEMET_all_lagoon_metagenomes_heatmap_KEMET_style_3state.pdf,2747645,6279df1f9f3ce83e0fe6bb640ea37322b2467d57795ae4afc495dbb5dd166dc6
outputs/kegg_modules/SAppFig_KEMET_all_lagoon_metagenomes_heatmap_KEMET_style_3state.png,1302236,04a830b40f8e87f6c5d8e54a5450c5b2af76d67d5ebb6b6a5df3dd1e10b2307b
outputs/kegg_modules/SAppFig_ST8_external_iron_rich_module_completeness_KEMET_style_3state_heatmap.png,1457423,f7d302445275e3f1c26158c554f493a4a1d2913453ee215c6f2442ea1f7a9e72
outputs/kegg_modules/SAppFig_lagoon_plus_external_iron_rich_module_completeness_KEMET_style_3state_heatmap.png,1492792,e4988c805b9c28f189f8d3d9eb2d72577103589a12bf1901c6f71b80fc4769ee
outputs/kegg_modules/ST8_external_iron_rich_module_completeness_LONG_3state_from_KO.csv,3353963,2644bdac1909b1d68245e99da88d36b222e2dc09bd92130f690e87013f9d706d
outputs/kegg_modules/ST8_external_iron_rich_module_completeness_SCORE_3state_from_KO.csv,90296,0daea123ad9c6b83c9ee72d9e106a090e1d34d720c25accad2ee22908cf3b32f
outputs/kegg_modules/ST8_external_iron_rich_module_completeness_STATUS_3state_from_KO.csv,370883,a5ce171d9e44b52c1ec21b471cd3852e0e928e8953457df59db14325e94dceed
outputs/kegg_modules/ST8_external_iron_rich_module_completeness_summary_by_sample_3state.csv,2937,e3369e9349f020baae1281b1f103c152e662a3fa7c858c27be0f23fbf5b11eff
outputs/kegg_modules/SupplementaryFigure38_MAG_KEGG_module_completeness_heatmap_species_MAGnumber_KEMET_style_3state.pdf,4570282,1c19763798ca5ba0341a486e4fafded1f02ecb1b52fcefb864b00bd33041f3ef
outputs/kegg_modules/SupplementaryFigure38_MAG_KEGG_module_completeness_heatmap_species_MAGnumber_KEMET_style_3state.png,1435277,a234ecdf63cd9332f4443aa2a121d83dddcfc54b61224738c8629586571df25c
outputs/kegg_modules/SupplementaryFigure39_metagenome_KEGG_module_completeness_heatmap.pdf,2747645,6279df1f9f3ce83e0fe6bb640ea37322b2467d57795ae4afc495dbb5dd166dc6
outputs/kegg_modules/SupplementaryFigure39_metagenome_KEGG_module_completeness_heatmap.png,1302236,04a830b40f8e87f6c5d8e54a5450c5b2af76d67d5ebb6b6a5df3dd1e10b2307b
outputs/kegg_modules/SupplementaryFigure41_lagoon_plus_external_iron_rich_module_completeness_KEMET_style_3state_heatmap.png,1492792,e4988c805b9c28f189f8d3d9eb2d72577103589a12bf1901c6f71b80fc4769ee
outputs/kegg_modules/mags_KEGG_module_build_summary.csv,86,b7134cc29378e0f317b54ef4ce0e77b288535c18d76d20c08e4d257b389bd91c
outputs/kegg_modules/mags_KEGG_module_completeness_display_labels_matrix.csv,24333,fe612ff6684d0c3579806143dfd4e2d25d830a4a01c505cc672c90a813448ee7
outputs/kegg_modules/mags_KEGG_module_completeness_heatmap_article.png,1984341,0cbc358863bf89341531bc541a2dda074c7f29ab605bf07fdef17f4467b93118
outputs/kegg_modules/mags_KEGG_module_completeness_hover_long.csv,3231758,9b98aba6b4b63aa026f8f30b744b840274e46d807d38c1dc93d0db620e6c844a
outputs/kegg_modules/mags_KEGG_module_completeness_interactive_heatmap.html,760776,316f31fe4abba5b8220ba98a51e58a62b4b4cda599b9a2790ba233e9d0bff4da
outputs/kegg_modules/mags_KEGG_module_completeness_interactive_heatmap_modules.csv,40884,1853e3af22b85d1dd970f60214e973b6930412a3eb4715cf4c99484af768ba6d
outputs/kegg_modules/mags_KEGG_module_completeness_score_matrix.csv,155484,c92c798852ded5daabf962141d5a2d36ac425c8f86d54ebba7818aeef7a02f2a
outputs/kegg_modules/mags_KEGG_module_status_matrix.csv,291754,09a5a661f55c1da92985e9bbbc97f8a42850ef2ba8e5043b1001e4700c7c8420
outputs/kegg_modules/mags_KEMET_report_long.csv,6142583,8f3c1dca17d847f245c288a0c6b7fb0f76b92f103db8949769759a0bacbfb4fc
outputs/kegg_modules/metagenomes_KEGG_module_build_summary.csv,93,f039012f972f71c0a6aac434045c31365a4a461eb68215cac3ae43946b614684
outputs/kegg_modules/metagenomes_KEGG_module_completeness_display_labels_matrix.csv,8004,cf320bab980f55d749f8b5568fd3bab244e79c2f8a3b5c9e39ae7394ca8ad5e0
outputs/kegg_modules/metagenomes_KEGG_module_completeness_heatmap_article.png,1217195,12f8caf67827b165b6fde07b34923e17d3ab639509e435d0ba745e164a92cfe0
outputs/kegg_modules/metagenomes_KEGG_module_completeness_hover_long.csv,1458866,2b86a1b03f9c082ec5b1a977d1ba63a4568ec549ae91c91e26f0c520a6ed2661
outputs/kegg_modules/metagenomes_KEGG_module_completeness_interactive_heatmap.html,296226,0e5191fef8c07f64b97c97779694f8fac27d7a10573da8fb36c514063888272a
outputs/kegg_modules/metagenomes_KEGG_module_completeness_interactive_heatmap_modules.csv,14797,ad1687274fc8dbf00afec95bd3bf94519c1989b5ef2c4380b86969cd1ad88824
outputs/kegg_modules/metagenomes_KEGG_module_completeness_score_matrix.csv,75872,7c2fcfd4ebfc61be48de86db839a4bffc62574a9cd055d45148d91d82045e912
outputs/kegg_modules/metagenomes_KEGG_module_status_matrix.csv,139074,38c0403213203ca9df2ebcc415e6a266752c5ec1f7ea539c9bddffcf14b6521c
outputs/kegg_modules/metagenomes_KEMET_report_long.csv,2911653,cf6d744c920db52e69642d32c2075eb88d39405f8b421214aead6504cd50ce9d
outputs/kegg_modules/metagenomes_KEMET_sample_coverage.csv,1426,e806a4e47fa3cd083e49ec7306a8ddc8b17758f0580dda645f3799500c0dbb9b
packages.txt,26,1275592598c20e4481506acc12e9ddb5752824bc0e9c9bf58c569aaeb6375707
reports/FINAL_DOMAIN_TAXONOMY_GENERATION_REPORT.json,657,474bb1c0714f5ebaf5fcc3c381aa40a093bc3ab1766b3024ba7ffb6f83fe6685
reports/FINAL_VALIDATION_V13.json,39659,8cb43e4b32523ad6fef26cc17001054f7eff54661f26df6fe247d26d0456fa81
reports/ST8_EXPORT_REPRODUCIBILITY_V6.json,1615,385df107daa701795c95b9ea936c0489f2dcd88c2704e67e79ce788d6684ba6b
reports/TAXONOMY_24_COMBINATION_VALIDATION.csv,1180,4fa2758f15b8ca2993dca4b99e08c72d116b9485465c067f4ab1a99b6a884978
reports/TAXONOMY_ADENDUM_CHECKLIST.csv,802,a17689baea8bfc6e835a49fbb641f79512db6dac6a336a74bdd095bc73d704a3
reports/TAXONOMY_ADENDUM_VALIDATION.json,5816,1c324a17685f0ea407a896ed18733aca3bf68ea1a8c048b1e4963ebc6ddd3d00
reports/TAXONOMY_APP_24_UI_COMBINATIONS.csv,2975,a48397c0856076fb20f45b01d7371de49c8f42a2d31f889000fe72c45423d4b7
reports/TAXONOMY_APP_24_UI_COMBINATIONS.json,8598,e98a27fcc7f56ebc7385201e346786f5f48528f25e3e5ec31c9a4fe1d97507ce
reports/final_script_sync.json,7388,6e1099075b226c55ab2d1b240fe189d5710bbd9666e0fc256e2f31da51164854
reports/scope_diff_final_v13.json,170124,718b096c8f5283aba4f04107ae1e09d069de246223da4d7a9ed5fd69d94f1495
reports/ui_pairs/Bacteria_Class.json,664,b0192997cca3bb8227f5c39950eb33288cbe8d8e14eeba8a4de24aa8378d8735
reports/ui_pairs/Bacteria_Order.json,664,e31f0314820f18be64cd4bb38c352e960592217763c69f385c27a1afaf733141
reports/ui_pairs/Bacteria_Phylum.json,667,6a82f9d4aa677ee52ccff5ed959b3d2096cc32f5ee01eec89ed9dde17bc3f3a8
reports/ui_singles/Bacteria_Family_bar.json,312,4fca5ad1c4b9ecea6deb1328425ceff7d2fddbee4f1e528a2fc0bc3ea3386d69
reports/ui_singles/Bacteria_Family_heat.json,308,b7892efe74e934de12b4673c9b10c5371d761b97e5538a98b11798897d91c3ac
reports/ui_singles/Bacteria_Genus_bar.json,310,4a0fbbcc79dd917af57589f22d5c6a6cd8a73e60eb55942a83feba1058c3ee1a
reports/ui_singles/Bacteria_Genus_heat.json,306,f452d53e86a12cdea0210264b5b3842fb81608faea4efb54c61b114bd423bd68
reproducibility/environment_conda.yml,134,af5a81a2f0d798f00801d214a93b159b4bcc2f5099e5c96680a43fc3b9adebe6
reproducibility/ordination_audit/README.md,3321,714ebd739bbc17836815a05a72369a12687ef53fba3c0791698a3cca3607680d
reproducibility/ordination_audit/figures/Figure4_taxonomic_bacteria_genus_profiles.pdf,60371,dca7354d3304df82482ef3b8aaae48fde9cd88f026288030ffbd30823b1a4693
reproducibility/ordination_audit/figures/Figure4_taxonomic_bacteria_genus_profiles.png,1162516,9a5809e71204db9f08226ad5368da61a38f08e0c47adef78ed9ce7211f5a884b
reproducibility/ordination_audit/figures/Figure4_taxonomic_bacteria_genus_profiles.svg,314766,0f86967be9ee97d0d28c52abb272ecf9ccecc0ade7aa83592136a6d9092cd614
reproducibility/ordination_audit/figures/Figure5_taxonomic_archaea_genus_profiles.pdf,59671,7e15a1afb4a061e8f5c542dbf90dac82fa60aa5d2e3e9610a642800d841b3bd7
reproducibility/ordination_audit/figures/Figure5_taxonomic_archaea_genus_profiles.png,1213763,842dc51275016d835ede795bf2f37c49bd73a449209faf24574413df2c949cef
reproducibility/ordination_audit/figures/Figure5_taxonomic_archaea_genus_profiles.svg,312177,a88ab6e384670d9f7f1ac70e05c55c61573f70aaad02e3e9403a0609eeaf7496
reproducibility/ordination_audit/figures/SupplementaryFigure17_RDA_and_physicochemical_heatmap.pdf,1846810,a4cd55249c5c1305fe37d90bc8990661f9415d6764db9cefb196c0397f7f86bd
reproducibility/ordination_audit/figures/SupplementaryFigure17_RDA_and_physicochemical_heatmap.png,1632570,43c9d0fc96e71915927b380a498462f03a44629c11278424264c086a970e24ec
reproducibility/ordination_audit/figures/SupplementaryFigure17_RDA_and_physicochemical_heatmap.svg,2176922,801122dacafedf69a53dddd8b6ba71395d11303d0e362d38cff3eabf573a0707
reproducibility/ordination_audit/figures/SupplementaryFigure3_NMDS_CDS_taxonomy.pdf,29137,f8dec91bbb339abecddd0b1a7bb5704611caf5c2044f7a0a1228e9cbd0d520e5
reproducibility/ordination_audit/figures/SupplementaryFigure3_NMDS_CDS_taxonomy.png,291835,fb053bacfae7863e285f365b8932f0c637e2c9abddff86e714115dcc2ee87b2b
reproducibility/ordination_audit/figures/SupplementaryFigure3_NMDS_CDS_taxonomy.svg,76675,d0d44ac23e0fa48a850adf9c2a6d99b668fd041d33d3406ec589189b96bc7ff2
reproducibility/ordination_audit/input/fiqui2.xlsx,8706,ac7c11dc838e913db4731f0a3721a475bec1ac429520b8a2a477829733a48e0c
reproducibility/ordination_audit/input/resultado.cds.otu.tab,1433098,6e56cefed52b18afe8a2a83ad8db414812a79a11306270a78809020c6948e242
reproducibility/ordination_audit/input/resultado.cds.tax.tab,3389955,892de22d72c9207d42695674dda5c0bc715685e3daa9e22e3e373040786e7842
reproducibility/ordination_audit/intermediate/Archaea_NMDS_Bray_Curtis_distance_matrix.csv,7951,72efd8786dbd1b75a22c005132fd9269e816fc97e24efe69a493f6195e846779
reproducibility/ordination_audit/intermediate/Archaea_NMDS_square_root_relative_proportions.csv,8117,15361f1a1365a16a8e3a71e224484010fefa17dbd7ec21a6bd7b27c44365c277
reproducibility/ordination_audit/intermediate/Archaea_RDA_Hellinger_community_matrix.csv,4192,9042f06aafc730c3cffa4eda8510a46f08b102ed0f72ebec3a27f4e6399c8085
reproducibility/ordination_audit/intermediate/Archaea_RDA_pooled_position_abundance.csv,4012,ef0f746241aff15782d6fa38f72d3192370ead8068a00d617c2a596ae2e316aa
reproducibility/ordination_audit/intermediate/Archaea_RDA_standardized_environment.csv,1290,c86803478e8d6b35190c45e6f3e2de8ff568c928f90923e99977599d6db80d9d
reproducibility/ordination_audit/intermediate/Bacteria_NMDS_Bray_Curtis_distance_matrix.csv,7953,4f68ef7cd1c94f8936777aac3a701bbb91cb6436a4b42fc90c515ac2f5898666
reproducibility/ordination_audit/intermediate/Bacteria_NMDS_square_root_relative_proportions.csv,8130,c34dfd840269e7ed1bea76821e9ebb95bb995536e3aa6596506f4b26b2726957
reproducibility/ordination_audit/intermediate/Bacteria_RDA_Hellinger_community_matrix.csv,4177,e6623c49e5a225fcd102d9a4bae1e1e34245189ca848e644460034ef1dc4434b
reproducibility/ordination_audit/intermediate/Bacteria_RDA_pooled_position_abundance.csv,4009,d770fc7bfd0812dd0b96cb8e9768546ff9b1ff167ac63ebd7c793075d97d8f12
reproducibility/ordination_audit/intermediate/Bacteria_RDA_standardized_environment.csv,1290,c86803478e8d6b35190c45e6f3e2de8ff568c928f90923e99977599d6db80d9d
reproducibility/ordination_audit/intermediate/CDS_Bray_Curtis_distance.csv,7759,4fe08d8642638323ae6d481a49a0c0c4ce5ec6263c78e834dc03a70ecd56a716
reproducibility/ordination_audit/intermediate/CDS_square_root_relative_abundance.csv,5478052,9ef33be70e8dc68b2ce33a73a58518471572e9cdbc1fd57d2468fa811a76a01c
reproducibility/ordination_audit/output/Archaea_NMDS_scores.csv,1276,d6aacae9417ec8f63fe7a98f81ec0bfc1fc046fa63c9cb26173618140198dd46
reproducibility/ordination_audit/output/Archaea_NMDS_statistics.json,420,9cddbe240153ea67066407c023a162354c18ed4cc81bbafcd425629bf275fe88
reproducibility/ordination_audit/output/Archaea_RDA_environment_vectors.csv,283,8fa673d923aa3df69d77108369ed1a243e6dbcc12ace3d94fadfee7e25b26517
reproducibility/ordination_audit/output/Archaea_RDA_representative_genus_vectors.csv,758,f8c21f9aa8896b6639075633bd7db5f7821699d70ea73d8007e9b66acbe52d45
reproducibility/ordination_audit/output/Archaea_RDA_site_scores.csv,533,1096546ed1fe3e025a292621f833fb32c70a866ed72769c996d11f8d193156d1
reproducibility/ordination_audit/output/Bacteria_NMDS_scores.csv,1272,6583419cdf170b88a9d3672af39be588ce16884b09628f598e31de9d82775736
reproducibility/ordination_audit/output/Bacteria_NMDS_statistics.json,420,fc866ba432a38fbfa3aa5b2bf357c76ce45d858cd6d3cc8a920bbdd9b6a4f1fe
reproducibility/ordination_audit/output/Bacteria_RDA_environment_vectors.csv,284,b2ef8e4ca8e724dafb287bf7b3dd01ebe9d635fa379a18a0f784c7d1f5a688fa
reproducibility/ordination_audit/output/Bacteria_RDA_representative_genus_vectors.csv,760,64e953edc233a32423159cbb3fe41c15a499d693e7033a68ff8f9014a1f5bb47
reproducibility/ordination_audit/output/Bacteria_RDA_site_scores.csv,533,2ff6cc0024e159f6ffcbc53dca71d6cd19009a25b345f06d03beaef9edc9b962
reproducibility/ordination_audit/output/CDS_true_nonmetric_NMDS_parameters.json,485,3936c7a4d6c8abc58d2c37a13c146bd379101c806339f87918a18b6bcc9f3671
reproducibility/ordination_audit/output/CDS_true_nonmetric_NMDS_scores.csv,1269,9a93c8d931f4406ad9c640447b8bfad66d92147f7590b64a1706a664f0e6572c
reproducibility/ordination_audit/scripts/generate_ordinations_revision4.py,20409,fdb30210a245fcef380d7cda10b7d61bd4e94760a04b3534edcef08a84d11f30
reproducibility/ordination_audit/scripts/generate_s3_nmds_revision4.py,8486,eaf9e385f67d423d1bd9c3519c9a008ee333093985e11b9761a353a7b57033cd
reproducibility/ordination_audit/scripts/publication_ordination.py,19428,481c676b612781988753df4268fc4a71d51cfc8ae570fcfc38988a83677eb152
reproducibility/ordination_audit/tables/Archaea_NMDS_PERMANOVA_and_dispersion_tests.csv,461,2bdda2d869581ef982426251b8770debcc747f04cd83c58be1f3e9ee418eb656
reproducibility/ordination_audit/tables/Archaea_RDA_VIF.csv,291,946681dbb86912dc70fff4e2fde4f48a72121d563bd23110c5a06ba7ea425516
reproducibility/ordination_audit/tables/Archaea_RDA_model_statistics.csv,686,b30a784bbb9eee01ff4c0c7b77e4c40814bf99a93729603bc9a15f0b6478bab0
reproducibility/ordination_audit/tables/Bacteria_NMDS_PERMANOVA_and_dispersion_tests.csv,463,9409a18c4780049ea43e9a002323be1a7daa1eedad100e3c83c083dbe97cd5f6
reproducibility/ordination_audit/tables/Bacteria_RDA_VIF.csv,291,946681dbb86912dc70fff4e2fde4f48a72121d563bd23110c5a06ba7ea425516
reproducibility/ordination_audit/tables/Bacteria_RDA_model_statistics.csv,684,094bbec32a21674e5201a760223a2608158d0e885138ff537b92d15acdfb57f3
reproducibility/ordination_audit/tables/CDS_NMDS_PERMANOVA_and_dispersion_tests.csv,476,0acd9d35687f5290356bfb0ed070e9747306a3002e2d20226a9d7fb83a4a0b95
reproducibility/ordination_audit/validation/Archaea_NMDS_near_overlap_pairs.csv,107,9314a39ab3f80954a02f41a4a34ec96dbeefc148364de582d16778d26c2fade7
reproducibility/ordination_audit/validation/Archaea_RDA_near_overlap_pairs.csv,52,d0e7c7c9cb23cdd57b8b70ed1e79ca57f420a1f4663f0dae183dccb757de02e9
reproducibility/ordination_audit/validation/Bacteria_NMDS_near_overlap_pairs.csv,48,655bc832f12ac402245cec9abeb10d659dc344e9604eb0300c7c713271b6247f
reproducibility/ordination_audit/validation/Bacteria_RDA_near_overlap_pairs.csv,52,d0e7c7c9cb23cdd57b8b70ed1e79ca57f420a1f4663f0dae183dccb757de02e9
reproducibility/ordination_audit/validation/FINAL_VALIDATION_REPORT_REVISION4.json,8457,45411b4dff27e96a4bc96eeef9eef8ed46aaa3481e39cf48c2fd0f27ea48beb5
reproducibility/ordination_audit/validation/ORDINATION_FINAL_NUMERIC_SUMMARY.csv,576,f40cb91fb8c1331f4189e4c552ce6d6923831f3d6d71158939bfe7378b301c6b
reproducibility/ordination_reproducibility/README.md,3321,714ebd739bbc17836815a05a72369a12687ef53fba3c0791698a3cca3607680d
reproducibility/ordination_reproducibility/figures/Figure4_taxonomic_bacteria_genus_profiles.pdf,60371,25dec5fce21eca9333a7e74b39313b916fe731b00b69ca78b23755b49888e949
reproducibility/ordination_reproducibility/figures/Figure4_taxonomic_bacteria_genus_profiles.png,1162516,9a5809e71204db9f08226ad5368da61a38f08e0c47adef78ed9ce7211f5a884b
reproducibility/ordination_reproducibility/figures/Figure4_taxonomic_bacteria_genus_profiles.svg,314766,e6a8fdfda81a07013d26a7ca901b911fa468bff2966d245b447efee4fbc79538
reproducibility/ordination_reproducibility/figures/Figure5_taxonomic_archaea_genus_profiles.pdf,59671,ec2017b15c7d6c2b655dbcb4c472af5cad6913e41092c54e1ebeac0f4255fa75
reproducibility/ordination_reproducibility/figures/Figure5_taxonomic_archaea_genus_profiles.png,1213763,842dc51275016d835ede795bf2f37c49bd73a449209faf24574413df2c949cef
reproducibility/ordination_reproducibility/figures/Figure5_taxonomic_archaea_genus_profiles.svg,312177,cc3395090ea41b0397189b63d9ec733d3393e06e1b0c2c62b9bbbcd54625e06d
reproducibility/ordination_reproducibility/figures/SupplementaryFigure17_RDA_and_physicochemical_heatmap.pdf,66400,0a3c0e8cade0567618a6cb578ec408a933d24851353facea893434188b0023b5
reproducibility/ordination_reproducibility/figures/SupplementaryFigure17_RDA_and_physicochemical_heatmap.png,1246450,b39515aff803279f068a195303ee327cdd595da47271c8202ef09f80f663aa26
reproducibility/ordination_reproducibility/figures/SupplementaryFigure17_RDA_and_physicochemical_heatmap.svg,196072,6a8fe7018a2f90b732bd06e8f98aa762cbd875796b23e11d53434d2e6c69bbb0
reproducibility/ordination_reproducibility/figures/SupplementaryFigure3_NMDS_CDS_taxonomy.pdf,29137,f8dec91bbb339abecddd0b1a7bb5704611caf5c2044f7a0a1228e9cbd0d520e5
reproducibility/ordination_reproducibility/figures/SupplementaryFigure3_NMDS_CDS_taxonomy.png,291835,fb053bacfae7863e285f365b8932f0c637e2c9abddff86e714115dcc2ee87b2b
reproducibility/ordination_reproducibility/figures/SupplementaryFigure3_NMDS_CDS_taxonomy.svg,76675,d0d44ac23e0fa48a850adf9c2a6d99b668fd041d33d3406ec589189b96bc7ff2
reproducibility/ordination_reproducibility/input/fiqui2.xlsx,8706,ac7c11dc838e913db4731f0a3721a475bec1ac429520b8a2a477829733a48e0c
reproducibility/ordination_reproducibility/input/resultado.cds.otu.tab,1433098,6e56cefed52b18afe8a2a83ad8db414812a79a11306270a78809020c6948e242
reproducibility/ordination_reproducibility/input/resultado.cds.tax.tab,3389955,892de22d72c9207d42695674dda5c0bc715685e3daa9e22e3e373040786e7842
reproducibility/ordination_reproducibility/intermediate/Archaea_NMDS_Bray_Curtis_distance_matrix.csv,7951,72efd8786dbd1b75a22c005132fd9269e816fc97e24efe69a493f6195e846779
reproducibility/ordination_reproducibility/intermediate/Archaea_NMDS_square_root_relative_proportions.csv,8117,15361f1a1365a16a8e3a71e224484010fefa17dbd7ec21a6bd7b27c44365c277
reproducibility/ordination_reproducibility/intermediate/Archaea_RDA_Hellinger_community_matrix.csv,4192,9042f06aafc730c3cffa4eda8510a46f08b102ed0f72ebec3a27f4e6399c8085
reproducibility/ordination_reproducibility/intermediate/Archaea_RDA_pooled_position_abundance.csv,4012,ef0f746241aff15782d6fa38f72d3192370ead8068a00d617c2a596ae2e316aa
reproducibility/ordination_reproducibility/intermediate/Archaea_RDA_standardized_environment.csv,1290,c86803478e8d6b35190c45e6f3e2de8ff568c928f90923e99977599d6db80d9d
reproducibility/ordination_reproducibility/intermediate/Bacteria_NMDS_Bray_Curtis_distance_matrix.csv,7953,4f68ef7cd1c94f8936777aac3a701bbb91cb6436a4b42fc90c515ac2f5898666
reproducibility/ordination_reproducibility/intermediate/Bacteria_NMDS_square_root_relative_proportions.csv,8130,c34dfd840269e7ed1bea76821e9ebb95bb995536e3aa6596506f4b26b2726957
reproducibility/ordination_reproducibility/intermediate/Bacteria_RDA_Hellinger_community_matrix.csv,4177,e6623c49e5a225fcd102d9a4bae1e1e34245189ca848e644460034ef1dc4434b
reproducibility/ordination_reproducibility/intermediate/Bacteria_RDA_pooled_position_abundance.csv,4009,d770fc7bfd0812dd0b96cb8e9768546ff9b1ff167ac63ebd7c793075d97d8f12
reproducibility/ordination_reproducibility/intermediate/Bacteria_RDA_standardized_environment.csv,1290,c86803478e8d6b35190c45e6f3e2de8ff568c928f90923e99977599d6db80d9d
reproducibility/ordination_reproducibility/intermediate/CDS_Bray_Curtis_distance.csv,7759,4fe08d8642638323ae6d481a49a0c0c4ce5ec6263c78e834dc03a70ecd56a716
reproducibility/ordination_reproducibility/intermediate/CDS_square_root_relative_abundance.csv,5478052,9ef33be70e8dc68b2ce33a73a58518471572e9cdbc1fd57d2468fa811a76a01c
reproducibility/ordination_reproducibility/output/Archaea_NMDS_scores.csv,1276,d6aacae9417ec8f63fe7a98f81ec0bfc1fc046fa63c9cb26173618140198dd46
reproducibility/ordination_reproducibility/output/Archaea_NMDS_statistics.json,417,e65b5fe9b23f391d50ca01c1e97507ede7348fc4d5a351e993f30f1f28cdb6ea
reproducibility/ordination_reproducibility/output/Archaea_RDA_environment_vectors.csv,283,8fa673d923aa3df69d77108369ed1a243e6dbcc12ace3d94fadfee7e25b26517
reproducibility/ordination_reproducibility/output/Archaea_RDA_representative_genus_vectors.csv,758,f8c21f9aa8896b6639075633bd7db5f7821699d70ea73d8007e9b66acbe52d45
reproducibility/ordination_reproducibility/output/Archaea_RDA_site_scores.csv,533,1096546ed1fe3e025a292621f833fb32c70a866ed72769c996d11f8d193156d1
reproducibility/ordination_reproducibility/output/Bacteria_NMDS_scores.csv,1272,6583419cdf170b88a9d3672af39be588ce16884b09628f598e31de9d82775736
reproducibility/ordination_reproducibility/output/Bacteria_NMDS_statistics.json,417,bd2f3e5cc88aead45fd7f7846c6fa26afcef7bcf0f55992a68171983d5d55390
reproducibility/ordination_reproducibility/output/Bacteria_RDA_environment_vectors.csv,284,b2ef8e4ca8e724dafb287bf7b3dd01ebe9d635fa379a18a0f784c7d1f5a688fa
reproducibility/ordination_reproducibility/output/Bacteria_RDA_representative_genus_vectors.csv,760,64e953edc233a32423159cbb3fe41c15a499d693e7033a68ff8f9014a1f5bb47
reproducibility/ordination_reproducibility/output/Bacteria_RDA_site_scores.csv,533,2ff6cc0024e159f6ffcbc53dca71d6cd19009a25b345f06d03beaef9edc9b962
reproducibility/ordination_reproducibility/output/CDS_true_nonmetric_NMDS_parameters.json,485,3936c7a4d6c8abc58d2c37a13c146bd379101c806339f87918a18b6bcc9f3671
reproducibility/ordination_reproducibility/output/CDS_true_nonmetric_NMDS_scores.csv,1269,9a93c8d931f4406ad9c640447b8bfad66d92147f7590b64a1706a664f0e6572c
reproducibility/ordination_reproducibility/scripts/generate_ordinations_revision4.py,20409,695337cb6f63b910bc1b3d6ed3284dff29b6e1b68a54a8475b16f8ac1d8393d6
reproducibility/ordination_reproducibility/scripts/generate_s3_nmds_revision4.py,8486,eaf9e385f67d423d1bd9c3519c9a008ee333093985e11b9761a353a7b57033cd
reproducibility/ordination_reproducibility/scripts/publication_ordination.py,19428,481c676b612781988753df4268fc4a71d51cfc8ae570fcfc38988a83677eb152
reproducibility/ordination_reproducibility/tables/Archaea_NMDS_PERMANOVA_and_dispersion_tests.csv,461,2bdda2d869581ef982426251b8770debcc747f04cd83c58be1f3e9ee418eb656
reproducibility/ordination_reproducibility/tables/Archaea_NMDS_sample_audit.csv,1738,8e4f298cfe4fb14b72b16838a1188cf16830dee11775aa17b86f230a1ca0a194
reproducibility/ordination_reproducibility/tables/Archaea_RDA_VIF.csv,291,946681dbb86912dc70fff4e2fde4f48a72121d563bd23110c5a06ba7ea425516
reproducibility/ordination_reproducibility/tables/Archaea_RDA_model_statistics.csv,686,b30a784bbb9eee01ff4c0c7b77e4c40814bf99a93729603bc9a15f0b6478bab0
reproducibility/ordination_reproducibility/tables/Archaea_RDA_sample_audit.csv,4821,3d5e290239c6ae71655f7418a70dab1759c3c95f9a68328220d76dc4925f2660
reproducibility/ordination_reproducibility/tables/Bacteria_NMDS_PERMANOVA_and_dispersion_tests.csv,463,9409a18c4780049ea43e9a002323be1a7daa1eedad100e3c83c083dbe97cd5f6
reproducibility/ordination_reproducibility/tables/Bacteria_NMDS_sample_audit.csv,1754,170c4914c7638f79751f7a35c184eddea3cb0a9264663f1247392410d54763e3
reproducibility/ordination_reproducibility/tables/Bacteria_RDA_VIF.csv,291,946681dbb86912dc70fff4e2fde4f48a72121d563bd23110c5a06ba7ea425516
reproducibility/ordination_reproducibility/tables/Bacteria_RDA_model_statistics.csv,684,094bbec32a21674e5201a760223a2608158d0e885138ff537b92d15acdfb57f3
reproducibility/ordination_reproducibility/tables/Bacteria_RDA_sample_audit.csv,4841,8ad2057f6560a53099fcc1053daa3600b2e3c6a4a9d19bf788225730d1f09250
reproducibility/ordination_reproducibility/tables/CDS_NMDS_PERMANOVA_and_dispersion_tests.csv,476,0acd9d35687f5290356bfb0ed070e9747306a3002e2d20226a9d7fb83a4a0b95
reproducibility/ordination_reproducibility/validation/Archaea_NMDS_near_overlap_pairs.csv,107,9314a39ab3f80954a02f41a4a34ec96dbeefc148364de582d16778d26c2fade7
reproducibility/ordination_reproducibility/validation/Archaea_RDA_near_overlap_pairs.csv,52,d0e7c7c9cb23cdd57b8b70ed1e79ca57f420a1f4663f0dae183dccb757de02e9
reproducibility/ordination_reproducibility/validation/Bacteria_NMDS_near_overlap_pairs.csv,48,655bc832f12ac402245cec9abeb10d659dc344e9604eb0300c7c713271b6247f
reproducibility/ordination_reproducibility/validation/Bacteria_RDA_near_overlap_pairs.csv,52,d0e7c7c9cb23cdd57b8b70ed1e79ca57f420a1f4663f0dae183dccb757de02e9
reproducibility/ordination_reproducibility/validation/FINAL_VALIDATION_REPORT_REVISION4.json,8457,45411b4dff27e96a4bc96eeef9eef8ed46aaa3481e39cf48c2fd0f27ea48beb5
reproducibility/ordination_reproducibility/validation/ORDINATION_FINAL_NUMERIC_SUMMARY.csv,576,f40cb91fb8c1331f4189e4c552ce6d6923831f3d6d71158939bfe7378b301c6b
reproducibility/ordination_reproducibility/validation/ordination_execution_summary.json,2101,145e3a43580edd18ec7267bf96f1f5f3566dfeffd18df22e1b8d4b037237226e
requirements.txt,283,d4b08b4d69758f28dc2448c0bb43b3491f64f199a9f79652621e41f7dcfefd39
run_app.py,446,f408571bb4848bc469a1f4232c16c5e9aea2466ddefff14bddbf98c85465e412
run_app_no_root.sh,3878,458e3629c759783f89215668b5e081c4e2f7854f869109f259400c923e5d568e
run_app_windows.bat,214,16820e3fcf6af3edf0500d8b26e6aefd843d8baf2cb3a922503758e98993ecc4
scripts/README.md,643,1bcc452473971a270b69437319874700fe41a7b2dcef362617182c4b5e229ab8
scripts/browser_check_latest_requested_visuals.py,4413,8294a6f6bd47e7b425ced99e4cf6b511b20ef5be4babebc013911633b5b5f5a0
scripts/build_complete_figure_script_table.py,28948,0ae36748de9f33abfb0e8e3a88ab6e5674d457ec69b3f7127296653d5d45ae96
scripts/check_app_runtime.py,5250,5e3011533ace64f442a174ddc9c9b642a29115de42da64a3c3025348d79a4b6d
scripts/configure_plotly_export.py,1336,0e421f4aa7540e97daa15aa4b7a2347f7f6ee1c43745959d352b6f72ed35556d
scripts/consolidate_final_publication.py,34440,482eb3f2290b77bd53b652ca8d9fa5796c8abe0b49f612d8dc0d38f554c1ca29
scripts/documents/__init__.py,0,e3b0c44298fc1c149afbf4c8996fb92427ae41e4649b934ca495991b7852b855
scripts/documents/update_supplementary_information.py,7733,9828cf3818df31fc65a31f15b135d72f7f10b8fb35ba8d228efd709719189a96
scripts/figures/__init__.py,0,e3b0c44298fc1c149afbf4c8996fb92427ae41e4649b934ca495991b7852b855
scripts/figures/generate_environmental_group_heatmaps.py,31636,854bdcf621eca0013f84559cb3c44869ce3534fafbc10ef8359d11fa8896d1c1
scripts/figures/generate_figure7.py,6745,92f4dd87ca45d8b79cca1c0653755c73d5b2fe312cd6cc745104ae1b94279932
scripts/figures/generate_figure8.py,4101,10adf762b9238f45d7c482aec6e13ed1a727a8c0434070e65612fd6bbf1ef8e8
scripts/figures/generate_figures4_5_s17_revision3.py,555,f46a9ae043cfbdaeb44442a26901e15008511f4d4c01bc8043878174d5ee266b
scripts/figures/generate_ordinations_revision4.py,20409,695337cb6f63b910bc1b3d6ed3284dff29b6e1b68a54a8475b16f8ac1d8393d6
scripts/figures/generate_s31_s32.py,16799,70561f0c84944162cf6c4d20e32e20e71c939f12357d280e0cffdf71e9613dcd
scripts/figures/generate_s31_taxonomic_levels_revision3.py,4718,fb8efd508d55e0dea768323a55c4d9974d87fa7b4efcfa624119b1dc0c8c450a
scripts/figures/generate_s33_biogeochemical_zscore_revision3.py,1668,14568b6f076dede8d89091cd931c539047b3fb5645060ca8f22ecab5f78ee8ff
scripts/figures/generate_s6_s7.py,4673,2a8b1e2be637c4f4612aa094a0208d3b4d413f0fb40a0b306d3e4dd470fe4018
scripts/figures/generate_world_map_revision3.py,4055,7b9972c28bbe1a574597a5669cb45bae568578fa116a112086a9986019335c97
scripts/figures/revision_common.py,1330,caabc9b32ebb0e1b94edd9aee5ac6521bdbbfd09cc7235eb12756a42afa7472c
scripts/final_publication_figures/06_recalculate_rarefaction_alpha_32999.py,23681,d280615c85e37fb37b2993ea1a772ef24c07463e7592d73664f434824b68f20b
scripts/final_publication_figures/__init__.py,0,e3b0c44298fc1c149afbf4c8996fb92427ae41e4649b934ca495991b7852b855
scripts/final_visual_sync.py,18246,fba0aa20c187adc4570a46efda168d3cdda60df37be44d22200e894c3ee281c0
scripts/generate_amazon_coordinate_figure.py,4678,47434a391b762c6ee462dee07df995c60d268c438a88f3dd554453efad29c906
scripts/generate_atlas_workflow_figure.py,3481,59f95bce502c3568c948ae6d3258c3d4df9b297097d385a5cbc3402201c750d6
scripts/generate_bidirectional_environment_contrast_figures.py,10622,b2f707bb7e3433f7faeb4906a6a9d1d66f8990af3ee601e2c30eab4240498b84
scripts/generate_core_taxonomy_overlap_figure.py,5588,b3bd37925e7aea57a2545874e8f456755c7c06e2af8fcdd831f23d3bc60876d6
scripts/generate_final_domain_taxonomy_figures.py,20026,f9b69a776672c82e043cf3af643375f00d4b5069c6e43db3bd80f4403fb092db
scripts/generate_s37_module_completeness.py,10589,97014f78368c65861422d29689cbd86d5775f1a940b97242f3b6ddd8c891bbd5
scripts/generate_s38_s41_module_figures.py,41744,eed2a6971fed8966856940be6e16a0104b1397143fe41c864bf3dc46205fbb53
scripts/generate_taxonomy_supplementary_figures.py,15891,5dfa9e9af82fefc7ce6110f57f87ac47d277b8a540124ae4a3f45e043d5abe26
scripts/headless_navigation_no_export_test.py,8003,8433c8bf4a4253a6a6a9bc1d83069103bab63a2819221b111b18f4d572996409
scripts/headless_navigation_test.py,7623,909ddbb9f45086ec97fb77c51392ea90495f7aa24c2a34aee88896a6d17f1f51
scripts/materialize_preserved_publication_asset.py,2138,230c19b81ab83b42fba2a8cf1d92536c235a70005d5e6d6819c1942ecfb768bb
scripts/synchronize_article_app_outputs.py,4906,b18aae6806f7b79362b7e12b0d63bb8a3e4e1b981c17b74c99dacb7370f22fcb
scripts/validate_app_content.py,12186,fcea1d0c72ea145b1d65f2dbb1e724f0fd15ce956f69de9f7d818e8cfda5c990
scripts/validate_audit_corrections.py,17518,2f7cb9a3e65cde207d64ea82d82468efdaa988e2ae2e54a11ae831ef9da14a05
scripts/validate_boxplot_integrity.py,2541,2b8478cf1c94a74bcdbd8151db3f5e73a206b9a92c2aa814b94f2920963e95e6
scripts/validate_latest_requested_corrections.py,5574,f360a18cbe2d30582f4b4b677f908861068d8c295555bc4b7bd6026a8c8fdcd9
scripts/validate_plotly_exports.py,3249,4ede297dfc3b98659ca4794cfa7ab7151672913bcf226d1275c3069f1937e6f6
scripts/validate_prompt_final_acceptance.py,4692,01a7dbd7601a5412dab1e4007553ef17039807d3f1c4dc7f43644bafcc4ea9f8
scripts/validate_sample_labels_in_exports.py,2712,7273da42d073c8044afb8e64fbd8792029a9257d14549af7c2aeb6e3011865ef
scripts/validation/__init__.py,0,e3b0c44298fc1c149afbf4c8996fb92427ae41e4649b934ca495991b7852b855
scripts/validation/compare_environmental_group_heatmaps.py,3489,a1ed99c075b21137d973133f51699d6b7730765192b696ab31a07a5785563bb0
scripts/visual_browser_regression_test.py,12333,3439e0d352b309afbdb2a60108d5153d937c34638e96a14ba32615c6bf65b1da
src/__init__.py,50,94a21015ac60ab42320dc39a66864621cea91b0fa7ac252eec71f932be070faf
src/_helpers.py,4593,aeee2e901a10a42a49a081451db372d9a555b58599add680f635d9d751c771ef
src/antismash_viewer.py,2591,e4687bd0841066fd0658aecd5b8809b9aee4a73518ea1425af53caf421408e09
src/bvbrc_cli_sync.py,2565,cc1f4a7855c2e86b8853704c6e6aa0ba1ffd199aec6afe0014b630d5967284f9
src/bvbrc_public.py,2188,58ae00d9ddecbddecc93c2c5e99082a72ca46da6779ef7c65bb33ee50896b20b
src/data_sources.py,7217,9cd1313b311cb48d3955b4099806ab0e52a036bbd7650034dec58b42559c43d3
src/earthdata_nasa.py,4189,a8c75cfe3d72eac687c0815cde1605de5962353a13bc42739875dab4e531a784
src/environment_map_data.py,1775,f473ecc68f888a08e14b5320698d594419e1362f79826105941591c4445dece6
src/functional_annotations.py,18523,6bf4838fa982618b60e2e74b072fbfddb66a52ffee1dfdfd28f6d8171a25c354
src/integrated_omics.py,12379,269bd42dd42d83fb297a65c96c87081224b90fa2acbbc70736129dcc1f9a3631
src/kegg_modules.py,7537,8c7883daa9760eb0702353a87817d71047a5b66c4a9c75581939fe1c22c675b5
src/mag_annotations.py,7252,7d5afc984887a7892316aba0464b8a8d108193871de341b325397a55a55b52a1
src/plotly_export.py,8227,b6a416becfec804efe2b4dabfbe46975b2fa61d4542379a4393bd1bd7f08c4d3
src/publication_ordination.py,23581,2f1959b95863513984ac262d907d2f1268e6831631e92d21da475d40254d8d3d
src/publication_rda.py,18624,b1141adcfd493ac65513351da1b4bdd3096013f55dfc8a4a3fbe7356ec73243f
src/runtime_paths.py,1098,fc85e240df8663e99769962fb76e21a6c58bcc5230128631ddde247c6f675d5a
src/runtime_preflight.py,713,fda866f45b84df63abceeb26826ec91aa5f5535aae461f8620e98e8132c25aa3
src/sample_metadata.py,5839,416340f5ff68a43c5b04e2c03199fa7531d474d81a219b0ed860763face34d14
src/streamlit_compat.py,1867,7d5241d559aebaf16ec2073b034588d660107bc54a734fbb0059a156e7287ec9
src/supplementary_database.py,29665,35a0969599947bf921fef0358d56ffc5fa988f69050f31ae09f35ec1448b31f6
src/taxonomy_palette.py,4643,eb939925a670d1474c6a4eab7369e774f1dde0eb7f23b38e287a6964d3f23e00
src/visitor_analytics.py,3104,f2082eb2196405c544043bea6b75a9308b3a01fe0b320cb0af5af4550fed90ce
src/visual_qc.py,5652,5acd55256b855fe632daa9b52646a5480defbde7d133e3ce6a768f4d7c1bac45
tables/MAG_taxonomic_label_key_for_Supplementary_Figure_37.csv,4143,5a78c9f3df114e271d10c3eff6fe7e4718bd46b91a11625f22d8c68d7a09c21c
tables/Supplementary_Table_13_module_completeness_classifications.xlsx,2580615,61d390a1fdecdd194d2e85e836cdf31fd745f629fb590b63d97d72bd2e579a52
tables/Supplementary_Table_14_S37_thematic_module_status.csv,15308,ac90aa04330df89cbf004563e51fb1f0e21ce30c61628fe3702e810eff6a2bf4
tables/Supplementary_Table_14_S38_thematic_module_status.csv,10373,80a6bba0c83e2233dc50fb3f2076d107891dcee2c654418e04d6ff37391bc0da
tables/Supplementary_Table_14_S40_thematic_module_status.csv,36802,8a2c1bbdc72be3a9ba251a4ed9328be66c4d2696fa3efff7774ccb38908c1836
tables/Supplementary_Table_14_S67_thematic_module_status.csv,50724,d677c13b27890eda3538548392d582b57bdc7e15890778d68105eaf106390655
tables/Supplementary_Table_14_selection_metadata.csv,775,0f7d5eaad07962ebefb9a8399826855409b136818e10869c0be897cd30242ac2
tables/Supplementary_Table_14_thematic_module_subset.xlsx,60901,4957758d2bd453afb22f21a7cc6b16b7062a3307d922d47b4184433ca5100ae2
tables/Supplementary_Table_14_thematic_module_subset_catalog.csv,88749,c5038859521e2465ae898ee1485a5951b0c506d80a822f2ea8f5778140d111a2
tables/Supplementary_Table_15_external_record_key.csv,16550,8d5411dda1a83fc26501882cef8afd38f1b6578f9b89e42c15ee97d14b453439
tables/Supplementary_Table_16_final_scripts.csv,195363,4677c335d88027ac04e7f20771fa2a84f9334cb4551b8ab14c3a183f5af3884c
tables/Supplementary_Table_16_final_scripts.docx,51671,68639174189a9086adfcc4619f63ca383566ec33dfde343fde7ffa6844f5bbb8
tables/Supplementary_Table_16_final_scripts.xlsx,22464,4eacce98bd2248c1e6176a99a2212311320bb75750a29270f64efc94e8229deb
tables/Supplementary_Table_4.xlsx,251889,fed188b8ba06e9d17f5767efa05c7ffa6b6dce87d88d6b7d53ddd6060727dea2
tables/Supplementary_Table_5.xlsx,459584,9817a39a323aa75201fa3d3acdac2f8eb3952b99889934a67f1e8c664f698bee
tables/Supplementary_Table_6.xlsx,2807418,b10a51a835b41c4bdee0ec2fd0d230f8f38536050376da71081753050af629a8
tables/Supplementary_Table_8.xlsx,5916021,c4fdf2fbafe8ebb412029188ddc501c1e782dd9ddbbc98acad8b79e29222bff6
validation/APP_CONTENT_VALIDATION.tsv,673,8e740c078648a1903c8d2574a4289a4dbadf15d20623b43941e59331771377ff
validation/APP_HEADLESS_NAVIGATION_TEST.tsv,27740,0628da30aeab71986ed3477eaaf4ec09e4db6f8e03d82f2c9c9e0fe707ba81b7
validation/APP_RUNTIME_NAVIGATION_TEST.tsv,120,e96cb386f2567e03ca11c2879f4aa35a1b34af78b37004b9ee4342ff559dac26
validation/AUDIT_CORRECTIONS_VALIDATION.csv,2235,47fcb98cbb5f4dc1653397a6a97a4a44475a56f9eeaa84c879efd5c35ef9c985
validation/AUDIT_CORRECTIONS_VALIDATION.json,3710,0dff720572b66c3a2f80a89af5e82b2511510346506d101ea50400d6c37226da
validation/CORRECTIONS_2026-07-28.csv,2198,d82f66993f58edbaaacc67f5f9351a60576dee88bbb2ce7aaf92052f2eca3422
validation/CORRECTION_TEST_SUMMARY.json,681,0a460b97950afde91d65b6c27e562a0959a196bafa367cc43e0a4c92e9bf1fd3
validation/FINAL_REVERIFICATION_2026-07-28.csv,4406,032852fbcb84478de11b648688c6e8b2367ded72c4ed4075951242d137ade510
validation/FINAL_REVERIFICATION_2026-07-28.json,399,49026679432e979bb6949e94acff8b9cec0eff7caea478188fb2f5ab002a6620
validation/LATEST_APP_HEADLESS_NAVIGATION_TEST.tsv,795,4004479b808b00fe53fe6583af7439a326d154012f26284e7d119931519e6955
validation/LATEST_REQUESTED_CORRECTIONS_VALIDATION.csv,1626,854504cb8e3b2e485c9e2476c97a7af4f0a3370c9d29fd41cf0f29a18d2de6e4
validation/LATEST_REQUESTED_VISUAL_BROWSER_VALIDATION.csv,702,2fbda75a425bf24966dedded42b5579c55c7b94b6f9cd67d1c19e88dce485cfa
validation/ORDINATION_REGENERATION_LOG.txt,2102,2772a920606ec569af99d4cf8bd7ac1681e740bd46cfb6b53c65bf031d72fb83
validation/PROMPT_FINAL_ACCEPTANCE.json,5965,c6fc67322fcddcf512a064b79df4621171698bcab72db70927916c1898a01f01
validation/PROMPT_FINAL_ACCEPTANCE.tsv,4415,7dd68ab5fd14d97367cd50b8dec45bc3215c15f407768983f7967e4b9ef47330
validation/PROMPT_FINAL_BASELINE_SHA256.csv,544401,c119c88263880a3a56d126366635f4ae8db9120487301dd39b323189ec21a62f
validation/PROMPT_FINAL_FILE_REGRESSION.json,266,834656ba52bc8a579494ec1b3ea0ca0e0730a9e6112bf5dce8b8df509e3f941d
validation/PROMPT_FINAL_FILE_REGRESSION.tsv,807916,9dc54c716695ae5be8737ccf52469d3c9950d36dfe1f11407bf2027d86a922b5
validation/PROMPT_FINAL_SAMPLE_LABEL_EXPORT_VALIDATION.tsv,189,ae629ee464c58d0fca144f7b5e419a3dd60acc5c97cc6261a071d2a413872109
validation/PROMPT_FINAL_STATIC_FIGURE_REGRESSION.json,119,e6e7acbda3123f421acc8314cc2392815ec25e04add55b3fb089b9edbca9b2b6
validation/PROMPT_FINAL_STATIC_FIGURE_REGRESSION.tsv,409612,a63671f610769ea89bfb652ad364e5f7236f21ac9eea89172d1ab5c0cea6eef4
validation/S38_orientation_audit.json,519,035dee271b430d6204115e7e6e4c4aec04a919bda09bd4af0d6edc04bd58339f
validation/S40_FINAL_VERSION_POLICY.md,1051,6d841ab6b7a095d65372f06a38787f895a0192dfcb2c1105a9039b632708c270
validation/STATIC_FIGURE_PRESERVATION.tsv,286478,7881d6fb4c92be05a19a718c273da85bc16ecb45e2ab9776f4805114eea636d7
validation/VISUAL_BROWSER_REGRESSION_TEST.json,108413,a0d3747b2b0eb9775ce2146ffb533e31b616929a74227a5f61fbe1a2521d2dde
validation/article_app_target_sync.tsv,28209,b5443628ea7c2efa3ab4b14f4b202a35f53a9dfdd5c5144961b533b3abd93cb2
validation/boxplot_integrity_validation.json,820,a3cc7de03e175183a30db548a863807523bc0041ac8a7f9c75dddaa165553c84
validation/complete_figure_script_table_summary.json,258,9206793d69e60de2a87203353d914b95e90d7eaa597e195bedc90370bbf4ed41
validation/complete_figure_script_table_validation.tsv,20291,b587b7849ebecbc571b582c7d8832f18f7d68d3fc8d11bdbd111a1476438b69e
validation/environmental_group_heatmap_comparison.json,15543,e0ae8f9d412d6e2d1df94e043bf5177d9d98275f7b48edc8bf9c416d32dfe72e
validation/environmental_group_heatmap_comparison.tsv,880037,3f94e1308805d4e9cb3c97dd8b9c3d2a5f326da90215e3458804dc0a3aa34ce6
validation/environmental_group_heatmap_generation_report.json,23843,6e5fedb5f941a341ade7b14e782d0887a848c6e6a36dd5d4984dc7dd61ef2549
validation/final_reverified_article_output/02_Main_Figures_title_free/Figure4_taxonomic_bacteria_genus_profiles.pdf,60371,c40a73030904054bc6aa256ffee4e5e39178009c2c41014d6522ce013adf74f6
validation/final_reverified_article_output/02_Main_Figures_title_free/Figure4_taxonomic_bacteria_genus_profiles.png,1162516,9a5809e71204db9f08226ad5368da61a38f08e0c47adef78ed9ce7211f5a884b
validation/final_reverified_article_output/02_Main_Figures_title_free/Figure4_taxonomic_bacteria_genus_profiles.svg,314766,ccfd5d2b72b35492803773fcb7d56c24bc9ac4075319959b163025702f5d5691
validation/final_reverified_article_output/02_Main_Figures_title_free/Figure5_taxonomic_archaea_genus_profiles.pdf,59671,50ff3e5f84ea9867e675686ad3ae5149ed040e83687d3afff9e004aef14c201c
validation/final_reverified_article_output/02_Main_Figures_title_free/Figure5_taxonomic_archaea_genus_profiles.png,1213763,842dc51275016d835ede795bf2f37c49bd73a449209faf24574413df2c949cef
validation/final_reverified_article_output/02_Main_Figures_title_free/Figure5_taxonomic_archaea_genus_profiles.svg,312177,4642ca81cddfec5cab2437bf82b11b88781aced2915705d2672458cb61efe20c
validation/final_reverified_article_output/03_Supplementary_Figures/SupplementaryFigure17_RDA_and_physicochemical_heatmap.pdf,66400,bb960b73698194c5f6ce55735369b7e34c413b67a597de8ba6f6a2cb54ab4d94
validation/final_reverified_article_output/03_Supplementary_Figures/SupplementaryFigure17_RDA_and_physicochemical_heatmap.png,1246450,b39515aff803279f068a195303ee327cdd595da47271c8202ef09f80f663aa26
validation/final_reverified_article_output/03_Supplementary_Figures/SupplementaryFigure17_RDA_and_physicochemical_heatmap.svg,196072,0dbb488e7dc5dd60a92b5047c372a5d08db859339795881c7bf48f6b4a53982b
validation/final_reverified_article_output_legacy/02_Main_Figures_title_free/Figure4_taxonomic_bacteria_genus_profiles.pdf,60371,25dec5fce21eca9333a7e74b39313b916fe731b00b69ca78b23755b49888e949
validation/final_reverified_article_output_legacy/02_Main_Figures_title_free/Figure4_taxonomic_bacteria_genus_profiles.png,1162516,9a5809e71204db9f08226ad5368da61a38f08e0c47adef78ed9ce7211f5a884b
validation/final_reverified_article_output_legacy/02_Main_Figures_title_free/Figure4_taxonomic_bacteria_genus_profiles.svg,314766,e6a8fdfda81a07013d26a7ca901b911fa468bff2966d245b447efee4fbc79538
validation/final_reverified_article_output_legacy/02_Main_Figures_title_free/Figure5_taxonomic_archaea_genus_profiles.pdf,59671,ec2017b15c7d6c2b655dbcb4c472af5cad6913e41092c54e1ebeac0f4255fa75
validation/final_reverified_article_output_legacy/02_Main_Figures_title_free/Figure5_taxonomic_archaea_genus_profiles.png,1213763,842dc51275016d835ede795bf2f37c49bd73a449209faf24574413df2c949cef
validation/final_reverified_article_output_legacy/02_Main_Figures_title_free/Figure5_taxonomic_archaea_genus_profiles.svg,312177,cc3395090ea41b0397189b63d9ec733d3393e06e1b0c2c62b9bbbcd54625e06d
validation/final_reverified_article_output_legacy/03_Supplementary_Figures/SupplementaryFigure17_RDA_and_physicochemical_heatmap.pdf,66400,0a3c0e8cade0567618a6cb578ec408a933d24851353facea893434188b0023b5
validation/final_reverified_article_output_legacy/03_Supplementary_Figures/SupplementaryFigure17_RDA_and_physicochemical_heatmap.png,1246450,b39515aff803279f068a195303ee327cdd595da47271c8202ef09f80f663aa26
validation/final_reverified_article_output_legacy/03_Supplementary_Figures/SupplementaryFigure17_RDA_and_physicochemical_heatmap.svg,196072,6a8fe7018a2f90b732bd06e8f98aa762cbd875796b23e11d53434d2e6c69bbb0
validation/final_validation_checklist.tsv,1368,2008c34ff10dd622ab8c7b0f559a4252fc28ce4c8d0504bd9b1d48ef672ae0b3
validation/generator_smoke_hash_comparison.tsv,6774,b00be51f87056b957386e2096e7e3c238bdc08b5c181d4effb7d26e28b1ffd21
validation/latest_requested_visual_artifacts/01_browser_ko_boxplot_with_statistics.html,4889142,dacb0955c2d01949ccf3f56dad6e1e1db6e3cee9959966113c183d0826c912a1
validation/latest_requested_visual_artifacts/01_browser_ko_boxplot_with_statistics.png,90495,06b2303bd1cb35cedb4a2e5e4b6a14d03db3a55c1359659e1330e1bb285c6712
validation/latest_requested_visual_artifacts/01_figure.html,4885123,893cca1b1315daea1e38f8acce08ca408d8222314627ebd2ac7ba65e011c93fb
validation/latest_requested_visual_artifacts/02_browser_iron_boxplot_with_statistics.html,4884093,276802c0299788b1494478b8d4e5ebf51ac3103afbc809f9912d4c82ee7052f5
validation/latest_requested_visual_artifacts/02_browser_iron_boxplot_with_statistics.png,108323,53cece3cfc9dbcdb4663087563250e7cc70a208a53429e115e13d3ff734b8498
validation/latest_requested_visual_artifacts/03_functional_KO.html,5288007,34e402f338ecd407ce48636080715e6c6f0bda9705547f07e5e57c5092d7ecdf
validation/latest_requested_visual_artifacts/03_functional_KO.png,404394,0cbe005d07712e095617646c96fe94224f5f2d0a8477cb4a5ad8c49e06ebe65c
validation/latest_requested_visual_artifacts/04_functional_EC_number.html,5274121,0e43f61e0d34a154abbcd7b2637e37eb2ef346542408b95de3260fe05a831ddd
validation/latest_requested_visual_artifacts/04_functional_EC_number.png,366721,caba8c8efb5b4fc070b99749637a5838397e3a35ed901a64729fec7138b9b0df
validation/latest_requested_visual_artifacts/05_functional_PFAM.html,5263296,04cae72f2df020a5ba2dc545383d605559db521bc8cc035789ab207e88118d4b
validation/latest_requested_visual_artifacts/05_functional_PFAM.png,345565,9a8932c97526c8fdd2da78adf8da70426f83701d856c9112cdb0deff6a4cc497
validation/module_figures_v11_execution.json,5284,ca24de47fcbd15f401fd1bb33538027ea87098bd6bd9e43ce7933b611630f64f
validation/non_target_figure_preservation_audit.json,711,1b4ecb99ab45701230d0476f1d91f274aae02dd8aa11383a8c10a4efe5ac0a52
validation/non_target_figure_preservation_audit.tsv,303748,fa21229aaae1725d282c6c01e6ae4e87d70bd851ce80adb40406582de3d26bea
validation/plotly_export_validation/plotly_export_validation.pdf,8804,d8799c4c68c1876a13dd159feb30929e4bbfd79da40022cf806b287ea8468341
validation/plotly_export_validation/plotly_export_validation.png,44249,9fe049dd9f79a4f69b967725baa22f788f6dfbdd4bbba849d6ae41a1ef5d530b
validation/plotly_export_validation/plotly_export_validation.svg,6408,f16787df6f5240896878fd3b39efeb830614a13fd68105f924a8a77da35e512a
validation/plotly_export_validation/validation.json,880,60c6a9a083a61e04f84e1c45a11a0d62b8839698f16bae6fe4abdb4d9d99d5a7
validation/reverified_article_output/02_Main_Figures_title_free/Figure4_taxonomic_bacteria_genus_profiles.pdf,60371,c1bad5e285ca99d40c7208c451646b7b367be564b3ae7483dc13644bfdd576aa
validation/reverified_article_output/02_Main_Figures_title_free/Figure4_taxonomic_bacteria_genus_profiles.png,1162516,9a5809e71204db9f08226ad5368da61a38f08e0c47adef78ed9ce7211f5a884b
validation/reverified_article_output/02_Main_Figures_title_free/Figure4_taxonomic_bacteria_genus_profiles.svg,314766,bc4599b7199b765b810cf46918b8dbbd2525e3774888d4b8e015fad3e7c9030b
validation/reverified_article_output/02_Main_Figures_title_free/Figure5_taxonomic_archaea_genus_profiles.pdf,59671,216dda227efc63df31a828c14134a363ad57545efa9dfeae7e3d6bb7f829b059
validation/reverified_article_output/02_Main_Figures_title_free/Figure5_taxonomic_archaea_genus_profiles.png,1213763,842dc51275016d835ede795bf2f37c49bd73a449209faf24574413df2c949cef
validation/reverified_article_output/02_Main_Figures_title_free/Figure5_taxonomic_archaea_genus_profiles.svg,312177,1ef01c814a7907eb4e755926ccfbf1d0160d4ac2b9e738a331499c705cf5cbef
validation/reverified_article_output/03_Supplementary_Figures/SupplementaryFigure17_RDA_and_physicochemical_heatmap.pdf,66400,56841590bd89bb4a974312fa080d658513638821d2c3a7eeed2eec1343443534
validation/reverified_article_output/03_Supplementary_Figures/SupplementaryFigure17_RDA_and_physicochemical_heatmap.png,1246450,b39515aff803279f068a195303ee327cdd595da47271c8202ef09f80f663aa26
validation/reverified_article_output/03_Supplementary_Figures/SupplementaryFigure17_RDA_and_physicochemical_heatmap.svg,196072,da85c2568641a359ce198d96ddf39028acd180f8f0c9e76316b5f9226eb795cb
validation/sample_label_export_validation/EC_number.svg,188455,912170dad9c60456b6b522fee3d33927000e4deb07b364b87f2e9dffa9225d98
validation/sample_label_export_validation/KO.svg,188960,d92c8209fab4db9ddbcfed2758ffa0ddd95f0a370ac7bcaa452320b1b21c5d20
validation/sample_label_export_validation/PFAM.svg,190642,a0b8fe55a9d2fdfba21c03efd75fda81133489ad39e36c6516b4b228c7f2264d
validation/script_command_validation_summary.tsv,1946,f40f5ec5b8979b1038c2de12a6abdf88fdca5cef9a7cfa9b85a3b4d9639f933c
validation/visual_browser_artifacts/heatmap_all_172_labels.png,516489,f3f96db3b82b5981e9b7410190e43cfbcf1fe516b248a0799a3142be46726ed6
validation/visual_browser_artifacts/heatmap_all_448_labels_unmarked.png,1319857,6943d3a83c0660bd0cc857d13da851152464885066d34e43ecd0d1712dcded54
validation/visual_browser_artifacts/heatmap_real_kegg_448_modules.png,1561783,432138b404f6595ba03a224caf88b3c5b01f82eb76a468d3eedc1c245b2a02a4
validation/visual_browser_artifacts/heatmap_real_kegg_mags_448_modules.png,1838579,7375cf52f47052a9a8df5f1453d881afc3c17a7ab33ab03dd8c2c16ef5d8de24
validation/visual_browser_artifacts/heatmap_real_kegg_metagenomes_448_modules.png,1576123,e4d845d4dccc1aa775c9f4ec10acf36ba0ec0c682d335ef33513d8f082973027
validation/visual_browser_artifacts/nmds_archaea.png,79526,3dfdfdb8fab04360ab08d807669cc43c7b5b3efdd57470ad2a5b72d3082f100a
validation/visual_browser_artifacts/nmds_bacteria.png,69956,5395740454b2e5fc701be701078d97144620b3046da10b9b390dd7fb4784b8c3
validation/visual_browser_artifacts/rda_archaea.png,98954,3ef089e64fe28463525ca8a7d5eb13aa310f32be84a52112bc75d084d208cbdb
validation/visual_browser_artifacts/rda_bacteria.png,91111,67b105b8ecfeaa5a151fa3d1c0d731a4c8c621cf8af6018865cd92c3babf1826
