Figure,Module_ID,Module_name,Biogeochemical_cycle,Relation_to_iron,Table_S8_biomarker_KOs,Reason_for_inclusion,Sample_or_MAG,Original_status,Displayed_visual_class,Color_hex,Panel,Row_order,Column_order,Source_file,Selection_script,Selection_rule
S38,M00175,"Nitrogen fixation, nitrogen -> ammonia",Nitrogen,Direct Table S8 iron-biomarker intersection,K02586; K02588; K02591,Contains one or more KO biomarkers analysed in Supplementary Table 8 and belongs to a requested biogeochemical theme.,AM.P1.D,1 block missing,1 block missing,#1565C0,P001,1,1,KEMET_lagoon_all_metagenomes_module_completeness_STATUS_3state.csv,scripts/generate_s38_s41_module_figures.py,Thematic catalogue then at least one Complete; display every original state in retained rows.
S38,M00175,"Nitrogen fixation, nitrogen -> ammonia",Nitrogen,Direct Table S8 iron-biomarker intersection,K02586; K02588; K02591,Contains one or more KO biomarkers analysed in Supplementary Table 8 and belongs to a requested biogeochemical theme.,AM.P1.R,Complete,Complete,#2E7D32,P001,1,2,KEMET_lagoon_all_metagenomes_module_completeness_STATUS_3state.csv,scripts/generate_s38_s41_module_figures.py,Thematic catalogue then at least one Complete; display every original state in retained rows.
S38,M00175,"Nitrogen fixation, nitrogen -> ammonia",Nitrogen,Direct Table S8 iron-biomarker intersection,K02586; K02588; K02591,Contains one or more KO biomarkers analysed in Supplementary Table 8 and belongs to a requested biogeochemical theme.,AM.P2.D,1 block missing,1 block missing,#1565C0,P001,1,3,KEMET_lagoon_all_metagenomes_module_completeness_STATUS_3state.csv,scripts/generate_s38_s41_module_figures.py,Thematic catalogue then at least one Complete; display every original state in retained rows.
S38,M00175,"Nitrogen fixation, nitrogen -> ammonia",Nitrogen,Direct Table S8 iron-biomarker intersection,K02586; K02588; K02591,Contains one or more KO biomarkers analysed in Supplementary Table 8 and belongs to a requested biogeochemical theme.,AM.P2.R,1 block missing,1 block missing,#1565C0,P001,1,4,KEMET_lagoon_all_metagenomes_module_completeness_STATUS_3state.csv,scripts/generate_s38_s41_module_figures.py,Thematic catalogue then at least one Complete; display every original state in retained rows.
S38,M00175,"Nitrogen fixation, nitrogen -> ammonia",Nitrogen,Direct Table S8 iron-biomarker intersection,K02586; K02588; K02591,Contains one or more KO biomarkers analysed in Supplementary Table 8 and belongs to a requested biogeochemical theme.,TIA.P1.D,Complete,Complete,#2E7D32,P001,1,5,KEMET_lagoon_all_metagenomes_module_completeness_STATUS_3state.csv,scripts/generate_s38_s41_module_figures.py,Thematic catalogue then at least one Complete; display every original state in retained rows.
S38,M00175,"Nitrogen fixation, nitrogen -> ammonia",Nitrogen,Direct Table S8 iron-biomarker intersection,K02586; K02588; K02591,Contains one or more KO biomarkers analysed in Supplementary Table 8 and belongs to a requested biogeochemical theme.,TIA.P1.R,1 block missing,1 block missing,#1565C0,P001,1,6,KEMET_lagoon_all_metagenomes_module_completeness_STATUS_3state.csv,scripts/generate_s38_s41_module_figures.py,Thematic catalogue then at least one Complete; display every original state in retained rows.
S38,M00175,"Nitrogen fixation, nitrogen -> ammonia",Nitrogen,Direct Table S8 iron-biomarker intersection,K02586; K02588; K02591,Contains one or more KO biomarkers analysed in Supplementary Table 8 and belongs to a requested biogeochemical theme.,TIA.P2.D,Complete,Complete,#2E7D32,P001,1,7,KEMET_lagoon_all_metagenomes_module_completeness_STATUS_3state.csv,scripts/generate_s38_s41_module_figures.py,Thematic catalogue then at least one Complete; display every original state in retained rows.
S38,M00175,"Nitrogen fixation, nitrogen -> ammonia",Nitrogen,Direct Table S8 iron-biomarker intersection,K02586; K02588; K02591,Contains one or more KO biomarkers analysed in Supplementary Table 8 and belongs to a requested biogeochemical theme.,TIA.P2.R,1 block missing,1 block missing,#1565C0,P001,1,8,KEMET_lagoon_all_metagenomes_module_completeness_STATUS_3state.csv,scripts/generate_s38_s41_module_figures.py,Thematic catalogue then at least one Complete; display every original state in retained rows.
S38,M00175,"Nitrogen fixation, nitrogen -> ammonia",Nitrogen,Direct Table S8 iron-biomarker intersection,K02586; K02588; K02591,Contains one or more KO biomarkers analysed in Supplementary Table 8 and belongs to a requested biogeochemical theme.,TI.P1.D,Complete,Complete,#2E7D32,P001,1,9,KEMET_lagoon_all_metagenomes_module_completeness_STATUS_3state.csv,scripts/generate_s38_s41_module_figures.py,Thematic catalogue then at least one Complete; display every original state in retained rows.
S38,M00175,"Nitrogen fixation, nitrogen -> ammonia",Nitrogen,Direct Table S8 iron-biomarker intersection,K02586; K02588; K02591,Contains one or more KO biomarkers analysed in Supplementary Table 8 and belongs to a requested biogeochemical theme.,TI.P1.R,1 block missing,1 block missing,#1565C0,P001,1,10,KEMET_lagoon_all_metagenomes_module_completeness_STATUS_3state.csv,scripts/generate_s38_s41_module_figures.py,Thematic catalogue then at least one Complete; display every original state in retained rows.
S38,M00175,"Nitrogen fixation, nitrogen -> ammonia",Nitrogen,Direct Table S8 iron-biomarker intersection,K02586; K02588; K02591,Contains one or more KO biomarkers analysed in Supplementary Table 8 and belongs to a requested biogeochemical theme.,TI.P2.D,1 block missing,1 block missing,#1565C0,P001,1,11,KEMET_lagoon_all_metagenomes_module_completeness_STATUS_3state.csv,scripts/generate_s38_s41_module_figures.py,Thematic catalogue then at least one Complete; display every original state in retained rows.
S38,M00175,"Nitrogen fixation, nitrogen -> ammonia",Nitrogen,Direct Table S8 iron-biomarker intersection,K02586; K02588; K02591,Contains one or more KO biomarkers analysed in Supplementary Table 8 and belongs to a requested biogeochemical theme.,TI.P2.R,1 block missing,1 block missing,#1565C0,P001,1,12,KEMET_lagoon_all_metagenomes_module_completeness_STATUS_3state.csv,scripts/generate_s38_s41_module_figures.py,Thematic catalogue then at least one Complete; display every original state in retained rows.
S38,M00175,"Nitrogen fixation, nitrogen -> ammonia",Nitrogen,Direct Table S8 iron-biomarker intersection,K02586; K02588; K02591,Contains one or more KO biomarkers analysed in Supplementary Table 8 and belongs to a requested biogeochemical theme.,TI.P3.D,1 block missing,1 block missing,#1565C0,P001,1,13,KEMET_lagoon_all_metagenomes_module_completeness_STATUS_3state.csv,scripts/generate_s38_s41_module_figures.py,Thematic catalogue then at least one Complete; display every original state in retained rows.
S38,M00175,"Nitrogen fixation, nitrogen -> ammonia",Nitrogen,Direct Table S8 iron-biomarker intersection,K02586; K02588; K02591,Contains one or more KO biomarkers analysed in Supplementary Table 8 and belongs to a requested biogeochemical theme.,TI.P3.R,1 block missing,1 block missing,#1565C0,P001,1,14,KEMET_lagoon_all_metagenomes_module_completeness_STATUS_3state.csv,scripts/generate_s38_s41_module_figures.py,Thematic catalogue then at least one Complete; display every original state in retained rows.
S38,M00175,"Nitrogen fixation, nitrogen -> ammonia",Nitrogen,Direct Table S8 iron-biomarker intersection,K02586; K02588; K02591,Contains one or more KO biomarkers analysed in Supplementary Table 8 and belongs to a requested biogeochemical theme.,TI.P4.D,Complete,Complete,#2E7D32,P001,1,15,KEMET_lagoon_all_metagenomes_module_completeness_STATUS_3state.csv,scripts/generate_s38_s41_module_figures.py,Thematic catalogue then at least one Complete; display every original state in retained rows.
S38,M00175,"Nitrogen fixation, nitrogen -> ammonia",Nitrogen,Direct Table S8 iron-biomarker intersection,K02586; K02588; K02591,Contains one or more KO biomarkers analysed in Supplementary Table 8 and belongs to a requested biogeochemical theme.,TI.P4.R,1 block missing,1 block missing,#1565C0,P001,1,16,KEMET_lagoon_all_metagenomes_module_completeness_STATUS_3state.csv,scripts/generate_s38_s41_module_figures.py,Thematic catalogue then at least one Complete; display every original state in retained rows.
S38,M00175,"Nitrogen fixation, nitrogen -> ammonia",Nitrogen,Direct Table S8 iron-biomarker intersection,K02586; K02588; K02591,Contains one or more KO biomarkers analysed in Supplementary Table 8 and belongs to a requested biogeochemical theme.,VI.P1.D,1 block missing,1 block missing,#1565C0,P001,1,17,KEMET_lagoon_all_metagenomes_module_completeness_STATUS_3state.csv,scripts/generate_s38_s41_module_figures.py,Thematic catalogue then at least one Complete; display every original state in retained rows.
S38,M00175,"Nitrogen fixation, nitrogen -> ammonia",Nitrogen,Direct Table S8 iron-biomarker intersection,K02586; K02588; K02591,Contains one or more KO biomarkers analysed in Supplementary Table 8 and belongs to a requested biogeochemical theme.,VI.P1.R,1 block missing,1 block missing,#1565C0,P001,1,18,KEMET_lagoon_all_metagenomes_module_completeness_STATUS_3state.csv,scripts/generate_s38_s41_module_figures.py,Thematic catalogue then at least one Complete; display every original state in retained rows.
S38,M00175,"Nitrogen fixation, nitrogen -> ammonia",Nitrogen,Direct Table S8 iron-biomarker intersection,K02586; K02588; K02591,Contains one or more KO biomarkers analysed in Supplementary Table 8 and belongs to a requested biogeochemical theme.,VI.P2.D,1 block missing,1 block missing,#1565C0,P001,1,19,KEMET_lagoon_all_metagenomes_module_completeness_STATUS_3state.csv,scripts/generate_s38_s41_module_figures.py,Thematic catalogue then at least one Complete; display every original state in retained rows.
S38,M00175,"Nitrogen fixation, nitrogen -> ammonia",Nitrogen,Direct Table S8 iron-biomarker intersection,K02586; K02588; K02591,Contains one or more KO biomarkers analysed in Supplementary Table 8 and belongs to a requested biogeochemical theme.,VI.P2.R,1 block missing,1 block missing,#1565C0,P001,1,20,KEMET_lagoon_all_metagenomes_module_completeness_STATUS_3state.csv,scripts/generate_s38_s41_module_figures.py,Thematic catalogue then at least one Complete; display every original state in retained rows.
S38,M00530,"Dissimilatory nitrate reduction, nitrate -> ammonia",Nitrogen,Direct Table S8 iron-biomarker intersection,K00362; K00363; K00370; K00371; K02567; K03385; K15876,Contains one or more KO biomarkers analysed in Supplementary Table 8 and belongs to a requested biogeochemical theme.,AM.P1.D,Complete,Complete,#2E7D32,P001,2,1,KEMET_lagoon_all_metagenomes_module_completeness_STATUS_3state.csv,scripts/generate_s38_s41_module_figures.py,Thematic catalogue then at least one Complete; display every original state in retained rows.
S38,M00530,"Dissimilatory nitrate reduction, nitrate -> ammonia",Nitrogen,Direct Table S8 iron-biomarker intersection,K00362; K00363; K00370; K00371; K02567; K03385; K15876,Contains one or more KO biomarkers analysed in Supplementary Table 8 and belongs to a requested biogeochemical theme.,AM.P1.R,Complete,Complete,#2E7D32,P001,2,2,KEMET_lagoon_all_metagenomes_module_completeness_STATUS_3state.csv,scripts/generate_s38_s41_module_figures.py,Thematic catalogue then at least one Complete; display every original state in retained rows.
S38,M00530,"Dissimilatory nitrate reduction, nitrate -> ammonia",Nitrogen,Direct Table S8 iron-biomarker intersection,K00362; K00363; K00370; K00371; K02567; K03385; K15876,Contains one or more KO biomarkers analysed in Supplementary Table 8 and belongs to a requested biogeochemical theme.,AM.P2.D,Incomplete,Incomplete,#C62828,P001,2,3,KEMET_lagoon_all_metagenomes_module_completeness_STATUS_3state.csv,scripts/generate_s38_s41_module_figures.py,Thematic catalogue then at least one Complete; display every original state in retained rows.
S38,M00530,"Dissimilatory nitrate reduction, nitrate -> ammonia",Nitrogen,Direct Table S8 iron-biomarker intersection,K00362; K00363; K00370; K00371; K02567; K03385; K15876,Contains one or more KO biomarkers analysed in Supplementary Table 8 and belongs to a requested biogeochemical theme.,AM.P2.R,1 block missing,1 block missing,#1565C0,P001,2,4,KEMET_lagoon_all_metagenomes_module_completeness_STATUS_3state.csv,scripts/generate_s38_s41_module_figures.py,Thematic catalogue then at least one Complete; display every original state in retained rows.
S38,M00530,"Dissimilatory nitrate reduction, nitrate -> ammonia",Nitrogen,Direct Table S8 iron-biomarker intersection,K00362; K00363; K00370; K00371; K02567; K03385; K15876,Contains one or more KO biomarkers analysed in Supplementary Table 8 and belongs to a requested biogeochemical theme.,TIA.P1.D,Incomplete,Incomplete,#C62828,P001,2,5,KEMET_lagoon_all_metagenomes_module_completeness_STATUS_3state.csv,scripts/generate_s38_s41_module_figures.py,Thematic catalogue then at least one Complete; display every original state in retained rows.
S38,M00530,"Dissimilatory nitrate reduction, nitrate -> ammonia",Nitrogen,Direct Table S8 iron-biomarker intersection,K00362; K00363; K00370; K00371; K02567; K03385; K15876,Contains one or more KO biomarkers analysed in Supplementary Table 8 and belongs to a requested biogeochemical theme.,TIA.P1.R,Incomplete,Incomplete,#C62828,P001,2,6,KEMET_lagoon_all_metagenomes_module_completeness_STATUS_3state.csv,scripts/generate_s38_s41_module_figures.py,Thematic catalogue then at least one Complete; display every original state in retained rows.
S38,M00530,"Dissimilatory nitrate reduction, nitrate -> ammonia",Nitrogen,Direct Table S8 iron-biomarker intersection,K00362; K00363; K00370; K00371; K02567; K03385; K15876,Contains one or more KO biomarkers analysed in Supplementary Table 8 and belongs to a requested biogeochemical theme.,TIA.P2.D,Incomplete,Incomplete,#C62828,P001,2,7,KEMET_lagoon_all_metagenomes_module_completeness_STATUS_3state.csv,scripts/generate_s38_s41_module_figures.py,Thematic catalogue then at least one Complete; display every original state in retained rows.
S38,M00530,"Dissimilatory nitrate reduction, nitrate -> ammonia",Nitrogen,Direct Table S8 iron-biomarker intersection,K00362; K00363; K00370; K00371; K02567; K03385; K15876,Contains one or more KO biomarkers analysed in Supplementary Table 8 and belongs to a requested biogeochemical theme.,TIA.P2.R,Incomplete,Incomplete,#C62828,P001,2,8,KEMET_lagoon_all_metagenomes_module_completeness_STATUS_3state.csv,scripts/generate_s38_s41_module_figures.py,Thematic catalogue then at least one Complete; display every original state in retained rows.
S38,M00530,"Dissimilatory nitrate reduction, nitrate -> ammonia",Nitrogen,Direct Table S8 iron-biomarker intersection,K00362; K00363; K00370; K00371; K02567; K03385; K15876,Contains one or more KO biomarkers analysed in Supplementary Table 8 and belongs to a requested biogeochemical theme.,TI.P1.D,1 block missing,1 block missing,#1565C0,P001,2,9,KEMET_lagoon_all_metagenomes_module_completeness_STATUS_3state.csv,scripts/generate_s38_s41_module_figures.py,Thematic catalogue then at least one Complete; display every original state in retained rows.
S38,M00530,"Dissimilatory nitrate reduction, nitrate -> ammonia",Nitrogen,Direct Table S8 iron-biomarker intersection,K00362; K00363; K00370; K00371; K02567; K03385; K15876,Contains one or more KO biomarkers analysed in Supplementary Table 8 and belongs to a requested biogeochemical theme.,TI.P1.R,Incomplete,Incomplete,#C62828,P001,2,10,KEMET_lagoon_all_metagenomes_module_completeness_STATUS_3state.csv,scripts/generate_s38_s41_module_figures.py,Thematic catalogue then at least one Complete; display every original state in retained rows.
S38,M00530,"Dissimilatory nitrate reduction, nitrate -> ammonia",Nitrogen,Direct Table S8 iron-biomarker intersection,K00362; K00363; K00370; K00371; K02567; K03385; K15876,Contains one or more KO biomarkers analysed in Supplementary Table 8 and belongs to a requested biogeochemical theme.,TI.P2.D,Incomplete,Incomplete,#C62828,P001,2,11,KEMET_lagoon_all_metagenomes_module_completeness_STATUS_3state.csv,scripts/generate_s38_s41_module_figures.py,Thematic catalogue then at least one Complete; display every original state in retained rows.
S38,M00530,"Dissimilatory nitrate reduction, nitrate -> ammonia",Nitrogen,Direct Table S8 iron-biomarker intersection,K00362; K00363; K00370; K00371; K02567; K03385; K15876,Contains one or more KO biomarkers analysed in Supplementary Table 8 and belongs to a requested biogeochemical theme.,TI.P2.R,1 block missing,1 block missing,#1565C0,P001,2,12,KEMET_lagoon_all_metagenomes_module_completeness_STATUS_3state.csv,scripts/generate_s38_s41_module_figures.py,Thematic catalogue then at least one Complete; display every original state in retained rows.
S38,M00530,"Dissimilatory nitrate reduction, nitrate -> ammonia",Nitrogen,Direct Table S8 iron-biomarker intersection,K00362; K00363; K00370; K00371; K02567; K03385; K15876,Contains one or more KO biomarkers analysed in Supplementary Table 8 and belongs to a requested biogeochemical theme.,TI.P3.D,1 block missing,1 block missing,#1565C0,P001,2,13,KEMET_lagoon_all_metagenomes_module_completeness_STATUS_3state.csv,scripts/generate_s38_s41_module_figures.py,Thematic catalogue then at least one Complete; display every original state in retained rows.
S38,M00530,"Dissimilatory nitrate reduction, nitrate -> ammonia",Nitrogen,Direct Table S8 iron-biomarker intersection,K00362; K00363; K00370; K00371; K02567; K03385; K15876,Contains one or more KO biomarkers analysed in Supplementary Table 8 and belongs to a requested biogeochemical theme.,TI.P3.R,Incomplete,Incomplete,#C62828,P001,2,14,KEMET_lagoon_all_metagenomes_module_completeness_STATUS_3state.csv,scripts/generate_s38_s41_module_figures.py,Thematic catalogue then at least one Complete; display every original state in retained rows.
S38,M00530,"Dissimilatory nitrate reduction, nitrate -> ammonia",Nitrogen,Direct Table S8 iron-biomarker intersection,K00362; K00363; K00370; K00371; K02567; K03385; K15876,Contains one or more KO biomarkers analysed in Supplementary Table 8 and belongs to a requested biogeochemical theme.,TI.P4.D,1 block missing,1 block missing,#1565C0,P001,2,15,KEMET_lagoon_all_metagenomes_module_completeness_STATUS_3state.csv,scripts/generate_s38_s41_module_figures.py,Thematic catalogue then at least one Complete; display every original state in retained rows.
S38,M00530,"Dissimilatory nitrate reduction, nitrate -> ammonia",Nitrogen,Direct Table S8 iron-biomarker intersection,K00362; K00363; K00370; K00371; K02567; K03385; K15876,Contains one or more KO biomarkers analysed in Supplementary Table 8 and belongs to a requested biogeochemical theme.,TI.P4.R,1 block missing,1 block missing,#1565C0,P001,2,16,KEMET_lagoon_all_metagenomes_module_completeness_STATUS_3state.csv,scripts/generate_s38_s41_module_figures.py,Thematic catalogue then at least one Complete; display every original state in retained rows.
S38,M00530,"Dissimilatory nitrate reduction, nitrate -> ammonia",Nitrogen,Direct Table S8 iron-biomarker intersection,K00362; K00363; K00370; K00371; K02567; K03385; K15876,Contains one or more KO biomarkers analysed in Supplementary Table 8 and belongs to a requested biogeochemical theme.,VI.P1.D,Incomplete,Incomplete,#C62828,P001,2,17,KEMET_lagoon_all_metagenomes_module_completeness_STATUS_3state.csv,scripts/generate_s38_s41_module_figures.py,Thematic catalogue then at least one Complete; display every original state in retained rows.
S38,M00530,"Dissimilatory nitrate reduction, nitrate -> ammonia",Nitrogen,Direct Table S8 iron-biomarker intersection,K00362; K00363; K00370; K00371; K02567; K03385; K15876,Contains one or more KO biomarkers analysed in Supplementary Table 8 and belongs to a requested biogeochemical theme.,VI.P1.R,Incomplete,Incomplete,#C62828,P001,2,18,KEMET_lagoon_all_metagenomes_module_completeness_STATUS_3state.csv,scripts/generate_s38_s41_module_figures.py,Thematic catalogue then at least one Complete; display every original state in retained rows.
S38,M00530,"Dissimilatory nitrate reduction, nitrate -> ammonia",Nitrogen,Direct Table S8 iron-biomarker intersection,K00362; K00363; K00370; K00371; K02567; K03385; K15876,Contains one or more KO biomarkers analysed in Supplementary Table 8 and belongs to a requested biogeochemical theme.,VI.P2.D,1 block missing,1 block missing,#1565C0,P001,2,19,KEMET_lagoon_all_metagenomes_module_completeness_STATUS_3state.csv,scripts/generate_s38_s41_module_figures.py,Thematic catalogue then at least one Complete; display every original state in retained rows.
S38,M00530,"Dissimilatory nitrate reduction, nitrate -> ammonia",Nitrogen,Direct Table S8 iron-biomarker intersection,K00362; K00363; K00370; K00371; K02567; K03385; K15876,Contains one or more KO biomarkers analysed in Supplementary Table 8 and belongs to a requested biogeochemical theme.,VI.P2.R,Incomplete,Incomplete,#C62828,P001,2,20,KEMET_lagoon_all_metagenomes_module_completeness_STATUS_3state.csv,scripts/generate_s38_s41_module_figures.py,Thematic catalogue then at least one Complete; display every original state in retained rows.
S38,M00531,"Assimilatory nitrate reduction, nitrate -> ammonia",Nitrogen,No direct iron relation assigned,K00360; K00366; K00367; K00372; K10534; K17877,Contains one or more KO biomarkers analysed in Supplementary Table 8 and belongs to a requested biogeochemical theme.,AM.P1.D,Complete,Complete,#2E7D32,P001,3,1,KEMET_lagoon_all_metagenomes_module_completeness_STATUS_3state.csv,scripts/generate_s38_s41_module_figures.py,Thematic catalogue then at least one Complete; display every original state in retained rows.
S38,M00531,"Assimilatory nitrate reduction, nitrate -> ammonia",Nitrogen,No direct iron relation assigned,K00360; K00366; K00367; K00372; K10534; K17877,Contains one or more KO biomarkers analysed in Supplementary Table 8 and belongs to a requested biogeochemical theme.,AM.P1.R,1 block missing,1 block missing,#1565C0,P001,3,2,KEMET_lagoon_all_metagenomes_module_completeness_STATUS_3state.csv,scripts/generate_s38_s41_module_figures.py,Thematic catalogue then at least one Complete; display every original state in retained rows.
S38,M00531,"Assimilatory nitrate reduction, nitrate -> ammonia",Nitrogen,No direct iron relation assigned,K00360; K00366; K00367; K00372; K10534; K17877,Contains one or more KO biomarkers analysed in Supplementary Table 8 and belongs to a requested biogeochemical theme.,AM.P2.D,1 block missing,1 block missing,#1565C0,P001,3,3,KEMET_lagoon_all_metagenomes_module_completeness_STATUS_3state.csv,scripts/generate_s38_s41_module_figures.py,Thematic catalogue then at least one Complete; display every original state in retained rows.
S38,M00531,"Assimilatory nitrate reduction, nitrate -> ammonia",Nitrogen,No direct iron relation assigned,K00360; K00366; K00367; K00372; K10534; K17877,Contains one or more KO biomarkers analysed in Supplementary Table 8 and belongs to a requested biogeochemical theme.,AM.P2.R,Complete,Complete,#2E7D32,P001,3,4,KEMET_lagoon_all_metagenomes_module_completeness_STATUS_3state.csv,scripts/generate_s38_s41_module_figures.py,Thematic catalogue then at least one Complete; display every original state in retained rows.
S38,M00531,"Assimilatory nitrate reduction, nitrate -> ammonia",Nitrogen,No direct iron relation assigned,K00360; K00366; K00367; K00372; K10534; K17877,Contains one or more KO biomarkers analysed in Supplementary Table 8 and belongs to a requested biogeochemical theme.,TIA.P1.D,Complete,Complete,#2E7D32,P001,3,5,KEMET_lagoon_all_metagenomes_module_completeness_STATUS_3state.csv,scripts/generate_s38_s41_module_figures.py,Thematic catalogue then at least one Complete; display every original state in retained rows.
S38,M00531,"Assimilatory nitrate reduction, nitrate -> ammonia",Nitrogen,No direct iron relation assigned,K00360; K00366; K00367; K00372; K10534; K17877,Contains one or more KO biomarkers analysed in Supplementary Table 8 and belongs to a requested biogeochemical theme.,TIA.P1.R,Incomplete,Incomplete,#C62828,P001,3,6,KEMET_lagoon_all_metagenomes_module_completeness_STATUS_3state.csv,scripts/generate_s38_s41_module_figures.py,Thematic catalogue then at least one Complete; display every original state in retained rows.
S38,M00531,"Assimilatory nitrate reduction, nitrate -> ammonia",Nitrogen,No direct iron relation assigned,K00360; K00366; K00367; K00372; K10534; K17877,Contains one or more KO biomarkers analysed in Supplementary Table 8 and belongs to a requested biogeochemical theme.,TIA.P2.D,Complete,Complete,#2E7D32,P001,3,7,KEMET_lagoon_all_metagenomes_module_completeness_STATUS_3state.csv,scripts/generate_s38_s41_module_figures.py,Thematic catalogue then at least one Complete; display every original state in retained rows.
S38,M00531,"Assimilatory nitrate reduction, nitrate -> ammonia",Nitrogen,No direct iron relation assigned,K00360; K00366; K00367; K00372; K10534; K17877,Contains one or more KO biomarkers analysed in Supplementary Table 8 and belongs to a requested biogeochemical theme.,TIA.P2.R,Incomplete,Incomplete,#C62828,P001,3,8,KEMET_lagoon_all_metagenomes_module_completeness_STATUS_3state.csv,scripts/generate_s38_s41_module_figures.py,Thematic catalogue then at least one Complete; display every original state in retained rows.
S38,M00531,"Assimilatory nitrate reduction, nitrate -> ammonia",Nitrogen,No direct iron relation assigned,K00360; K00366; K00367; K00372; K10534; K17877,Contains one or more KO biomarkers analysed in Supplementary Table 8 and belongs to a requested biogeochemical theme.,TI.P1.D,Complete,Complete,#2E7D32,P001,3,9,KEMET_lagoon_all_metagenomes_module_completeness_STATUS_3state.csv,scripts/generate_s38_s41_module_figures.py,Thematic catalogue then at least one Complete; display every original state in retained rows.
S38,M00531,"Assimilatory nitrate reduction, nitrate -> ammonia",Nitrogen,No direct iron relation assigned,K00360; K00366; K00367; K00372; K10534; K17877,Contains one or more KO biomarkers analysed in Supplementary Table 8 and belongs to a requested biogeochemical theme.,TI.P1.R,1 block missing,1 block missing,#1565C0,P001,3,10,KEMET_lagoon_all_metagenomes_module_completeness_STATUS_3state.csv,scripts/generate_s38_s41_module_figures.py,Thematic catalogue then at least one Complete; display every original state in retained rows.
S38,M00531,"Assimilatory nitrate reduction, nitrate -> ammonia",Nitrogen,No direct iron relation assigned,K00360; K00366; K00367; K00372; K10534; K17877,Contains one or more KO biomarkers analysed in Supplementary Table 8 and belongs to a requested biogeochemical theme.,TI.P2.D,Incomplete,Incomplete,#C62828,P001,3,11,KEMET_lagoon_all_metagenomes_module_completeness_STATUS_3state.csv,scripts/generate_s38_s41_module_figures.py,Thematic catalogue then at least one Complete; display every original state in retained rows.
S38,M00531,"Assimilatory nitrate reduction, nitrate -> ammonia",Nitrogen,No direct iron relation assigned,K00360; K00366; K00367; K00372; K10534; K17877,Contains one or more KO biomarkers analysed in Supplementary Table 8 and belongs to a requested biogeochemical theme.,TI.P2.R,Complete,Complete,#2E7D32,P001,3,12,KEMET_lagoon_all_metagenomes_module_completeness_STATUS_3state.csv,scripts/generate_s38_s41_module_figures.py,Thematic catalogue then at least one Complete; display every original state in retained rows.
S38,M00531,"Assimilatory nitrate reduction, nitrate -> ammonia",Nitrogen,No direct iron relation assigned,K00360; K00366; K00367; K00372; K10534; K17877,Contains one or more KO biomarkers analysed in Supplementary Table 8 and belongs to a requested biogeochemical theme.,TI.P3.D,1 block missing,1 block missing,#1565C0,P001,3,13,KEMET_lagoon_all_metagenomes_module_completeness_STATUS_3state.csv,scripts/generate_s38_s41_module_figures.py,Thematic catalogue then at least one Complete; display every original state in retained rows.
S38,M00531,"Assimilatory nitrate reduction, nitrate -> ammonia",Nitrogen,No direct iron relation assigned,K00360; K00366; K00367; K00372; K10534; K17877,Contains one or more KO biomarkers analysed in Supplementary Table 8 and belongs to a requested biogeochemical theme.,TI.P3.R,1 block missing,1 block missing,#1565C0,P001,3,14,KEMET_lagoon_all_metagenomes_module_completeness_STATUS_3state.csv,scripts/generate_s38_s41_module_figures.py,Thematic catalogue then at least one Complete; display every original state in retained rows.
S38,M00531,"Assimilatory nitrate reduction, nitrate -> ammonia",Nitrogen,No direct iron relation assigned,K00360; K00366; K00367; K00372; K10534; K17877,Contains one or more KO biomarkers analysed in Supplementary Table 8 and belongs to a requested biogeochemical theme.,TI.P4.D,1 block missing,1 block missing,#1565C0,P001,3,15,KEMET_lagoon_all_metagenomes_module_completeness_STATUS_3state.csv,scripts/generate_s38_s41_module_figures.py,Thematic catalogue then at least one Complete; display every original state in retained rows.
S38,M00531,"Assimilatory nitrate reduction, nitrate -> ammonia",Nitrogen,No direct iron relation assigned,K00360; K00366; K00367; K00372; K10534; K17877,Contains one or more KO biomarkers analysed in Supplementary Table 8 and belongs to a requested biogeochemical theme.,TI.P4.R,1 block missing,1 block missing,#1565C0,P001,3,16,KEMET_lagoon_all_metagenomes_module_completeness_STATUS_3state.csv,scripts/generate_s38_s41_module_figures.py,Thematic catalogue then at least one Complete; display every original state in retained rows.
S38,M00531,"Assimilatory nitrate reduction, nitrate -> ammonia",Nitrogen,No direct iron relation assigned,K00360; K00366; K00367; K00372; K10534; K17877,Contains one or more KO biomarkers analysed in Supplementary Table 8 and belongs to a requested biogeochemical theme.,VI.P1.D,Incomplete,Incomplete,#C62828,P001,3,17,KEMET_lagoon_all_metagenomes_module_completeness_STATUS_3state.csv,scripts/generate_s38_s41_module_figures.py,Thematic catalogue then at least one Complete; display every original state in retained rows.
S38,M00531,"Assimilatory nitrate reduction, nitrate -> ammonia",Nitrogen,No direct iron relation assigned,K00360; K00366; K00367; K00372; K10534; K17877,Contains one or more KO biomarkers analysed in Supplementary Table 8 and belongs to a requested biogeochemical theme.,VI.P1.R,1 block missing,1 block missing,#1565C0,P001,3,18,KEMET_lagoon_all_metagenomes_module_completeness_STATUS_3state.csv,scripts/generate_s38_s41_module_figures.py,Thematic catalogue then at least one Complete; display every original state in retained rows.
S38,M00531,"Assimilatory nitrate reduction, nitrate -> ammonia",Nitrogen,No direct iron relation assigned,K00360; K00366; K00367; K00372; K10534; K17877,Contains one or more KO biomarkers analysed in Supplementary Table 8 and belongs to a requested biogeochemical theme.,VI.P2.D,Incomplete,Incomplete,#C62828,P001,3,19,KEMET_lagoon_all_metagenomes_module_completeness_STATUS_3state.csv,scripts/generate_s38_s41_module_figures.py,Thematic catalogue then at least one Complete; display every original state in retained rows.
S38,M00531,"Assimilatory nitrate reduction, nitrate -> ammonia",Nitrogen,No direct iron relation assigned,K00360; K00366; K00367; K00372; K10534; K17877,Contains one or more KO biomarkers analysed in Supplementary Table 8 and belongs to a requested biogeochemical theme.,VI.P2.R,1 block missing,1 block missing,#1565C0,P001,3,20,KEMET_lagoon_all_metagenomes_module_completeness_STATUS_3state.csv,scripts/generate_s38_s41_module_figures.py,Thematic catalogue then at least one Complete; display every original state in retained rows.
S38,M00165,Reductive pentose phosphate cycle (Calvin cycle),Carbon,No direct iron relation assigned,K00855; K01601; K01602,Contains one or more KO biomarkers analysed in Supplementary Table 8 and belongs to a requested biogeochemical theme.,AM.P1.D,Complete,Complete,#2E7D32,P001,4,1,KEMET_lagoon_all_metagenomes_module_completeness_STATUS_3state.csv,scripts/generate_s38_s41_module_figures.py,Thematic catalogue then at least one Complete; display every original state in retained rows.
S38,M00165,Reductive pentose phosphate cycle (Calvin cycle),Carbon,No direct iron relation assigned,K00855; K01601; K01602,Contains one or more KO biomarkers analysed in Supplementary Table 8 and belongs to a requested biogeochemical theme.,AM.P1.R,Complete,Complete,#2E7D32,P001,4,2,KEMET_lagoon_all_metagenomes_module_completeness_STATUS_3state.csv,scripts/generate_s38_s41_module_figures.py,Thematic catalogue then at least one Complete; display every original state in retained rows.
S38,M00165,Reductive pentose phosphate cycle (Calvin cycle),Carbon,No direct iron relation assigned,K00855; K01601; K01602,Contains one or more KO biomarkers analysed in Supplementary Table 8 and belongs to a requested biogeochemical theme.,AM.P2.D,1 block missing,1 block missing,#1565C0,P001,4,3,KEMET_lagoon_all_metagenomes_module_completeness_STATUS_3state.csv,scripts/generate_s38_s41_module_figures.py,Thematic catalogue then at least one Complete; display every original state in retained rows.
S38,M00165,Reductive pentose phosphate cycle (Calvin cycle),Carbon,No direct iron relation assigned,K00855; K01601; K01602,Contains one or more KO biomarkers analysed in Supplementary Table 8 and belongs to a requested biogeochemical theme.,AM.P2.R,1 block missing,1 block missing,#1565C0,P001,4,4,KEMET_lagoon_all_metagenomes_module_completeness_STATUS_3state.csv,scripts/generate_s38_s41_module_figures.py,Thematic catalogue then at least one Complete; display every original state in retained rows.
S38,M00165,Reductive pentose phosphate cycle (Calvin cycle),Carbon,No direct iron relation assigned,K00855; K01601; K01602,Contains one or more KO biomarkers analysed in Supplementary Table 8 and belongs to a requested biogeochemical theme.,TIA.P1.D,Complete,Complete,#2E7D32,P001,4,5,KEMET_lagoon_all_metagenomes_module_completeness_STATUS_3state.csv,scripts/generate_s38_s41_module_figures.py,Thematic catalogue then at least one Complete; display every original state in retained rows.
S38,M00165,Reductive pentose phosphate cycle (Calvin cycle),Carbon,No direct iron relation assigned,K00855; K01601; K01602,Contains one or more KO biomarkers analysed in Supplementary Table 8 and belongs to a requested biogeochemical theme.,TIA.P1.R,1 block missing,1 block missing,#1565C0,P001,4,6,KEMET_lagoon_all_metagenomes_module_completeness_STATUS_3state.csv,scripts/generate_s38_s41_module_figures.py,Thematic catalogue then at least one Complete; display every original state in retained rows.
S38,M00165,Reductive pentose phosphate cycle (Calvin cycle),Carbon,No direct iron relation assigned,K00855; K01601; K01602,Contains one or more KO biomarkers analysed in Supplementary Table 8 and belongs to a requested biogeochemical theme.,TIA.P2.D,1 block missing,1 block missing,#1565C0,P001,4,7,KEMET_lagoon_all_metagenomes_module_completeness_STATUS_3state.csv,scripts/generate_s38_s41_module_figures.py,Thematic catalogue then at least one Complete; display every original state in retained rows.
S38,M00165,Reductive pentose phosphate cycle (Calvin cycle),Carbon,No direct iron relation assigned,K00855; K01601; K01602,Contains one or more KO biomarkers analysed in Supplementary Table 8 and belongs to a requested biogeochemical theme.,TIA.P2.R,Complete,Complete,#2E7D32,P001,4,8,KEMET_lagoon_all_metagenomes_module_completeness_STATUS_3state.csv,scripts/generate_s38_s41_module_figures.py,Thematic catalogue then at least one Complete; display every original state in retained rows.
S38,M00165,Reductive pentose phosphate cycle (Calvin cycle),Carbon,No direct iron relation assigned,K00855; K01601; K01602,Contains one or more KO biomarkers analysed in Supplementary Table 8 and belongs to a requested biogeochemical theme.,TI.P1.D,Complete,Complete,#2E7D32,P001,4,9,KEMET_lagoon_all_metagenomes_module_completeness_STATUS_3state.csv,scripts/generate_s38_s41_module_figures.py,Thematic catalogue then at least one Complete; display every original state in retained rows.
S38,M00165,Reductive pentose phosphate cycle (Calvin cycle),Carbon,No direct iron relation assigned,K00855; K01601; K01602,Contains one or more KO biomarkers analysed in Supplementary Table 8 and belongs to a requested biogeochemical theme.,TI.P1.R,1 block missing,1 block missing,#1565C0,P001,4,10,KEMET_lagoon_all_metagenomes_module_completeness_STATUS_3state.csv,scripts/generate_s38_s41_module_figures.py,Thematic catalogue then at least one Complete; display every original state in retained rows.
S38,M00165,Reductive pentose phosphate cycle (Calvin cycle),Carbon,No direct iron relation assigned,K00855; K01601; K01602,Contains one or more KO biomarkers analysed in Supplementary Table 8 and belongs to a requested biogeochemical theme.,TI.P2.D,1 block missing,1 block missing,#1565C0,P001,4,11,KEMET_lagoon_all_metagenomes_module_completeness_STATUS_3state.csv,scripts/generate_s38_s41_module_figures.py,Thematic catalogue then at least one Complete; display every original state in retained rows.
S38,M00165,Reductive pentose phosphate cycle (Calvin cycle),Carbon,No direct iron relation assigned,K00855; K01601; K01602,Contains one or more KO biomarkers analysed in Supplementary Table 8 and belongs to a requested biogeochemical theme.,TI.P2.R,1 block missing,1 block missing,#1565C0,P001,4,12,KEMET_lagoon_all_metagenomes_module_completeness_STATUS_3state.csv,scripts/generate_s38_s41_module_figures.py,Thematic catalogue then at least one Complete; display every original state in retained rows.
S38,M00165,Reductive pentose phosphate cycle (Calvin cycle),Carbon,No direct iron relation assigned,K00855; K01601; K01602,Contains one or more KO biomarkers analysed in Supplementary Table 8 and belongs to a requested biogeochemical theme.,TI.P3.D,Complete,Complete,#2E7D32,P001,4,13,KEMET_lagoon_all_metagenomes_module_completeness_STATUS_3state.csv,scripts/generate_s38_s41_module_figures.py,Thematic catalogue then at least one Complete; display every original state in retained rows.
S38,M00165,Reductive pentose phosphate cycle (Calvin cycle),Carbon,No direct iron relation assigned,K00855; K01601; K01602,Contains one or more KO biomarkers analysed in Supplementary Table 8 and belongs to a requested biogeochemical theme.,TI.P3.R,1 block missing,1 block missing,#1565C0,P001,4,14,KEMET_lagoon_all_metagenomes_module_completeness_STATUS_3state.csv,scripts/generate_s38_s41_module_figures.py,Thematic catalogue then at least one Complete; display every original state in retained rows.
S38,M00165,Reductive pentose phosphate cycle (Calvin cycle),Carbon,No direct iron relation assigned,K00855; K01601; K01602,Contains one or more KO biomarkers analysed in Supplementary Table 8 and belongs to a requested biogeochemical theme.,TI.P4.D,Complete,Complete,#2E7D32,P001,4,15,KEMET_lagoon_all_metagenomes_module_completeness_STATUS_3state.csv,scripts/generate_s38_s41_module_figures.py,Thematic catalogue then at least one Complete; display every original state in retained rows.
S38,M00165,Reductive pentose phosphate cycle (Calvin cycle),Carbon,No direct iron relation assigned,K00855; K01601; K01602,Contains one or more KO biomarkers analysed in Supplementary Table 8 and belongs to a requested biogeochemical theme.,TI.P4.R,1 block missing,1 block missing,#1565C0,P001,4,16,KEMET_lagoon_all_metagenomes_module_completeness_STATUS_3state.csv,scripts/generate_s38_s41_module_figures.py,Thematic catalogue then at least one Complete; display every original state in retained rows.
S38,M00165,Reductive pentose phosphate cycle (Calvin cycle),Carbon,No direct iron relation assigned,K00855; K01601; K01602,Contains one or more KO biomarkers analysed in Supplementary Table 8 and belongs to a requested biogeochemical theme.,VI.P1.D,1 block missing,1 block missing,#1565C0,P001,4,17,KEMET_lagoon_all_metagenomes_module_completeness_STATUS_3state.csv,scripts/generate_s38_s41_module_figures.py,Thematic catalogue then at least one Complete; display every original state in retained rows.
S38,M00165,Reductive pentose phosphate cycle (Calvin cycle),Carbon,No direct iron relation assigned,K00855; K01601; K01602,Contains one or more KO biomarkers analysed in Supplementary Table 8 and belongs to a requested biogeochemical theme.,VI.P1.R,1 block missing,1 block missing,#1565C0,P001,4,18,KEMET_lagoon_all_metagenomes_module_completeness_STATUS_3state.csv,scripts/generate_s38_s41_module_figures.py,Thematic catalogue then at least one Complete; display every original state in retained rows.
S38,M00165,Reductive pentose phosphate cycle (Calvin cycle),Carbon,No direct iron relation assigned,K00855; K01601; K01602,Contains one or more KO biomarkers analysed in Supplementary Table 8 and belongs to a requested biogeochemical theme.,VI.P2.D,1 block missing,1 block missing,#1565C0,P001,4,19,KEMET_lagoon_all_metagenomes_module_completeness_STATUS_3state.csv,scripts/generate_s38_s41_module_figures.py,Thematic catalogue then at least one Complete; display every original state in retained rows.
S38,M00165,Reductive pentose phosphate cycle (Calvin cycle),Carbon,No direct iron relation assigned,K00855; K01601; K01602,Contains one or more KO biomarkers analysed in Supplementary Table 8 and belongs to a requested biogeochemical theme.,VI.P2.R,1 block missing,1 block missing,#1565C0,P001,4,20,KEMET_lagoon_all_metagenomes_module_completeness_STATUS_3state.csv,scripts/generate_s38_s41_module_figures.py,Thematic catalogue then at least one Complete; display every original state in retained rows.
S38,M00166,"Reductive pentose phosphate cycle, ribulose-5P -> glyceraldehyde-3P",Carbon,No direct iron relation assigned,K00855; K01601; K01602,Contains one or more KO biomarkers analysed in Supplementary Table 8 and belongs to a requested biogeochemical theme.,AM.P1.D,Complete,Complete,#2E7D32,P001,5,1,KEMET_lagoon_all_metagenomes_module_completeness_STATUS_3state.csv,scripts/generate_s38_s41_module_figures.py,Thematic catalogue then at least one Complete; display every original state in retained rows.
S38,M00166,"Reductive pentose phosphate cycle, ribulose-5P -> glyceraldehyde-3P",Carbon,No direct iron relation assigned,K00855; K01601; K01602,Contains one or more KO biomarkers analysed in Supplementary Table 8 and belongs to a requested biogeochemical theme.,AM.P1.R,Complete,Complete,#2E7D32,P001,5,2,KEMET_lagoon_all_metagenomes_module_completeness_STATUS_3state.csv,scripts/generate_s38_s41_module_figures.py,Thematic catalogue then at least one Complete; display every original state in retained rows.
S38,M00166,"Reductive pentose phosphate cycle, ribulose-5P -> glyceraldehyde-3P",Carbon,No direct iron relation assigned,K00855; K01601; K01602,Contains one or more KO biomarkers analysed in Supplementary Table 8 and belongs to a requested biogeochemical theme.,AM.P2.D,Complete,Complete,#2E7D32,P001,5,3,KEMET_lagoon_all_metagenomes_module_completeness_STATUS_3state.csv,scripts/generate_s38_s41_module_figures.py,Thematic catalogue then at least one Complete; display every original state in retained rows.
S38,M00166,"Reductive pentose phosphate cycle, ribulose-5P -> glyceraldehyde-3P",Carbon,No direct iron relation assigned,K00855; K01601; K01602,Contains one or more KO biomarkers analysed in Supplementary Table 8 and belongs to a requested biogeochemical theme.,AM.P2.R,Complete,Complete,#2E7D32,P001,5,4,KEMET_lagoon_all_metagenomes_module_completeness_STATUS_3state.csv,scripts/generate_s38_s41_module_figures.py,Thematic catalogue then at least one Complete; display every original state in retained rows.
S38,M00166,"Reductive pentose phosphate cycle, ribulose-5P -> glyceraldehyde-3P",Carbon,No direct iron relation assigned,K00855; K01601; K01602,Contains one or more KO biomarkers analysed in Supplementary Table 8 and belongs to a requested biogeochemical theme.,TIA.P1.D,Complete,Complete,#2E7D32,P001,5,5,KEMET_lagoon_all_metagenomes_module_completeness_STATUS_3state.csv,scripts/generate_s38_s41_module_figures.py,Thematic catalogue then at least one Complete; display every original state in retained rows.
S38,M00166,"Reductive pentose phosphate cycle, ribulose-5P -> glyceraldehyde-3P",Carbon,No direct iron relation assigned,K00855; K01601; K01602,Contains one or more KO biomarkers analysed in Supplementary Table 8 and belongs to a requested biogeochemical theme.,TIA.P1.R,Complete,Complete,#2E7D32,P001,5,6,KEMET_lagoon_all_metagenomes_module_completeness_STATUS_3state.csv,scripts/generate_s38_s41_module_figures.py,Thematic catalogue then at least one Complete; display every original state in retained rows.
S38,M00166,"Reductive pentose phosphate cycle, ribulose-5P -> glyceraldehyde-3P",Carbon,No direct iron relation assigned,K00855; K01601; K01602,Contains one or more KO biomarkers analysed in Supplementary Table 8 and belongs to a requested biogeochemical theme.,TIA.P2.D,Complete,Complete,#2E7D32,P001,5,7,KEMET_lagoon_all_metagenomes_module_completeness_STATUS_3state.csv,scripts/generate_s38_s41_module_figures.py,Thematic catalogue then at least one Complete; display every original state in retained rows.
S38,M00166,"Reductive pentose phosphate cycle, ribulose-5P -> glyceraldehyde-3P",Carbon,No direct iron relation assigned,K00855; K01601; K01602,Contains one or more KO biomarkers analysed in Supplementary Table 8 and belongs to a requested biogeochemical theme.,TIA.P2.R,Complete,Complete,#2E7D32,P001,5,8,KEMET_lagoon_all_metagenomes_module_completeness_STATUS_3state.csv,scripts/generate_s38_s41_module_figures.py,Thematic catalogue then at least one Complete; display every original state in retained rows.
S38,M00166,"Reductive pentose phosphate cycle, ribulose-5P -> glyceraldehyde-3P",Carbon,No direct iron relation assigned,K00855; K01601; K01602,Contains one or more KO biomarkers analysed in Supplementary Table 8 and belongs to a requested biogeochemical theme.,TI.P1.D,Complete,Complete,#2E7D32,P001,5,9,KEMET_lagoon_all_metagenomes_module_completeness_STATUS_3state.csv,scripts/generate_s38_s41_module_figures.py,Thematic catalogue then at least one Complete; display every original state in retained rows.
S38,M00166,"Reductive pentose phosphate cycle, ribulose-5P -> glyceraldehyde-3P",Carbon,No direct iron relation assigned,K00855; K01601; K01602,Contains one or more KO biomarkers analysed in Supplementary Table 8 and belongs to a requested biogeochemical theme.,TI.P1.R,Complete,Complete,#2E7D32,P001,5,10,KEMET_lagoon_all_metagenomes_module_completeness_STATUS_3state.csv,scripts/generate_s38_s41_module_figures.py,Thematic catalogue then at least one Complete; display every original state in retained rows.
S38,M00166,"Reductive pentose phosphate cycle, ribulose-5P -> glyceraldehyde-3P",Carbon,No direct iron relation assigned,K00855; K01601; K01602,Contains one or more KO biomarkers analysed in Supplementary Table 8 and belongs to a requested biogeochemical theme.,TI.P2.D,Complete,Complete,#2E7D32,P001,5,11,KEMET_lagoon_all_metagenomes_module_completeness_STATUS_3state.csv,scripts/generate_s38_s41_module_figures.py,Thematic catalogue then at least one Complete; display every original state in retained rows.
S38,M00166,"Reductive pentose phosphate cycle, ribulose-5P -> glyceraldehyde-3P",Carbon,No direct iron relation assigned,K00855; K01601; K01602,Contains one or more KO biomarkers analysed in Supplementary Table 8 and belongs to a requested biogeochemical theme.,TI.P2.R,Complete,Complete,#2E7D32,P001,5,12,KEMET_lagoon_all_metagenomes_module_completeness_STATUS_3state.csv,scripts/generate_s38_s41_module_figures.py,Thematic catalogue then at least one Complete; display every original state in retained rows.
S38,M00166,"Reductive pentose phosphate cycle, ribulose-5P -> glyceraldehyde-3P",Carbon,No direct iron relation assigned,K00855; K01601; K01602,Contains one or more KO biomarkers analysed in Supplementary Table 8 and belongs to a requested biogeochemical theme.,TI.P3.D,Complete,Complete,#2E7D32,P001,5,13,KEMET_lagoon_all_metagenomes_module_completeness_STATUS_3state.csv,scripts/generate_s38_s41_module_figures.py,Thematic catalogue then at least one Complete; display every original state in retained rows.
S38,M00166,"Reductive pentose phosphate cycle, ribulose-5P -> glyceraldehyde-3P",Carbon,No direct iron relation assigned,K00855; K01601; K01602,Contains one or more KO biomarkers analysed in Supplementary Table 8 and belongs to a requested biogeochemical theme.,TI.P3.R,Complete,Complete,#2E7D32,P001,5,14,KEMET_lagoon_all_metagenomes_module_completeness_STATUS_3state.csv,scripts/generate_s38_s41_module_figures.py,Thematic catalogue then at least one Complete; display every original state in retained rows.
S38,M00166,"Reductive pentose phosphate cycle, ribulose-5P -> glyceraldehyde-3P",Carbon,No direct iron relation assigned,K00855; K01601; K01602,Contains one or more KO biomarkers analysed in Supplementary Table 8 and belongs to a requested biogeochemical theme.,TI.P4.D,Complete,Complete,#2E7D32,P001,5,15,KEMET_lagoon_all_metagenomes_module_completeness_STATUS_3state.csv,scripts/generate_s38_s41_module_figures.py,Thematic catalogue then at least one Complete; display every original state in retained rows.
S38,M00166,"Reductive pentose phosphate cycle, ribulose-5P -> glyceraldehyde-3P",Carbon,No direct iron relation assigned,K00855; K01601; K01602,Contains one or more KO biomarkers analysed in Supplementary Table 8 and belongs to a requested biogeochemical theme.,TI.P4.R,Complete,Complete,#2E7D32,P001,5,16,KEMET_lagoon_all_metagenomes_module_completeness_STATUS_3state.csv,scripts/generate_s38_s41_module_figures.py,Thematic catalogue then at least one Complete; display every original state in retained rows.
S38,M00166,"Reductive pentose phosphate cycle, ribulose-5P -> glyceraldehyde-3P",Carbon,No direct iron relation assigned,K00855; K01601; K01602,Contains one or more KO biomarkers analysed in Supplementary Table 8 and belongs to a requested biogeochemical theme.,VI.P1.D,Complete,Complete,#2E7D32,P001,5,17,KEMET_lagoon_all_metagenomes_module_completeness_STATUS_3state.csv,scripts/generate_s38_s41_module_figures.py,Thematic catalogue then at least one Complete; display every original state in retained rows.
S38,M00166,"Reductive pentose phosphate cycle, ribulose-5P -> glyceraldehyde-3P",Carbon,No direct iron relation assigned,K00855; K01601; K01602,Contains one or more KO biomarkers analysed in Supplementary Table 8 and belongs to a requested biogeochemical theme.,VI.P1.R,Complete,Complete,#2E7D32,P001,5,18,KEMET_lagoon_all_metagenomes_module_completeness_STATUS_3state.csv,scripts/generate_s38_s41_module_figures.py,Thematic catalogue then at least one Complete; display every original state in retained rows.
S38,M00166,"Reductive pentose phosphate cycle, ribulose-5P -> glyceraldehyde-3P",Carbon,No direct iron relation assigned,K00855; K01601; K01602,Contains one or more KO biomarkers analysed in Supplementary Table 8 and belongs to a requested biogeochemical theme.,VI.P2.D,Complete,Complete,#2E7D32,P001,5,19,KEMET_lagoon_all_metagenomes_module_completeness_STATUS_3state.csv,scripts/generate_s38_s41_module_figures.py,Thematic catalogue then at least one Complete; display every original state in retained rows.
S38,M00166,"Reductive pentose phosphate cycle, ribulose-5P -> glyceraldehyde-3P",Carbon,No direct iron relation assigned,K00855; K01601; K01602,Contains one or more KO biomarkers analysed in Supplementary Table 8 and belongs to a requested biogeochemical theme.,VI.P2.R,Complete,Complete,#2E7D32,P001,5,20,KEMET_lagoon_all_metagenomes_module_completeness_STATUS_3state.csv,scripts/generate_s38_s41_module_figures.py,Thematic catalogue then at least one Complete; display every original state in retained rows.
S38,M00422,"Acetyl-CoA pathway, CO2 -> acetyl-CoA",Carbon,No direct iron relation assigned,K00192; K00193; K00195,Contains one or more KO biomarkers analysed in Supplementary Table 8 and belongs to a requested biogeochemical theme.,AM.P1.D,Complete,Complete,#2E7D32,P001,6,1,KEMET_lagoon_all_metagenomes_module_completeness_STATUS_3state.csv,scripts/generate_s38_s41_module_figures.py,Thematic catalogue then at least one Complete; display every original state in retained rows.
S38,M00422,"Acetyl-CoA pathway, CO2 -> acetyl-CoA",Carbon,No direct iron relation assigned,K00192; K00193; K00195,Contains one or more KO biomarkers analysed in Supplementary Table 8 and belongs to a requested biogeochemical theme.,AM.P1.R,1 block missing,1 block missing,#1565C0,P001,6,2,KEMET_lagoon_all_metagenomes_module_completeness_STATUS_3state.csv,scripts/generate_s38_s41_module_figures.py,Thematic catalogue then at least one Complete; display every original state in retained rows.
S38,M00422,"Acetyl-CoA pathway, CO2 -> acetyl-CoA",Carbon,No direct iron relation assigned,K00192; K00193; K00195,Contains one or more KO biomarkers analysed in Supplementary Table 8 and belongs to a requested biogeochemical theme.,AM.P2.D,1 block missing,1 block missing,#1565C0,P001,6,3,KEMET_lagoon_all_metagenomes_module_completeness_STATUS_3state.csv,scripts/generate_s38_s41_module_figures.py,Thematic catalogue then at least one Complete; display every original state in retained rows.
S38,M00422,"Acetyl-CoA pathway, CO2 -> acetyl-CoA",Carbon,No direct iron relation assigned,K00192; K00193; K00195,Contains one or more KO biomarkers analysed in Supplementary Table 8 and belongs to a requested biogeochemical theme.,AM.P2.R,1 block missing,1 block missing,#1565C0,P001,6,4,KEMET_lagoon_all_metagenomes_module_completeness_STATUS_3state.csv,scripts/generate_s38_s41_module_figures.py,Thematic catalogue then at least one Complete; display every original state in retained rows.
S38,M00422,"Acetyl-CoA pathway, CO2 -> acetyl-CoA",Carbon,No direct iron relation assigned,K00192; K00193; K00195,Contains one or more KO biomarkers analysed in Supplementary Table 8 and belongs to a requested biogeochemical theme.,TIA.P1.D,Incomplete,Incomplete,#C62828,P001,6,5,KEMET_lagoon_all_metagenomes_module_completeness_STATUS_3state.csv,scripts/generate_s38_s41_module_figures.py,Thematic catalogue then at least one Complete; display every original state in retained rows.
S38,M00422,"Acetyl-CoA pathway, CO2 -> acetyl-CoA",Carbon,No direct iron relation assigned,K00192; K00193; K00195,Contains one or more KO biomarkers analysed in Supplementary Table 8 and belongs to a requested biogeochemical theme.,TIA.P1.R,1 block missing,1 block missing,#1565C0,P001,6,6,KEMET_lagoon_all_metagenomes_module_completeness_STATUS_3state.csv,scripts/generate_s38_s41_module_figures.py,Thematic catalogue then at least one Complete; display every original state in retained rows.
S38,M00422,"Acetyl-CoA pathway, CO2 -> acetyl-CoA",Carbon,No direct iron relation assigned,K00192; K00193; K00195,Contains one or more KO biomarkers analysed in Supplementary Table 8 and belongs to a requested biogeochemical theme.,TIA.P2.D,1 block missing,1 block missing,#1565C0,P001,6,7,KEMET_lagoon_all_metagenomes_module_completeness_STATUS_3state.csv,scripts/generate_s38_s41_module_figures.py,Thematic catalogue then at least one Complete; display every original state in retained rows.
S38,M00422,"Acetyl-CoA pathway, CO2 -> acetyl-CoA",Carbon,No direct iron relation assigned,K00192; K00193; K00195,Contains one or more KO biomarkers analysed in Supplementary Table 8 and belongs to a requested biogeochemical theme.,TIA.P2.R,Incomplete,Incomplete,#C62828,P001,6,8,KEMET_lagoon_all_metagenomes_module_completeness_STATUS_3state.csv,scripts/generate_s38_s41_module_figures.py,Thematic catalogue then at least one Complete; display every original state in retained rows.
S38,M00422,"Acetyl-CoA pathway, CO2 -> acetyl-CoA",Carbon,No direct iron relation assigned,K00192; K00193; K00195,Contains one or more KO biomarkers analysed in Supplementary Table 8 and belongs to a requested biogeochemical theme.,TI.P1.D,Incomplete,Incomplete,#C62828,P001,6,9,KEMET_lagoon_all_metagenomes_module_completeness_STATUS_3state.csv,scripts/generate_s38_s41_module_figures.py,Thematic catalogue then at least one Complete; display every original state in retained rows.
S38,M00422,"Acetyl-CoA pathway, CO2 -> acetyl-CoA",Carbon,No direct iron relation assigned,K00192; K00193; K00195,Contains one or more KO biomarkers analysed in Supplementary Table 8 and belongs to a requested biogeochemical theme.,TI.P1.R,Incomplete,Incomplete,#C62828,P001,6,10,KEMET_lagoon_all_metagenomes_module_completeness_STATUS_3state.csv,scripts/generate_s38_s41_module_figures.py,Thematic catalogue then at least one Complete; display every original state in retained rows.
S38,M00422,"Acetyl-CoA pathway, CO2 -> acetyl-CoA",Carbon,No direct iron relation assigned,K00192; K00193; K00195,Contains one or more KO biomarkers analysed in Supplementary Table 8 and belongs to a requested biogeochemical theme.,TI.P2.D,Complete,Complete,#2E7D32,P001,6,11,KEMET_lagoon_all_metagenomes_module_completeness_STATUS_3state.csv,scripts/generate_s38_s41_module_figures.py,Thematic catalogue then at least one Complete; display every original state in retained rows.
S38,M00422,"Acetyl-CoA pathway, CO2 -> acetyl-CoA",Carbon,No direct iron relation assigned,K00192; K00193; K00195,Contains one or more KO biomarkers analysed in Supplementary Table 8 and belongs to a requested biogeochemical theme.,TI.P2.R,Complete,Complete,#2E7D32,P001,6,12,KEMET_lagoon_all_metagenomes_module_completeness_STATUS_3state.csv,scripts/generate_s38_s41_module_figures.py,Thematic catalogue then at least one Complete; display every original state in retained rows.
S38,M00422,"Acetyl-CoA pathway, CO2 -> acetyl-CoA",Carbon,No direct iron relation assigned,K00192; K00193; K00195,Contains one or more KO biomarkers analysed in Supplementary Table 8 and belongs to a requested biogeochemical theme.,TI.P3.D,1 block missing,1 block missing,#1565C0,P001,6,13,KEMET_lagoon_all_metagenomes_module_completeness_STATUS_3state.csv,scripts/generate_s38_s41_module_figures.py,Thematic catalogue then at least one Complete; display every original state in retained rows.
S38,M00422,"Acetyl-CoA pathway, CO2 -> acetyl-CoA",Carbon,No direct iron relation assigned,K00192; K00193; K00195,Contains one or more KO biomarkers analysed in Supplementary Table 8 and belongs to a requested biogeochemical theme.,TI.P3.R,1 block missing,1 block missing,#1565C0,P001,6,14,KEMET_lagoon_all_metagenomes_module_completeness_STATUS_3state.csv,scripts/generate_s38_s41_module_figures.py,Thematic catalogue then at least one Complete; display every original state in retained rows.
S38,M00422,"Acetyl-CoA pathway, CO2 -> acetyl-CoA",Carbon,No direct iron relation assigned,K00192; K00193; K00195,Contains one or more KO biomarkers analysed in Supplementary Table 8 and belongs to a requested biogeochemical theme.,TI.P4.D,Incomplete,Incomplete,#C62828,P001,6,15,KEMET_lagoon_all_metagenomes_module_completeness_STATUS_3state.csv,scripts/generate_s38_s41_module_figures.py,Thematic catalogue then at least one Complete; display every original state in retained rows.
S38,M00422,"Acetyl-CoA pathway, CO2 -> acetyl-CoA",Carbon,No direct iron relation assigned,K00192; K00193; K00195,Contains one or more KO biomarkers analysed in Supplementary Table 8 and belongs to a requested biogeochemical theme.,TI.P4.R,Incomplete,Incomplete,#C62828,P001,6,16,KEMET_lagoon_all_metagenomes_module_completeness_STATUS_3state.csv,scripts/generate_s38_s41_module_figures.py,Thematic catalogue then at least one Complete; display every original state in retained rows.
S38,M00422,"Acetyl-CoA pathway, CO2 -> acetyl-CoA",Carbon,No direct iron relation assigned,K00192; K00193; K00195,Contains one or more KO biomarkers analysed in Supplementary Table 8 and belongs to a requested biogeochemical theme.,VI.P1.D,1 block missing,1 block missing,#1565C0,P001,6,17,KEMET_lagoon_all_metagenomes_module_completeness_STATUS_3state.csv,scripts/generate_s38_s41_module_figures.py,Thematic catalogue then at least one Complete; display every original state in retained rows.
S38,M00422,"Acetyl-CoA pathway, CO2 -> acetyl-CoA",Carbon,No direct iron relation assigned,K00192; K00193; K00195,Contains one or more KO biomarkers analysed in Supplementary Table 8 and belongs to a requested biogeochemical theme.,VI.P1.R,1 block missing,1 block missing,#1565C0,P001,6,18,KEMET_lagoon_all_metagenomes_module_completeness_STATUS_3state.csv,scripts/generate_s38_s41_module_figures.py,Thematic catalogue then at least one Complete; display every original state in retained rows.
S38,M00422,"Acetyl-CoA pathway, CO2 -> acetyl-CoA",Carbon,No direct iron relation assigned,K00192; K00193; K00195,Contains one or more KO biomarkers analysed in Supplementary Table 8 and belongs to a requested biogeochemical theme.,VI.P2.D,1 block missing,1 block missing,#1565C0,P001,6,19,KEMET_lagoon_all_metagenomes_module_completeness_STATUS_3state.csv,scripts/generate_s38_s41_module_figures.py,Thematic catalogue then at least one Complete; display every original state in retained rows.
S38,M00422,"Acetyl-CoA pathway, CO2 -> acetyl-CoA",Carbon,No direct iron relation assigned,K00192; K00193; K00195,Contains one or more KO biomarkers analysed in Supplementary Table 8 and belongs to a requested biogeochemical theme.,VI.P2.R,Complete,Complete,#2E7D32,P001,6,20,KEMET_lagoon_all_metagenomes_module_completeness_STATUS_3state.csv,scripts/generate_s38_s41_module_figures.py,Thematic catalogue then at least one Complete; display every original state in retained rows.
S38,M00579,"Phosphate acetyltransferase-acetate kinase pathway, acetyl-CoA -> acetate",Carbon,No direct iron relation assigned,K00625; K00925; K13788; K15024,Contains one or more KO biomarkers analysed in Supplementary Table 8 and belongs to a requested biogeochemical theme.,AM.P1.D,Complete,Complete,#2E7D32,P001,7,1,KEMET_lagoon_all_metagenomes_module_completeness_STATUS_3state.csv,scripts/generate_s38_s41_module_figures.py,Thematic catalogue then at least one Complete; display every original state in retained rows.
S38,M00579,"Phosphate acetyltransferase-acetate kinase pathway, acetyl-CoA -> acetate",Carbon,No direct iron relation assigned,K00625; K00925; K13788; K15024,Contains one or more KO biomarkers analysed in Supplementary Table 8 and belongs to a requested biogeochemical theme.,AM.P1.R,Complete,Complete,#2E7D32,P001,7,2,KEMET_lagoon_all_metagenomes_module_completeness_STATUS_3state.csv,scripts/generate_s38_s41_module_figures.py,Thematic catalogue then at least one Complete; display every original state in retained rows.
S38,M00579,"Phosphate acetyltransferase-acetate kinase pathway, acetyl-CoA -> acetate",Carbon,No direct iron relation assigned,K00625; K00925; K13788; K15024,Contains one or more KO biomarkers analysed in Supplementary Table 8 and belongs to a requested biogeochemical theme.,AM.P2.D,Complete,Complete,#2E7D32,P001,7,3,KEMET_lagoon_all_metagenomes_module_completeness_STATUS_3state.csv,scripts/generate_s38_s41_module_figures.py,Thematic catalogue then at least one Complete; display every original state in retained rows.
S38,M00579,"Phosphate acetyltransferase-acetate kinase pathway, acetyl-CoA -> acetate",Carbon,No direct iron relation assigned,K00625; K00925; K13788; K15024,Contains one or more KO biomarkers analysed in Supplementary Table 8 and belongs to a requested biogeochemical theme.,AM.P2.R,Complete,Complete,#2E7D32,P001,7,4,KEMET_lagoon_all_metagenomes_module_completeness_STATUS_3state.csv,scripts/generate_s38_s41_module_figures.py,Thematic catalogue then at least one Complete; display every original state in retained rows.
S38,M00579,"Phosphate acetyltransferase-acetate kinase pathway, acetyl-CoA -> acetate",Carbon,No direct iron relation assigned,K00625; K00925; K13788; K15024,Contains one or more KO biomarkers analysed in Supplementary Table 8 and belongs to a requested biogeochemical theme.,TIA.P1.D,Complete,Complete,#2E7D32,P001,7,5,KEMET_lagoon_all_metagenomes_module_completeness_STATUS_3state.csv,scripts/generate_s38_s41_module_figures.py,Thematic catalogue then at least one Complete; display every original state in retained rows.
S38,M00579,"Phosphate acetyltransferase-acetate kinase pathway, acetyl-CoA -> acetate",Carbon,No direct iron relation assigned,K00625; K00925; K13788; K15024,Contains one or more KO biomarkers analysed in Supplementary Table 8 and belongs to a requested biogeochemical theme.,TIA.P1.R,Complete,Complete,#2E7D32,P001,7,6,KEMET_lagoon_all_metagenomes_module_completeness_STATUS_3state.csv,scripts/generate_s38_s41_module_figures.py,Thematic catalogue then at least one Complete; display every original state in retained rows.
S38,M00579,"Phosphate acetyltransferase-acetate kinase pathway, acetyl-CoA -> acetate",Carbon,No direct iron relation assigned,K00625; K00925; K13788; K15024,Contains one or more KO biomarkers analysed in Supplementary Table 8 and belongs to a requested biogeochemical theme.,TIA.P2.D,Complete,Complete,#2E7D32,P001,7,7,KEMET_lagoon_all_metagenomes_module_completeness_STATUS_3state.csv,scripts/generate_s38_s41_module_figures.py,Thematic catalogue then at least one Complete; display every original state in retained rows.
S38,M00579,"Phosphate acetyltransferase-acetate kinase pathway, acetyl-CoA -> acetate",Carbon,No direct iron relation assigned,K00625; K00925; K13788; K15024,Contains one or more KO biomarkers analysed in Supplementary Table 8 and belongs to a requested biogeochemical theme.,TIA.P2.R,Complete,Complete,#2E7D32,P001,7,8,KEMET_lagoon_all_metagenomes_module_completeness_STATUS_3state.csv,scripts/generate_s38_s41_module_figures.py,Thematic catalogue then at least one Complete; display every original state in retained rows.
S38,M00579,"Phosphate acetyltransferase-acetate kinase pathway, acetyl-CoA -> acetate",Carbon,No direct iron relation assigned,K00625; K00925; K13788; K15024,Contains one or more KO biomarkers analysed in Supplementary Table 8 and belongs to a requested biogeochemical theme.,TI.P1.D,Complete,Complete,#2E7D32,P001,7,9,KEMET_lagoon_all_metagenomes_module_completeness_STATUS_3state.csv,scripts/generate_s38_s41_module_figures.py,Thematic catalogue then at least one Complete; display every original state in retained rows.
S38,M00579,"Phosphate acetyltransferase-acetate kinase pathway, acetyl-CoA -> acetate",Carbon,No direct iron relation assigned,K00625; K00925; K13788; K15024,Contains one or more KO biomarkers analysed in Supplementary Table 8 and belongs to a requested biogeochemical theme.,TI.P1.R,Complete,Complete,#2E7D32,P001,7,10,KEMET_lagoon_all_metagenomes_module_completeness_STATUS_3state.csv,scripts/generate_s38_s41_module_figures.py,Thematic catalogue then at least one Complete; display every original state in retained rows.
S38,M00579,"Phosphate acetyltransferase-acetate kinase pathway, acetyl-CoA -> acetate",Carbon,No direct iron relation assigned,K00625; K00925; K13788; K15024,Contains one or more KO biomarkers analysed in Supplementary Table 8 and belongs to a requested biogeochemical theme.,TI.P2.D,Complete,Complete,#2E7D32,P001,7,11,KEMET_lagoon_all_metagenomes_module_completeness_STATUS_3state.csv,scripts/generate_s38_s41_module_figures.py,Thematic catalogue then at least one Complete; display every original state in retained rows.
S38,M00579,"Phosphate acetyltransferase-acetate kinase pathway, acetyl-CoA -> acetate",Carbon,No direct iron relation assigned,K00625; K00925; K13788; K15024,Contains one or more KO biomarkers analysed in Supplementary Table 8 and belongs to a requested biogeochemical theme.,TI.P2.R,Complete,Complete,#2E7D32,P001,7,12,KEMET_lagoon_all_metagenomes_module_completeness_STATUS_3state.csv,scripts/generate_s38_s41_module_figures.py,Thematic catalogue then at least one Complete; display every original state in retained rows.
S38,M00579,"Phosphate acetyltransferase-acetate kinase pathway, acetyl-CoA -> acetate",Carbon,No direct iron relation assigned,K00625; K00925; K13788; K15024,Contains one or more KO biomarkers analysed in Supplementary Table 8 and belongs to a requested biogeochemical theme.,TI.P3.D,Complete,Complete,#2E7D32,P001,7,13,KEMET_lagoon_all_metagenomes_module_completeness_STATUS_3state.csv,scripts/generate_s38_s41_module_figures.py,Thematic catalogue then at least one Complete; display every original state in retained rows.
S38,M00579,"Phosphate acetyltransferase-acetate kinase pathway, acetyl-CoA -> acetate",Carbon,No direct iron relation assigned,K00625; K00925; K13788; K15024,Contains one or more KO biomarkers analysed in Supplementary Table 8 and belongs to a requested biogeochemical theme.,TI.P3.R,Complete,Complete,#2E7D32,P001,7,14,KEMET_lagoon_all_metagenomes_module_completeness_STATUS_3state.csv,scripts/generate_s38_s41_module_figures.py,Thematic catalogue then at least one Complete; display every original state in retained rows.
S38,M00579,"Phosphate acetyltransferase-acetate kinase pathway, acetyl-CoA -> acetate",Carbon,No direct iron relation assigned,K00625; K00925; K13788; K15024,Contains one or more KO biomarkers analysed in Supplementary Table 8 and belongs to a requested biogeochemical theme.,TI.P4.D,Complete,Complete,#2E7D32,P001,7,15,KEMET_lagoon_all_metagenomes_module_completeness_STATUS_3state.csv,scripts/generate_s38_s41_module_figures.py,Thematic catalogue then at least one Complete; display every original state in retained rows.
S38,M00579,"Phosphate acetyltransferase-acetate kinase pathway, acetyl-CoA -> acetate",Carbon,No direct iron relation assigned,K00625; K00925; K13788; K15024,Contains one or more KO biomarkers analysed in Supplementary Table 8 and belongs to a requested biogeochemical theme.,TI.P4.R,Complete,Complete,#2E7D32,P001,7,16,KEMET_lagoon_all_metagenomes_module_completeness_STATUS_3state.csv,scripts/generate_s38_s41_module_figures.py,Thematic catalogue then at least one Complete; display every original state in retained rows.
S38,M00579,"Phosphate acetyltransferase-acetate kinase pathway, acetyl-CoA -> acetate",Carbon,No direct iron relation assigned,K00625; K00925; K13788; K15024,Contains one or more KO biomarkers analysed in Supplementary Table 8 and belongs to a requested biogeochemical theme.,VI.P1.D,Complete,Complete,#2E7D32,P001,7,17,KEMET_lagoon_all_metagenomes_module_completeness_STATUS_3state.csv,scripts/generate_s38_s41_module_figures.py,Thematic catalogue then at least one Complete; display every original state in retained rows.
S38,M00579,"Phosphate acetyltransferase-acetate kinase pathway, acetyl-CoA -> acetate",Carbon,No direct iron relation assigned,K00625; K00925; K13788; K15024,Contains one or more KO biomarkers analysed in Supplementary Table 8 and belongs to a requested biogeochemical theme.,VI.P1.R,Complete,Complete,#2E7D32,P001,7,18,KEMET_lagoon_all_metagenomes_module_completeness_STATUS_3state.csv,scripts/generate_s38_s41_module_figures.py,Thematic catalogue then at least one Complete; display every original state in retained rows.
S38,M00579,"Phosphate acetyltransferase-acetate kinase pathway, acetyl-CoA -> acetate",Carbon,No direct iron relation assigned,K00625; K00925; K13788; K15024,Contains one or more KO biomarkers analysed in Supplementary Table 8 and belongs to a requested biogeochemical theme.,VI.P2.D,Complete,Complete,#2E7D32,P001,7,19,KEMET_lagoon_all_metagenomes_module_completeness_STATUS_3state.csv,scripts/generate_s38_s41_module_figures.py,Thematic catalogue then at least one Complete; display every original state in retained rows.
S38,M00579,"Phosphate acetyltransferase-acetate kinase pathway, acetyl-CoA -> acetate",Carbon,No direct iron relation assigned,K00625; K00925; K13788; K15024,Contains one or more KO biomarkers analysed in Supplementary Table 8 and belongs to a requested biogeochemical theme.,VI.P2.R,Complete,Complete,#2E7D32,P001,7,20,KEMET_lagoon_all_metagenomes_module_completeness_STATUS_3state.csv,scripts/generate_s38_s41_module_figures.py,Thematic catalogue then at least one Complete; display every original state in retained rows.
S38,M00378,F420 biosynthesis,Methane,No direct iron relation assigned,K11780; K11781; K12234; K14941,Contains one or more KO biomarkers analysed in Supplementary Table 8 and belongs to a requested biogeochemical theme.,AM.P1.D,Complete,Complete,#2E7D32,P001,8,1,KEMET_lagoon_all_metagenomes_module_completeness_STATUS_3state.csv,scripts/generate_s38_s41_module_figures.py,Thematic catalogue then at least one Complete; display every original state in retained rows.
S38,M00378,F420 biosynthesis,Methane,No direct iron relation assigned,K11780; K11781; K12234; K14941,Contains one or more KO biomarkers analysed in Supplementary Table 8 and belongs to a requested biogeochemical theme.,AM.P1.R,1 block missing,1 block missing,#1565C0,P001,8,2,KEMET_lagoon_all_metagenomes_module_completeness_STATUS_3state.csv,scripts/generate_s38_s41_module_figures.py,Thematic catalogue then at least one Complete; display every original state in retained rows.
S38,M00378,F420 biosynthesis,Methane,No direct iron relation assigned,K11780; K11781; K12234; K14941,Contains one or more KO biomarkers analysed in Supplementary Table 8 and belongs to a requested biogeochemical theme.,AM.P2.D,1 block missing,1 block missing,#1565C0,P001,8,3,KEMET_lagoon_all_metagenomes_module_completeness_STATUS_3state.csv,scripts/generate_s38_s41_module_figures.py,Thematic catalogue then at least one Complete; display every original state in retained rows.
S38,M00378,F420 biosynthesis,Methane,No direct iron relation assigned,K11780; K11781; K12234; K14941,Contains one or more KO biomarkers analysed in Supplementary Table 8 and belongs to a requested biogeochemical theme.,AM.P2.R,1 block missing,1 block missing,#1565C0,P001,8,4,KEMET_lagoon_all_metagenomes_module_completeness_STATUS_3state.csv,scripts/generate_s38_s41_module_figures.py,Thematic catalogue then at least one Complete; display every original state in retained rows.
S38,M00378,F420 biosynthesis,Methane,No direct iron relation assigned,K11780; K11781; K12234; K14941,Contains one or more KO biomarkers analysed in Supplementary Table 8 and belongs to a requested biogeochemical theme.,TIA.P1.D,1 block missing,1 block missing,#1565C0,P001,8,5,KEMET_lagoon_all_metagenomes_module_completeness_STATUS_3state.csv,scripts/generate_s38_s41_module_figures.py,Thematic catalogue then at least one Complete; display every original state in retained rows.
S38,M00378,F420 biosynthesis,Methane,No direct iron relation assigned,K11780; K11781; K12234; K14941,Contains one or more KO biomarkers analysed in Supplementary Table 8 and belongs to a requested biogeochemical theme.,TIA.P1.R,1 block missing,1 block missing,#1565C0,P001,8,6,KEMET_lagoon_all_metagenomes_module_completeness_STATUS_3state.csv,scripts/generate_s38_s41_module_figures.py,Thematic catalogue then at least one Complete; display every original state in retained rows.
S38,M00378,F420 biosynthesis,Methane,No direct iron relation assigned,K11780; K11781; K12234; K14941,Contains one or more KO biomarkers analysed in Supplementary Table 8 and belongs to a requested biogeochemical theme.,TIA.P2.D,Complete,Complete,#2E7D32,P001,8,7,KEMET_lagoon_all_metagenomes_module_completeness_STATUS_3state.csv,scripts/generate_s38_s41_module_figures.py,Thematic catalogue then at least one Complete; display every original state in retained rows.
S38,M00378,F420 biosynthesis,Methane,No direct iron relation assigned,K11780; K11781; K12234; K14941,Contains one or more KO biomarkers analysed in Supplementary Table 8 and belongs to a requested biogeochemical theme.,TIA.P2.R,1 block missing,1 block missing,#1565C0,P001,8,8,KEMET_lagoon_all_metagenomes_module_completeness_STATUS_3state.csv,scripts/generate_s38_s41_module_figures.py,Thematic catalogue then at least one Complete; display every original state in retained rows.
S38,M00378,F420 biosynthesis,Methane,No direct iron relation assigned,K11780; K11781; K12234; K14941,Contains one or more KO biomarkers analysed in Supplementary Table 8 and belongs to a requested biogeochemical theme.,TI.P1.D,Complete,Complete,#2E7D32,P001,8,9,KEMET_lagoon_all_metagenomes_module_completeness_STATUS_3state.csv,scripts/generate_s38_s41_module_figures.py,Thematic catalogue then at least one Complete; display every original state in retained rows.
S38,M00378,F420 biosynthesis,Methane,No direct iron relation assigned,K11780; K11781; K12234; K14941,Contains one or more KO biomarkers analysed in Supplementary Table 8 and belongs to a requested biogeochemical theme.,TI.P1.R,Complete,Complete,#2E7D32,P001,8,10,KEMET_lagoon_all_metagenomes_module_completeness_STATUS_3state.csv,scripts/generate_s38_s41_module_figures.py,Thematic catalogue then at least one Complete; display every original state in retained rows.
S38,M00378,F420 biosynthesis,Methane,No direct iron relation assigned,K11780; K11781; K12234; K14941,Contains one or more KO biomarkers analysed in Supplementary Table 8 and belongs to a requested biogeochemical theme.,TI.P2.D,Complete,Complete,#2E7D32,P001,8,11,KEMET_lagoon_all_metagenomes_module_completeness_STATUS_3state.csv,scripts/generate_s38_s41_module_figures.py,Thematic catalogue then at least one Complete; display every original state in retained rows.
S38,M00378,F420 biosynthesis,Methane,No direct iron relation assigned,K11780; K11781; K12234; K14941,Contains one or more KO biomarkers analysed in Supplementary Table 8 and belongs to a requested biogeochemical theme.,TI.P2.R,Complete,Complete,#2E7D32,P001,8,12,KEMET_lagoon_all_metagenomes_module_completeness_STATUS_3state.csv,scripts/generate_s38_s41_module_figures.py,Thematic catalogue then at least one Complete; display every original state in retained rows.
S38,M00378,F420 biosynthesis,Methane,No direct iron relation assigned,K11780; K11781; K12234; K14941,Contains one or more KO biomarkers analysed in Supplementary Table 8 and belongs to a requested biogeochemical theme.,TI.P3.D,1 block missing,1 block missing,#1565C0,P001,8,13,KEMET_lagoon_all_metagenomes_module_completeness_STATUS_3state.csv,scripts/generate_s38_s41_module_figures.py,Thematic catalogue then at least one Complete; display every original state in retained rows.
S38,M00378,F420 biosynthesis,Methane,No direct iron relation assigned,K11780; K11781; K12234; K14941,Contains one or more KO biomarkers analysed in Supplementary Table 8 and belongs to a requested biogeochemical theme.,TI.P3.R,Complete,Complete,#2E7D32,P001,8,14,KEMET_lagoon_all_metagenomes_module_completeness_STATUS_3state.csv,scripts/generate_s38_s41_module_figures.py,Thematic catalogue then at least one Complete; display every original state in retained rows.
S38,M00378,F420 biosynthesis,Methane,No direct iron relation assigned,K11780; K11781; K12234; K14941,Contains one or more KO biomarkers analysed in Supplementary Table 8 and belongs to a requested biogeochemical theme.,TI.P4.D,Incomplete,Incomplete,#C62828,P001,8,15,KEMET_lagoon_all_metagenomes_module_completeness_STATUS_3state.csv,scripts/generate_s38_s41_module_figures.py,Thematic catalogue then at least one Complete; display every original state in retained rows.
S38,M00378,F420 biosynthesis,Methane,No direct iron relation assigned,K11780; K11781; K12234; K14941,Contains one or more KO biomarkers analysed in Supplementary Table 8 and belongs to a requested biogeochemical theme.,TI.P4.R,Incomplete,Incomplete,#C62828,P001,8,16,KEMET_lagoon_all_metagenomes_module_completeness_STATUS_3state.csv,scripts/generate_s38_s41_module_figures.py,Thematic catalogue then at least one Complete; display every original state in retained rows.
S38,M00378,F420 biosynthesis,Methane,No direct iron relation assigned,K11780; K11781; K12234; K14941,Contains one or more KO biomarkers analysed in Supplementary Table 8 and belongs to a requested biogeochemical theme.,VI.P1.D,1 block missing,1 block missing,#1565C0,P001,8,17,KEMET_lagoon_all_metagenomes_module_completeness_STATUS_3state.csv,scripts/generate_s38_s41_module_figures.py,Thematic catalogue then at least one Complete; display every original state in retained rows.
S38,M00378,F420 biosynthesis,Methane,No direct iron relation assigned,K11780; K11781; K12234; K14941,Contains one or more KO biomarkers analysed in Supplementary Table 8 and belongs to a requested biogeochemical theme.,VI.P1.R,Complete,Complete,#2E7D32,P001,8,18,KEMET_lagoon_all_metagenomes_module_completeness_STATUS_3state.csv,scripts/generate_s38_s41_module_figures.py,Thematic catalogue then at least one Complete; display every original state in retained rows.
S38,M00378,F420 biosynthesis,Methane,No direct iron relation assigned,K11780; K11781; K12234; K14941,Contains one or more KO biomarkers analysed in Supplementary Table 8 and belongs to a requested biogeochemical theme.,VI.P2.D,1 block missing,1 block missing,#1565C0,P001,8,19,KEMET_lagoon_all_metagenomes_module_completeness_STATUS_3state.csv,scripts/generate_s38_s41_module_figures.py,Thematic catalogue then at least one Complete; display every original state in retained rows.
S38,M00378,F420 biosynthesis,Methane,No direct iron relation assigned,K11780; K11781; K12234; K14941,Contains one or more KO biomarkers analysed in Supplementary Table 8 and belongs to a requested biogeochemical theme.,VI.P2.R,Complete,Complete,#2E7D32,P001,8,20,KEMET_lagoon_all_metagenomes_module_completeness_STATUS_3state.csv,scripts/generate_s38_s41_module_figures.py,Thematic catalogue then at least one Complete; display every original state in retained rows.
S38,M00021,"Cysteine biosynthesis, serine -> cysteine",Sulfur,No direct iron relation assigned,K01738,Contains one or more KO biomarkers analysed in Supplementary Table 8 and belongs to a requested biogeochemical theme.,AM.P1.D,Complete,Complete,#2E7D32,P001,9,1,KEMET_lagoon_all_metagenomes_module_completeness_STATUS_3state.csv,scripts/generate_s38_s41_module_figures.py,Thematic catalogue then at least one Complete; display every original state in retained rows.
S38,M00021,"Cysteine biosynthesis, serine -> cysteine",Sulfur,No direct iron relation assigned,K01738,Contains one or more KO biomarkers analysed in Supplementary Table 8 and belongs to a requested biogeochemical theme.,AM.P1.R,Complete,Complete,#2E7D32,P001,9,2,KEMET_lagoon_all_metagenomes_module_completeness_STATUS_3state.csv,scripts/generate_s38_s41_module_figures.py,Thematic catalogue then at least one Complete; display every original state in retained rows.
S38,M00021,"Cysteine biosynthesis, serine -> cysteine",Sulfur,No direct iron relation assigned,K01738,Contains one or more KO biomarkers analysed in Supplementary Table 8 and belongs to a requested biogeochemical theme.,AM.P2.D,Complete,Complete,#2E7D32,P001,9,3,KEMET_lagoon_all_metagenomes_module_completeness_STATUS_3state.csv,scripts/generate_s38_s41_module_figures.py,Thematic catalogue then at least one Complete; display every original state in retained rows.
S38,M00021,"Cysteine biosynthesis, serine -> cysteine",Sulfur,No direct iron relation assigned,K01738,Contains one or more KO biomarkers analysed in Supplementary Table 8 and belongs to a requested biogeochemical theme.,AM.P2.R,Complete,Complete,#2E7D32,P001,9,4,KEMET_lagoon_all_metagenomes_module_completeness_STATUS_3state.csv,scripts/generate_s38_s41_module_figures.py,Thematic catalogue then at least one Complete; display every original state in retained rows.
S38,M00021,"Cysteine biosynthesis, serine -> cysteine",Sulfur,No direct iron relation assigned,K01738,Contains one or more KO biomarkers analysed in Supplementary Table 8 and belongs to a requested biogeochemical theme.,TIA.P1.D,Complete,Complete,#2E7D32,P001,9,5,KEMET_lagoon_all_metagenomes_module_completeness_STATUS_3state.csv,scripts/generate_s38_s41_module_figures.py,Thematic catalogue then at least one Complete; display every original state in retained rows.
S38,M00021,"Cysteine biosynthesis, serine -> cysteine",Sulfur,No direct iron relation assigned,K01738,Contains one or more KO biomarkers analysed in Supplementary Table 8 and belongs to a requested biogeochemical theme.,TIA.P1.R,Complete,Complete,#2E7D32,P001,9,6,KEMET_lagoon_all_metagenomes_module_completeness_STATUS_3state.csv,scripts/generate_s38_s41_module_figures.py,Thematic catalogue then at least one Complete; display every original state in retained rows.
S38,M00021,"Cysteine biosynthesis, serine -> cysteine",Sulfur,No direct iron relation assigned,K01738,Contains one or more KO biomarkers analysed in Supplementary Table 8 and belongs to a requested biogeochemical theme.,TIA.P2.D,Complete,Complete,#2E7D32,P001,9,7,KEMET_lagoon_all_metagenomes_module_completeness_STATUS_3state.csv,scripts/generate_s38_s41_module_figures.py,Thematic catalogue then at least one Complete; display every original state in retained rows.
S38,M00021,"Cysteine biosynthesis, serine -> cysteine",Sulfur,No direct iron relation assigned,K01738,Contains one or more KO biomarkers analysed in Supplementary Table 8 and belongs to a requested biogeochemical theme.,TIA.P2.R,Complete,Complete,#2E7D32,P001,9,8,KEMET_lagoon_all_metagenomes_module_completeness_STATUS_3state.csv,scripts/generate_s38_s41_module_figures.py,Thematic catalogue then at least one Complete; display every original state in retained rows.
S38,M00021,"Cysteine biosynthesis, serine -> cysteine",Sulfur,No direct iron relation assigned,K01738,Contains one or more KO biomarkers analysed in Supplementary Table 8 and belongs to a requested biogeochemical theme.,TI.P1.D,Complete,Complete,#2E7D32,P001,9,9,KEMET_lagoon_all_metagenomes_module_completeness_STATUS_3state.csv,scripts/generate_s38_s41_module_figures.py,Thematic catalogue then at least one Complete; display every original state in retained rows.
S38,M00021,"Cysteine biosynthesis, serine -> cysteine",Sulfur,No direct iron relation assigned,K01738,Contains one or more KO biomarkers analysed in Supplementary Table 8 and belongs to a requested biogeochemical theme.,TI.P1.R,Complete,Complete,#2E7D32,P001,9,10,KEMET_lagoon_all_metagenomes_module_completeness_STATUS_3state.csv,scripts/generate_s38_s41_module_figures.py,Thematic catalogue then at least one Complete; display every original state in retained rows.
S38,M00021,"Cysteine biosynthesis, serine -> cysteine",Sulfur,No direct iron relation assigned,K01738,Contains one or more KO biomarkers analysed in Supplementary Table 8 and belongs to a requested biogeochemical theme.,TI.P2.D,Complete,Complete,#2E7D32,P001,9,11,KEMET_lagoon_all_metagenomes_module_completeness_STATUS_3state.csv,scripts/generate_s38_s41_module_figures.py,Thematic catalogue then at least one Complete; display every original state in retained rows.
S38,M00021,"Cysteine biosynthesis, serine -> cysteine",Sulfur,No direct iron relation assigned,K01738,Contains one or more KO biomarkers analysed in Supplementary Table 8 and belongs to a requested biogeochemical theme.,TI.P2.R,Complete,Complete,#2E7D32,P001,9,12,KEMET_lagoon_all_metagenomes_module_completeness_STATUS_3state.csv,scripts/generate_s38_s41_module_figures.py,Thematic catalogue then at least one Complete; display every original state in retained rows.
S38,M00021,"Cysteine biosynthesis, serine -> cysteine",Sulfur,No direct iron relation assigned,K01738,Contains one or more KO biomarkers analysed in Supplementary Table 8 and belongs to a requested biogeochemical theme.,TI.P3.D,Complete,Complete,#2E7D32,P001,9,13,KEMET_lagoon_all_metagenomes_module_completeness_STATUS_3state.csv,scripts/generate_s38_s41_module_figures.py,Thematic catalogue then at least one Complete; display every original state in retained rows.
S38,M00021,"Cysteine biosynthesis, serine -> cysteine",Sulfur,No direct iron relation assigned,K01738,Contains one or more KO biomarkers analysed in Supplementary Table 8 and belongs to a requested biogeochemical theme.,TI.P3.R,Complete,Complete,#2E7D32,P001,9,14,KEMET_lagoon_all_metagenomes_module_completeness_STATUS_3state.csv,scripts/generate_s38_s41_module_figures.py,Thematic catalogue then at least one Complete; display every original state in retained rows.
S38,M00021,"Cysteine biosynthesis, serine -> cysteine",Sulfur,No direct iron relation assigned,K01738,Contains one or more KO biomarkers analysed in Supplementary Table 8 and belongs to a requested biogeochemical theme.,TI.P4.D,Complete,Complete,#2E7D32,P001,9,15,KEMET_lagoon_all_metagenomes_module_completeness_STATUS_3state.csv,scripts/generate_s38_s41_module_figures.py,Thematic catalogue then at least one Complete; display every original state in retained rows.
S38,M00021,"Cysteine biosynthesis, serine -> cysteine",Sulfur,No direct iron relation assigned,K01738,Contains one or more KO biomarkers analysed in Supplementary Table 8 and belongs to a requested biogeochemical theme.,TI.P4.R,Complete,Complete,#2E7D32,P001,9,16,KEMET_lagoon_all_metagenomes_module_completeness_STATUS_3state.csv,scripts/generate_s38_s41_module_figures.py,Thematic catalogue then at least one Complete; display every original state in retained rows.
S38,M00021,"Cysteine biosynthesis, serine -> cysteine",Sulfur,No direct iron relation assigned,K01738,Contains one or more KO biomarkers analysed in Supplementary Table 8 and belongs to a requested biogeochemical theme.,VI.P1.D,1 block missing,1 block missing,#1565C0,P001,9,17,KEMET_lagoon_all_metagenomes_module_completeness_STATUS_3state.csv,scripts/generate_s38_s41_module_figures.py,Thematic catalogue then at least one Complete; display every original state in retained rows.
S38,M00021,"Cysteine biosynthesis, serine -> cysteine",Sulfur,No direct iron relation assigned,K01738,Contains one or more KO biomarkers analysed in Supplementary Table 8 and belongs to a requested biogeochemical theme.,VI.P1.R,Complete,Complete,#2E7D32,P001,9,18,KEMET_lagoon_all_metagenomes_module_completeness_STATUS_3state.csv,scripts/generate_s38_s41_module_figures.py,Thematic catalogue then at least one Complete; display every original state in retained rows.
S38,M00021,"Cysteine biosynthesis, serine -> cysteine",Sulfur,No direct iron relation assigned,K01738,Contains one or more KO biomarkers analysed in Supplementary Table 8 and belongs to a requested biogeochemical theme.,VI.P2.D,Complete,Complete,#2E7D32,P001,9,19,KEMET_lagoon_all_metagenomes_module_completeness_STATUS_3state.csv,scripts/generate_s38_s41_module_figures.py,Thematic catalogue then at least one Complete; display every original state in retained rows.
S38,M00021,"Cysteine biosynthesis, serine -> cysteine",Sulfur,No direct iron relation assigned,K01738,Contains one or more KO biomarkers analysed in Supplementary Table 8 and belongs to a requested biogeochemical theme.,VI.P2.R,Complete,Complete,#2E7D32,P001,9,20,KEMET_lagoon_all_metagenomes_module_completeness_STATUS_3state.csv,scripts/generate_s38_s41_module_figures.py,Thematic catalogue then at least one Complete; display every original state in retained rows.
S38,M00176,"Assimilatory sulfate reduction, sulfate -> H2S",Sulfur,No direct iron relation assigned,K00380; K00381; K00390; K00392; K00860; K00956; K00957; K00958,Contains one or more KO biomarkers analysed in Supplementary Table 8 and belongs to a requested biogeochemical theme.,AM.P1.D,Complete,Complete,#2E7D32,P001,10,1,KEMET_lagoon_all_metagenomes_module_completeness_STATUS_3state.csv,scripts/generate_s38_s41_module_figures.py,Thematic catalogue then at least one Complete; display every original state in retained rows.
S38,M00176,"Assimilatory sulfate reduction, sulfate -> H2S",Sulfur,No direct iron relation assigned,K00380; K00381; K00390; K00392; K00860; K00956; K00957; K00958,Contains one or more KO biomarkers analysed in Supplementary Table 8 and belongs to a requested biogeochemical theme.,AM.P1.R,Complete,Complete,#2E7D32,P001,10,2,KEMET_lagoon_all_metagenomes_module_completeness_STATUS_3state.csv,scripts/generate_s38_s41_module_figures.py,Thematic catalogue then at least one Complete; display every original state in retained rows.
S38,M00176,"Assimilatory sulfate reduction, sulfate -> H2S",Sulfur,No direct iron relation assigned,K00380; K00381; K00390; K00392; K00860; K00956; K00957; K00958,Contains one or more KO biomarkers analysed in Supplementary Table 8 and belongs to a requested biogeochemical theme.,AM.P2.D,1 block missing,1 block missing,#1565C0,P001,10,3,KEMET_lagoon_all_metagenomes_module_completeness_STATUS_3state.csv,scripts/generate_s38_s41_module_figures.py,Thematic catalogue then at least one Complete; display every original state in retained rows.
S38,M00176,"Assimilatory sulfate reduction, sulfate -> H2S",Sulfur,No direct iron relation assigned,K00380; K00381; K00390; K00392; K00860; K00956; K00957; K00958,Contains one or more KO biomarkers analysed in Supplementary Table 8 and belongs to a requested biogeochemical theme.,AM.P2.R,Complete,Complete,#2E7D32,P001,10,4,KEMET_lagoon_all_metagenomes_module_completeness_STATUS_3state.csv,scripts/generate_s38_s41_module_figures.py,Thematic catalogue then at least one Complete; display every original state in retained rows.
S38,M00176,"Assimilatory sulfate reduction, sulfate -> H2S",Sulfur,No direct iron relation assigned,K00380; K00381; K00390; K00392; K00860; K00956; K00957; K00958,Contains one or more KO biomarkers analysed in Supplementary Table 8 and belongs to a requested biogeochemical theme.,TIA.P1.D,1 block missing,1 block missing,#1565C0,P001,10,5,KEMET_lagoon_all_metagenomes_module_completeness_STATUS_3state.csv,scripts/generate_s38_s41_module_figures.py,Thematic catalogue then at least one Complete; display every original state in retained rows.
S38,M00176,"Assimilatory sulfate reduction, sulfate -> H2S",Sulfur,No direct iron relation assigned,K00380; K00381; K00390; K00392; K00860; K00956; K00957; K00958,Contains one or more KO biomarkers analysed in Supplementary Table 8 and belongs to a requested biogeochemical theme.,TIA.P1.R,Complete,Complete,#2E7D32,P001,10,6,KEMET_lagoon_all_metagenomes_module_completeness_STATUS_3state.csv,scripts/generate_s38_s41_module_figures.py,Thematic catalogue then at least one Complete; display every original state in retained rows.
S38,M00176,"Assimilatory sulfate reduction, sulfate -> H2S",Sulfur,No direct iron relation assigned,K00380; K00381; K00390; K00392; K00860; K00956; K00957; K00958,Contains one or more KO biomarkers analysed in Supplementary Table 8 and belongs to a requested biogeochemical theme.,TIA.P2.D,1 block missing,1 block missing,#1565C0,P001,10,7,KEMET_lagoon_all_metagenomes_module_completeness_STATUS_3state.csv,scripts/generate_s38_s41_module_figures.py,Thematic catalogue then at least one Complete; display every original state in retained rows.
S38,M00176,"Assimilatory sulfate reduction, sulfate -> H2S",Sulfur,No direct iron relation assigned,K00380; K00381; K00390; K00392; K00860; K00956; K00957; K00958,Contains one or more KO biomarkers analysed in Supplementary Table 8 and belongs to a requested biogeochemical theme.,TIA.P2.R,1 block missing,1 block missing,#1565C0,P001,10,8,KEMET_lagoon_all_metagenomes_module_completeness_STATUS_3state.csv,scripts/generate_s38_s41_module_figures.py,Thematic catalogue then at least one Complete; display every original state in retained rows.
S38,M00176,"Assimilatory sulfate reduction, sulfate -> H2S",Sulfur,No direct iron relation assigned,K00380; K00381; K00390; K00392; K00860; K00956; K00957; K00958,Contains one or more KO biomarkers analysed in Supplementary Table 8 and belongs to a requested biogeochemical theme.,TI.P1.D,Complete,Complete,#2E7D32,P001,10,9,KEMET_lagoon_all_metagenomes_module_completeness_STATUS_3state.csv,scripts/generate_s38_s41_module_figures.py,Thematic catalogue then at least one Complete; display every original state in retained rows.
S38,M00176,"Assimilatory sulfate reduction, sulfate -> H2S",Sulfur,No direct iron relation assigned,K00380; K00381; K00390; K00392; K00860; K00956; K00957; K00958,Contains one or more KO biomarkers analysed in Supplementary Table 8 and belongs to a requested biogeochemical theme.,TI.P1.R,1 block missing,1 block missing,#1565C0,P001,10,10,KEMET_lagoon_all_metagenomes_module_completeness_STATUS_3state.csv,scripts/generate_s38_s41_module_figures.py,Thematic catalogue then at least one Complete; display every original state in retained rows.
S38,M00176,"Assimilatory sulfate reduction, sulfate -> H2S",Sulfur,No direct iron relation assigned,K00380; K00381; K00390; K00392; K00860; K00956; K00957; K00958,Contains one or more KO biomarkers analysed in Supplementary Table 8 and belongs to a requested biogeochemical theme.,TI.P2.D,1 block missing,1 block missing,#1565C0,P001,10,11,KEMET_lagoon_all_metagenomes_module_completeness_STATUS_3state.csv,scripts/generate_s38_s41_module_figures.py,Thematic catalogue then at least one Complete; display every original state in retained rows.
S38,M00176,"Assimilatory sulfate reduction, sulfate -> H2S",Sulfur,No direct iron relation assigned,K00380; K00381; K00390; K00392; K00860; K00956; K00957; K00958,Contains one or more KO biomarkers analysed in Supplementary Table 8 and belongs to a requested biogeochemical theme.,TI.P2.R,1 block missing,1 block missing,#1565C0,P001,10,12,KEMET_lagoon_all_metagenomes_module_completeness_STATUS_3state.csv,scripts/generate_s38_s41_module_figures.py,Thematic catalogue then at least one Complete; display every original state in retained rows.
S38,M00176,"Assimilatory sulfate reduction, sulfate -> H2S",Sulfur,No direct iron relation assigned,K00380; K00381; K00390; K00392; K00860; K00956; K00957; K00958,Contains one or more KO biomarkers analysed in Supplementary Table 8 and belongs to a requested biogeochemical theme.,TI.P3.D,Complete,Complete,#2E7D32,P001,10,13,KEMET_lagoon_all_metagenomes_module_completeness_STATUS_3state.csv,scripts/generate_s38_s41_module_figures.py,Thematic catalogue then at least one Complete; display every original state in retained rows.
S38,M00176,"Assimilatory sulfate reduction, sulfate -> H2S",Sulfur,No direct iron relation assigned,K00380; K00381; K00390; K00392; K00860; K00956; K00957; K00958,Contains one or more KO biomarkers analysed in Supplementary Table 8 and belongs to a requested biogeochemical theme.,TI.P3.R,1 block missing,1 block missing,#1565C0,P001,10,14,KEMET_lagoon_all_metagenomes_module_completeness_STATUS_3state.csv,scripts/generate_s38_s41_module_figures.py,Thematic catalogue then at least one Complete; display every original state in retained rows.
S38,M00176,"Assimilatory sulfate reduction, sulfate -> H2S",Sulfur,No direct iron relation assigned,K00380; K00381; K00390; K00392; K00860; K00956; K00957; K00958,Contains one or more KO biomarkers analysed in Supplementary Table 8 and belongs to a requested biogeochemical theme.,TI.P4.D,Complete,Complete,#2E7D32,P001,10,15,KEMET_lagoon_all_metagenomes_module_completeness_STATUS_3state.csv,scripts/generate_s38_s41_module_figures.py,Thematic catalogue then at least one Complete; display every original state in retained rows.
S38,M00176,"Assimilatory sulfate reduction, sulfate -> H2S",Sulfur,No direct iron relation assigned,K00380; K00381; K00390; K00392; K00860; K00956; K00957; K00958,Contains one or more KO biomarkers analysed in Supplementary Table 8 and belongs to a requested biogeochemical theme.,TI.P4.R,Complete,Complete,#2E7D32,P001,10,16,KEMET_lagoon_all_metagenomes_module_completeness_STATUS_3state.csv,scripts/generate_s38_s41_module_figures.py,Thematic catalogue then at least one Complete; display every original state in retained rows.
S38,M00176,"Assimilatory sulfate reduction, sulfate -> H2S",Sulfur,No direct iron relation assigned,K00380; K00381; K00390; K00392; K00860; K00956; K00957; K00958,Contains one or more KO biomarkers analysed in Supplementary Table 8 and belongs to a requested biogeochemical theme.,VI.P1.D,Incomplete,Incomplete,#C62828,P001,10,17,KEMET_lagoon_all_metagenomes_module_completeness_STATUS_3state.csv,scripts/generate_s38_s41_module_figures.py,Thematic catalogue then at least one Complete; display every original state in retained rows.
S38,M00176,"Assimilatory sulfate reduction, sulfate -> H2S",Sulfur,No direct iron relation assigned,K00380; K00381; K00390; K00392; K00860; K00956; K00957; K00958,Contains one or more KO biomarkers analysed in Supplementary Table 8 and belongs to a requested biogeochemical theme.,VI.P1.R,1 block missing,1 block missing,#1565C0,P001,10,18,KEMET_lagoon_all_metagenomes_module_completeness_STATUS_3state.csv,scripts/generate_s38_s41_module_figures.py,Thematic catalogue then at least one Complete; display every original state in retained rows.
S38,M00176,"Assimilatory sulfate reduction, sulfate -> H2S",Sulfur,No direct iron relation assigned,K00380; K00381; K00390; K00392; K00860; K00956; K00957; K00958,Contains one or more KO biomarkers analysed in Supplementary Table 8 and belongs to a requested biogeochemical theme.,VI.P2.D,1 block missing,1 block missing,#1565C0,P001,10,19,KEMET_lagoon_all_metagenomes_module_completeness_STATUS_3state.csv,scripts/generate_s38_s41_module_figures.py,Thematic catalogue then at least one Complete; display every original state in retained rows.
S38,M00176,"Assimilatory sulfate reduction, sulfate -> H2S",Sulfur,No direct iron relation assigned,K00380; K00381; K00390; K00392; K00860; K00956; K00957; K00958,Contains one or more KO biomarkers analysed in Supplementary Table 8 and belongs to a requested biogeochemical theme.,VI.P2.R,1 block missing,1 block missing,#1565C0,P001,10,20,KEMET_lagoon_all_metagenomes_module_completeness_STATUS_3state.csv,scripts/generate_s38_s41_module_figures.py,Thematic catalogue then at least one Complete; display every original state in retained rows.
S38,M00338,"Cysteine biosynthesis, homocysteine + serine -> cysteine",Sulfur,No direct iron relation assigned,K10150,Contains one or more KO biomarkers analysed in Supplementary Table 8 and belongs to a requested biogeochemical theme.,AM.P1.D,Complete,Complete,#2E7D32,P001,11,1,KEMET_lagoon_all_metagenomes_module_completeness_STATUS_3state.csv,scripts/generate_s38_s41_module_figures.py,Thematic catalogue then at least one Complete; display every original state in retained rows.
S38,M00338,"Cysteine biosynthesis, homocysteine + serine -> cysteine",Sulfur,No direct iron relation assigned,K10150,Contains one or more KO biomarkers analysed in Supplementary Table 8 and belongs to a requested biogeochemical theme.,AM.P1.R,Complete,Complete,#2E7D32,P001,11,2,KEMET_lagoon_all_metagenomes_module_completeness_STATUS_3state.csv,scripts/generate_s38_s41_module_figures.py,Thematic catalogue then at least one Complete; display every original state in retained rows.
S38,M00338,"Cysteine biosynthesis, homocysteine + serine -> cysteine",Sulfur,No direct iron relation assigned,K10150,Contains one or more KO biomarkers analysed in Supplementary Table 8 and belongs to a requested biogeochemical theme.,AM.P2.D,1 block missing,1 block missing,#1565C0,P001,11,3,KEMET_lagoon_all_metagenomes_module_completeness_STATUS_3state.csv,scripts/generate_s38_s41_module_figures.py,Thematic catalogue then at least one Complete; display every original state in retained rows.
S38,M00338,"Cysteine biosynthesis, homocysteine + serine -> cysteine",Sulfur,No direct iron relation assigned,K10150,Contains one or more KO biomarkers analysed in Supplementary Table 8 and belongs to a requested biogeochemical theme.,AM.P2.R,Complete,Complete,#2E7D32,P001,11,4,KEMET_lagoon_all_metagenomes_module_completeness_STATUS_3state.csv,scripts/generate_s38_s41_module_figures.py,Thematic catalogue then at least one Complete; display every original state in retained rows.
S38,M00338,"Cysteine biosynthesis, homocysteine + serine -> cysteine",Sulfur,No direct iron relation assigned,K10150,Contains one or more KO biomarkers analysed in Supplementary Table 8 and belongs to a requested biogeochemical theme.,TIA.P1.D,1 block missing,1 block missing,#1565C0,P001,11,5,KEMET_lagoon_all_metagenomes_module_completeness_STATUS_3state.csv,scripts/generate_s38_s41_module_figures.py,Thematic catalogue then at least one Complete; display every original state in retained rows.
S38,M00338,"Cysteine biosynthesis, homocysteine + serine -> cysteine",Sulfur,No direct iron relation assigned,K10150,Contains one or more KO biomarkers analysed in Supplementary Table 8 and belongs to a requested biogeochemical theme.,TIA.P1.R,Complete,Complete,#2E7D32,P001,11,6,KEMET_lagoon_all_metagenomes_module_completeness_STATUS_3state.csv,scripts/generate_s38_s41_module_figures.py,Thematic catalogue then at least one Complete; display every original state in retained rows.
S38,M00338,"Cysteine biosynthesis, homocysteine + serine -> cysteine",Sulfur,No direct iron relation assigned,K10150,Contains one or more KO biomarkers analysed in Supplementary Table 8 and belongs to a requested biogeochemical theme.,TIA.P2.D,Complete,Complete,#2E7D32,P001,11,7,KEMET_lagoon_all_metagenomes_module_completeness_STATUS_3state.csv,scripts/generate_s38_s41_module_figures.py,Thematic catalogue then at least one Complete; display every original state in retained rows.
S38,M00338,"Cysteine biosynthesis, homocysteine + serine -> cysteine",Sulfur,No direct iron relation assigned,K10150,Contains one or more KO biomarkers analysed in Supplementary Table 8 and belongs to a requested biogeochemical theme.,TIA.P2.R,Complete,Complete,#2E7D32,P001,11,8,KEMET_lagoon_all_metagenomes_module_completeness_STATUS_3state.csv,scripts/generate_s38_s41_module_figures.py,Thematic catalogue then at least one Complete; display every original state in retained rows.
S38,M00338,"Cysteine biosynthesis, homocysteine + serine -> cysteine",Sulfur,No direct iron relation assigned,K10150,Contains one or more KO biomarkers analysed in Supplementary Table 8 and belongs to a requested biogeochemical theme.,TI.P1.D,Complete,Complete,#2E7D32,P001,11,9,KEMET_lagoon_all_metagenomes_module_completeness_STATUS_3state.csv,scripts/generate_s38_s41_module_figures.py,Thematic catalogue then at least one Complete; display every original state in retained rows.
S38,M00338,"Cysteine biosynthesis, homocysteine + serine -> cysteine",Sulfur,No direct iron relation assigned,K10150,Contains one or more KO biomarkers analysed in Supplementary Table 8 and belongs to a requested biogeochemical theme.,TI.P1.R,Complete,Complete,#2E7D32,P001,11,10,KEMET_lagoon_all_metagenomes_module_completeness_STATUS_3state.csv,scripts/generate_s38_s41_module_figures.py,Thematic catalogue then at least one Complete; display every original state in retained rows.
S38,M00338,"Cysteine biosynthesis, homocysteine + serine -> cysteine",Sulfur,No direct iron relation assigned,K10150,Contains one or more KO biomarkers analysed in Supplementary Table 8 and belongs to a requested biogeochemical theme.,TI.P2.D,1 block missing,1 block missing,#1565C0,P001,11,11,KEMET_lagoon_all_metagenomes_module_completeness_STATUS_3state.csv,scripts/generate_s38_s41_module_figures.py,Thematic catalogue then at least one Complete; display every original state in retained rows.
S38,M00338,"Cysteine biosynthesis, homocysteine + serine -> cysteine",Sulfur,No direct iron relation assigned,K10150,Contains one or more KO biomarkers analysed in Supplementary Table 8 and belongs to a requested biogeochemical theme.,TI.P2.R,1 block missing,1 block missing,#1565C0,P001,11,12,KEMET_lagoon_all_metagenomes_module_completeness_STATUS_3state.csv,scripts/generate_s38_s41_module_figures.py,Thematic catalogue then at least one Complete; display every original state in retained rows.
S38,M00338,"Cysteine biosynthesis, homocysteine + serine -> cysteine",Sulfur,No direct iron relation assigned,K10150,Contains one or more KO biomarkers analysed in Supplementary Table 8 and belongs to a requested biogeochemical theme.,TI.P3.D,Complete,Complete,#2E7D32,P001,11,13,KEMET_lagoon_all_metagenomes_module_completeness_STATUS_3state.csv,scripts/generate_s38_s41_module_figures.py,Thematic catalogue then at least one Complete; display every original state in retained rows.
S38,M00338,"Cysteine biosynthesis, homocysteine + serine -> cysteine",Sulfur,No direct iron relation assigned,K10150,Contains one or more KO biomarkers analysed in Supplementary Table 8 and belongs to a requested biogeochemical theme.,TI.P3.R,Complete,Complete,#2E7D32,P001,11,14,KEMET_lagoon_all_metagenomes_module_completeness_STATUS_3state.csv,scripts/generate_s38_s41_module_figures.py,Thematic catalogue then at least one Complete; display every original state in retained rows.
S38,M00338,"Cysteine biosynthesis, homocysteine + serine -> cysteine",Sulfur,No direct iron relation assigned,K10150,Contains one or more KO biomarkers analysed in Supplementary Table 8 and belongs to a requested biogeochemical theme.,TI.P4.D,Complete,Complete,#2E7D32,P001,11,15,KEMET_lagoon_all_metagenomes_module_completeness_STATUS_3state.csv,scripts/generate_s38_s41_module_figures.py,Thematic catalogue then at least one Complete; display every original state in retained rows.
S38,M00338,"Cysteine biosynthesis, homocysteine + serine -> cysteine",Sulfur,No direct iron relation assigned,K10150,Contains one or more KO biomarkers analysed in Supplementary Table 8 and belongs to a requested biogeochemical theme.,TI.P4.R,Complete,Complete,#2E7D32,P001,11,16,KEMET_lagoon_all_metagenomes_module_completeness_STATUS_3state.csv,scripts/generate_s38_s41_module_figures.py,Thematic catalogue then at least one Complete; display every original state in retained rows.
S38,M00338,"Cysteine biosynthesis, homocysteine + serine -> cysteine",Sulfur,No direct iron relation assigned,K10150,Contains one or more KO biomarkers analysed in Supplementary Table 8 and belongs to a requested biogeochemical theme.,VI.P1.D,Complete,Complete,#2E7D32,P001,11,17,KEMET_lagoon_all_metagenomes_module_completeness_STATUS_3state.csv,scripts/generate_s38_s41_module_figures.py,Thematic catalogue then at least one Complete; display every original state in retained rows.
S38,M00338,"Cysteine biosynthesis, homocysteine + serine -> cysteine",Sulfur,No direct iron relation assigned,K10150,Contains one or more KO biomarkers analysed in Supplementary Table 8 and belongs to a requested biogeochemical theme.,VI.P1.R,Complete,Complete,#2E7D32,P001,11,18,KEMET_lagoon_all_metagenomes_module_completeness_STATUS_3state.csv,scripts/generate_s38_s41_module_figures.py,Thematic catalogue then at least one Complete; display every original state in retained rows.
S38,M00338,"Cysteine biosynthesis, homocysteine + serine -> cysteine",Sulfur,No direct iron relation assigned,K10150,Contains one or more KO biomarkers analysed in Supplementary Table 8 and belongs to a requested biogeochemical theme.,VI.P2.D,Complete,Complete,#2E7D32,P001,11,19,KEMET_lagoon_all_metagenomes_module_completeness_STATUS_3state.csv,scripts/generate_s38_s41_module_figures.py,Thematic catalogue then at least one Complete; display every original state in retained rows.
S38,M00338,"Cysteine biosynthesis, homocysteine + serine -> cysteine",Sulfur,No direct iron relation assigned,K10150,Contains one or more KO biomarkers analysed in Supplementary Table 8 and belongs to a requested biogeochemical theme.,VI.P2.R,Complete,Complete,#2E7D32,P001,11,20,KEMET_lagoon_all_metagenomes_module_completeness_STATUS_3state.csv,scripts/generate_s38_s41_module_figures.py,Thematic catalogue then at least one Complete; display every original state in retained rows.
S38,M00616,Sulfate-sulfur assimilation,Sulfur,No direct iron relation assigned,K00380; K00381; K00390; K00392; K00860; K00956; K00957; K00958,Contains one or more KO biomarkers analysed in Supplementary Table 8 and belongs to a requested biogeochemical theme.,AM.P1.D,Complete,Complete,#2E7D32,P001,12,1,KEMET_lagoon_all_metagenomes_module_completeness_STATUS_3state.csv,scripts/generate_s38_s41_module_figures.py,Thematic catalogue then at least one Complete; display every original state in retained rows.
S38,M00616,Sulfate-sulfur assimilation,Sulfur,No direct iron relation assigned,K00380; K00381; K00390; K00392; K00860; K00956; K00957; K00958,Contains one or more KO biomarkers analysed in Supplementary Table 8 and belongs to a requested biogeochemical theme.,AM.P1.R,Complete,Complete,#2E7D32,P001,12,2,KEMET_lagoon_all_metagenomes_module_completeness_STATUS_3state.csv,scripts/generate_s38_s41_module_figures.py,Thematic catalogue then at least one Complete; display every original state in retained rows.
S38,M00616,Sulfate-sulfur assimilation,Sulfur,No direct iron relation assigned,K00380; K00381; K00390; K00392; K00860; K00956; K00957; K00958,Contains one or more KO biomarkers analysed in Supplementary Table 8 and belongs to a requested biogeochemical theme.,AM.P2.D,Incomplete,Incomplete,#C62828,P001,12,3,KEMET_lagoon_all_metagenomes_module_completeness_STATUS_3state.csv,scripts/generate_s38_s41_module_figures.py,Thematic catalogue then at least one Complete; display every original state in retained rows.
S38,M00616,Sulfate-sulfur assimilation,Sulfur,No direct iron relation assigned,K00380; K00381; K00390; K00392; K00860; K00956; K00957; K00958,Contains one or more KO biomarkers analysed in Supplementary Table 8 and belongs to a requested biogeochemical theme.,AM.P2.R,Complete,Complete,#2E7D32,P001,12,4,KEMET_lagoon_all_metagenomes_module_completeness_STATUS_3state.csv,scripts/generate_s38_s41_module_figures.py,Thematic catalogue then at least one Complete; display every original state in retained rows.
S38,M00616,Sulfate-sulfur assimilation,Sulfur,No direct iron relation assigned,K00380; K00381; K00390; K00392; K00860; K00956; K00957; K00958,Contains one or more KO biomarkers analysed in Supplementary Table 8 and belongs to a requested biogeochemical theme.,TIA.P1.D,Incomplete,Incomplete,#C62828,P001,12,5,KEMET_lagoon_all_metagenomes_module_completeness_STATUS_3state.csv,scripts/generate_s38_s41_module_figures.py,Thematic catalogue then at least one Complete; display every original state in retained rows.
S38,M00616,Sulfate-sulfur assimilation,Sulfur,No direct iron relation assigned,K00380; K00381; K00390; K00392; K00860; K00956; K00957; K00958,Contains one or more KO biomarkers analysed in Supplementary Table 8 and belongs to a requested biogeochemical theme.,TIA.P1.R,Complete,Complete,#2E7D32,P001,12,6,KEMET_lagoon_all_metagenomes_module_completeness_STATUS_3state.csv,scripts/generate_s38_s41_module_figures.py,Thematic catalogue then at least one Complete; display every original state in retained rows.
S38,M00616,Sulfate-sulfur assimilation,Sulfur,No direct iron relation assigned,K00380; K00381; K00390; K00392; K00860; K00956; K00957; K00958,Contains one or more KO biomarkers analysed in Supplementary Table 8 and belongs to a requested biogeochemical theme.,TIA.P2.D,1 block missing,1 block missing,#1565C0,P001,12,7,KEMET_lagoon_all_metagenomes_module_completeness_STATUS_3state.csv,scripts/generate_s38_s41_module_figures.py,Thematic catalogue then at least one Complete; display every original state in retained rows.
S38,M00616,Sulfate-sulfur assimilation,Sulfur,No direct iron relation assigned,K00380; K00381; K00390; K00392; K00860; K00956; K00957; K00958,Contains one or more KO biomarkers analysed in Supplementary Table 8 and belongs to a requested biogeochemical theme.,TIA.P2.R,Incomplete,Incomplete,#C62828,P001,12,8,KEMET_lagoon_all_metagenomes_module_completeness_STATUS_3state.csv,scripts/generate_s38_s41_module_figures.py,Thematic catalogue then at least one Complete; display every original state in retained rows.
S38,M00616,Sulfate-sulfur assimilation,Sulfur,No direct iron relation assigned,K00380; K00381; K00390; K00392; K00860; K00956; K00957; K00958,Contains one or more KO biomarkers analysed in Supplementary Table 8 and belongs to a requested biogeochemical theme.,TI.P1.D,1 block missing,1 block missing,#1565C0,P001,12,9,KEMET_lagoon_all_metagenomes_module_completeness_STATUS_3state.csv,scripts/generate_s38_s41_module_figures.py,Thematic catalogue then at least one Complete; display every original state in retained rows.
S38,M00616,Sulfate-sulfur assimilation,Sulfur,No direct iron relation assigned,K00380; K00381; K00390; K00392; K00860; K00956; K00957; K00958,Contains one or more KO biomarkers analysed in Supplementary Table 8 and belongs to a requested biogeochemical theme.,TI.P1.R,1 block missing,1 block missing,#1565C0,P001,12,10,KEMET_lagoon_all_metagenomes_module_completeness_STATUS_3state.csv,scripts/generate_s38_s41_module_figures.py,Thematic catalogue then at least one Complete; display every original state in retained rows.
S38,M00616,Sulfate-sulfur assimilation,Sulfur,No direct iron relation assigned,K00380; K00381; K00390; K00392; K00860; K00956; K00957; K00958,Contains one or more KO biomarkers analysed in Supplementary Table 8 and belongs to a requested biogeochemical theme.,TI.P2.D,Incomplete,Incomplete,#C62828,P001,12,11,KEMET_lagoon_all_metagenomes_module_completeness_STATUS_3state.csv,scripts/generate_s38_s41_module_figures.py,Thematic catalogue then at least one Complete; display every original state in retained rows.
S38,M00616,Sulfate-sulfur assimilation,Sulfur,No direct iron relation assigned,K00380; K00381; K00390; K00392; K00860; K00956; K00957; K00958,Contains one or more KO biomarkers analysed in Supplementary Table 8 and belongs to a requested biogeochemical theme.,TI.P2.R,1 block missing,1 block missing,#1565C0,P001,12,12,KEMET_lagoon_all_metagenomes_module_completeness_STATUS_3state.csv,scripts/generate_s38_s41_module_figures.py,Thematic catalogue then at least one Complete; display every original state in retained rows.
S38,M00616,Sulfate-sulfur assimilation,Sulfur,No direct iron relation assigned,K00380; K00381; K00390; K00392; K00860; K00956; K00957; K00958,Contains one or more KO biomarkers analysed in Supplementary Table 8 and belongs to a requested biogeochemical theme.,TI.P3.D,1 block missing,1 block missing,#1565C0,P001,12,13,KEMET_lagoon_all_metagenomes_module_completeness_STATUS_3state.csv,scripts/generate_s38_s41_module_figures.py,Thematic catalogue then at least one Complete; display every original state in retained rows.
S38,M00616,Sulfate-sulfur assimilation,Sulfur,No direct iron relation assigned,K00380; K00381; K00390; K00392; K00860; K00956; K00957; K00958,Contains one or more KO biomarkers analysed in Supplementary Table 8 and belongs to a requested biogeochemical theme.,TI.P3.R,Incomplete,Incomplete,#C62828,P001,12,14,KEMET_lagoon_all_metagenomes_module_completeness_STATUS_3state.csv,scripts/generate_s38_s41_module_figures.py,Thematic catalogue then at least one Complete; display every original state in retained rows.
S38,M00616,Sulfate-sulfur assimilation,Sulfur,No direct iron relation assigned,K00380; K00381; K00390; K00392; K00860; K00956; K00957; K00958,Contains one or more KO biomarkers analysed in Supplementary Table 8 and belongs to a requested biogeochemical theme.,TI.P4.D,1 block missing,1 block missing,#1565C0,P001,12,15,KEMET_lagoon_all_metagenomes_module_completeness_STATUS_3state.csv,scripts/generate_s38_s41_module_figures.py,Thematic catalogue then at least one Complete; display every original state in retained rows.
S38,M00616,Sulfate-sulfur assimilation,Sulfur,No direct iron relation assigned,K00380; K00381; K00390; K00392; K00860; K00956; K00957; K00958,Contains one or more KO biomarkers analysed in Supplementary Table 8 and belongs to a requested biogeochemical theme.,TI.P4.R,1 block missing,1 block missing,#1565C0,P001,12,16,KEMET_lagoon_all_metagenomes_module_completeness_STATUS_3state.csv,scripts/generate_s38_s41_module_figures.py,Thematic catalogue then at least one Complete; display every original state in retained rows.
S38,M00616,Sulfate-sulfur assimilation,Sulfur,No direct iron relation assigned,K00380; K00381; K00390; K00392; K00860; K00956; K00957; K00958,Contains one or more KO biomarkers analysed in Supplementary Table 8 and belongs to a requested biogeochemical theme.,VI.P1.D,Incomplete,Incomplete,#C62828,P001,12,17,KEMET_lagoon_all_metagenomes_module_completeness_STATUS_3state.csv,scripts/generate_s38_s41_module_figures.py,Thematic catalogue then at least one Complete; display every original state in retained rows.
S38,M00616,Sulfate-sulfur assimilation,Sulfur,No direct iron relation assigned,K00380; K00381; K00390; K00392; K00860; K00956; K00957; K00958,Contains one or more KO biomarkers analysed in Supplementary Table 8 and belongs to a requested biogeochemical theme.,VI.P1.R,1 block missing,1 block missing,#1565C0,P001,12,18,KEMET_lagoon_all_metagenomes_module_completeness_STATUS_3state.csv,scripts/generate_s38_s41_module_figures.py,Thematic catalogue then at least one Complete; display every original state in retained rows.
S38,M00616,Sulfate-sulfur assimilation,Sulfur,No direct iron relation assigned,K00380; K00381; K00390; K00392; K00860; K00956; K00957; K00958,Contains one or more KO biomarkers analysed in Supplementary Table 8 and belongs to a requested biogeochemical theme.,VI.P2.D,Incomplete,Incomplete,#C62828,P001,12,19,KEMET_lagoon_all_metagenomes_module_completeness_STATUS_3state.csv,scripts/generate_s38_s41_module_figures.py,Thematic catalogue then at least one Complete; display every original state in retained rows.
S38,M00616,Sulfate-sulfur assimilation,Sulfur,No direct iron relation assigned,K00380; K00381; K00390; K00392; K00860; K00956; K00957; K00958,Contains one or more KO biomarkers analysed in Supplementary Table 8 and belongs to a requested biogeochemical theme.,VI.P2.R,Incomplete,Incomplete,#C62828,P001,12,20,KEMET_lagoon_all_metagenomes_module_completeness_STATUS_3state.csv,scripts/generate_s38_s41_module_figures.py,Thematic catalogue then at least one Complete; display every original state in retained rows.
S38,M00161,Photosystem II,Photosynthesis,No direct iron relation assigned,K02703,Contains one or more KO biomarkers analysed in Supplementary Table 8 and belongs to a requested biogeochemical theme.,AM.P1.D,1 block missing,1 block missing,#1565C0,P001,13,1,KEMET_lagoon_all_metagenomes_module_completeness_STATUS_3state.csv,scripts/generate_s38_s41_module_figures.py,Thematic catalogue then at least one Complete; display every original state in retained rows.
S38,M00161,Photosystem II,Photosynthesis,No direct iron relation assigned,K02703,Contains one or more KO biomarkers analysed in Supplementary Table 8 and belongs to a requested biogeochemical theme.,AM.P1.R,1 block missing,1 block missing,#1565C0,P001,13,2,KEMET_lagoon_all_metagenomes_module_completeness_STATUS_3state.csv,scripts/generate_s38_s41_module_figures.py,Thematic catalogue then at least one Complete; display every original state in retained rows.
S38,M00161,Photosystem II,Photosynthesis,No direct iron relation assigned,K02703,Contains one or more KO biomarkers analysed in Supplementary Table 8 and belongs to a requested biogeochemical theme.,AM.P2.D,1 block missing,1 block missing,#1565C0,P001,13,3,KEMET_lagoon_all_metagenomes_module_completeness_STATUS_3state.csv,scripts/generate_s38_s41_module_figures.py,Thematic catalogue then at least one Complete; display every original state in retained rows.
S38,M00161,Photosystem II,Photosynthesis,No direct iron relation assigned,K02703,Contains one or more KO biomarkers analysed in Supplementary Table 8 and belongs to a requested biogeochemical theme.,AM.P2.R,1 block missing,1 block missing,#1565C0,P001,13,4,KEMET_lagoon_all_metagenomes_module_completeness_STATUS_3state.csv,scripts/generate_s38_s41_module_figures.py,Thematic catalogue then at least one Complete; display every original state in retained rows.
S38,M00161,Photosystem II,Photosynthesis,No direct iron relation assigned,K02703,Contains one or more KO biomarkers analysed in Supplementary Table 8 and belongs to a requested biogeochemical theme.,TIA.P1.D,1 block missing,1 block missing,#1565C0,P001,13,5,KEMET_lagoon_all_metagenomes_module_completeness_STATUS_3state.csv,scripts/generate_s38_s41_module_figures.py,Thematic catalogue then at least one Complete; display every original state in retained rows.
S38,M00161,Photosystem II,Photosynthesis,No direct iron relation assigned,K02703,Contains one or more KO biomarkers analysed in Supplementary Table 8 and belongs to a requested biogeochemical theme.,TIA.P1.R,1 block missing,1 block missing,#1565C0,P001,13,6,KEMET_lagoon_all_metagenomes_module_completeness_STATUS_3state.csv,scripts/generate_s38_s41_module_figures.py,Thematic catalogue then at least one Complete; display every original state in retained rows.
S38,M00161,Photosystem II,Photosynthesis,No direct iron relation assigned,K02703,Contains one or more KO biomarkers analysed in Supplementary Table 8 and belongs to a requested biogeochemical theme.,TIA.P2.D,1 block missing,1 block missing,#1565C0,P001,13,7,KEMET_lagoon_all_metagenomes_module_completeness_STATUS_3state.csv,scripts/generate_s38_s41_module_figures.py,Thematic catalogue then at least one Complete; display every original state in retained rows.
S38,M00161,Photosystem II,Photosynthesis,No direct iron relation assigned,K02703,Contains one or more KO biomarkers analysed in Supplementary Table 8 and belongs to a requested biogeochemical theme.,TIA.P2.R,1 block missing,1 block missing,#1565C0,P001,13,8,KEMET_lagoon_all_metagenomes_module_completeness_STATUS_3state.csv,scripts/generate_s38_s41_module_figures.py,Thematic catalogue then at least one Complete; display every original state in retained rows.
S38,M00161,Photosystem II,Photosynthesis,No direct iron relation assigned,K02703,Contains one or more KO biomarkers analysed in Supplementary Table 8 and belongs to a requested biogeochemical theme.,TI.P1.D,Complete,Complete,#2E7D32,P001,13,9,KEMET_lagoon_all_metagenomes_module_completeness_STATUS_3state.csv,scripts/generate_s38_s41_module_figures.py,Thematic catalogue then at least one Complete; display every original state in retained rows.
S38,M00161,Photosystem II,Photosynthesis,No direct iron relation assigned,K02703,Contains one or more KO biomarkers analysed in Supplementary Table 8 and belongs to a requested biogeochemical theme.,TI.P1.R,1 block missing,1 block missing,#1565C0,P001,13,10,KEMET_lagoon_all_metagenomes_module_completeness_STATUS_3state.csv,scripts/generate_s38_s41_module_figures.py,Thematic catalogue then at least one Complete; display every original state in retained rows.
S38,M00161,Photosystem II,Photosynthesis,No direct iron relation assigned,K02703,Contains one or more KO biomarkers analysed in Supplementary Table 8 and belongs to a requested biogeochemical theme.,TI.P2.D,1 block missing,1 block missing,#1565C0,P001,13,11,KEMET_lagoon_all_metagenomes_module_completeness_STATUS_3state.csv,scripts/generate_s38_s41_module_figures.py,Thematic catalogue then at least one Complete; display every original state in retained rows.
S38,M00161,Photosystem II,Photosynthesis,No direct iron relation assigned,K02703,Contains one or more KO biomarkers analysed in Supplementary Table 8 and belongs to a requested biogeochemical theme.,TI.P2.R,1 block missing,1 block missing,#1565C0,P001,13,12,KEMET_lagoon_all_metagenomes_module_completeness_STATUS_3state.csv,scripts/generate_s38_s41_module_figures.py,Thematic catalogue then at least one Complete; display every original state in retained rows.
S38,M00161,Photosystem II,Photosynthesis,No direct iron relation assigned,K02703,Contains one or more KO biomarkers analysed in Supplementary Table 8 and belongs to a requested biogeochemical theme.,TI.P3.D,1 block missing,1 block missing,#1565C0,P001,13,13,KEMET_lagoon_all_metagenomes_module_completeness_STATUS_3state.csv,scripts/generate_s38_s41_module_figures.py,Thematic catalogue then at least one Complete; display every original state in retained rows.
S38,M00161,Photosystem II,Photosynthesis,No direct iron relation assigned,K02703,Contains one or more KO biomarkers analysed in Supplementary Table 8 and belongs to a requested biogeochemical theme.,TI.P3.R,1 block missing,1 block missing,#1565C0,P001,13,14,KEMET_lagoon_all_metagenomes_module_completeness_STATUS_3state.csv,scripts/generate_s38_s41_module_figures.py,Thematic catalogue then at least one Complete; display every original state in retained rows.
S38,M00161,Photosystem II,Photosynthesis,No direct iron relation assigned,K02703,Contains one or more KO biomarkers analysed in Supplementary Table 8 and belongs to a requested biogeochemical theme.,TI.P4.D,1 block missing,1 block missing,#1565C0,P001,13,15,KEMET_lagoon_all_metagenomes_module_completeness_STATUS_3state.csv,scripts/generate_s38_s41_module_figures.py,Thematic catalogue then at least one Complete; display every original state in retained rows.
S38,M00161,Photosystem II,Photosynthesis,No direct iron relation assigned,K02703,Contains one or more KO biomarkers analysed in Supplementary Table 8 and belongs to a requested biogeochemical theme.,TI.P4.R,1 block missing,1 block missing,#1565C0,P001,13,16,KEMET_lagoon_all_metagenomes_module_completeness_STATUS_3state.csv,scripts/generate_s38_s41_module_figures.py,Thematic catalogue then at least one Complete; display every original state in retained rows.
S38,M00161,Photosystem II,Photosynthesis,No direct iron relation assigned,K02703,Contains one or more KO biomarkers analysed in Supplementary Table 8 and belongs to a requested biogeochemical theme.,VI.P1.D,1 block missing,1 block missing,#1565C0,P001,13,17,KEMET_lagoon_all_metagenomes_module_completeness_STATUS_3state.csv,scripts/generate_s38_s41_module_figures.py,Thematic catalogue then at least one Complete; display every original state in retained rows.
S38,M00161,Photosystem II,Photosynthesis,No direct iron relation assigned,K02703,Contains one or more KO biomarkers analysed in Supplementary Table 8 and belongs to a requested biogeochemical theme.,VI.P1.R,1 block missing,1 block missing,#1565C0,P001,13,18,KEMET_lagoon_all_metagenomes_module_completeness_STATUS_3state.csv,scripts/generate_s38_s41_module_figures.py,Thematic catalogue then at least one Complete; display every original state in retained rows.
S38,M00161,Photosystem II,Photosynthesis,No direct iron relation assigned,K02703,Contains one or more KO biomarkers analysed in Supplementary Table 8 and belongs to a requested biogeochemical theme.,VI.P2.D,1 block missing,1 block missing,#1565C0,P001,13,19,KEMET_lagoon_all_metagenomes_module_completeness_STATUS_3state.csv,scripts/generate_s38_s41_module_figures.py,Thematic catalogue then at least one Complete; display every original state in retained rows.
S38,M00161,Photosystem II,Photosynthesis,No direct iron relation assigned,K02703,Contains one or more KO biomarkers analysed in Supplementary Table 8 and belongs to a requested biogeochemical theme.,VI.P2.R,1 block missing,1 block missing,#1565C0,P001,13,20,KEMET_lagoon_all_metagenomes_module_completeness_STATUS_3state.csv,scripts/generate_s38_s41_module_figures.py,Thematic catalogue then at least one Complete; display every original state in retained rows.
S38,M00163,Photosystem I,Photosynthesis,No direct iron relation assigned,K02689; K02690,Contains one or more KO biomarkers analysed in Supplementary Table 8 and belongs to a requested biogeochemical theme.,AM.P1.D,1 block missing,1 block missing,#1565C0,P001,14,1,KEMET_lagoon_all_metagenomes_module_completeness_STATUS_3state.csv,scripts/generate_s38_s41_module_figures.py,Thematic catalogue then at least one Complete; display every original state in retained rows.
S38,M00163,Photosystem I,Photosynthesis,No direct iron relation assigned,K02689; K02690,Contains one or more KO biomarkers analysed in Supplementary Table 8 and belongs to a requested biogeochemical theme.,AM.P1.R,1 block missing,1 block missing,#1565C0,P001,14,2,KEMET_lagoon_all_metagenomes_module_completeness_STATUS_3state.csv,scripts/generate_s38_s41_module_figures.py,Thematic catalogue then at least one Complete; display every original state in retained rows.
S38,M00163,Photosystem I,Photosynthesis,No direct iron relation assigned,K02689; K02690,Contains one or more KO biomarkers analysed in Supplementary Table 8 and belongs to a requested biogeochemical theme.,AM.P2.D,1 block missing,1 block missing,#1565C0,P001,14,3,KEMET_lagoon_all_metagenomes_module_completeness_STATUS_3state.csv,scripts/generate_s38_s41_module_figures.py,Thematic catalogue then at least one Complete; display every original state in retained rows.
S38,M00163,Photosystem I,Photosynthesis,No direct iron relation assigned,K02689; K02690,Contains one or more KO biomarkers analysed in Supplementary Table 8 and belongs to a requested biogeochemical theme.,AM.P2.R,1 block missing,1 block missing,#1565C0,P001,14,4,KEMET_lagoon_all_metagenomes_module_completeness_STATUS_3state.csv,scripts/generate_s38_s41_module_figures.py,Thematic catalogue then at least one Complete; display every original state in retained rows.
S38,M00163,Photosystem I,Photosynthesis,No direct iron relation assigned,K02689; K02690,Contains one or more KO biomarkers analysed in Supplementary Table 8 and belongs to a requested biogeochemical theme.,TIA.P1.D,1 block missing,1 block missing,#1565C0,P001,14,5,KEMET_lagoon_all_metagenomes_module_completeness_STATUS_3state.csv,scripts/generate_s38_s41_module_figures.py,Thematic catalogue then at least one Complete; display every original state in retained rows.
S38,M00163,Photosystem I,Photosynthesis,No direct iron relation assigned,K02689; K02690,Contains one or more KO biomarkers analysed in Supplementary Table 8 and belongs to a requested biogeochemical theme.,TIA.P1.R,1 block missing,1 block missing,#1565C0,P001,14,6,KEMET_lagoon_all_metagenomes_module_completeness_STATUS_3state.csv,scripts/generate_s38_s41_module_figures.py,Thematic catalogue then at least one Complete; display every original state in retained rows.
S38,M00163,Photosystem I,Photosynthesis,No direct iron relation assigned,K02689; K02690,Contains one or more KO biomarkers analysed in Supplementary Table 8 and belongs to a requested biogeochemical theme.,TIA.P2.D,1 block missing,1 block missing,#1565C0,P001,14,7,KEMET_lagoon_all_metagenomes_module_completeness_STATUS_3state.csv,scripts/generate_s38_s41_module_figures.py,Thematic catalogue then at least one Complete; display every original state in retained rows.
S38,M00163,Photosystem I,Photosynthesis,No direct iron relation assigned,K02689; K02690,Contains one or more KO biomarkers analysed in Supplementary Table 8 and belongs to a requested biogeochemical theme.,TIA.P2.R,1 block missing,1 block missing,#1565C0,P001,14,8,KEMET_lagoon_all_metagenomes_module_completeness_STATUS_3state.csv,scripts/generate_s38_s41_module_figures.py,Thematic catalogue then at least one Complete; display every original state in retained rows.
S38,M00163,Photosystem I,Photosynthesis,No direct iron relation assigned,K02689; K02690,Contains one or more KO biomarkers analysed in Supplementary Table 8 and belongs to a requested biogeochemical theme.,TI.P1.D,Complete,Complete,#2E7D32,P001,14,9,KEMET_lagoon_all_metagenomes_module_completeness_STATUS_3state.csv,scripts/generate_s38_s41_module_figures.py,Thematic catalogue then at least one Complete; display every original state in retained rows.
S38,M00163,Photosystem I,Photosynthesis,No direct iron relation assigned,K02689; K02690,Contains one or more KO biomarkers analysed in Supplementary Table 8 and belongs to a requested biogeochemical theme.,TI.P1.R,1 block missing,1 block missing,#1565C0,P001,14,10,KEMET_lagoon_all_metagenomes_module_completeness_STATUS_3state.csv,scripts/generate_s38_s41_module_figures.py,Thematic catalogue then at least one Complete; display every original state in retained rows.
S38,M00163,Photosystem I,Photosynthesis,No direct iron relation assigned,K02689; K02690,Contains one or more KO biomarkers analysed in Supplementary Table 8 and belongs to a requested biogeochemical theme.,TI.P2.D,1 block missing,1 block missing,#1565C0,P001,14,11,KEMET_lagoon_all_metagenomes_module_completeness_STATUS_3state.csv,scripts/generate_s38_s41_module_figures.py,Thematic catalogue then at least one Complete; display every original state in retained rows.
S38,M00163,Photosystem I,Photosynthesis,No direct iron relation assigned,K02689; K02690,Contains one or more KO biomarkers analysed in Supplementary Table 8 and belongs to a requested biogeochemical theme.,TI.P2.R,1 block missing,1 block missing,#1565C0,P001,14,12,KEMET_lagoon_all_metagenomes_module_completeness_STATUS_3state.csv,scripts/generate_s38_s41_module_figures.py,Thematic catalogue then at least one Complete; display every original state in retained rows.
S38,M00163,Photosystem I,Photosynthesis,No direct iron relation assigned,K02689; K02690,Contains one or more KO biomarkers analysed in Supplementary Table 8 and belongs to a requested biogeochemical theme.,TI.P3.D,1 block missing,1 block missing,#1565C0,P001,14,13,KEMET_lagoon_all_metagenomes_module_completeness_STATUS_3state.csv,scripts/generate_s38_s41_module_figures.py,Thematic catalogue then at least one Complete; display every original state in retained rows.
S38,M00163,Photosystem I,Photosynthesis,No direct iron relation assigned,K02689; K02690,Contains one or more KO biomarkers analysed in Supplementary Table 8 and belongs to a requested biogeochemical theme.,TI.P3.R,1 block missing,1 block missing,#1565C0,P001,14,14,KEMET_lagoon_all_metagenomes_module_completeness_STATUS_3state.csv,scripts/generate_s38_s41_module_figures.py,Thematic catalogue then at least one Complete; display every original state in retained rows.
S38,M00163,Photosystem I,Photosynthesis,No direct iron relation assigned,K02689; K02690,Contains one or more KO biomarkers analysed in Supplementary Table 8 and belongs to a requested biogeochemical theme.,TI.P4.D,1 block missing,1 block missing,#1565C0,P001,14,15,KEMET_lagoon_all_metagenomes_module_completeness_STATUS_3state.csv,scripts/generate_s38_s41_module_figures.py,Thematic catalogue then at least one Complete; display every original state in retained rows.
S38,M00163,Photosystem I,Photosynthesis,No direct iron relation assigned,K02689; K02690,Contains one or more KO biomarkers analysed in Supplementary Table 8 and belongs to a requested biogeochemical theme.,TI.P4.R,1 block missing,1 block missing,#1565C0,P001,14,16,KEMET_lagoon_all_metagenomes_module_completeness_STATUS_3state.csv,scripts/generate_s38_s41_module_figures.py,Thematic catalogue then at least one Complete; display every original state in retained rows.
S38,M00163,Photosystem I,Photosynthesis,No direct iron relation assigned,K02689; K02690,Contains one or more KO biomarkers analysed in Supplementary Table 8 and belongs to a requested biogeochemical theme.,VI.P1.D,1 block missing,1 block missing,#1565C0,P001,14,17,KEMET_lagoon_all_metagenomes_module_completeness_STATUS_3state.csv,scripts/generate_s38_s41_module_figures.py,Thematic catalogue then at least one Complete; display every original state in retained rows.
S38,M00163,Photosystem I,Photosynthesis,No direct iron relation assigned,K02689; K02690,Contains one or more KO biomarkers analysed in Supplementary Table 8 and belongs to a requested biogeochemical theme.,VI.P1.R,1 block missing,1 block missing,#1565C0,P001,14,18,KEMET_lagoon_all_metagenomes_module_completeness_STATUS_3state.csv,scripts/generate_s38_s41_module_figures.py,Thematic catalogue then at least one Complete; display every original state in retained rows.
S38,M00163,Photosystem I,Photosynthesis,No direct iron relation assigned,K02689; K02690,Contains one or more KO biomarkers analysed in Supplementary Table 8 and belongs to a requested biogeochemical theme.,VI.P2.D,1 block missing,1 block missing,#1565C0,P001,14,19,KEMET_lagoon_all_metagenomes_module_completeness_STATUS_3state.csv,scripts/generate_s38_s41_module_figures.py,Thematic catalogue then at least one Complete; display every original state in retained rows.
S38,M00163,Photosystem I,Photosynthesis,No direct iron relation assigned,K02689; K02690,Contains one or more KO biomarkers analysed in Supplementary Table 8 and belongs to a requested biogeochemical theme.,VI.P2.R,1 block missing,1 block missing,#1565C0,P001,14,20,KEMET_lagoon_all_metagenomes_module_completeness_STATUS_3state.csv,scripts/generate_s38_s41_module_figures.py,Thematic catalogue then at least one Complete; display every original state in retained rows.
S38,M00611,Oxygenic photosynthesis in plants and cyanobacteria,Photosynthesis,No direct iron relation assigned,K00855; K01601; K01602; K02689; K02690; K02703,Contains one or more KO biomarkers analysed in Supplementary Table 8 and belongs to a requested biogeochemical theme.,AM.P1.D,1 block missing,1 block missing,#1565C0,P001,15,1,KEMET_lagoon_all_metagenomes_module_completeness_STATUS_3state.csv,scripts/generate_s38_s41_module_figures.py,Thematic catalogue then at least one Complete; display every original state in retained rows.
S38,M00611,Oxygenic photosynthesis in plants and cyanobacteria,Photosynthesis,No direct iron relation assigned,K00855; K01601; K01602; K02689; K02690; K02703,Contains one or more KO biomarkers analysed in Supplementary Table 8 and belongs to a requested biogeochemical theme.,AM.P1.R,1 block missing,1 block missing,#1565C0,P001,15,2,KEMET_lagoon_all_metagenomes_module_completeness_STATUS_3state.csv,scripts/generate_s38_s41_module_figures.py,Thematic catalogue then at least one Complete; display every original state in retained rows.
S38,M00611,Oxygenic photosynthesis in plants and cyanobacteria,Photosynthesis,No direct iron relation assigned,K00855; K01601; K01602; K02689; K02690; K02703,Contains one or more KO biomarkers analysed in Supplementary Table 8 and belongs to a requested biogeochemical theme.,AM.P2.D,Incomplete,Incomplete,#C62828,P001,15,3,KEMET_lagoon_all_metagenomes_module_completeness_STATUS_3state.csv,scripts/generate_s38_s41_module_figures.py,Thematic catalogue then at least one Complete; display every original state in retained rows.
S38,M00611,Oxygenic photosynthesis in plants and cyanobacteria,Photosynthesis,No direct iron relation assigned,K00855; K01601; K01602; K02689; K02690; K02703,Contains one or more KO biomarkers analysed in Supplementary Table 8 and belongs to a requested biogeochemical theme.,AM.P2.R,Incomplete,Incomplete,#C62828,P001,15,4,KEMET_lagoon_all_metagenomes_module_completeness_STATUS_3state.csv,scripts/generate_s38_s41_module_figures.py,Thematic catalogue then at least one Complete; display every original state in retained rows.
S38,M00611,Oxygenic photosynthesis in plants and cyanobacteria,Photosynthesis,No direct iron relation assigned,K00855; K01601; K01602; K02689; K02690; K02703,Contains one or more KO biomarkers analysed in Supplementary Table 8 and belongs to a requested biogeochemical theme.,TIA.P1.D,1 block missing,1 block missing,#1565C0,P001,15,5,KEMET_lagoon_all_metagenomes_module_completeness_STATUS_3state.csv,scripts/generate_s38_s41_module_figures.py,Thematic catalogue then at least one Complete; display every original state in retained rows.
S38,M00611,Oxygenic photosynthesis in plants and cyanobacteria,Photosynthesis,No direct iron relation assigned,K00855; K01601; K01602; K02689; K02690; K02703,Contains one or more KO biomarkers analysed in Supplementary Table 8 and belongs to a requested biogeochemical theme.,TIA.P1.R,Incomplete,Incomplete,#C62828,P001,15,6,KEMET_lagoon_all_metagenomes_module_completeness_STATUS_3state.csv,scripts/generate_s38_s41_module_figures.py,Thematic catalogue then at least one Complete; display every original state in retained rows.
S38,M00611,Oxygenic photosynthesis in plants and cyanobacteria,Photosynthesis,No direct iron relation assigned,K00855; K01601; K01602; K02689; K02690; K02703,Contains one or more KO biomarkers analysed in Supplementary Table 8 and belongs to a requested biogeochemical theme.,TIA.P2.D,Incomplete,Incomplete,#C62828,P001,15,7,KEMET_lagoon_all_metagenomes_module_completeness_STATUS_3state.csv,scripts/generate_s38_s41_module_figures.py,Thematic catalogue then at least one Complete; display every original state in retained rows.
S38,M00611,Oxygenic photosynthesis in plants and cyanobacteria,Photosynthesis,No direct iron relation assigned,K00855; K01601; K01602; K02689; K02690; K02703,Contains one or more KO biomarkers analysed in Supplementary Table 8 and belongs to a requested biogeochemical theme.,TIA.P2.R,1 block missing,1 block missing,#1565C0,P001,15,8,KEMET_lagoon_all_metagenomes_module_completeness_STATUS_3state.csv,scripts/generate_s38_s41_module_figures.py,Thematic catalogue then at least one Complete; display every original state in retained rows.
S38,M00611,Oxygenic photosynthesis in plants and cyanobacteria,Photosynthesis,No direct iron relation assigned,K00855; K01601; K01602; K02689; K02690; K02703,Contains one or more KO biomarkers analysed in Supplementary Table 8 and belongs to a requested biogeochemical theme.,TI.P1.D,Complete,Complete,#2E7D32,P001,15,9,KEMET_lagoon_all_metagenomes_module_completeness_STATUS_3state.csv,scripts/generate_s38_s41_module_figures.py,Thematic catalogue then at least one Complete; display every original state in retained rows.
S38,M00611,Oxygenic photosynthesis in plants and cyanobacteria,Photosynthesis,No direct iron relation assigned,K00855; K01601; K01602; K02689; K02690; K02703,Contains one or more KO biomarkers analysed in Supplementary Table 8 and belongs to a requested biogeochemical theme.,TI.P1.R,Incomplete,Incomplete,#C62828,P001,15,10,KEMET_lagoon_all_metagenomes_module_completeness_STATUS_3state.csv,scripts/generate_s38_s41_module_figures.py,Thematic catalogue then at least one Complete; display every original state in retained rows.
S38,M00611,Oxygenic photosynthesis in plants and cyanobacteria,Photosynthesis,No direct iron relation assigned,K00855; K01601; K01602; K02689; K02690; K02703,Contains one or more KO biomarkers analysed in Supplementary Table 8 and belongs to a requested biogeochemical theme.,TI.P2.D,Incomplete,Incomplete,#C62828,P001,15,11,KEMET_lagoon_all_metagenomes_module_completeness_STATUS_3state.csv,scripts/generate_s38_s41_module_figures.py,Thematic catalogue then at least one Complete; display every original state in retained rows.
S38,M00611,Oxygenic photosynthesis in plants and cyanobacteria,Photosynthesis,No direct iron relation assigned,K00855; K01601; K01602; K02689; K02690; K02703,Contains one or more KO biomarkers analysed in Supplementary Table 8 and belongs to a requested biogeochemical theme.,TI.P2.R,Incomplete,Incomplete,#C62828,P001,15,12,KEMET_lagoon_all_metagenomes_module_completeness_STATUS_3state.csv,scripts/generate_s38_s41_module_figures.py,Thematic catalogue then at least one Complete; display every original state in retained rows.
S38,M00611,Oxygenic photosynthesis in plants and cyanobacteria,Photosynthesis,No direct iron relation assigned,K00855; K01601; K01602; K02689; K02690; K02703,Contains one or more KO biomarkers analysed in Supplementary Table 8 and belongs to a requested biogeochemical theme.,TI.P3.D,1 block missing,1 block missing,#1565C0,P001,15,13,KEMET_lagoon_all_metagenomes_module_completeness_STATUS_3state.csv,scripts/generate_s38_s41_module_figures.py,Thematic catalogue then at least one Complete; display every original state in retained rows.
S38,M00611,Oxygenic photosynthesis in plants and cyanobacteria,Photosynthesis,No direct iron relation assigned,K00855; K01601; K01602; K02689; K02690; K02703,Contains one or more KO biomarkers analysed in Supplementary Table 8 and belongs to a requested biogeochemical theme.,TI.P3.R,Incomplete,Incomplete,#C62828,P001,15,14,KEMET_lagoon_all_metagenomes_module_completeness_STATUS_3state.csv,scripts/generate_s38_s41_module_figures.py,Thematic catalogue then at least one Complete; display every original state in retained rows.
S38,M00611,Oxygenic photosynthesis in plants and cyanobacteria,Photosynthesis,No direct iron relation assigned,K00855; K01601; K01602; K02689; K02690; K02703,Contains one or more KO biomarkers analysed in Supplementary Table 8 and belongs to a requested biogeochemical theme.,TI.P4.D,1 block missing,1 block missing,#1565C0,P001,15,15,KEMET_lagoon_all_metagenomes_module_completeness_STATUS_3state.csv,scripts/generate_s38_s41_module_figures.py,Thematic catalogue then at least one Complete; display every original state in retained rows.
S38,M00611,Oxygenic photosynthesis in plants and cyanobacteria,Photosynthesis,No direct iron relation assigned,K00855; K01601; K01602; K02689; K02690; K02703,Contains one or more KO biomarkers analysed in Supplementary Table 8 and belongs to a requested biogeochemical theme.,TI.P4.R,Incomplete,Incomplete,#C62828,P001,15,16,KEMET_lagoon_all_metagenomes_module_completeness_STATUS_3state.csv,scripts/generate_s38_s41_module_figures.py,Thematic catalogue then at least one Complete; display every original state in retained rows.
S38,M00611,Oxygenic photosynthesis in plants and cyanobacteria,Photosynthesis,No direct iron relation assigned,K00855; K01601; K01602; K02689; K02690; K02703,Contains one or more KO biomarkers analysed in Supplementary Table 8 and belongs to a requested biogeochemical theme.,VI.P1.D,Incomplete,Incomplete,#C62828,P001,15,17,KEMET_lagoon_all_metagenomes_module_completeness_STATUS_3state.csv,scripts/generate_s38_s41_module_figures.py,Thematic catalogue then at least one Complete; display every original state in retained rows.
S38,M00611,Oxygenic photosynthesis in plants and cyanobacteria,Photosynthesis,No direct iron relation assigned,K00855; K01601; K01602; K02689; K02690; K02703,Contains one or more KO biomarkers analysed in Supplementary Table 8 and belongs to a requested biogeochemical theme.,VI.P1.R,Incomplete,Incomplete,#C62828,P001,15,18,KEMET_lagoon_all_metagenomes_module_completeness_STATUS_3state.csv,scripts/generate_s38_s41_module_figures.py,Thematic catalogue then at least one Complete; display every original state in retained rows.
S38,M00611,Oxygenic photosynthesis in plants and cyanobacteria,Photosynthesis,No direct iron relation assigned,K00855; K01601; K01602; K02689; K02690; K02703,Contains one or more KO biomarkers analysed in Supplementary Table 8 and belongs to a requested biogeochemical theme.,VI.P2.D,Incomplete,Incomplete,#C62828,P001,15,19,KEMET_lagoon_all_metagenomes_module_completeness_STATUS_3state.csv,scripts/generate_s38_s41_module_figures.py,Thematic catalogue then at least one Complete; display every original state in retained rows.
S38,M00611,Oxygenic photosynthesis in plants and cyanobacteria,Photosynthesis,No direct iron relation assigned,K00855; K01601; K01602; K02689; K02690; K02703,Contains one or more KO biomarkers analysed in Supplementary Table 8 and belongs to a requested biogeochemical theme.,VI.P2.R,Incomplete,Incomplete,#C62828,P001,15,20,KEMET_lagoon_all_metagenomes_module_completeness_STATUS_3state.csv,scripts/generate_s38_s41_module_figures.py,Thematic catalogue then at least one Complete; display every original state in retained rows.
S38,M00121,"Heme biosynthesis, plants and bacteria, glutamate -> heme",Iron,Iron/heme-related module,None,Directly represents the requested iron theme in the packaged KEGG/KEMET module catalogue.,AM.P1.D,Complete,Complete,#2E7D32,P001,16,1,KEMET_lagoon_all_metagenomes_module_completeness_STATUS_3state.csv,scripts/generate_s38_s41_module_figures.py,Thematic catalogue then at least one Complete; display every original state in retained rows.
S38,M00121,"Heme biosynthesis, plants and bacteria, glutamate -> heme",Iron,Iron/heme-related module,None,Directly represents the requested iron theme in the packaged KEGG/KEMET module catalogue.,AM.P1.R,Complete,Complete,#2E7D32,P001,16,2,KEMET_lagoon_all_metagenomes_module_completeness_STATUS_3state.csv,scripts/generate_s38_s41_module_figures.py,Thematic catalogue then at least one Complete; display every original state in retained rows.
S38,M00121,"Heme biosynthesis, plants and bacteria, glutamate -> heme",Iron,Iron/heme-related module,None,Directly represents the requested iron theme in the packaged KEGG/KEMET module catalogue.,AM.P2.D,Incomplete,Incomplete,#C62828,P001,16,3,KEMET_lagoon_all_metagenomes_module_completeness_STATUS_3state.csv,scripts/generate_s38_s41_module_figures.py,Thematic catalogue then at least one Complete; display every original state in retained rows.
S38,M00121,"Heme biosynthesis, plants and bacteria, glutamate -> heme",Iron,Iron/heme-related module,None,Directly represents the requested iron theme in the packaged KEGG/KEMET module catalogue.,AM.P2.R,Complete,Complete,#2E7D32,P001,16,4,KEMET_lagoon_all_metagenomes_module_completeness_STATUS_3state.csv,scripts/generate_s38_s41_module_figures.py,Thematic catalogue then at least one Complete; display every original state in retained rows.
S38,M00121,"Heme biosynthesis, plants and bacteria, glutamate -> heme",Iron,Iron/heme-related module,None,Directly represents the requested iron theme in the packaged KEGG/KEMET module catalogue.,TIA.P1.D,Complete,Complete,#2E7D32,P001,16,5,KEMET_lagoon_all_metagenomes_module_completeness_STATUS_3state.csv,scripts/generate_s38_s41_module_figures.py,Thematic catalogue then at least one Complete; display every original state in retained rows.
S38,M00121,"Heme biosynthesis, plants and bacteria, glutamate -> heme",Iron,Iron/heme-related module,None,Directly represents the requested iron theme in the packaged KEGG/KEMET module catalogue.,TIA.P1.R,Complete,Complete,#2E7D32,P001,16,6,KEMET_lagoon_all_metagenomes_module_completeness_STATUS_3state.csv,scripts/generate_s38_s41_module_figures.py,Thematic catalogue then at least one Complete; display every original state in retained rows.
S38,M00121,"Heme biosynthesis, plants and bacteria, glutamate -> heme",Iron,Iron/heme-related module,None,Directly represents the requested iron theme in the packaged KEGG/KEMET module catalogue.,TIA.P2.D,Complete,Complete,#2E7D32,P001,16,7,KEMET_lagoon_all_metagenomes_module_completeness_STATUS_3state.csv,scripts/generate_s38_s41_module_figures.py,Thematic catalogue then at least one Complete; display every original state in retained rows.
S38,M00121,"Heme biosynthesis, plants and bacteria, glutamate -> heme",Iron,Iron/heme-related module,None,Directly represents the requested iron theme in the packaged KEGG/KEMET module catalogue.,TIA.P2.R,1 block missing,1 block missing,#1565C0,P001,16,8,KEMET_lagoon_all_metagenomes_module_completeness_STATUS_3state.csv,scripts/generate_s38_s41_module_figures.py,Thematic catalogue then at least one Complete; display every original state in retained rows.
S38,M00121,"Heme biosynthesis, plants and bacteria, glutamate -> heme",Iron,Iron/heme-related module,None,Directly represents the requested iron theme in the packaged KEGG/KEMET module catalogue.,TI.P1.D,Complete,Complete,#2E7D32,P001,16,9,KEMET_lagoon_all_metagenomes_module_completeness_STATUS_3state.csv,scripts/generate_s38_s41_module_figures.py,Thematic catalogue then at least one Complete; display every original state in retained rows.
S38,M00121,"Heme biosynthesis, plants and bacteria, glutamate -> heme",Iron,Iron/heme-related module,None,Directly represents the requested iron theme in the packaged KEGG/KEMET module catalogue.,TI.P1.R,Complete,Complete,#2E7D32,P001,16,10,KEMET_lagoon_all_metagenomes_module_completeness_STATUS_3state.csv,scripts/generate_s38_s41_module_figures.py,Thematic catalogue then at least one Complete; display every original state in retained rows.
S38,M00121,"Heme biosynthesis, plants and bacteria, glutamate -> heme",Iron,Iron/heme-related module,None,Directly represents the requested iron theme in the packaged KEGG/KEMET module catalogue.,TI.P2.D,1 block missing,1 block missing,#1565C0,P001,16,11,KEMET_lagoon_all_metagenomes_module_completeness_STATUS_3state.csv,scripts/generate_s38_s41_module_figures.py,Thematic catalogue then at least one Complete; display every original state in retained rows.
S38,M00121,"Heme biosynthesis, plants and bacteria, glutamate -> heme",Iron,Iron/heme-related module,None,Directly represents the requested iron theme in the packaged KEGG/KEMET module catalogue.,TI.P2.R,Complete,Complete,#2E7D32,P001,16,12,KEMET_lagoon_all_metagenomes_module_completeness_STATUS_3state.csv,scripts/generate_s38_s41_module_figures.py,Thematic catalogue then at least one Complete; display every original state in retained rows.
S38,M00121,"Heme biosynthesis, plants and bacteria, glutamate -> heme",Iron,Iron/heme-related module,None,Directly represents the requested iron theme in the packaged KEGG/KEMET module catalogue.,TI.P3.D,Complete,Complete,#2E7D32,P001,16,13,KEMET_lagoon_all_metagenomes_module_completeness_STATUS_3state.csv,scripts/generate_s38_s41_module_figures.py,Thematic catalogue then at least one Complete; display every original state in retained rows.
S38,M00121,"Heme biosynthesis, plants and bacteria, glutamate -> heme",Iron,Iron/heme-related module,None,Directly represents the requested iron theme in the packaged KEGG/KEMET module catalogue.,TI.P3.R,Complete,Complete,#2E7D32,P001,16,14,KEMET_lagoon_all_metagenomes_module_completeness_STATUS_3state.csv,scripts/generate_s38_s41_module_figures.py,Thematic catalogue then at least one Complete; display every original state in retained rows.
S38,M00121,"Heme biosynthesis, plants and bacteria, glutamate -> heme",Iron,Iron/heme-related module,None,Directly represents the requested iron theme in the packaged KEGG/KEMET module catalogue.,TI.P4.D,1 block missing,1 block missing,#1565C0,P001,16,15,KEMET_lagoon_all_metagenomes_module_completeness_STATUS_3state.csv,scripts/generate_s38_s41_module_figures.py,Thematic catalogue then at least one Complete; display every original state in retained rows.
S38,M00121,"Heme biosynthesis, plants and bacteria, glutamate -> heme",Iron,Iron/heme-related module,None,Directly represents the requested iron theme in the packaged KEGG/KEMET module catalogue.,TI.P4.R,Complete,Complete,#2E7D32,P001,16,16,KEMET_lagoon_all_metagenomes_module_completeness_STATUS_3state.csv,scripts/generate_s38_s41_module_figures.py,Thematic catalogue then at least one Complete; display every original state in retained rows.
S38,M00121,"Heme biosynthesis, plants and bacteria, glutamate -> heme",Iron,Iron/heme-related module,None,Directly represents the requested iron theme in the packaged KEGG/KEMET module catalogue.,VI.P1.D,1 block missing,1 block missing,#1565C0,P001,16,17,KEMET_lagoon_all_metagenomes_module_completeness_STATUS_3state.csv,scripts/generate_s38_s41_module_figures.py,Thematic catalogue then at least one Complete; display every original state in retained rows.
S38,M00121,"Heme biosynthesis, plants and bacteria, glutamate -> heme",Iron,Iron/heme-related module,None,Directly represents the requested iron theme in the packaged KEGG/KEMET module catalogue.,VI.P1.R,1 block missing,1 block missing,#1565C0,P001,16,18,KEMET_lagoon_all_metagenomes_module_completeness_STATUS_3state.csv,scripts/generate_s38_s41_module_figures.py,Thematic catalogue then at least one Complete; display every original state in retained rows.
S38,M00121,"Heme biosynthesis, plants and bacteria, glutamate -> heme",Iron,Iron/heme-related module,None,Directly represents the requested iron theme in the packaged KEGG/KEMET module catalogue.,VI.P2.D,1 block missing,1 block missing,#1565C0,P001,16,19,KEMET_lagoon_all_metagenomes_module_completeness_STATUS_3state.csv,scripts/generate_s38_s41_module_figures.py,Thematic catalogue then at least one Complete; display every original state in retained rows.
S38,M00121,"Heme biosynthesis, plants and bacteria, glutamate -> heme",Iron,Iron/heme-related module,None,Directly represents the requested iron theme in the packaged KEGG/KEMET module catalogue.,VI.P2.R,1 block missing,1 block missing,#1565C0,P001,16,20,KEMET_lagoon_all_metagenomes_module_completeness_STATUS_3state.csv,scripts/generate_s38_s41_module_figures.py,Thematic catalogue then at least one Complete; display every original state in retained rows.
S38,M00144,"NADH:quinone oxidoreductase, prokaryotes",Iron,Direct Table S8 iron-biomarker intersection,K00338; K00340,Contains one or more KO biomarkers analysed in Supplementary Table 8 and belongs to a requested biogeochemical theme.,AM.P1.D,Complete,Complete,#2E7D32,P001,17,1,KEMET_lagoon_all_metagenomes_module_completeness_STATUS_3state.csv,scripts/generate_s38_s41_module_figures.py,Thematic catalogue then at least one Complete; display every original state in retained rows.
S38,M00144,"NADH:quinone oxidoreductase, prokaryotes",Iron,Direct Table S8 iron-biomarker intersection,K00338; K00340,Contains one or more KO biomarkers analysed in Supplementary Table 8 and belongs to a requested biogeochemical theme.,AM.P1.R,Complete,Complete,#2E7D32,P001,17,2,KEMET_lagoon_all_metagenomes_module_completeness_STATUS_3state.csv,scripts/generate_s38_s41_module_figures.py,Thematic catalogue then at least one Complete; display every original state in retained rows.
S38,M00144,"NADH:quinone oxidoreductase, prokaryotes",Iron,Direct Table S8 iron-biomarker intersection,K00338; K00340,Contains one or more KO biomarkers analysed in Supplementary Table 8 and belongs to a requested biogeochemical theme.,AM.P2.D,1 block missing,1 block missing,#1565C0,P001,17,3,KEMET_lagoon_all_metagenomes_module_completeness_STATUS_3state.csv,scripts/generate_s38_s41_module_figures.py,Thematic catalogue then at least one Complete; display every original state in retained rows.
S38,M00144,"NADH:quinone oxidoreductase, prokaryotes",Iron,Direct Table S8 iron-biomarker intersection,K00338; K00340,Contains one or more KO biomarkers analysed in Supplementary Table 8 and belongs to a requested biogeochemical theme.,AM.P2.R,1 block missing,1 block missing,#1565C0,P001,17,4,KEMET_lagoon_all_metagenomes_module_completeness_STATUS_3state.csv,scripts/generate_s38_s41_module_figures.py,Thematic catalogue then at least one Complete; display every original state in retained rows.
S38,M00144,"NADH:quinone oxidoreductase, prokaryotes",Iron,Direct Table S8 iron-biomarker intersection,K00338; K00340,Contains one or more KO biomarkers analysed in Supplementary Table 8 and belongs to a requested biogeochemical theme.,TIA.P1.D,Complete,Complete,#2E7D32,P001,17,5,KEMET_lagoon_all_metagenomes_module_completeness_STATUS_3state.csv,scripts/generate_s38_s41_module_figures.py,Thematic catalogue then at least one Complete; display every original state in retained rows.
S38,M00144,"NADH:quinone oxidoreductase, prokaryotes",Iron,Direct Table S8 iron-biomarker intersection,K00338; K00340,Contains one or more KO biomarkers analysed in Supplementary Table 8 and belongs to a requested biogeochemical theme.,TIA.P1.R,1 block missing,1 block missing,#1565C0,P001,17,6,KEMET_lagoon_all_metagenomes_module_completeness_STATUS_3state.csv,scripts/generate_s38_s41_module_figures.py,Thematic catalogue then at least one Complete; display every original state in retained rows.
S38,M00144,"NADH:quinone oxidoreductase, prokaryotes",Iron,Direct Table S8 iron-biomarker intersection,K00338; K00340,Contains one or more KO biomarkers analysed in Supplementary Table 8 and belongs to a requested biogeochemical theme.,TIA.P2.D,1 block missing,1 block missing,#1565C0,P001,17,7,KEMET_lagoon_all_metagenomes_module_completeness_STATUS_3state.csv,scripts/generate_s38_s41_module_figures.py,Thematic catalogue then at least one Complete; display every original state in retained rows.
S38,M00144,"NADH:quinone oxidoreductase, prokaryotes",Iron,Direct Table S8 iron-biomarker intersection,K00338; K00340,Contains one or more KO biomarkers analysed in Supplementary Table 8 and belongs to a requested biogeochemical theme.,TIA.P2.R,1 block missing,1 block missing,#1565C0,P001,17,8,KEMET_lagoon_all_metagenomes_module_completeness_STATUS_3state.csv,scripts/generate_s38_s41_module_figures.py,Thematic catalogue then at least one Complete; display every original state in retained rows.
S38,M00144,"NADH:quinone oxidoreductase, prokaryotes",Iron,Direct Table S8 iron-biomarker intersection,K00338; K00340,Contains one or more KO biomarkers analysed in Supplementary Table 8 and belongs to a requested biogeochemical theme.,TI.P1.D,Complete,Complete,#2E7D32,P001,17,9,KEMET_lagoon_all_metagenomes_module_completeness_STATUS_3state.csv,scripts/generate_s38_s41_module_figures.py,Thematic catalogue then at least one Complete; display every original state in retained rows.
S38,M00144,"NADH:quinone oxidoreductase, prokaryotes",Iron,Direct Table S8 iron-biomarker intersection,K00338; K00340,Contains one or more KO biomarkers analysed in Supplementary Table 8 and belongs to a requested biogeochemical theme.,TI.P1.R,1 block missing,1 block missing,#1565C0,P001,17,10,KEMET_lagoon_all_metagenomes_module_completeness_STATUS_3state.csv,scripts/generate_s38_s41_module_figures.py,Thematic catalogue then at least one Complete; display every original state in retained rows.
S38,M00144,"NADH:quinone oxidoreductase, prokaryotes",Iron,Direct Table S8 iron-biomarker intersection,K00338; K00340,Contains one or more KO biomarkers analysed in Supplementary Table 8 and belongs to a requested biogeochemical theme.,TI.P2.D,Complete,Complete,#2E7D32,P001,17,11,KEMET_lagoon_all_metagenomes_module_completeness_STATUS_3state.csv,scripts/generate_s38_s41_module_figures.py,Thematic catalogue then at least one Complete; display every original state in retained rows.
S38,M00144,"NADH:quinone oxidoreductase, prokaryotes",Iron,Direct Table S8 iron-biomarker intersection,K00338; K00340,Contains one or more KO biomarkers analysed in Supplementary Table 8 and belongs to a requested biogeochemical theme.,TI.P2.R,Complete,Complete,#2E7D32,P001,17,12,KEMET_lagoon_all_metagenomes_module_completeness_STATUS_3state.csv,scripts/generate_s38_s41_module_figures.py,Thematic catalogue then at least one Complete; display every original state in retained rows.
S38,M00144,"NADH:quinone oxidoreductase, prokaryotes",Iron,Direct Table S8 iron-biomarker intersection,K00338; K00340,Contains one or more KO biomarkers analysed in Supplementary Table 8 and belongs to a requested biogeochemical theme.,TI.P3.D,1 block missing,1 block missing,#1565C0,P001,17,13,KEMET_lagoon_all_metagenomes_module_completeness_STATUS_3state.csv,scripts/generate_s38_s41_module_figures.py,Thematic catalogue then at least one Complete; display every original state in retained rows.
S38,M00144,"NADH:quinone oxidoreductase, prokaryotes",Iron,Direct Table S8 iron-biomarker intersection,K00338; K00340,Contains one or more KO biomarkers analysed in Supplementary Table 8 and belongs to a requested biogeochemical theme.,TI.P3.R,1 block missing,1 block missing,#1565C0,P001,17,14,KEMET_lagoon_all_metagenomes_module_completeness_STATUS_3state.csv,scripts/generate_s38_s41_module_figures.py,Thematic catalogue then at least one Complete; display every original state in retained rows.
S38,M00144,"NADH:quinone oxidoreductase, prokaryotes",Iron,Direct Table S8 iron-biomarker intersection,K00338; K00340,Contains one or more KO biomarkers analysed in Supplementary Table 8 and belongs to a requested biogeochemical theme.,TI.P4.D,Complete,Complete,#2E7D32,P001,17,15,KEMET_lagoon_all_metagenomes_module_completeness_STATUS_3state.csv,scripts/generate_s38_s41_module_figures.py,Thematic catalogue then at least one Complete; display every original state in retained rows.
S38,M00144,"NADH:quinone oxidoreductase, prokaryotes",Iron,Direct Table S8 iron-biomarker intersection,K00338; K00340,Contains one or more KO biomarkers analysed in Supplementary Table 8 and belongs to a requested biogeochemical theme.,TI.P4.R,Complete,Complete,#2E7D32,P001,17,16,KEMET_lagoon_all_metagenomes_module_completeness_STATUS_3state.csv,scripts/generate_s38_s41_module_figures.py,Thematic catalogue then at least one Complete; display every original state in retained rows.
S38,M00144,"NADH:quinone oxidoreductase, prokaryotes",Iron,Direct Table S8 iron-biomarker intersection,K00338; K00340,Contains one or more KO biomarkers analysed in Supplementary Table 8 and belongs to a requested biogeochemical theme.,VI.P1.D,1 block missing,1 block missing,#1565C0,P001,17,17,KEMET_lagoon_all_metagenomes_module_completeness_STATUS_3state.csv,scripts/generate_s38_s41_module_figures.py,Thematic catalogue then at least one Complete; display every original state in retained rows.
S38,M00144,"NADH:quinone oxidoreductase, prokaryotes",Iron,Direct Table S8 iron-biomarker intersection,K00338; K00340,Contains one or more KO biomarkers analysed in Supplementary Table 8 and belongs to a requested biogeochemical theme.,VI.P1.R,Complete,Complete,#2E7D32,P001,17,18,KEMET_lagoon_all_metagenomes_module_completeness_STATUS_3state.csv,scripts/generate_s38_s41_module_figures.py,Thematic catalogue then at least one Complete; display every original state in retained rows.
S38,M00144,"NADH:quinone oxidoreductase, prokaryotes",Iron,Direct Table S8 iron-biomarker intersection,K00338; K00340,Contains one or more KO biomarkers analysed in Supplementary Table 8 and belongs to a requested biogeochemical theme.,VI.P2.D,1 block missing,1 block missing,#1565C0,P001,17,19,KEMET_lagoon_all_metagenomes_module_completeness_STATUS_3state.csv,scripts/generate_s38_s41_module_figures.py,Thematic catalogue then at least one Complete; display every original state in retained rows.
S38,M00144,"NADH:quinone oxidoreductase, prokaryotes",Iron,Direct Table S8 iron-biomarker intersection,K00338; K00340,Contains one or more KO biomarkers analysed in Supplementary Table 8 and belongs to a requested biogeochemical theme.,VI.P2.R,Complete,Complete,#2E7D32,P001,17,20,KEMET_lagoon_all_metagenomes_module_completeness_STATUS_3state.csv,scripts/generate_s38_s41_module_figures.py,Thematic catalogue then at least one Complete; display every original state in retained rows.
S38,M00151,Cytochrome bc1 complex respiratory unit,Iron,Direct Table S8 iron-biomarker intersection,K00410; K00411; K00412; K00413,Contains one or more KO biomarkers analysed in Supplementary Table 8 and belongs to a requested biogeochemical theme.,AM.P1.D,Complete,Complete,#2E7D32,P001,18,1,KEMET_lagoon_all_metagenomes_module_completeness_STATUS_3state.csv,scripts/generate_s38_s41_module_figures.py,Thematic catalogue then at least one Complete; display every original state in retained rows.
S38,M00151,Cytochrome bc1 complex respiratory unit,Iron,Direct Table S8 iron-biomarker intersection,K00410; K00411; K00412; K00413,Contains one or more KO biomarkers analysed in Supplementary Table 8 and belongs to a requested biogeochemical theme.,AM.P1.R,Complete,Complete,#2E7D32,P001,18,2,KEMET_lagoon_all_metagenomes_module_completeness_STATUS_3state.csv,scripts/generate_s38_s41_module_figures.py,Thematic catalogue then at least one Complete; display every original state in retained rows.
S38,M00151,Cytochrome bc1 complex respiratory unit,Iron,Direct Table S8 iron-biomarker intersection,K00410; K00411; K00412; K00413,Contains one or more KO biomarkers analysed in Supplementary Table 8 and belongs to a requested biogeochemical theme.,AM.P2.D,1 block missing,1 block missing,#1565C0,P001,18,3,KEMET_lagoon_all_metagenomes_module_completeness_STATUS_3state.csv,scripts/generate_s38_s41_module_figures.py,Thematic catalogue then at least one Complete; display every original state in retained rows.
S38,M00151,Cytochrome bc1 complex respiratory unit,Iron,Direct Table S8 iron-biomarker intersection,K00410; K00411; K00412; K00413,Contains one or more KO biomarkers analysed in Supplementary Table 8 and belongs to a requested biogeochemical theme.,AM.P2.R,Complete,Complete,#2E7D32,P001,18,4,KEMET_lagoon_all_metagenomes_module_completeness_STATUS_3state.csv,scripts/generate_s38_s41_module_figures.py,Thematic catalogue then at least one Complete; display every original state in retained rows.
S38,M00151,Cytochrome bc1 complex respiratory unit,Iron,Direct Table S8 iron-biomarker intersection,K00410; K00411; K00412; K00413,Contains one or more KO biomarkers analysed in Supplementary Table 8 and belongs to a requested biogeochemical theme.,TIA.P1.D,1 block missing,1 block missing,#1565C0,P001,18,5,KEMET_lagoon_all_metagenomes_module_completeness_STATUS_3state.csv,scripts/generate_s38_s41_module_figures.py,Thematic catalogue then at least one Complete; display every original state in retained rows.
S38,M00151,Cytochrome bc1 complex respiratory unit,Iron,Direct Table S8 iron-biomarker intersection,K00410; K00411; K00412; K00413,Contains one or more KO biomarkers analysed in Supplementary Table 8 and belongs to a requested biogeochemical theme.,TIA.P1.R,Complete,Complete,#2E7D32,P001,18,6,KEMET_lagoon_all_metagenomes_module_completeness_STATUS_3state.csv,scripts/generate_s38_s41_module_figures.py,Thematic catalogue then at least one Complete; display every original state in retained rows.
S38,M00151,Cytochrome bc1 complex respiratory unit,Iron,Direct Table S8 iron-biomarker intersection,K00410; K00411; K00412; K00413,Contains one or more KO biomarkers analysed in Supplementary Table 8 and belongs to a requested biogeochemical theme.,TIA.P2.D,1 block missing,1 block missing,#1565C0,P001,18,7,KEMET_lagoon_all_metagenomes_module_completeness_STATUS_3state.csv,scripts/generate_s38_s41_module_figures.py,Thematic catalogue then at least one Complete; display every original state in retained rows.
S38,M00151,Cytochrome bc1 complex respiratory unit,Iron,Direct Table S8 iron-biomarker intersection,K00410; K00411; K00412; K00413,Contains one or more KO biomarkers analysed in Supplementary Table 8 and belongs to a requested biogeochemical theme.,TIA.P2.R,1 block missing,1 block missing,#1565C0,P001,18,8,KEMET_lagoon_all_metagenomes_module_completeness_STATUS_3state.csv,scripts/generate_s38_s41_module_figures.py,Thematic catalogue then at least one Complete; display every original state in retained rows.
S38,M00151,Cytochrome bc1 complex respiratory unit,Iron,Direct Table S8 iron-biomarker intersection,K00410; K00411; K00412; K00413,Contains one or more KO biomarkers analysed in Supplementary Table 8 and belongs to a requested biogeochemical theme.,TI.P1.D,Complete,Complete,#2E7D32,P001,18,9,KEMET_lagoon_all_metagenomes_module_completeness_STATUS_3state.csv,scripts/generate_s38_s41_module_figures.py,Thematic catalogue then at least one Complete; display every original state in retained rows.
S38,M00151,Cytochrome bc1 complex respiratory unit,Iron,Direct Table S8 iron-biomarker intersection,K00410; K00411; K00412; K00413,Contains one or more KO biomarkers analysed in Supplementary Table 8 and belongs to a requested biogeochemical theme.,TI.P1.R,1 block missing,1 block missing,#1565C0,P001,18,10,KEMET_lagoon_all_metagenomes_module_completeness_STATUS_3state.csv,scripts/generate_s38_s41_module_figures.py,Thematic catalogue then at least one Complete; display every original state in retained rows.
S38,M00151,Cytochrome bc1 complex respiratory unit,Iron,Direct Table S8 iron-biomarker intersection,K00410; K00411; K00412; K00413,Contains one or more KO biomarkers analysed in Supplementary Table 8 and belongs to a requested biogeochemical theme.,TI.P2.D,1 block missing,1 block missing,#1565C0,P001,18,11,KEMET_lagoon_all_metagenomes_module_completeness_STATUS_3state.csv,scripts/generate_s38_s41_module_figures.py,Thematic catalogue then at least one Complete; display every original state in retained rows.
S38,M00151,Cytochrome bc1 complex respiratory unit,Iron,Direct Table S8 iron-biomarker intersection,K00410; K00411; K00412; K00413,Contains one or more KO biomarkers analysed in Supplementary Table 8 and belongs to a requested biogeochemical theme.,TI.P2.R,1 block missing,1 block missing,#1565C0,P001,18,12,KEMET_lagoon_all_metagenomes_module_completeness_STATUS_3state.csv,scripts/generate_s38_s41_module_figures.py,Thematic catalogue then at least one Complete; display every original state in retained rows.
S38,M00151,Cytochrome bc1 complex respiratory unit,Iron,Direct Table S8 iron-biomarker intersection,K00410; K00411; K00412; K00413,Contains one or more KO biomarkers analysed in Supplementary Table 8 and belongs to a requested biogeochemical theme.,TI.P3.D,1 block missing,1 block missing,#1565C0,P001,18,13,KEMET_lagoon_all_metagenomes_module_completeness_STATUS_3state.csv,scripts/generate_s38_s41_module_figures.py,Thematic catalogue then at least one Complete; display every original state in retained rows.
S38,M00151,Cytochrome bc1 complex respiratory unit,Iron,Direct Table S8 iron-biomarker intersection,K00410; K00411; K00412; K00413,Contains one or more KO biomarkers analysed in Supplementary Table 8 and belongs to a requested biogeochemical theme.,TI.P3.R,1 block missing,1 block missing,#1565C0,P001,18,14,KEMET_lagoon_all_metagenomes_module_completeness_STATUS_3state.csv,scripts/generate_s38_s41_module_figures.py,Thematic catalogue then at least one Complete; display every original state in retained rows.
S38,M00151,Cytochrome bc1 complex respiratory unit,Iron,Direct Table S8 iron-biomarker intersection,K00410; K00411; K00412; K00413,Contains one or more KO biomarkers analysed in Supplementary Table 8 and belongs to a requested biogeochemical theme.,TI.P4.D,Complete,Complete,#2E7D32,P001,18,15,KEMET_lagoon_all_metagenomes_module_completeness_STATUS_3state.csv,scripts/generate_s38_s41_module_figures.py,Thematic catalogue then at least one Complete; display every original state in retained rows.
S38,M00151,Cytochrome bc1 complex respiratory unit,Iron,Direct Table S8 iron-biomarker intersection,K00410; K00411; K00412; K00413,Contains one or more KO biomarkers analysed in Supplementary Table 8 and belongs to a requested biogeochemical theme.,TI.P4.R,1 block missing,1 block missing,#1565C0,P001,18,16,KEMET_lagoon_all_metagenomes_module_completeness_STATUS_3state.csv,scripts/generate_s38_s41_module_figures.py,Thematic catalogue then at least one Complete; display every original state in retained rows.
S38,M00151,Cytochrome bc1 complex respiratory unit,Iron,Direct Table S8 iron-biomarker intersection,K00410; K00411; K00412; K00413,Contains one or more KO biomarkers analysed in Supplementary Table 8 and belongs to a requested biogeochemical theme.,VI.P1.D,1 block missing,1 block missing,#1565C0,P001,18,17,KEMET_lagoon_all_metagenomes_module_completeness_STATUS_3state.csv,scripts/generate_s38_s41_module_figures.py,Thematic catalogue then at least one Complete; display every original state in retained rows.
S38,M00151,Cytochrome bc1 complex respiratory unit,Iron,Direct Table S8 iron-biomarker intersection,K00410; K00411; K00412; K00413,Contains one or more KO biomarkers analysed in Supplementary Table 8 and belongs to a requested biogeochemical theme.,VI.P1.R,1 block missing,1 block missing,#1565C0,P001,18,18,KEMET_lagoon_all_metagenomes_module_completeness_STATUS_3state.csv,scripts/generate_s38_s41_module_figures.py,Thematic catalogue then at least one Complete; display every original state in retained rows.
S38,M00151,Cytochrome bc1 complex respiratory unit,Iron,Direct Table S8 iron-biomarker intersection,K00410; K00411; K00412; K00413,Contains one or more KO biomarkers analysed in Supplementary Table 8 and belongs to a requested biogeochemical theme.,VI.P2.D,1 block missing,1 block missing,#1565C0,P001,18,19,KEMET_lagoon_all_metagenomes_module_completeness_STATUS_3state.csv,scripts/generate_s38_s41_module_figures.py,Thematic catalogue then at least one Complete; display every original state in retained rows.
S38,M00151,Cytochrome bc1 complex respiratory unit,Iron,Direct Table S8 iron-biomarker intersection,K00410; K00411; K00412; K00413,Contains one or more KO biomarkers analysed in Supplementary Table 8 and belongs to a requested biogeochemical theme.,VI.P2.R,1 block missing,1 block missing,#1565C0,P001,18,20,KEMET_lagoon_all_metagenomes_module_completeness_STATUS_3state.csv,scripts/generate_s38_s41_module_figures.py,Thematic catalogue then at least one Complete; display every original state in retained rows.
S38,M00155,"Cytochrome c oxidase, prokaryotes",Iron,Direct Table S8 iron-biomarker intersection,K02274; K02275; K02276; K02277,Contains one or more KO biomarkers analysed in Supplementary Table 8 and belongs to a requested biogeochemical theme.,AM.P1.D,Complete,Complete,#2E7D32,P001,19,1,KEMET_lagoon_all_metagenomes_module_completeness_STATUS_3state.csv,scripts/generate_s38_s41_module_figures.py,Thematic catalogue then at least one Complete; display every original state in retained rows.
S38,M00155,"Cytochrome c oxidase, prokaryotes",Iron,Direct Table S8 iron-biomarker intersection,K02274; K02275; K02276; K02277,Contains one or more KO biomarkers analysed in Supplementary Table 8 and belongs to a requested biogeochemical theme.,AM.P1.R,Complete,Complete,#2E7D32,P001,19,2,KEMET_lagoon_all_metagenomes_module_completeness_STATUS_3state.csv,scripts/generate_s38_s41_module_figures.py,Thematic catalogue then at least one Complete; display every original state in retained rows.
S38,M00155,"Cytochrome c oxidase, prokaryotes",Iron,Direct Table S8 iron-biomarker intersection,K02274; K02275; K02276; K02277,Contains one or more KO biomarkers analysed in Supplementary Table 8 and belongs to a requested biogeochemical theme.,AM.P2.D,1 block missing,1 block missing,#1565C0,P001,19,3,KEMET_lagoon_all_metagenomes_module_completeness_STATUS_3state.csv,scripts/generate_s38_s41_module_figures.py,Thematic catalogue then at least one Complete; display every original state in retained rows.
S38,M00155,"Cytochrome c oxidase, prokaryotes",Iron,Direct Table S8 iron-biomarker intersection,K02274; K02275; K02276; K02277,Contains one or more KO biomarkers analysed in Supplementary Table 8 and belongs to a requested biogeochemical theme.,AM.P2.R,Complete,Complete,#2E7D32,P001,19,4,KEMET_lagoon_all_metagenomes_module_completeness_STATUS_3state.csv,scripts/generate_s38_s41_module_figures.py,Thematic catalogue then at least one Complete; display every original state in retained rows.
S38,M00155,"Cytochrome c oxidase, prokaryotes",Iron,Direct Table S8 iron-biomarker intersection,K02274; K02275; K02276; K02277,Contains one or more KO biomarkers analysed in Supplementary Table 8 and belongs to a requested biogeochemical theme.,TIA.P1.D,Complete,Complete,#2E7D32,P001,19,5,KEMET_lagoon_all_metagenomes_module_completeness_STATUS_3state.csv,scripts/generate_s38_s41_module_figures.py,Thematic catalogue then at least one Complete; display every original state in retained rows.
S38,M00155,"Cytochrome c oxidase, prokaryotes",Iron,Direct Table S8 iron-biomarker intersection,K02274; K02275; K02276; K02277,Contains one or more KO biomarkers analysed in Supplementary Table 8 and belongs to a requested biogeochemical theme.,TIA.P1.R,Complete,Complete,#2E7D32,P001,19,6,KEMET_lagoon_all_metagenomes_module_completeness_STATUS_3state.csv,scripts/generate_s38_s41_module_figures.py,Thematic catalogue then at least one Complete; display every original state in retained rows.
S38,M00155,"Cytochrome c oxidase, prokaryotes",Iron,Direct Table S8 iron-biomarker intersection,K02274; K02275; K02276; K02277,Contains one or more KO biomarkers analysed in Supplementary Table 8 and belongs to a requested biogeochemical theme.,TIA.P2.D,Complete,Complete,#2E7D32,P001,19,7,KEMET_lagoon_all_metagenomes_module_completeness_STATUS_3state.csv,scripts/generate_s38_s41_module_figures.py,Thematic catalogue then at least one Complete; display every original state in retained rows.
S38,M00155,"Cytochrome c oxidase, prokaryotes",Iron,Direct Table S8 iron-biomarker intersection,K02274; K02275; K02276; K02277,Contains one or more KO biomarkers analysed in Supplementary Table 8 and belongs to a requested biogeochemical theme.,TIA.P2.R,Complete,Complete,#2E7D32,P001,19,8,KEMET_lagoon_all_metagenomes_module_completeness_STATUS_3state.csv,scripts/generate_s38_s41_module_figures.py,Thematic catalogue then at least one Complete; display every original state in retained rows.
S38,M00155,"Cytochrome c oxidase, prokaryotes",Iron,Direct Table S8 iron-biomarker intersection,K02274; K02275; K02276; K02277,Contains one or more KO biomarkers analysed in Supplementary Table 8 and belongs to a requested biogeochemical theme.,TI.P1.D,Complete,Complete,#2E7D32,P001,19,9,KEMET_lagoon_all_metagenomes_module_completeness_STATUS_3state.csv,scripts/generate_s38_s41_module_figures.py,Thematic catalogue then at least one Complete; display every original state in retained rows.
S38,M00155,"Cytochrome c oxidase, prokaryotes",Iron,Direct Table S8 iron-biomarker intersection,K02274; K02275; K02276; K02277,Contains one or more KO biomarkers analysed in Supplementary Table 8 and belongs to a requested biogeochemical theme.,TI.P1.R,Complete,Complete,#2E7D32,P001,19,10,KEMET_lagoon_all_metagenomes_module_completeness_STATUS_3state.csv,scripts/generate_s38_s41_module_figures.py,Thematic catalogue then at least one Complete; display every original state in retained rows.
S38,M00155,"Cytochrome c oxidase, prokaryotes",Iron,Direct Table S8 iron-biomarker intersection,K02274; K02275; K02276; K02277,Contains one or more KO biomarkers analysed in Supplementary Table 8 and belongs to a requested biogeochemical theme.,TI.P2.D,Complete,Complete,#2E7D32,P001,19,11,KEMET_lagoon_all_metagenomes_module_completeness_STATUS_3state.csv,scripts/generate_s38_s41_module_figures.py,Thematic catalogue then at least one Complete; display every original state in retained rows.
S38,M00155,"Cytochrome c oxidase, prokaryotes",Iron,Direct Table S8 iron-biomarker intersection,K02274; K02275; K02276; K02277,Contains one or more KO biomarkers analysed in Supplementary Table 8 and belongs to a requested biogeochemical theme.,TI.P2.R,Complete,Complete,#2E7D32,P001,19,12,KEMET_lagoon_all_metagenomes_module_completeness_STATUS_3state.csv,scripts/generate_s38_s41_module_figures.py,Thematic catalogue then at least one Complete; display every original state in retained rows.
S38,M00155,"Cytochrome c oxidase, prokaryotes",Iron,Direct Table S8 iron-biomarker intersection,K02274; K02275; K02276; K02277,Contains one or more KO biomarkers analysed in Supplementary Table 8 and belongs to a requested biogeochemical theme.,TI.P3.D,Complete,Complete,#2E7D32,P001,19,13,KEMET_lagoon_all_metagenomes_module_completeness_STATUS_3state.csv,scripts/generate_s38_s41_module_figures.py,Thematic catalogue then at least one Complete; display every original state in retained rows.
S38,M00155,"Cytochrome c oxidase, prokaryotes",Iron,Direct Table S8 iron-biomarker intersection,K02274; K02275; K02276; K02277,Contains one or more KO biomarkers analysed in Supplementary Table 8 and belongs to a requested biogeochemical theme.,TI.P3.R,1 block missing,1 block missing,#1565C0,P001,19,14,KEMET_lagoon_all_metagenomes_module_completeness_STATUS_3state.csv,scripts/generate_s38_s41_module_figures.py,Thematic catalogue then at least one Complete; display every original state in retained rows.
S38,M00155,"Cytochrome c oxidase, prokaryotes",Iron,Direct Table S8 iron-biomarker intersection,K02274; K02275; K02276; K02277,Contains one or more KO biomarkers analysed in Supplementary Table 8 and belongs to a requested biogeochemical theme.,TI.P4.D,Complete,Complete,#2E7D32,P001,19,15,KEMET_lagoon_all_metagenomes_module_completeness_STATUS_3state.csv,scripts/generate_s38_s41_module_figures.py,Thematic catalogue then at least one Complete; display every original state in retained rows.
S38,M00155,"Cytochrome c oxidase, prokaryotes",Iron,Direct Table S8 iron-biomarker intersection,K02274; K02275; K02276; K02277,Contains one or more KO biomarkers analysed in Supplementary Table 8 and belongs to a requested biogeochemical theme.,TI.P4.R,1 block missing,1 block missing,#1565C0,P001,19,16,KEMET_lagoon_all_metagenomes_module_completeness_STATUS_3state.csv,scripts/generate_s38_s41_module_figures.py,Thematic catalogue then at least one Complete; display every original state in retained rows.
S38,M00155,"Cytochrome c oxidase, prokaryotes",Iron,Direct Table S8 iron-biomarker intersection,K02274; K02275; K02276; K02277,Contains one or more KO biomarkers analysed in Supplementary Table 8 and belongs to a requested biogeochemical theme.,VI.P1.D,Complete,Complete,#2E7D32,P001,19,17,KEMET_lagoon_all_metagenomes_module_completeness_STATUS_3state.csv,scripts/generate_s38_s41_module_figures.py,Thematic catalogue then at least one Complete; display every original state in retained rows.
S38,M00155,"Cytochrome c oxidase, prokaryotes",Iron,Direct Table S8 iron-biomarker intersection,K02274; K02275; K02276; K02277,Contains one or more KO biomarkers analysed in Supplementary Table 8 and belongs to a requested biogeochemical theme.,VI.P1.R,Complete,Complete,#2E7D32,P001,19,18,KEMET_lagoon_all_metagenomes_module_completeness_STATUS_3state.csv,scripts/generate_s38_s41_module_figures.py,Thematic catalogue then at least one Complete; display every original state in retained rows.
S38,M00155,"Cytochrome c oxidase, prokaryotes",Iron,Direct Table S8 iron-biomarker intersection,K02274; K02275; K02276; K02277,Contains one or more KO biomarkers analysed in Supplementary Table 8 and belongs to a requested biogeochemical theme.,VI.P2.D,Complete,Complete,#2E7D32,P001,19,19,KEMET_lagoon_all_metagenomes_module_completeness_STATUS_3state.csv,scripts/generate_s38_s41_module_figures.py,Thematic catalogue then at least one Complete; display every original state in retained rows.
S38,M00155,"Cytochrome c oxidase, prokaryotes",Iron,Direct Table S8 iron-biomarker intersection,K02274; K02275; K02276; K02277,Contains one or more KO biomarkers analysed in Supplementary Table 8 and belongs to a requested biogeochemical theme.,VI.P2.R,1 block missing,1 block missing,#1565C0,P001,19,20,KEMET_lagoon_all_metagenomes_module_completeness_STATUS_3state.csv,scripts/generate_s38_s41_module_figures.py,Thematic catalogue then at least one Complete; display every original state in retained rows.
S38,M00868,"Heme biosynthesis, animals and fungi, glycine -> heme",Iron,Iron/heme-related module,None,Directly represents the requested iron theme in the packaged KEGG/KEMET module catalogue.,AM.P1.D,Incomplete,Incomplete,#C62828,P001,20,1,KEMET_lagoon_all_metagenomes_module_completeness_STATUS_3state.csv,scripts/generate_s38_s41_module_figures.py,Thematic catalogue then at least one Complete; display every original state in retained rows.
S38,M00868,"Heme biosynthesis, animals and fungi, glycine -> heme",Iron,Iron/heme-related module,None,Directly represents the requested iron theme in the packaged KEGG/KEMET module catalogue.,AM.P1.R,Complete,Complete,#2E7D32,P001,20,2,KEMET_lagoon_all_metagenomes_module_completeness_STATUS_3state.csv,scripts/generate_s38_s41_module_figures.py,Thematic catalogue then at least one Complete; display every original state in retained rows.
S38,M00868,"Heme biosynthesis, animals and fungi, glycine -> heme",Iron,Iron/heme-related module,None,Directly represents the requested iron theme in the packaged KEGG/KEMET module catalogue.,AM.P2.D,Incomplete,Incomplete,#C62828,P001,20,3,KEMET_lagoon_all_metagenomes_module_completeness_STATUS_3state.csv,scripts/generate_s38_s41_module_figures.py,Thematic catalogue then at least one Complete; display every original state in retained rows.
S38,M00868,"Heme biosynthesis, animals and fungi, glycine -> heme",Iron,Iron/heme-related module,None,Directly represents the requested iron theme in the packaged KEGG/KEMET module catalogue.,AM.P2.R,1 block missing,1 block missing,#1565C0,P001,20,4,KEMET_lagoon_all_metagenomes_module_completeness_STATUS_3state.csv,scripts/generate_s38_s41_module_figures.py,Thematic catalogue then at least one Complete; display every original state in retained rows.
S38,M00868,"Heme biosynthesis, animals and fungi, glycine -> heme",Iron,Iron/heme-related module,None,Directly represents the requested iron theme in the packaged KEGG/KEMET module catalogue.,TIA.P1.D,Incomplete,Incomplete,#C62828,P001,20,5,KEMET_lagoon_all_metagenomes_module_completeness_STATUS_3state.csv,scripts/generate_s38_s41_module_figures.py,Thematic catalogue then at least one Complete; display every original state in retained rows.
S38,M00868,"Heme biosynthesis, animals and fungi, glycine -> heme",Iron,Iron/heme-related module,None,Directly represents the requested iron theme in the packaged KEGG/KEMET module catalogue.,TIA.P1.R,Incomplete,Incomplete,#C62828,P001,20,6,KEMET_lagoon_all_metagenomes_module_completeness_STATUS_3state.csv,scripts/generate_s38_s41_module_figures.py,Thematic catalogue then at least one Complete; display every original state in retained rows.
S38,M00868,"Heme biosynthesis, animals and fungi, glycine -> heme",Iron,Iron/heme-related module,None,Directly represents the requested iron theme in the packaged KEGG/KEMET module catalogue.,TIA.P2.D,Incomplete,Incomplete,#C62828,P001,20,7,KEMET_lagoon_all_metagenomes_module_completeness_STATUS_3state.csv,scripts/generate_s38_s41_module_figures.py,Thematic catalogue then at least one Complete; display every original state in retained rows.
S38,M00868,"Heme biosynthesis, animals and fungi, glycine -> heme",Iron,Iron/heme-related module,None,Directly represents the requested iron theme in the packaged KEGG/KEMET module catalogue.,TIA.P2.R,Incomplete,Incomplete,#C62828,P001,20,8,KEMET_lagoon_all_metagenomes_module_completeness_STATUS_3state.csv,scripts/generate_s38_s41_module_figures.py,Thematic catalogue then at least one Complete; display every original state in retained rows.
S38,M00868,"Heme biosynthesis, animals and fungi, glycine -> heme",Iron,Iron/heme-related module,None,Directly represents the requested iron theme in the packaged KEGG/KEMET module catalogue.,TI.P1.D,Complete,Complete,#2E7D32,P001,20,9,KEMET_lagoon_all_metagenomes_module_completeness_STATUS_3state.csv,scripts/generate_s38_s41_module_figures.py,Thematic catalogue then at least one Complete; display every original state in retained rows.
S38,M00868,"Heme biosynthesis, animals and fungi, glycine -> heme",Iron,Iron/heme-related module,None,Directly represents the requested iron theme in the packaged KEGG/KEMET module catalogue.,TI.P1.R,Incomplete,Incomplete,#C62828,P001,20,10,KEMET_lagoon_all_metagenomes_module_completeness_STATUS_3state.csv,scripts/generate_s38_s41_module_figures.py,Thematic catalogue then at least one Complete; display every original state in retained rows.
S38,M00868,"Heme biosynthesis, animals and fungi, glycine -> heme",Iron,Iron/heme-related module,None,Directly represents the requested iron theme in the packaged KEGG/KEMET module catalogue.,TI.P2.D,Incomplete,Incomplete,#C62828,P001,20,11,KEMET_lagoon_all_metagenomes_module_completeness_STATUS_3state.csv,scripts/generate_s38_s41_module_figures.py,Thematic catalogue then at least one Complete; display every original state in retained rows.
S38,M00868,"Heme biosynthesis, animals and fungi, glycine -> heme",Iron,Iron/heme-related module,None,Directly represents the requested iron theme in the packaged KEGG/KEMET module catalogue.,TI.P2.R,1 block missing,1 block missing,#1565C0,P001,20,12,KEMET_lagoon_all_metagenomes_module_completeness_STATUS_3state.csv,scripts/generate_s38_s41_module_figures.py,Thematic catalogue then at least one Complete; display every original state in retained rows.
S38,M00868,"Heme biosynthesis, animals and fungi, glycine -> heme",Iron,Iron/heme-related module,None,Directly represents the requested iron theme in the packaged KEGG/KEMET module catalogue.,TI.P3.D,Incomplete,Incomplete,#C62828,P001,20,13,KEMET_lagoon_all_metagenomes_module_completeness_STATUS_3state.csv,scripts/generate_s38_s41_module_figures.py,Thematic catalogue then at least one Complete; display every original state in retained rows.
S38,M00868,"Heme biosynthesis, animals and fungi, glycine -> heme",Iron,Iron/heme-related module,None,Directly represents the requested iron theme in the packaged KEGG/KEMET module catalogue.,TI.P3.R,Incomplete,Incomplete,#C62828,P001,20,14,KEMET_lagoon_all_metagenomes_module_completeness_STATUS_3state.csv,scripts/generate_s38_s41_module_figures.py,Thematic catalogue then at least one Complete; display every original state in retained rows.
S38,M00868,"Heme biosynthesis, animals and fungi, glycine -> heme",Iron,Iron/heme-related module,None,Directly represents the requested iron theme in the packaged KEGG/KEMET module catalogue.,TI.P4.D,Incomplete,Incomplete,#C62828,P001,20,15,KEMET_lagoon_all_metagenomes_module_completeness_STATUS_3state.csv,scripts/generate_s38_s41_module_figures.py,Thematic catalogue then at least one Complete; display every original state in retained rows.
S38,M00868,"Heme biosynthesis, animals and fungi, glycine -> heme",Iron,Iron/heme-related module,None,Directly represents the requested iron theme in the packaged KEGG/KEMET module catalogue.,TI.P4.R,1 block missing,1 block missing,#1565C0,P001,20,16,KEMET_lagoon_all_metagenomes_module_completeness_STATUS_3state.csv,scripts/generate_s38_s41_module_figures.py,Thematic catalogue then at least one Complete; display every original state in retained rows.
S38,M00868,"Heme biosynthesis, animals and fungi, glycine -> heme",Iron,Iron/heme-related module,None,Directly represents the requested iron theme in the packaged KEGG/KEMET module catalogue.,VI.P1.D,Incomplete,Incomplete,#C62828,P001,20,17,KEMET_lagoon_all_metagenomes_module_completeness_STATUS_3state.csv,scripts/generate_s38_s41_module_figures.py,Thematic catalogue then at least one Complete; display every original state in retained rows.
S38,M00868,"Heme biosynthesis, animals and fungi, glycine -> heme",Iron,Iron/heme-related module,None,Directly represents the requested iron theme in the packaged KEGG/KEMET module catalogue.,VI.P1.R,Incomplete,Incomplete,#C62828,P001,20,18,KEMET_lagoon_all_metagenomes_module_completeness_STATUS_3state.csv,scripts/generate_s38_s41_module_figures.py,Thematic catalogue then at least one Complete; display every original state in retained rows.
S38,M00868,"Heme biosynthesis, animals and fungi, glycine -> heme",Iron,Iron/heme-related module,None,Directly represents the requested iron theme in the packaged KEGG/KEMET module catalogue.,VI.P2.D,1 block missing,1 block missing,#1565C0,P001,20,19,KEMET_lagoon_all_metagenomes_module_completeness_STATUS_3state.csv,scripts/generate_s38_s41_module_figures.py,Thematic catalogue then at least one Complete; display every original state in retained rows.
S38,M00868,"Heme biosynthesis, animals and fungi, glycine -> heme",Iron,Iron/heme-related module,None,Directly represents the requested iron theme in the packaged KEGG/KEMET module catalogue.,VI.P2.R,Incomplete,Incomplete,#C62828,P001,20,20,KEMET_lagoon_all_metagenomes_module_completeness_STATUS_3state.csv,scripts/generate_s38_s41_module_figures.py,Thematic catalogue then at least one Complete; display every original state in retained rows.
S38,M00926,Heme biosynthesis bacteria,Iron,Iron/heme-related module,None,Directly represents the requested iron theme in the packaged KEGG/KEMET module catalogue.,AM.P1.D,Complete,Complete,#2E7D32,P001,21,1,KEMET_lagoon_all_metagenomes_module_completeness_STATUS_3state.csv,scripts/generate_s38_s41_module_figures.py,Thematic catalogue then at least one Complete; display every original state in retained rows.
S38,M00926,Heme biosynthesis bacteria,Iron,Iron/heme-related module,None,Directly represents the requested iron theme in the packaged KEGG/KEMET module catalogue.,AM.P1.R,Complete,Complete,#2E7D32,P001,21,2,KEMET_lagoon_all_metagenomes_module_completeness_STATUS_3state.csv,scripts/generate_s38_s41_module_figures.py,Thematic catalogue then at least one Complete; display every original state in retained rows.
S38,M00926,Heme biosynthesis bacteria,Iron,Iron/heme-related module,None,Directly represents the requested iron theme in the packaged KEGG/KEMET module catalogue.,AM.P2.D,Incomplete,Incomplete,#C62828,P001,21,3,KEMET_lagoon_all_metagenomes_module_completeness_STATUS_3state.csv,scripts/generate_s38_s41_module_figures.py,Thematic catalogue then at least one Complete; display every original state in retained rows.
S38,M00926,Heme biosynthesis bacteria,Iron,Iron/heme-related module,None,Directly represents the requested iron theme in the packaged KEGG/KEMET module catalogue.,AM.P2.R,Complete,Complete,#2E7D32,P001,21,4,KEMET_lagoon_all_metagenomes_module_completeness_STATUS_3state.csv,scripts/generate_s38_s41_module_figures.py,Thematic catalogue then at least one Complete; display every original state in retained rows.
S38,M00926,Heme biosynthesis bacteria,Iron,Iron/heme-related module,None,Directly represents the requested iron theme in the packaged KEGG/KEMET module catalogue.,TIA.P1.D,1 block missing,1 block missing,#1565C0,P001,21,5,KEMET_lagoon_all_metagenomes_module_completeness_STATUS_3state.csv,scripts/generate_s38_s41_module_figures.py,Thematic catalogue then at least one Complete; display every original state in retained rows.
S38,M00926,Heme biosynthesis bacteria,Iron,Iron/heme-related module,None,Directly represents the requested iron theme in the packaged KEGG/KEMET module catalogue.,TIA.P1.R,1 block missing,1 block missing,#1565C0,P001,21,6,KEMET_lagoon_all_metagenomes_module_completeness_STATUS_3state.csv,scripts/generate_s38_s41_module_figures.py,Thematic catalogue then at least one Complete; display every original state in retained rows.
S38,M00926,Heme biosynthesis bacteria,Iron,Iron/heme-related module,None,Directly represents the requested iron theme in the packaged KEGG/KEMET module catalogue.,TIA.P2.D,1 block missing,1 block missing,#1565C0,P001,21,7,KEMET_lagoon_all_metagenomes_module_completeness_STATUS_3state.csv,scripts/generate_s38_s41_module_figures.py,Thematic catalogue then at least one Complete; display every original state in retained rows.
S38,M00926,Heme biosynthesis bacteria,Iron,Iron/heme-related module,None,Directly represents the requested iron theme in the packaged KEGG/KEMET module catalogue.,TIA.P2.R,Incomplete,Incomplete,#C62828,P001,21,8,KEMET_lagoon_all_metagenomes_module_completeness_STATUS_3state.csv,scripts/generate_s38_s41_module_figures.py,Thematic catalogue then at least one Complete; display every original state in retained rows.
S38,M00926,Heme biosynthesis bacteria,Iron,Iron/heme-related module,None,Directly represents the requested iron theme in the packaged KEGG/KEMET module catalogue.,TI.P1.D,1 block missing,1 block missing,#1565C0,P001,21,9,KEMET_lagoon_all_metagenomes_module_completeness_STATUS_3state.csv,scripts/generate_s38_s41_module_figures.py,Thematic catalogue then at least one Complete; display every original state in retained rows.
S38,M00926,Heme biosynthesis bacteria,Iron,Iron/heme-related module,None,Directly represents the requested iron theme in the packaged KEGG/KEMET module catalogue.,TI.P1.R,1 block missing,1 block missing,#1565C0,P001,21,10,KEMET_lagoon_all_metagenomes_module_completeness_STATUS_3state.csv,scripts/generate_s38_s41_module_figures.py,Thematic catalogue then at least one Complete; display every original state in retained rows.
S38,M00926,Heme biosynthesis bacteria,Iron,Iron/heme-related module,None,Directly represents the requested iron theme in the packaged KEGG/KEMET module catalogue.,TI.P2.D,1 block missing,1 block missing,#1565C0,P001,21,11,KEMET_lagoon_all_metagenomes_module_completeness_STATUS_3state.csv,scripts/generate_s38_s41_module_figures.py,Thematic catalogue then at least one Complete; display every original state in retained rows.
S38,M00926,Heme biosynthesis bacteria,Iron,Iron/heme-related module,None,Directly represents the requested iron theme in the packaged KEGG/KEMET module catalogue.,TI.P2.R,1 block missing,1 block missing,#1565C0,P001,21,12,KEMET_lagoon_all_metagenomes_module_completeness_STATUS_3state.csv,scripts/generate_s38_s41_module_figures.py,Thematic catalogue then at least one Complete; display every original state in retained rows.
S38,M00926,Heme biosynthesis bacteria,Iron,Iron/heme-related module,None,Directly represents the requested iron theme in the packaged KEGG/KEMET module catalogue.,TI.P3.D,Complete,Complete,#2E7D32,P001,21,13,KEMET_lagoon_all_metagenomes_module_completeness_STATUS_3state.csv,scripts/generate_s38_s41_module_figures.py,Thematic catalogue then at least one Complete; display every original state in retained rows.
S38,M00926,Heme biosynthesis bacteria,Iron,Iron/heme-related module,None,Directly represents the requested iron theme in the packaged KEGG/KEMET module catalogue.,TI.P3.R,1 block missing,1 block missing,#1565C0,P001,21,14,KEMET_lagoon_all_metagenomes_module_completeness_STATUS_3state.csv,scripts/generate_s38_s41_module_figures.py,Thematic catalogue then at least one Complete; display every original state in retained rows.
S38,M00926,Heme biosynthesis bacteria,Iron,Iron/heme-related module,None,Directly represents the requested iron theme in the packaged KEGG/KEMET module catalogue.,TI.P4.D,Incomplete,Incomplete,#C62828,P001,21,15,KEMET_lagoon_all_metagenomes_module_completeness_STATUS_3state.csv,scripts/generate_s38_s41_module_figures.py,Thematic catalogue then at least one Complete; display every original state in retained rows.
S38,M00926,Heme biosynthesis bacteria,Iron,Iron/heme-related module,None,Directly represents the requested iron theme in the packaged KEGG/KEMET module catalogue.,TI.P4.R,1 block missing,1 block missing,#1565C0,P001,21,16,KEMET_lagoon_all_metagenomes_module_completeness_STATUS_3state.csv,scripts/generate_s38_s41_module_figures.py,Thematic catalogue then at least one Complete; display every original state in retained rows.
S38,M00926,Heme biosynthesis bacteria,Iron,Iron/heme-related module,None,Directly represents the requested iron theme in the packaged KEGG/KEMET module catalogue.,VI.P1.D,1 block missing,1 block missing,#1565C0,P001,21,17,KEMET_lagoon_all_metagenomes_module_completeness_STATUS_3state.csv,scripts/generate_s38_s41_module_figures.py,Thematic catalogue then at least one Complete; display every original state in retained rows.
S38,M00926,Heme biosynthesis bacteria,Iron,Iron/heme-related module,None,Directly represents the requested iron theme in the packaged KEGG/KEMET module catalogue.,VI.P1.R,1 block missing,1 block missing,#1565C0,P001,21,18,KEMET_lagoon_all_metagenomes_module_completeness_STATUS_3state.csv,scripts/generate_s38_s41_module_figures.py,Thematic catalogue then at least one Complete; display every original state in retained rows.
S38,M00926,Heme biosynthesis bacteria,Iron,Iron/heme-related module,None,Directly represents the requested iron theme in the packaged KEGG/KEMET module catalogue.,VI.P2.D,1 block missing,1 block missing,#1565C0,P001,21,19,KEMET_lagoon_all_metagenomes_module_completeness_STATUS_3state.csv,scripts/generate_s38_s41_module_figures.py,Thematic catalogue then at least one Complete; display every original state in retained rows.
S38,M00926,Heme biosynthesis bacteria,Iron,Iron/heme-related module,None,Directly represents the requested iron theme in the packaged KEGG/KEMET module catalogue.,VI.P2.R,1 block missing,1 block missing,#1565C0,P001,21,20,KEMET_lagoon_all_metagenomes_module_completeness_STATUS_3state.csv,scripts/generate_s38_s41_module_figures.py,Thematic catalogue then at least one Complete; display every original state in retained rows.
