Figure number and title,Panel,Version,Script name,Script path,Working directory,Purpose,Exact command,Input files,Input tables,Intermediate data,Parameters and filters,Random seed,Dependencies,Output files,Output directory,Relation to other scripts,Relation to application,Execution order,Execution status
Figure 1: Figure1_sampling_map,Complete figure,Original/final,generate_amazon_coordinate_figure.py,scripts/generate_amazon_coordinate_figure.py,CangaMetaG_App_Final/,Generate Figure1_sampling_map from the documented packaged study inputs.,python scripts/generate_amazon_coordinate_figure.py --base-dir .,outputs/app_supplementary_figures; outputs/final_publication_figures,data/final_publication_derived/SupplementaryFigure30_verified_coordinates_source.csv,Documented script-derived files in data/final_publication_derived/ or outputs/final_publication_audit_tables/.,Defined explicitly in the script; no undocumented manual image edits.,Not applicable or defined in the script where stochastic procedures are used.,Python and libraries imported by the script; see environment/reproducibility_environment.yml.,outputs/final_publication_figures/Figure1_sampling_map.png; outputs/final_publication_figures/Figure1_sampling_map.pdf; outputs/final_publication_figures/Figure1_sampling_map.svg,outputs/final_publication_figures/; outputs/app_supplementary_figures/; article 03_Supplementary_Figures/,Execution order 1 within this figure. The script also generates: Figure 1; Supplementary Figure 30,Static output displayed/downloaded by app.py from outputs/app_supplementary_figures/.,1,PASS — canonical script compiles; packaged final output and explicit inputs validated; non-target figure bytes preserved.
Figure 2: Figure2_taxonomic_phylum_bacteria_horizontal_CDS,Complete figure,Original/final,generate_final_domain_taxonomy_figures.py,scripts/generate_final_domain_taxonomy_figures.py,CangaMetaG_App_Final/,Generate Figure2_taxonomic_phylum_bacteria_horizontal_CDS from the documented packaged study inputs.,python scripts/generate_final_domain_taxonomy_figures.py --base-dir .,Not applicable,data/resultado.cds.otu.tab; data/resultado.cds.tax.tab; data/fiqui2.xlsx,Documented script-derived files in data/final_publication_derived/ or outputs/final_publication_audit_tables/.,Defined explicitly in the script; no undocumented manual image edits.,Not applicable or defined in the script where stochastic procedures are used.,Python and libraries imported by the script; see environment/reproducibility_environment.yml.,outputs/final_publication_figures/Figure2_taxonomic_phylum_bacteria_horizontal_CDS.png; outputs/final_publication_figures/Figure2_taxonomic_phylum_bacteria_horizontal_CDS.pdf; outputs/final_publication_figures/Figure2_taxonomic_phylum_bacteria_horizontal_CDS.svg,outputs/final_publication_figures/; outputs/app_supplementary_figures/; article 03_Supplementary_Figures/,Execution order 1 within this figure. The script also generates: Figure 2; Figure 3,Static output displayed/downloaded by app.py from outputs/app_supplementary_figures/.,1,PASS — canonical script compiles; packaged final output and explicit inputs validated; non-target figure bytes preserved.
Figure 3: Figure3_taxonomic_phylum_archaea_horizontal_CDS,Complete figure,Original/final,generate_final_domain_taxonomy_figures.py,scripts/generate_final_domain_taxonomy_figures.py,CangaMetaG_App_Final/,Generate Figure3_taxonomic_phylum_archaea_horizontal_CDS from the documented packaged study inputs.,python scripts/generate_final_domain_taxonomy_figures.py --base-dir .,Not applicable,data/resultado.cds.otu.tab; data/resultado.cds.tax.tab; data/fiqui2.xlsx,Documented script-derived files in data/final_publication_derived/ or outputs/final_publication_audit_tables/.,Defined explicitly in the script; no undocumented manual image edits.,Not applicable or defined in the script where stochastic procedures are used.,Python and libraries imported by the script; see environment/reproducibility_environment.yml.,outputs/final_publication_figures/Figure3_taxonomic_phylum_archaea_horizontal_CDS.png; outputs/final_publication_figures/Figure3_taxonomic_phylum_archaea_horizontal_CDS.pdf; outputs/final_publication_figures/Figure3_taxonomic_phylum_archaea_horizontal_CDS.svg,outputs/final_publication_figures/; outputs/app_supplementary_figures/; article 03_Supplementary_Figures/,Execution order 1 within this figure. The script also generates: Figure 2; Figure 3,Static output displayed/downloaded by app.py from outputs/app_supplementary_figures/.,1,PASS — canonical script compiles; packaged final output and explicit inputs validated; non-target figure bytes preserved.
Figure 4: Figure4_taxonomic_bacteria_genus_profiles,Complete figure,Original/final,generate_figures4_5_s17_revision3.py,scripts/figures/generate_figures4_5_s17_revision3.py,CangaMetaG_App_Final/,Generate Figure4_taxonomic_bacteria_genus_profiles from the documented packaged study inputs.,python scripts/figures/generate_figures4_5_s17_revision3.py --base-dir . --article-root ../CangaMetaG_Article_Final,Not applicable,data/resultado.cds.otu.tab; data/resultado.cds.tax.tab; data/fiqui2.xlsx,Documented script-derived files in data/final_publication_derived/ or outputs/final_publication_audit_tables/.,Defined explicitly in the script; no undocumented manual image edits.,Not applicable or defined in the script where stochastic procedures are used.,Python and libraries imported by the script; see environment/reproducibility_environment.yml.,outputs/final_publication_figures/Figure4_taxonomic_bacteria_genus_profiles.png; outputs/final_publication_figures/Figure4_taxonomic_bacteria_genus_profiles.pdf; outputs/final_publication_figures/Figure4_taxonomic_bacteria_genus_profiles.svg,outputs/final_publication_figures/; outputs/app_supplementary_figures/; article 03_Supplementary_Figures/,Execution order 1 within this figure. The script also generates: Figure 4; Figure 5; Supplementary Figure 5; Supplementary Figure 17,Static output displayed/downloaded by app.py from outputs/app_supplementary_figures/.,1,PASS — canonical script compiles; packaged final output and explicit inputs validated; non-target figure bytes preserved.
Figure 5: Figure5_taxonomic_archaea_genus_profiles,Complete figure,Original/final,generate_figures4_5_s17_revision3.py,scripts/figures/generate_figures4_5_s17_revision3.py,CangaMetaG_App_Final/,Generate Figure5_taxonomic_archaea_genus_profiles from the documented packaged study inputs.,python scripts/figures/generate_figures4_5_s17_revision3.py --base-dir . --article-root ../CangaMetaG_Article_Final,Not applicable,data/resultado.cds.otu.tab; data/resultado.cds.tax.tab; data/fiqui2.xlsx,Documented script-derived files in data/final_publication_derived/ or outputs/final_publication_audit_tables/.,Defined explicitly in the script; no undocumented manual image edits.,Not applicable or defined in the script where stochastic procedures are used.,Python and libraries imported by the script; see environment/reproducibility_environment.yml.,outputs/final_publication_figures/Figure5_taxonomic_archaea_genus_profiles.png; outputs/final_publication_figures/Figure5_taxonomic_archaea_genus_profiles.pdf; outputs/final_publication_figures/Figure5_taxonomic_archaea_genus_profiles.svg,outputs/final_publication_figures/; outputs/app_supplementary_figures/; article 03_Supplementary_Figures/,Execution order 1 within this figure. The script also generates: Figure 4; Figure 5; Supplementary Figure 5; Supplementary Figure 17,Static output displayed/downloaded by app.py from outputs/app_supplementary_figures/.,1,PASS — canonical script compiles; packaged final output and explicit inputs validated; non-target figure bytes preserved.
Figure 6: Figure6_taxon_differential_abundance,Complete figure,Original/final,consolidate_final_publication.py,scripts/consolidate_final_publication.py,CangaMetaG_App_Final/,Generate Figure6_taxon_differential_abundance from the documented packaged study inputs.,python scripts/consolidate_final_publication.py --base-dir .,Not applicable,Not applicable,Documented script-derived files in data/final_publication_derived/ or outputs/final_publication_audit_tables/.,Defined explicitly in the script; no undocumented manual image edits.,Not applicable or defined in the script where stochastic procedures are used.,Python and libraries imported by the script; see environment/reproducibility_environment.yml.,outputs/final_publication_figures/Figure6_taxon_differential_abundance.png; outputs/final_publication_figures/Figure6_taxon_differential_abundance.pdf; outputs/final_publication_figures/Figure6_taxon_differential_abundance.svg,outputs/final_publication_figures/; outputs/app_supplementary_figures/; article 03_Supplementary_Figures/,Execution order 1 within this figure. The script also generates: Figure 6; Supplementary Figure 1; Supplementary Figure 2; Supplementary Figure 3; Supplementary Figure 8; Supplementary Figure 9; Supplementary Figure 10; Supplementary Figure 11; Supplementary Figure 12; Supplementary Figure 13; Supplementary Figure 14; Supplementary Figure 15; Supplementary Figure 16,Static output displayed/downloaded by app.py from outputs/app_supplementary_figures/.,1,PASS — canonical script compiles; packaged final output and explicit inputs validated; non-target figure bytes preserved.
Figure 7: Figure7_MAG_quality_and_abundance,Complete figure,Original/final,generate_figure7.py,scripts/figures/generate_figure7.py,CangaMetaG_App_Final/,Generate Figure7_MAG_quality_and_abundance from the documented packaged study inputs.,python scripts/figures/generate_figure7.py --base-dir .,Not applicable,data/Supplementary_table_7-MAGS-Quality-Genome_Lineage-Classification.xlsx,Documented script-derived files in data/final_publication_derived/ or outputs/final_publication_audit_tables/.,Defined explicitly in the script; no undocumented manual image edits.,Not applicable or defined in the script where stochastic procedures are used.,Python and libraries imported by the script; see environment/reproducibility_environment.yml.,outputs/final_publication_figures/Figure7_MAG_quality_and_abundance.png; outputs/final_publication_figures/Figure7_MAG_quality_and_abundance.pdf; outputs/final_publication_figures/Figure7_MAG_quality_and_abundance.svg,outputs/final_publication_figures/; outputs/app_supplementary_figures/; article 03_Supplementary_Figures/,Execution order 1 within this figure. The script also generates: Figure 7,Static output displayed/downloaded by app.py from outputs/app_supplementary_figures/.,1,PASS — canonical script compiles; packaged final output and explicit inputs validated; non-target figure bytes preserved.
Figure 8: Figure8_KO_differential_abundance_dry_rainy,Complete figure,Original/final,generate_figure8.py,scripts/figures/generate_figure8.py,CangaMetaG_App_Final/,Generate Figure8_KO_differential_abundance_dry_rainy from the documented packaged study inputs.,python scripts/figures/generate_figure8.py --base-dir .,Not applicable,data/publication_sources/Supplementary_Table_5.xlsx,Documented script-derived files in data/final_publication_derived/ or outputs/final_publication_audit_tables/.,Defined explicitly in the script; no undocumented manual image edits.,Not applicable or defined in the script where stochastic procedures are used.,Python and libraries imported by the script; see environment/reproducibility_environment.yml.,outputs/final_publication_figures/Figure8_KO_differential_abundance_dry_rainy.png; outputs/final_publication_figures/Figure8_KO_differential_abundance_dry_rainy.pdf; outputs/final_publication_figures/Figure8_KO_differential_abundance_dry_rainy.svg,outputs/final_publication_figures/; outputs/app_supplementary_figures/; article 03_Supplementary_Figures/,Execution order 1 within this figure. The script also generates: Figure 8,Static output displayed/downloaded by app.py from outputs/app_supplementary_figures/.,1,PASS — canonical script compiles; packaged final output and explicit inputs validated; non-target figure bytes preserved.
Supplementary Figure 1: SupplementaryFigure1_metrics_boxplots_vivid,Complete figure,Original/final,consolidate_final_publication.py,scripts/consolidate_final_publication.py,CangaMetaG_App_Final/,Generate SupplementaryFigure1_metrics_boxplots_vivid from the documented packaged study inputs.,python scripts/consolidate_final_publication.py --base-dir .,Not applicable,Not applicable,Documented script-derived files in data/final_publication_derived/ or outputs/final_publication_audit_tables/.,Defined explicitly in the script; no undocumented manual image edits.,Not applicable or defined in the script where stochastic procedures are used.,Python and libraries imported by the script; see environment/reproducibility_environment.yml.,outputs/final_publication_figures/SupplementaryFigure1_metrics_boxplots_vivid.png; outputs/final_publication_figures/SupplementaryFigure1_metrics_boxplots_vivid.pdf; outputs/final_publication_figures/SupplementaryFigure1_metrics_boxplots_vivid.svg,outputs/final_publication_figures/; outputs/app_supplementary_figures/; article 03_Supplementary_Figures/,Execution order 1 within this figure. The script also generates: Figure 6; Supplementary Figure 1; Supplementary Figure 2; Supplementary Figure 3; Supplementary Figure 8; Supplementary Figure 9; Supplementary Figure 10; Supplementary Figure 11; Supplementary Figure 12; Supplementary Figure 13; Supplementary Figure 14; Supplementary Figure 15; Supplementary Figure 16,Static output displayed/downloaded by app.py from outputs/app_supplementary_figures/.,1,PASS — canonical script compiles; packaged final output and explicit inputs validated; non-target figure bytes preserved.
Supplementary Figure 2: SupplementaryFigure2_rarefaction_curves_CDS_32999,Complete figure,Original/final,consolidate_final_publication.py,scripts/consolidate_final_publication.py,CangaMetaG_App_Final/,Generate SupplementaryFigure2_rarefaction_curves_CDS_32999 from the documented packaged study inputs.,python scripts/consolidate_final_publication.py --base-dir .,Not applicable,Not applicable,Documented script-derived files in data/final_publication_derived/ or outputs/final_publication_audit_tables/.,Defined explicitly in the script; no undocumented manual image edits.,Not applicable or defined in the script where stochastic procedures are used.,Python and libraries imported by the script; see environment/reproducibility_environment.yml.,outputs/final_publication_figures/SupplementaryFigure2_rarefaction_curves_CDS_32999.png; outputs/final_publication_figures/SupplementaryFigure2_rarefaction_curves_CDS_32999.pdf; outputs/final_publication_figures/SupplementaryFigure2_rarefaction_curves_CDS_32999.svg,outputs/final_publication_figures/; outputs/app_supplementary_figures/; article 03_Supplementary_Figures/,Execution order 1 within this figure. The script also generates: Figure 6; Supplementary Figure 1; Supplementary Figure 2; Supplementary Figure 3; Supplementary Figure 8; Supplementary Figure 9; Supplementary Figure 10; Supplementary Figure 11; Supplementary Figure 12; Supplementary Figure 13; Supplementary Figure 14; Supplementary Figure 15; Supplementary Figure 16,Static output displayed/downloaded by app.py from outputs/app_supplementary_figures/.,1,PASS — canonical script compiles; packaged final output and explicit inputs validated; non-target figure bytes preserved.
Supplementary Figure 3: SupplementaryFigure3_NMDS_CDS_taxonomy,Complete figure,Original/final,consolidate_final_publication.py,scripts/consolidate_final_publication.py,CangaMetaG_App_Final/,Generate SupplementaryFigure3_NMDS_CDS_taxonomy from the documented packaged study inputs.,python scripts/consolidate_final_publication.py --base-dir .,Not applicable,Not applicable,Documented script-derived files in data/final_publication_derived/ or outputs/final_publication_audit_tables/.,Defined explicitly in the script; no undocumented manual image edits.,Not applicable or defined in the script where stochastic procedures are used.,Python and libraries imported by the script; see environment/reproducibility_environment.yml.,outputs/final_publication_figures/SupplementaryFigure3_NMDS_CDS_taxonomy.png; outputs/final_publication_figures/SupplementaryFigure3_NMDS_CDS_taxonomy.pdf; outputs/final_publication_figures/SupplementaryFigure3_NMDS_CDS_taxonomy.svg,outputs/final_publication_figures/; outputs/app_supplementary_figures/; article 03_Supplementary_Figures/,Execution order 1 within this figure. The script also generates: Figure 6; Supplementary Figure 1; Supplementary Figure 2; Supplementary Figure 3; Supplementary Figure 8; Supplementary Figure 9; Supplementary Figure 10; Supplementary Figure 11; Supplementary Figure 12; Supplementary Figure 13; Supplementary Figure 14; Supplementary Figure 15; Supplementary Figure 16,Static output displayed/downloaded by app.py from outputs/app_supplementary_figures/.,1,PASS — canonical script compiles; packaged final output and explicit inputs validated; non-target figure bytes preserved.
Supplementary Figure 4: SupplementaryFigure4_alpha_diversity_CDS_32999,Complete figure,Original/final,06_recalculate_rarefaction_alpha_32999.py,scripts/final_publication_figures/06_recalculate_rarefaction_alpha_32999.py,CangaMetaG_App_Final/,Generate SupplementaryFigure4_alpha_diversity_CDS_32999 from the documented packaged study inputs.,CANGAMETA_ONLY_S4=1 python scripts/final_publication_figures/06_recalculate_rarefaction_alpha_32999.py,Not applicable,data/resultado.cds.otu.tab; data/resultado.cds.tax.tab,Documented script-derived files in data/final_publication_derived/ or outputs/final_publication_audit_tables/.,Defined explicitly in the script; no undocumented manual image edits.,Not applicable or defined in the script where stochastic procedures are used.,Python and libraries imported by the script; see environment/reproducibility_environment.yml.,outputs/final_publication_figures/SupplementaryFigure4_alpha_diversity_CDS_32999.png; outputs/final_publication_figures/SupplementaryFigure4_alpha_diversity_CDS_32999.pdf; outputs/final_publication_figures/SupplementaryFigure4_alpha_diversity_CDS_32999.svg,outputs/final_publication_figures/; outputs/app_supplementary_figures/; article 03_Supplementary_Figures/,Execution order 1 within this figure. The script also generates: Supplementary Figure 4,Static output displayed/downloaded by app.py from outputs/app_supplementary_figures/.,1,PASS — canonical script compiles; packaged final output and explicit inputs validated; non-target figure bytes preserved.
Supplementary Figure 5: SupplementaryFigure5_MAG_bubble_original,Complete figure,Original/final,generate_figures4_5_s17_revision3.py,scripts/figures/generate_figures4_5_s17_revision3.py,CangaMetaG_App_Final/,Generate SupplementaryFigure5_MAG_bubble_original from the documented packaged study inputs.,python scripts/figures/generate_figures4_5_s17_revision3.py --base-dir . --article-root ../CangaMetaG_Article_Final,Not applicable,data/resultado.cds.otu.tab; data/resultado.cds.tax.tab; data/fiqui2.xlsx,Documented script-derived files in data/final_publication_derived/ or outputs/final_publication_audit_tables/.,Defined explicitly in the script; no undocumented manual image edits.,Not applicable or defined in the script where stochastic procedures are used.,Python and libraries imported by the script; see environment/reproducibility_environment.yml.,outputs/final_publication_figures/SupplementaryFigure5_MAG_bubble_original.png; outputs/final_publication_figures/SupplementaryFigure5_MAG_bubble_original.pdf; outputs/final_publication_figures/SupplementaryFigure5_MAG_bubble_original.svg,outputs/final_publication_figures/; outputs/app_supplementary_figures/; article 03_Supplementary_Figures/,Execution order 1 within this figure. The script also generates: Figure 4; Figure 5; Supplementary Figure 5; Supplementary Figure 17,Static output displayed/downloaded by app.py from outputs/app_supplementary_figures/.,1,PASS — canonical script compiles; packaged final output and explicit inputs validated; non-target figure bytes preserved.
Supplementary Figure 6: Bidirectional descriptive contrasts for biogeochemical KO biomarkers,P001,Original/final,generate_s6_s7.py,scripts/figures/generate_s6_s7.py,CangaMetaG_App_Final/,Display the original bidirectional KO contrasts with complete metabolic-pathway names.,python scripts/figures/generate_s6_s7.py --base-dir . --article-root ../CangaMetaG_Article_Final --only 6,Not applicable,data/final_publication_derived/SupplementaryFigure6_bidirectional_all_KO_figure_source.csv,data/final_publication_derived/SupplementaryFigure6_bidirectional_all_KO_figure_source.csv,Top 25 per original contrast direction; 300 dpi; controlled text wrapping. | Top 25 absolute descriptive log2 contrasts per original panel; original order after value sorting; full labels reconstructed only when legacy display_label contained a Unicode ellipsis.,Not applicable,Recorded in validation/module_figures_filtered_v9_execution.json and validation/FINAL_CORRECTION_AND_SCOPE_AUDIT.md,outputs/final_publication_figures/SupplementaryFigure6_ST8_selected_sediments_all_KO_zscore_proportional_P01.png; outputs/final_publication_figures/SupplementaryFigure6_ST8_selected_sediments_all_KO_zscore_proportional_P01.pdf; outputs/final_publication_figures/SupplementaryFigure6_ST8_selected_sediments_all_KO_zscore_proportional_P01.svg,outputs/final_publication_figures/; outputs/app_supplementary_figures/; article 03_Supplementary_Figures/,Execution order 1 within this figure. The script also generates: Supplementary Figure 6; Supplementary Figure 7,outputs/app_supplementary_figures/SupplementaryFigure6_ST8_selected_sediments_all_KO_zscore_proportional.png,1,PASS — canonical script compiles; packaged final output and explicit inputs validated; non-target figure bytes preserved.
Supplementary Figure 6: Bidirectional descriptive contrasts for biogeochemical KO biomarkers,P002,Original/final,generate_s6_s7.py,scripts/figures/generate_s6_s7.py,CangaMetaG_App_Final/,Display the original bidirectional KO contrasts with complete metabolic-pathway names.,python scripts/figures/generate_s6_s7.py --base-dir . --article-root ../CangaMetaG_Article_Final --only 6,Not applicable,data/final_publication_derived/SupplementaryFigure6_bidirectional_all_KO_figure_source.csv,data/final_publication_derived/SupplementaryFigure6_bidirectional_all_KO_figure_source.csv,Top 25 per original contrast direction; 300 dpi; controlled text wrapping. | Top 25 absolute descriptive log2 contrasts per original panel; original order after value sorting; full labels reconstructed only when legacy display_label contained a Unicode ellipsis.,Not applicable,Recorded in validation/module_figures_filtered_v9_execution.json and validation/FINAL_CORRECTION_AND_SCOPE_AUDIT.md,outputs/final_publication_figures/SupplementaryFigure6_ST8_selected_sediments_all_KO_zscore_proportional_P02.png; outputs/final_publication_figures/SupplementaryFigure6_ST8_selected_sediments_all_KO_zscore_proportional_P02.pdf; outputs/final_publication_figures/SupplementaryFigure6_ST8_selected_sediments_all_KO_zscore_proportional_P02.svg,outputs/final_publication_figures/; outputs/app_supplementary_figures/; article 03_Supplementary_Figures/,Execution order 2 within this figure. The script also generates: Supplementary Figure 6; Supplementary Figure 7,outputs/app_supplementary_figures/SupplementaryFigure6_ST8_selected_sediments_all_KO_zscore_proportional.png,2,PASS — canonical script compiles; packaged final output and explicit inputs validated; non-target figure bytes preserved.
Supplementary Figure 7: SupplementaryFigure7_ST8_iron_selected_zscore_proportional,P001,Original/final,generate_s6_s7.py,scripts/figures/generate_s6_s7.py,CangaMetaG_App_Final/,Generate SupplementaryFigure7_ST8_iron_selected_zscore_proportional from the documented packaged study inputs.,python scripts/figures/generate_s6_s7.py --base-dir .,Not applicable,data/publication_sources/Supplementary_Table_4.xlsx; data/st8_metadata_curated.csv,Documented script-derived files in data/final_publication_derived/ or outputs/final_publication_audit_tables/.,Defined explicitly in the script; no undocumented manual image edits.,Not applicable or defined in the script where stochastic procedures are used.,Python and libraries imported by the script; see environment/reproducibility_environment.yml.,outputs/final_publication_figures/SupplementaryFigure7_ST8_iron_selected_zscore_proportional_P01.png; outputs/final_publication_figures/SupplementaryFigure7_ST8_iron_selected_zscore_proportional_P01.pdf; outputs/final_publication_figures/SupplementaryFigure7_ST8_iron_selected_zscore_proportional_P01.svg,outputs/final_publication_figures/; outputs/app_supplementary_figures/; article 03_Supplementary_Figures/,Execution order 1 within this figure. The script also generates: Supplementary Figure 6; Supplementary Figure 7,Static output displayed/downloaded by app.py from outputs/app_supplementary_figures/.,1,PASS — canonical script compiles; packaged final output and explicit inputs validated; non-target figure bytes preserved.
Supplementary Figure 7: SupplementaryFigure7_ST8_iron_selected_zscore_proportional,P002,Original/final,generate_s6_s7.py,scripts/figures/generate_s6_s7.py,CangaMetaG_App_Final/,Generate SupplementaryFigure7_ST8_iron_selected_zscore_proportional from the documented packaged study inputs.,python scripts/figures/generate_s6_s7.py --base-dir .,Not applicable,data/publication_sources/Supplementary_Table_4.xlsx; data/st8_metadata_curated.csv,Documented script-derived files in data/final_publication_derived/ or outputs/final_publication_audit_tables/.,Defined explicitly in the script; no undocumented manual image edits.,Not applicable or defined in the script where stochastic procedures are used.,Python and libraries imported by the script; see environment/reproducibility_environment.yml.,outputs/final_publication_figures/SupplementaryFigure7_ST8_iron_selected_zscore_proportional_P02.png; outputs/final_publication_figures/SupplementaryFigure7_ST8_iron_selected_zscore_proportional_P02.pdf; outputs/final_publication_figures/SupplementaryFigure7_ST8_iron_selected_zscore_proportional_P02.svg,outputs/final_publication_figures/; outputs/app_supplementary_figures/; article 03_Supplementary_Figures/,Execution order 2 within this figure. The script also generates: Supplementary Figure 6; Supplementary Figure 7,Static output displayed/downloaded by app.py from outputs/app_supplementary_figures/.,2,PASS — canonical script compiles; packaged final output and explicit inputs validated; non-target figure bytes preserved.
Supplementary Figure 8: SupplementaryFigure8_most_abundant_all_KO_vivid,Complete figure,Original/final,consolidate_final_publication.py,scripts/consolidate_final_publication.py,CangaMetaG_App_Final/,Generate SupplementaryFigure8_most_abundant_all_KO_vivid from the documented packaged study inputs.,python scripts/consolidate_final_publication.py --base-dir .,Not applicable,Not applicable,Documented script-derived files in data/final_publication_derived/ or outputs/final_publication_audit_tables/.,Defined explicitly in the script; no undocumented manual image edits.,Not applicable or defined in the script where stochastic procedures are used.,Python and libraries imported by the script; see environment/reproducibility_environment.yml.,outputs/final_publication_figures/SupplementaryFigure8_most_abundant_all_KO_vivid.png; outputs/final_publication_figures/SupplementaryFigure8_most_abundant_all_KO_vivid.pdf; outputs/final_publication_figures/SupplementaryFigure8_most_abundant_all_KO_vivid.svg,outputs/final_publication_figures/; outputs/app_supplementary_figures/; article 03_Supplementary_Figures/,Execution order 1 within this figure. The script also generates: Figure 6; Supplementary Figure 1; Supplementary Figure 2; Supplementary Figure 3; Supplementary Figure 8; Supplementary Figure 9; Supplementary Figure 10; Supplementary Figure 11; Supplementary Figure 12; Supplementary Figure 13; Supplementary Figure 14; Supplementary Figure 15; Supplementary Figure 16,Static output displayed/downloaded by app.py from outputs/app_supplementary_figures/.,1,PASS — canonical script compiles; packaged final output and explicit inputs validated; non-target figure bytes preserved.
Supplementary Figure 9: SupplementaryFigure9_KO_category_boxplot_vivid,Complete figure,Original/final,consolidate_final_publication.py,scripts/consolidate_final_publication.py,CangaMetaG_App_Final/,Generate SupplementaryFigure9_KO_category_boxplot_vivid from the documented packaged study inputs.,python scripts/consolidate_final_publication.py --base-dir .,Not applicable,Not applicable,Documented script-derived files in data/final_publication_derived/ or outputs/final_publication_audit_tables/.,Defined explicitly in the script; no undocumented manual image edits.,Not applicable or defined in the script where stochastic procedures are used.,Python and libraries imported by the script; see environment/reproducibility_environment.yml.,outputs/final_publication_figures/SupplementaryFigure9_KO_category_boxplot_vivid.png; outputs/final_publication_figures/SupplementaryFigure9_KO_category_boxplot_vivid.pdf; outputs/final_publication_figures/SupplementaryFigure9_KO_category_boxplot_vivid.svg,outputs/final_publication_figures/; outputs/app_supplementary_figures/; article 03_Supplementary_Figures/,Execution order 1 within this figure. The script also generates: Figure 6; Supplementary Figure 1; Supplementary Figure 2; Supplementary Figure 3; Supplementary Figure 8; Supplementary Figure 9; Supplementary Figure 10; Supplementary Figure 11; Supplementary Figure 12; Supplementary Figure 13; Supplementary Figure 14; Supplementary Figure 15; Supplementary Figure 16,Static output displayed/downloaded by app.py from outputs/app_supplementary_figures/.,1,PASS — canonical script compiles; packaged final output and explicit inputs validated; non-target figure bytes preserved.
Supplementary Figure 10: SupplementaryFigure10_iron_category_boxplot_vivid,Complete figure,Original/final,consolidate_final_publication.py,scripts/consolidate_final_publication.py,CangaMetaG_App_Final/,Generate SupplementaryFigure10_iron_category_boxplot_vivid from the documented packaged study inputs.,python scripts/consolidate_final_publication.py --base-dir .,Not applicable,Not applicable,Documented script-derived files in data/final_publication_derived/ or outputs/final_publication_audit_tables/.,Defined explicitly in the script; no undocumented manual image edits.,Not applicable or defined in the script where stochastic procedures are used.,Python and libraries imported by the script; see environment/reproducibility_environment.yml.,outputs/final_publication_figures/SupplementaryFigure10_iron_category_boxplot_vivid.png; outputs/final_publication_figures/SupplementaryFigure10_iron_category_boxplot_vivid.pdf; outputs/final_publication_figures/SupplementaryFigure10_iron_category_boxplot_vivid.svg,outputs/final_publication_figures/; outputs/app_supplementary_figures/; article 03_Supplementary_Figures/,Execution order 1 within this figure. The script also generates: Figure 6; Supplementary Figure 1; Supplementary Figure 2; Supplementary Figure 3; Supplementary Figure 8; Supplementary Figure 9; Supplementary Figure 10; Supplementary Figure 11; Supplementary Figure 12; Supplementary Figure 13; Supplementary Figure 14; Supplementary Figure 15; Supplementary Figure 16,Static output displayed/downloaded by app.py from outputs/app_supplementary_figures/.,1,PASS — canonical script compiles; packaged final output and explicit inputs validated; non-target figure bytes preserved.
Supplementary Figure 11: SupplementaryFigure11_most_abundant_iron_markers_vivid,Complete figure,Original/final,consolidate_final_publication.py,scripts/consolidate_final_publication.py,CangaMetaG_App_Final/,Generate SupplementaryFigure11_most_abundant_iron_markers_vivid from the documented packaged study inputs.,python scripts/consolidate_final_publication.py --base-dir .,Not applicable,Not applicable,Documented script-derived files in data/final_publication_derived/ or outputs/final_publication_audit_tables/.,Defined explicitly in the script; no undocumented manual image edits.,Not applicable or defined in the script where stochastic procedures are used.,Python and libraries imported by the script; see environment/reproducibility_environment.yml.,outputs/final_publication_figures/SupplementaryFigure11_most_abundant_iron_markers_vivid.png; outputs/final_publication_figures/SupplementaryFigure11_most_abundant_iron_markers_vivid.pdf; outputs/final_publication_figures/SupplementaryFigure11_most_abundant_iron_markers_vivid.svg,outputs/final_publication_figures/; outputs/app_supplementary_figures/; article 03_Supplementary_Figures/,Execution order 1 within this figure. The script also generates: Figure 6; Supplementary Figure 1; Supplementary Figure 2; Supplementary Figure 3; Supplementary Figure 8; Supplementary Figure 9; Supplementary Figure 10; Supplementary Figure 11; Supplementary Figure 12; Supplementary Figure 13; Supplementary Figure 14; Supplementary Figure 15; Supplementary Figure 16,Static output displayed/downloaded by app.py from outputs/app_supplementary_figures/.,1,PASS — canonical script compiles; packaged final output and explicit inputs validated; non-target figure bytes preserved.
Supplementary Figure 12: SupplementaryFigure12_combined_marker_contrasts_vivid,Complete figure,Original/final,consolidate_final_publication.py,scripts/consolidate_final_publication.py,CangaMetaG_App_Final/,Generate SupplementaryFigure12_combined_marker_contrasts_vivid from the documented packaged study inputs.,python scripts/consolidate_final_publication.py --base-dir .,Not applicable,Not applicable,Documented script-derived files in data/final_publication_derived/ or outputs/final_publication_audit_tables/.,Defined explicitly in the script; no undocumented manual image edits.,Not applicable or defined in the script where stochastic procedures are used.,Python and libraries imported by the script; see environment/reproducibility_environment.yml.,outputs/final_publication_figures/SupplementaryFigure12_combined_marker_contrasts_vivid.png; outputs/final_publication_figures/SupplementaryFigure12_combined_marker_contrasts_vivid.pdf; outputs/final_publication_figures/SupplementaryFigure12_combined_marker_contrasts_vivid.svg,outputs/final_publication_figures/; outputs/app_supplementary_figures/; article 03_Supplementary_Figures/,Execution order 1 within this figure. The script also generates: Figure 6; Supplementary Figure 1; Supplementary Figure 2; Supplementary Figure 3; Supplementary Figure 8; Supplementary Figure 9; Supplementary Figure 10; Supplementary Figure 11; Supplementary Figure 12; Supplementary Figure 13; Supplementary Figure 14; Supplementary Figure 15; Supplementary Figure 16,Static output displayed/downloaded by app.py from outputs/app_supplementary_figures/.,1,PASS — canonical script compiles; packaged final output and explicit inputs validated; non-target figure bytes preserved.
Supplementary Figure 13: SupplementaryFigure13_metadata_availability_heatmap_vivid,Complete figure,Original/final,consolidate_final_publication.py,scripts/consolidate_final_publication.py,CangaMetaG_App_Final/,Generate SupplementaryFigure13_metadata_availability_heatmap_vivid from the documented packaged study inputs.,python scripts/consolidate_final_publication.py --base-dir .,Not applicable,Not applicable,Documented script-derived files in data/final_publication_derived/ or outputs/final_publication_audit_tables/.,Defined explicitly in the script; no undocumented manual image edits.,Not applicable or defined in the script where stochastic procedures are used.,Python and libraries imported by the script; see environment/reproducibility_environment.yml.,outputs/final_publication_figures/SupplementaryFigure13_metadata_availability_heatmap_vivid.png; outputs/final_publication_figures/SupplementaryFigure13_metadata_availability_heatmap_vivid.pdf; outputs/final_publication_figures/SupplementaryFigure13_metadata_availability_heatmap_vivid.svg,outputs/final_publication_figures/; outputs/app_supplementary_figures/; article 03_Supplementary_Figures/,Execution order 1 within this figure. The script also generates: Figure 6; Supplementary Figure 1; Supplementary Figure 2; Supplementary Figure 3; Supplementary Figure 8; Supplementary Figure 9; Supplementary Figure 10; Supplementary Figure 11; Supplementary Figure 12; Supplementary Figure 13; Supplementary Figure 14; Supplementary Figure 15; Supplementary Figure 16,Static output displayed/downloaded by app.py from outputs/app_supplementary_figures/.,1,PASS — canonical script compiles; packaged final output and explicit inputs validated; non-target figure bytes preserved.
Supplementary Figure 14: SupplementaryFigure14_GTDB_phylum_combined_bold,Complete figure,Original/final,consolidate_final_publication.py,scripts/consolidate_final_publication.py,CangaMetaG_App_Final/,Generate SupplementaryFigure14_GTDB_phylum_combined_bold from the documented packaged study inputs.,python scripts/consolidate_final_publication.py --base-dir .,Not applicable,Not applicable,Documented script-derived files in data/final_publication_derived/ or outputs/final_publication_audit_tables/.,Defined explicitly in the script; no undocumented manual image edits.,Not applicable or defined in the script where stochastic procedures are used.,Python and libraries imported by the script; see environment/reproducibility_environment.yml.,outputs/final_publication_figures/SupplementaryFigure14_GTDB_phylum_combined_bold.png; outputs/final_publication_figures/SupplementaryFigure14_GTDB_phylum_combined_bold.pdf; outputs/final_publication_figures/SupplementaryFigure14_GTDB_phylum_combined_bold.svg,outputs/final_publication_figures/; outputs/app_supplementary_figures/; article 03_Supplementary_Figures/,Execution order 1 within this figure. The script also generates: Figure 6; Supplementary Figure 1; Supplementary Figure 2; Supplementary Figure 3; Supplementary Figure 8; Supplementary Figure 9; Supplementary Figure 10; Supplementary Figure 11; Supplementary Figure 12; Supplementary Figure 13; Supplementary Figure 14; Supplementary Figure 15; Supplementary Figure 16,Static output displayed/downloaded by app.py from outputs/app_supplementary_figures/.,1,PASS — canonical script compiles; packaged final output and explicit inputs validated; non-target figure bytes preserved.
Supplementary Figure 15: SupplementaryFigure15_FeGenie_all_metagenomes_heatmap_vivid,Complete figure,Original/final,consolidate_final_publication.py,scripts/consolidate_final_publication.py,CangaMetaG_App_Final/,Generate SupplementaryFigure15_FeGenie_all_metagenomes_heatmap_vivid from the documented packaged study inputs.,python scripts/consolidate_final_publication.py --base-dir .,Not applicable,Not applicable,Documented script-derived files in data/final_publication_derived/ or outputs/final_publication_audit_tables/.,Defined explicitly in the script; no undocumented manual image edits.,Not applicable or defined in the script where stochastic procedures are used.,Python and libraries imported by the script; see environment/reproducibility_environment.yml.,outputs/final_publication_figures/SupplementaryFigure15_FeGenie_all_metagenomes_heatmap_vivid.png; outputs/final_publication_figures/SupplementaryFigure15_FeGenie_all_metagenomes_heatmap_vivid.pdf; outputs/final_publication_figures/SupplementaryFigure15_FeGenie_all_metagenomes_heatmap_vivid.svg,outputs/final_publication_figures/; outputs/app_supplementary_figures/; article 03_Supplementary_Figures/,Execution order 1 within this figure. The script also generates: Figure 6; Supplementary Figure 1; Supplementary Figure 2; Supplementary Figure 3; Supplementary Figure 8; Supplementary Figure 9; Supplementary Figure 10; Supplementary Figure 11; Supplementary Figure 12; Supplementary Figure 13; Supplementary Figure 14; Supplementary Figure 15; Supplementary Figure 16,Static output displayed/downloaded by app.py from outputs/app_supplementary_figures/.,1,PASS — canonical script compiles; packaged final output and explicit inputs validated; non-target figure bytes preserved.
Supplementary Figure 16: SupplementaryFigure16_FeGenie_boxplots_statistics_vivid,Complete figure,Original/final,consolidate_final_publication.py,scripts/consolidate_final_publication.py,CangaMetaG_App_Final/,Generate SupplementaryFigure16_FeGenie_boxplots_statistics_vivid from the documented packaged study inputs.,python scripts/consolidate_final_publication.py --base-dir .,Not applicable,Not applicable,Documented script-derived files in data/final_publication_derived/ or outputs/final_publication_audit_tables/.,Defined explicitly in the script; no undocumented manual image edits.,Not applicable or defined in the script where stochastic procedures are used.,Python and libraries imported by the script; see environment/reproducibility_environment.yml.,outputs/final_publication_figures/SupplementaryFigure16_FeGenie_boxplots_statistics_vivid.png; outputs/final_publication_figures/SupplementaryFigure16_FeGenie_boxplots_statistics_vivid.pdf; outputs/final_publication_figures/SupplementaryFigure16_FeGenie_boxplots_statistics_vivid.svg,outputs/final_publication_figures/; outputs/app_supplementary_figures/; article 03_Supplementary_Figures/,Execution order 1 within this figure. The script also generates: Figure 6; Supplementary Figure 1; Supplementary Figure 2; Supplementary Figure 3; Supplementary Figure 8; Supplementary Figure 9; Supplementary Figure 10; Supplementary Figure 11; Supplementary Figure 12; Supplementary Figure 13; Supplementary Figure 14; Supplementary Figure 15; Supplementary Figure 16,Static output displayed/downloaded by app.py from outputs/app_supplementary_figures/.,1,PASS — canonical script compiles; packaged final output and explicit inputs validated; non-target figure bytes preserved.
Supplementary Figure 17: SupplementaryFigure17_RDA_and_physicochemical_heatmap,Complete figure,Original/final,generate_figures4_5_s17_revision3.py,scripts/figures/generate_figures4_5_s17_revision3.py,CangaMetaG_App_Final/,Generate SupplementaryFigure17_RDA_and_physicochemical_heatmap from the documented packaged study inputs.,python scripts/figures/generate_figures4_5_s17_revision3.py --base-dir . --article-root ../CangaMetaG_Article_Final,Not applicable,data/resultado.cds.otu.tab; data/resultado.cds.tax.tab; data/fiqui2.xlsx,Documented script-derived files in data/final_publication_derived/ or outputs/final_publication_audit_tables/.,Defined explicitly in the script; no undocumented manual image edits.,Not applicable or defined in the script where stochastic procedures are used.,Python and libraries imported by the script; see environment/reproducibility_environment.yml.,outputs/final_publication_figures/SupplementaryFigure17_RDA_and_physicochemical_heatmap.png; outputs/final_publication_figures/SupplementaryFigure17_RDA_and_physicochemical_heatmap.pdf; outputs/final_publication_figures/SupplementaryFigure17_RDA_and_physicochemical_heatmap.svg,outputs/final_publication_figures/; outputs/app_supplementary_figures/; article 03_Supplementary_Figures/,Execution order 1 within this figure. The script also generates: Figure 4; Figure 5; Supplementary Figure 5; Supplementary Figure 17,Static output displayed/downloaded by app.py from outputs/app_supplementary_figures/.,1,PASS — canonical script compiles; packaged final output and explicit inputs validated; non-target figure bytes preserved.
Supplementary Figure 18: SupplementaryFigure18_GTDB_phylum_metagenomics_bold,Complete figure,Original/final,generate_taxonomy_supplementary_figures.py,scripts/generate_taxonomy_supplementary_figures.py,CangaMetaG_App_Final/,Generate SupplementaryFigure18_GTDB_phylum_metagenomics_bold from the documented packaged study inputs.,python scripts/generate_taxonomy_supplementary_figures.py --base-dir .,Not applicable,data/resultado.cds.otu.tab; data/resultado.cds.tax.tab; data/st8_metadata_curated.csv,Documented script-derived files in data/final_publication_derived/ or outputs/final_publication_audit_tables/.,Defined explicitly in the script; no undocumented manual image edits.,Not applicable or defined in the script where stochastic procedures are used.,Python and libraries imported by the script; see environment/reproducibility_environment.yml.,outputs/final_publication_figures/SupplementaryFigure18_GTDB_phylum_metagenomics_bold.png; outputs/final_publication_figures/SupplementaryFigure18_GTDB_phylum_metagenomics_bold.pdf; outputs/final_publication_figures/SupplementaryFigure18_GTDB_phylum_metagenomics_bold.svg,outputs/final_publication_figures/; outputs/app_supplementary_figures/; article 03_Supplementary_Figures/,Execution order 1 within this figure. The script also generates: Supplementary Figure 18; Supplementary Figure 19; Supplementary Figure 20; Supplementary Figure 21; Supplementary Figure 22; Supplementary Figure 23; Supplementary Figure 24; Supplementary Figure 25; Supplementary Figure 43; Supplementary Figure 44; Supplementary Figure 45; Supplementary Figure 46; Supplementary Figure 47; Supplementary Figure 48; Supplementary Figure 49; Supplementary Figure 50; Supplementary Figure 51; Supplementary Figure 52; Supplementary Figure 53; Supplementary Figure 54; Supplementary Figure 55; Supplementary Figure 56; Supplementary Figure 57; Supplementary Figure 58; Supplementary Figure 59; Supplementary Figure 60; Supplementary Figure 61; Supplementary Figure 62; Supplementary Figure 63; Supplementary Figure 64; Supplementary Figure 65; Supplementary Figure 66,Static output displayed/downloaded by app.py from outputs/app_supplementary_figures/.,1,PASS — canonical script compiles; packaged final output and explicit inputs validated; non-target figure bytes preserved.
Supplementary Figure 19: SupplementaryFigure19_GTDB_phylum_metatranscriptomics_bold,Complete figure,Original/final,generate_taxonomy_supplementary_figures.py,scripts/generate_taxonomy_supplementary_figures.py,CangaMetaG_App_Final/,Generate SupplementaryFigure19_GTDB_phylum_metatranscriptomics_bold from the documented packaged study inputs.,python scripts/generate_taxonomy_supplementary_figures.py --base-dir .,Not applicable,data/resultado.cds.otu.tab; data/resultado.cds.tax.tab; data/st8_metadata_curated.csv,Documented script-derived files in data/final_publication_derived/ or outputs/final_publication_audit_tables/.,Defined explicitly in the script; no undocumented manual image edits.,Not applicable or defined in the script where stochastic procedures are used.,Python and libraries imported by the script; see environment/reproducibility_environment.yml.,outputs/final_publication_figures/SupplementaryFigure19_GTDB_phylum_metatranscriptomics_bold.png; outputs/final_publication_figures/SupplementaryFigure19_GTDB_phylum_metatranscriptomics_bold.pdf; outputs/final_publication_figures/SupplementaryFigure19_GTDB_phylum_metatranscriptomics_bold.svg,outputs/final_publication_figures/; outputs/app_supplementary_figures/; article 03_Supplementary_Figures/,Execution order 1 within this figure. The script also generates: Supplementary Figure 18; Supplementary Figure 19; Supplementary Figure 20; Supplementary Figure 21; Supplementary Figure 22; Supplementary Figure 23; Supplementary Figure 24; Supplementary Figure 25; Supplementary Figure 43; Supplementary Figure 44; Supplementary Figure 45; Supplementary Figure 46; Supplementary Figure 47; Supplementary Figure 48; Supplementary Figure 49; Supplementary Figure 50; Supplementary Figure 51; Supplementary Figure 52; Supplementary Figure 53; Supplementary Figure 54; Supplementary Figure 55; Supplementary Figure 56; Supplementary Figure 57; Supplementary Figure 58; Supplementary Figure 59; Supplementary Figure 60; Supplementary Figure 61; Supplementary Figure 62; Supplementary Figure 63; Supplementary Figure 64; Supplementary Figure 65; Supplementary Figure 66,Static output displayed/downloaded by app.py from outputs/app_supplementary_figures/.,1,PASS — canonical script compiles; packaged final output and explicit inputs validated; non-target figure bytes preserved.
Supplementary Figure 20: SupplementaryFigure20_GTDB_order_combined_bold,Complete figure,Original/final,generate_taxonomy_supplementary_figures.py,scripts/generate_taxonomy_supplementary_figures.py,CangaMetaG_App_Final/,Generate SupplementaryFigure20_GTDB_order_combined_bold from the documented packaged study inputs.,python scripts/generate_taxonomy_supplementary_figures.py --base-dir .,Not applicable,data/resultado.cds.otu.tab; data/resultado.cds.tax.tab; data/st8_metadata_curated.csv,Documented script-derived files in data/final_publication_derived/ or outputs/final_publication_audit_tables/.,Defined explicitly in the script; no undocumented manual image edits.,Not applicable or defined in the script where stochastic procedures are used.,Python and libraries imported by the script; see environment/reproducibility_environment.yml.,outputs/final_publication_figures/SupplementaryFigure20_GTDB_order_combined_bold.png; outputs/final_publication_figures/SupplementaryFigure20_GTDB_order_combined_bold.pdf; outputs/final_publication_figures/SupplementaryFigure20_GTDB_order_combined_bold.svg,outputs/final_publication_figures/; outputs/app_supplementary_figures/; article 03_Supplementary_Figures/,Execution order 1 within this figure. The script also generates: Supplementary Figure 18; Supplementary Figure 19; Supplementary Figure 20; Supplementary Figure 21; Supplementary Figure 22; Supplementary Figure 23; Supplementary Figure 24; Supplementary Figure 25; Supplementary Figure 43; Supplementary Figure 44; Supplementary Figure 45; Supplementary Figure 46; Supplementary Figure 47; Supplementary Figure 48; Supplementary Figure 49; Supplementary Figure 50; Supplementary Figure 51; Supplementary Figure 52; Supplementary Figure 53; Supplementary Figure 54; Supplementary Figure 55; Supplementary Figure 56; Supplementary Figure 57; Supplementary Figure 58; Supplementary Figure 59; Supplementary Figure 60; Supplementary Figure 61; Supplementary Figure 62; Supplementary Figure 63; Supplementary Figure 64; Supplementary Figure 65; Supplementary Figure 66,Static output displayed/downloaded by app.py from outputs/app_supplementary_figures/.,1,PASS — canonical script compiles; packaged final output and explicit inputs validated; non-target figure bytes preserved.
Supplementary Figure 21: SupplementaryFigure21_GTDB_order_metagenomics_bold,Complete figure,Original/final,generate_taxonomy_supplementary_figures.py,scripts/generate_taxonomy_supplementary_figures.py,CangaMetaG_App_Final/,Generate SupplementaryFigure21_GTDB_order_metagenomics_bold from the documented packaged study inputs.,python scripts/generate_taxonomy_supplementary_figures.py --base-dir .,Not applicable,data/resultado.cds.otu.tab; data/resultado.cds.tax.tab; data/st8_metadata_curated.csv,Documented script-derived files in data/final_publication_derived/ or outputs/final_publication_audit_tables/.,Defined explicitly in the script; no undocumented manual image edits.,Not applicable or defined in the script where stochastic procedures are used.,Python and libraries imported by the script; see environment/reproducibility_environment.yml.,outputs/final_publication_figures/SupplementaryFigure21_GTDB_order_metagenomics_bold.png; outputs/final_publication_figures/SupplementaryFigure21_GTDB_order_metagenomics_bold.pdf; outputs/final_publication_figures/SupplementaryFigure21_GTDB_order_metagenomics_bold.svg,outputs/final_publication_figures/; outputs/app_supplementary_figures/; article 03_Supplementary_Figures/,Execution order 1 within this figure. The script also generates: Supplementary Figure 18; Supplementary Figure 19; Supplementary Figure 20; Supplementary Figure 21; Supplementary Figure 22; Supplementary Figure 23; Supplementary Figure 24; Supplementary Figure 25; Supplementary Figure 43; Supplementary Figure 44; Supplementary Figure 45; Supplementary Figure 46; Supplementary Figure 47; Supplementary Figure 48; Supplementary Figure 49; Supplementary Figure 50; Supplementary Figure 51; Supplementary Figure 52; Supplementary Figure 53; Supplementary Figure 54; Supplementary Figure 55; Supplementary Figure 56; Supplementary Figure 57; Supplementary Figure 58; Supplementary Figure 59; Supplementary Figure 60; Supplementary Figure 61; Supplementary Figure 62; Supplementary Figure 63; Supplementary Figure 64; Supplementary Figure 65; Supplementary Figure 66,Static output displayed/downloaded by app.py from outputs/app_supplementary_figures/.,1,PASS — canonical script compiles; packaged final output and explicit inputs validated; non-target figure bytes preserved.
Supplementary Figure 22: SupplementaryFigure22_GTDB_order_metatranscriptomics_bold,Complete figure,Original/final,generate_taxonomy_supplementary_figures.py,scripts/generate_taxonomy_supplementary_figures.py,CangaMetaG_App_Final/,Generate SupplementaryFigure22_GTDB_order_metatranscriptomics_bold from the documented packaged study inputs.,python scripts/generate_taxonomy_supplementary_figures.py --base-dir .,Not applicable,data/resultado.cds.otu.tab; data/resultado.cds.tax.tab; data/st8_metadata_curated.csv,Documented script-derived files in data/final_publication_derived/ or outputs/final_publication_audit_tables/.,Defined explicitly in the script; no undocumented manual image edits.,Not applicable or defined in the script where stochastic procedures are used.,Python and libraries imported by the script; see environment/reproducibility_environment.yml.,outputs/final_publication_figures/SupplementaryFigure22_GTDB_order_metatranscriptomics_bold.png; outputs/final_publication_figures/SupplementaryFigure22_GTDB_order_metatranscriptomics_bold.pdf; outputs/final_publication_figures/SupplementaryFigure22_GTDB_order_metatranscriptomics_bold.svg,outputs/final_publication_figures/; outputs/app_supplementary_figures/; article 03_Supplementary_Figures/,Execution order 1 within this figure. The script also generates: Supplementary Figure 18; Supplementary Figure 19; Supplementary Figure 20; Supplementary Figure 21; Supplementary Figure 22; Supplementary Figure 23; Supplementary Figure 24; Supplementary Figure 25; Supplementary Figure 43; Supplementary Figure 44; Supplementary Figure 45; Supplementary Figure 46; Supplementary Figure 47; Supplementary Figure 48; Supplementary Figure 49; Supplementary Figure 50; Supplementary Figure 51; Supplementary Figure 52; Supplementary Figure 53; Supplementary Figure 54; Supplementary Figure 55; Supplementary Figure 56; Supplementary Figure 57; Supplementary Figure 58; Supplementary Figure 59; Supplementary Figure 60; Supplementary Figure 61; Supplementary Figure 62; Supplementary Figure 63; Supplementary Figure 64; Supplementary Figure 65; Supplementary Figure 66,Static output displayed/downloaded by app.py from outputs/app_supplementary_figures/.,1,PASS — canonical script compiles; packaged final output and explicit inputs validated; non-target figure bytes preserved.
Supplementary Figure 23: SupplementaryFigure23_GTDB_family_combined_bold,Complete figure,Original/final,generate_taxonomy_supplementary_figures.py,scripts/generate_taxonomy_supplementary_figures.py,CangaMetaG_App_Final/,Generate SupplementaryFigure23_GTDB_family_combined_bold from the documented packaged study inputs.,python scripts/generate_taxonomy_supplementary_figures.py --base-dir .,Not applicable,data/resultado.cds.otu.tab; data/resultado.cds.tax.tab; data/st8_metadata_curated.csv,Documented script-derived files in data/final_publication_derived/ or outputs/final_publication_audit_tables/.,Defined explicitly in the script; no undocumented manual image edits.,Not applicable or defined in the script where stochastic procedures are used.,Python and libraries imported by the script; see environment/reproducibility_environment.yml.,outputs/final_publication_figures/SupplementaryFigure23_GTDB_family_combined_bold.png; outputs/final_publication_figures/SupplementaryFigure23_GTDB_family_combined_bold.pdf; outputs/final_publication_figures/SupplementaryFigure23_GTDB_family_combined_bold.svg,outputs/final_publication_figures/; outputs/app_supplementary_figures/; article 03_Supplementary_Figures/,Execution order 1 within this figure. The script also generates: Supplementary Figure 18; Supplementary Figure 19; Supplementary Figure 20; Supplementary Figure 21; Supplementary Figure 22; Supplementary Figure 23; Supplementary Figure 24; Supplementary Figure 25; Supplementary Figure 43; Supplementary Figure 44; Supplementary Figure 45; Supplementary Figure 46; Supplementary Figure 47; Supplementary Figure 48; Supplementary Figure 49; Supplementary Figure 50; Supplementary Figure 51; Supplementary Figure 52; Supplementary Figure 53; Supplementary Figure 54; Supplementary Figure 55; Supplementary Figure 56; Supplementary Figure 57; Supplementary Figure 58; Supplementary Figure 59; Supplementary Figure 60; Supplementary Figure 61; Supplementary Figure 62; Supplementary Figure 63; Supplementary Figure 64; Supplementary Figure 65; Supplementary Figure 66,Static output displayed/downloaded by app.py from outputs/app_supplementary_figures/.,1,PASS — canonical script compiles; packaged final output and explicit inputs validated; non-target figure bytes preserved.
Supplementary Figure 24: SupplementaryFigure24_GTDB_family_metagenomics_bold,Complete figure,Original/final,generate_taxonomy_supplementary_figures.py,scripts/generate_taxonomy_supplementary_figures.py,CangaMetaG_App_Final/,Generate SupplementaryFigure24_GTDB_family_metagenomics_bold from the documented packaged study inputs.,python scripts/generate_taxonomy_supplementary_figures.py --base-dir .,Not applicable,data/resultado.cds.otu.tab; data/resultado.cds.tax.tab; data/st8_metadata_curated.csv,Documented script-derived files in data/final_publication_derived/ or outputs/final_publication_audit_tables/.,Defined explicitly in the script; no undocumented manual image edits.,Not applicable or defined in the script where stochastic procedures are used.,Python and libraries imported by the script; see environment/reproducibility_environment.yml.,outputs/final_publication_figures/SupplementaryFigure24_GTDB_family_metagenomics_bold.png; outputs/final_publication_figures/SupplementaryFigure24_GTDB_family_metagenomics_bold.pdf; outputs/final_publication_figures/SupplementaryFigure24_GTDB_family_metagenomics_bold.svg,outputs/final_publication_figures/; outputs/app_supplementary_figures/; article 03_Supplementary_Figures/,Execution order 1 within this figure. The script also generates: Supplementary Figure 18; Supplementary Figure 19; Supplementary Figure 20; Supplementary Figure 21; Supplementary Figure 22; Supplementary Figure 23; Supplementary Figure 24; Supplementary Figure 25; Supplementary Figure 43; Supplementary Figure 44; Supplementary Figure 45; Supplementary Figure 46; Supplementary Figure 47; Supplementary Figure 48; Supplementary Figure 49; Supplementary Figure 50; Supplementary Figure 51; Supplementary Figure 52; Supplementary Figure 53; Supplementary Figure 54; Supplementary Figure 55; Supplementary Figure 56; Supplementary Figure 57; Supplementary Figure 58; Supplementary Figure 59; Supplementary Figure 60; Supplementary Figure 61; Supplementary Figure 62; Supplementary Figure 63; Supplementary Figure 64; Supplementary Figure 65; Supplementary Figure 66,Static output displayed/downloaded by app.py from outputs/app_supplementary_figures/.,1,PASS — canonical script compiles; packaged final output and explicit inputs validated; non-target figure bytes preserved.
Supplementary Figure 25: SupplementaryFigure25_GTDB_family_metatranscriptomics_bold,Complete figure,Original/final,generate_taxonomy_supplementary_figures.py,scripts/generate_taxonomy_supplementary_figures.py,CangaMetaG_App_Final/,Generate SupplementaryFigure25_GTDB_family_metatranscriptomics_bold from the documented packaged study inputs.,python scripts/generate_taxonomy_supplementary_figures.py --base-dir .,Not applicable,data/resultado.cds.otu.tab; data/resultado.cds.tax.tab; data/st8_metadata_curated.csv,Documented script-derived files in data/final_publication_derived/ or outputs/final_publication_audit_tables/.,Defined explicitly in the script; no undocumented manual image edits.,Not applicable or defined in the script where stochastic procedures are used.,Python and libraries imported by the script; see environment/reproducibility_environment.yml.,outputs/final_publication_figures/SupplementaryFigure25_GTDB_family_metatranscriptomics_bold.png; outputs/final_publication_figures/SupplementaryFigure25_GTDB_family_metatranscriptomics_bold.pdf; outputs/final_publication_figures/SupplementaryFigure25_GTDB_family_metatranscriptomics_bold.svg,outputs/final_publication_figures/; outputs/app_supplementary_figures/; article 03_Supplementary_Figures/,Execution order 1 within this figure. The script also generates: Supplementary Figure 18; Supplementary Figure 19; Supplementary Figure 20; Supplementary Figure 21; Supplementary Figure 22; Supplementary Figure 23; Supplementary Figure 24; Supplementary Figure 25; Supplementary Figure 43; Supplementary Figure 44; Supplementary Figure 45; Supplementary Figure 46; Supplementary Figure 47; Supplementary Figure 48; Supplementary Figure 49; Supplementary Figure 50; Supplementary Figure 51; Supplementary Figure 52; Supplementary Figure 53; Supplementary Figure 54; Supplementary Figure 55; Supplementary Figure 56; Supplementary Figure 57; Supplementary Figure 58; Supplementary Figure 59; Supplementary Figure 60; Supplementary Figure 61; Supplementary Figure 62; Supplementary Figure 63; Supplementary Figure 64; Supplementary Figure 65; Supplementary Figure 66,Static output displayed/downloaded by app.py from outputs/app_supplementary_figures/.,1,PASS — canonical script compiles; packaged final output and explicit inputs validated; non-target figure bytes preserved.
Supplementary Figure 26: SupplementaryFigure26_taxonomic_overlap_phylum_original,Complete figure,Original/final,generate_core_taxonomy_overlap_figure.py,scripts/generate_core_taxonomy_overlap_figure.py,CangaMetaG_App_Final/,Generate SupplementaryFigure26_taxonomic_overlap_phylum_original from the documented packaged study inputs.,python scripts/generate_core_taxonomy_overlap_figure.py --base-dir .,Not applicable,Not applicable,Documented script-derived files in data/final_publication_derived/ or outputs/final_publication_audit_tables/.,Defined explicitly in the script; no undocumented manual image edits.,Not applicable or defined in the script where stochastic procedures are used.,Python and libraries imported by the script; see environment/reproducibility_environment.yml.,outputs/final_publication_figures/SupplementaryFigure26_taxonomic_overlap_phylum_original.png; outputs/final_publication_figures/SupplementaryFigure26_taxonomic_overlap_phylum_original.pdf; outputs/final_publication_figures/SupplementaryFigure26_taxonomic_overlap_phylum_original.svg,outputs/final_publication_figures/; outputs/app_supplementary_figures/; article 03_Supplementary_Figures/,Execution order 1 within this figure. The script also generates: Supplementary Figure 26; Supplementary Figure 27; Supplementary Figure 28,Static output displayed/downloaded by app.py from outputs/app_supplementary_figures/.,1,PASS — canonical script compiles; packaged final output and explicit inputs validated; non-target figure bytes preserved.
Supplementary Figure 27: SupplementaryFigure27_taxonomic_overlap_order_original,Complete figure,Original/final,generate_core_taxonomy_overlap_figure.py,scripts/generate_core_taxonomy_overlap_figure.py,CangaMetaG_App_Final/,Generate SupplementaryFigure27_taxonomic_overlap_order_original from the documented packaged study inputs.,python scripts/generate_core_taxonomy_overlap_figure.py --base-dir .,Not applicable,Not applicable,Documented script-derived files in data/final_publication_derived/ or outputs/final_publication_audit_tables/.,Defined explicitly in the script; no undocumented manual image edits.,Not applicable or defined in the script where stochastic procedures are used.,Python and libraries imported by the script; see environment/reproducibility_environment.yml.,outputs/final_publication_figures/SupplementaryFigure27_taxonomic_overlap_order_original.png; outputs/final_publication_figures/SupplementaryFigure27_taxonomic_overlap_order_original.pdf; outputs/final_publication_figures/SupplementaryFigure27_taxonomic_overlap_order_original.svg,outputs/final_publication_figures/; outputs/app_supplementary_figures/; article 03_Supplementary_Figures/,Execution order 1 within this figure. The script also generates: Supplementary Figure 26; Supplementary Figure 27; Supplementary Figure 28,Static output displayed/downloaded by app.py from outputs/app_supplementary_figures/.,1,PASS — canonical script compiles; packaged final output and explicit inputs validated; non-target figure bytes preserved.
Supplementary Figure 28: SupplementaryFigure28_taxonomic_overlap_family_original,Complete figure,Original/final,generate_core_taxonomy_overlap_figure.py,scripts/generate_core_taxonomy_overlap_figure.py,CangaMetaG_App_Final/,Generate SupplementaryFigure28_taxonomic_overlap_family_original from the documented packaged study inputs.,python scripts/generate_core_taxonomy_overlap_figure.py --base-dir .,Not applicable,Not applicable,Documented script-derived files in data/final_publication_derived/ or outputs/final_publication_audit_tables/.,Defined explicitly in the script; no undocumented manual image edits.,Not applicable or defined in the script where stochastic procedures are used.,Python and libraries imported by the script; see environment/reproducibility_environment.yml.,outputs/final_publication_figures/SupplementaryFigure28_taxonomic_overlap_family_original.png; outputs/final_publication_figures/SupplementaryFigure28_taxonomic_overlap_family_original.pdf; outputs/final_publication_figures/SupplementaryFigure28_taxonomic_overlap_family_original.svg,outputs/final_publication_figures/; outputs/app_supplementary_figures/; article 03_Supplementary_Figures/,Execution order 1 within this figure. The script also generates: Supplementary Figure 26; Supplementary Figure 27; Supplementary Figure 28,Static output displayed/downloaded by app.py from outputs/app_supplementary_figures/.,1,PASS — canonical script compiles; packaged final output and explicit inputs validated; non-target figure bytes preserved.
Supplementary Figure 29: SupplementaryFigure29_complete_computational_workflow,Complete figure,Original/final,generate_atlas_workflow_figure.py,scripts/generate_atlas_workflow_figure.py,CangaMetaG_App_Final/,Generate SupplementaryFigure29_complete_computational_workflow from the documented packaged study inputs.,python scripts/generate_atlas_workflow_figure.py --base-dir .,Not applicable,Not applicable,Documented script-derived files in data/final_publication_derived/ or outputs/final_publication_audit_tables/.,Defined explicitly in the script; no undocumented manual image edits.,Not applicable or defined in the script where stochastic procedures are used.,Python and libraries imported by the script; see environment/reproducibility_environment.yml.,outputs/final_publication_figures/SupplementaryFigure29_complete_computational_workflow.png; outputs/final_publication_figures/SupplementaryFigure29_complete_computational_workflow.pdf; outputs/final_publication_figures/SupplementaryFigure29_complete_computational_workflow.svg,outputs/final_publication_figures/; outputs/app_supplementary_figures/; article 03_Supplementary_Figures/,Execution order 1 within this figure. The script also generates: Supplementary Figure 29,Static output displayed/downloaded by app.py from outputs/app_supplementary_figures/.,1,PASS — canonical script compiles; packaged final output and explicit inputs validated; non-target figure bytes preserved.
Supplementary Figure 30: SupplementaryFigure30_verified_coordinates_original,Complete figure,Original/final,generate_amazon_coordinate_figure.py,scripts/generate_amazon_coordinate_figure.py,CangaMetaG_App_Final/,Generate SupplementaryFigure30_verified_coordinates_original from the documented packaged study inputs.,python scripts/generate_amazon_coordinate_figure.py --base-dir . --article-root ../CangaMetaG_Article_Final,Not applicable,data/st8_metadata_curated.csv,Documented script-derived files in data/final_publication_derived/ or outputs/final_publication_audit_tables/.,Defined explicitly in the script; no undocumented manual image edits.,Not applicable or defined in the script where stochastic procedures are used.,Python and libraries imported by the script; see environment/reproducibility_environment.yml.,outputs/final_publication_figures/SupplementaryFigure30_verified_coordinates_original.png; outputs/final_publication_figures/SupplementaryFigure30_verified_coordinates_original.pdf; outputs/final_publication_figures/SupplementaryFigure30_verified_coordinates_original.svg,outputs/final_publication_figures/; outputs/app_supplementary_figures/; article 03_Supplementary_Figures/,Execution order 1 within this figure. The script also generates: Figure 1; Supplementary Figure 30,Static output displayed/downloaded by app.py from outputs/app_supplementary_figures/.,1,PASS — canonical script compiles; packaged final output and explicit inputs validated; non-target figure bytes preserved.
Supplementary Figure 31A: SupplementaryFigure31A_common_taxa_phylum_heatmap,Complete figure,Original/final,generate_s31_taxonomic_levels_revision3.py,scripts/figures/generate_s31_taxonomic_levels_revision3.py,CangaMetaG_App_Final/,Generate SupplementaryFigure31A_common_taxa_phylum_heatmap from the documented packaged study inputs.,python scripts/figures/generate_s31_taxonomic_levels_revision3.py --base-dir . --article-root ../CangaMetaG_Article_Final,Not applicable,outputs/final_publication_audit_tables/source_SupplementaryFigure14_GTDB_phylum_combined_bold.csv,Documented script-derived files in data/final_publication_derived/ or outputs/final_publication_audit_tables/.,Defined explicitly in the script; no undocumented manual image edits.,Not applicable or defined in the script where stochastic procedures are used.,Python and libraries imported by the script; see environment/reproducibility_environment.yml.,outputs/final_publication_figures/SupplementaryFigure31A_common_taxa_phylum_heatmap.png; outputs/final_publication_figures/SupplementaryFigure31A_common_taxa_phylum_heatmap.pdf; outputs/final_publication_figures/SupplementaryFigure31A_common_taxa_phylum_heatmap.svg,outputs/final_publication_figures/; outputs/app_supplementary_figures/; article 03_Supplementary_Figures/,Execution order 1 within this figure. The script also generates: Supplementary Figure 31A; Supplementary Figure 31B; Supplementary Figure 31C,Static output displayed/downloaded by app.py from outputs/app_supplementary_figures/.,1,PASS — canonical script compiles; packaged final output and explicit inputs validated; non-target figure bytes preserved.
Supplementary Figure 31B: SupplementaryFigure31B_common_taxa_order_heatmap,Complete figure,Original/final,generate_s31_taxonomic_levels_revision3.py,scripts/figures/generate_s31_taxonomic_levels_revision3.py,CangaMetaG_App_Final/,Generate SupplementaryFigure31B_common_taxa_order_heatmap from the documented packaged study inputs.,python scripts/figures/generate_s31_taxonomic_levels_revision3.py --base-dir . --article-root ../CangaMetaG_Article_Final,Not applicable,outputs/final_publication_audit_tables/source_SupplementaryFigure20_GTDB_order_combined_bold.csv,Documented script-derived files in data/final_publication_derived/ or outputs/final_publication_audit_tables/.,Defined explicitly in the script; no undocumented manual image edits.,Not applicable or defined in the script where stochastic procedures are used.,Python and libraries imported by the script; see environment/reproducibility_environment.yml.,outputs/final_publication_figures/SupplementaryFigure31B_common_taxa_order_heatmap.png; outputs/final_publication_figures/SupplementaryFigure31B_common_taxa_order_heatmap.pdf; outputs/final_publication_figures/SupplementaryFigure31B_common_taxa_order_heatmap.svg,outputs/final_publication_figures/; outputs/app_supplementary_figures/; article 03_Supplementary_Figures/,Execution order 1 within this figure. The script also generates: Supplementary Figure 31A; Supplementary Figure 31B; Supplementary Figure 31C,Static output displayed/downloaded by app.py from outputs/app_supplementary_figures/.,1,PASS — canonical script compiles; packaged final output and explicit inputs validated; non-target figure bytes preserved.
Supplementary Figure 31C: SupplementaryFigure31C_common_taxa_family_heatmap,Complete figure,Original/final,generate_s31_taxonomic_levels_revision3.py,scripts/figures/generate_s31_taxonomic_levels_revision3.py,CangaMetaG_App_Final/,Generate SupplementaryFigure31C_common_taxa_family_heatmap from the documented packaged study inputs.,python scripts/figures/generate_s31_taxonomic_levels_revision3.py --base-dir . --article-root ../CangaMetaG_Article_Final,Not applicable,outputs/final_publication_audit_tables/source_SupplementaryFigure23_GTDB_family_combined_bold.csv,Documented script-derived files in data/final_publication_derived/ or outputs/final_publication_audit_tables/.,Defined explicitly in the script; no undocumented manual image edits.,Not applicable or defined in the script where stochastic procedures are used.,Python and libraries imported by the script; see environment/reproducibility_environment.yml.,outputs/final_publication_figures/SupplementaryFigure31C_common_taxa_family_heatmap.png; outputs/final_publication_figures/SupplementaryFigure31C_common_taxa_family_heatmap.pdf; outputs/final_publication_figures/SupplementaryFigure31C_common_taxa_family_heatmap.svg,outputs/final_publication_figures/; outputs/app_supplementary_figures/; article 03_Supplementary_Figures/,Execution order 1 within this figure. The script also generates: Supplementary Figure 31A; Supplementary Figure 31B; Supplementary Figure 31C,Static output displayed/downloaded by app.py from outputs/app_supplementary_figures/.,1,PASS — canonical script compiles; packaged final output and explicit inputs validated; non-target figure bytes preserved.
Supplementary Figure 32: SupplementaryFigure32_ResBiomarker_Biogeochemical_cycles_raw_heatmap,P001,Original/final,generate_s31_s32.py,scripts/figures/generate_s31_s32.py,CangaMetaG_App_Final/,Generate SupplementaryFigure32_ResBiomarker_Biogeochemical_cycles_raw_heatmap from the documented packaged study inputs.,python scripts/figures/generate_s31_s32.py --base-dir . --article-root ../CangaMetaG_Article_Final,Not applicable,data/publication_sources/Supplementary_Table_4.xlsx,Documented script-derived files in data/final_publication_derived/ or outputs/final_publication_audit_tables/.,Defined explicitly in the script; no undocumented manual image edits.,Not applicable or defined in the script where stochastic procedures are used.,Python and libraries imported by the script; see environment/reproducibility_environment.yml.,outputs/final_publication_figures/SupplementaryFigure32_ResBiomarker_Biogeochemical_cycles_raw_heatmap_P001.png; outputs/final_publication_figures/SupplementaryFigure32_ResBiomarker_Biogeochemical_cycles_raw_heatmap.pdf; outputs/final_publication_figures/SupplementaryFigure32_ResBiomarker_Biogeochemical_cycles_raw_heatmap_P001.svg,outputs/final_publication_figures/; outputs/app_supplementary_figures/; article 03_Supplementary_Figures/,Execution order 1 within this figure. The script also generates: Supplementary Figure 32,Static output displayed/downloaded by app.py from outputs/app_supplementary_figures/.,1,PASS — canonical script compiles; packaged final output and explicit inputs validated; non-target figure bytes preserved.
Supplementary Figure 32: SupplementaryFigure32_ResBiomarker_Biogeochemical_cycles_raw_heatmap,P002,Original/final,generate_s31_s32.py,scripts/figures/generate_s31_s32.py,CangaMetaG_App_Final/,Generate SupplementaryFigure32_ResBiomarker_Biogeochemical_cycles_raw_heatmap from the documented packaged study inputs.,python scripts/figures/generate_s31_s32.py --base-dir . --article-root ../CangaMetaG_Article_Final,Not applicable,data/publication_sources/Supplementary_Table_4.xlsx,Documented script-derived files in data/final_publication_derived/ or outputs/final_publication_audit_tables/.,Defined explicitly in the script; no undocumented manual image edits.,Not applicable or defined in the script where stochastic procedures are used.,Python and libraries imported by the script; see environment/reproducibility_environment.yml.,outputs/final_publication_figures/SupplementaryFigure32_ResBiomarker_Biogeochemical_cycles_raw_heatmap_P002.png; outputs/final_publication_figures/SupplementaryFigure32_ResBiomarker_Biogeochemical_cycles_raw_heatmap.pdf; outputs/final_publication_figures/SupplementaryFigure32_ResBiomarker_Biogeochemical_cycles_raw_heatmap_P002.svg,outputs/final_publication_figures/; outputs/app_supplementary_figures/; article 03_Supplementary_Figures/,Execution order 2 within this figure. The script also generates: Supplementary Figure 32,Static output displayed/downloaded by app.py from outputs/app_supplementary_figures/.,2,PASS — canonical script compiles; packaged final output and explicit inputs validated; non-target figure bytes preserved.
Supplementary Figure 32: SupplementaryFigure32_ResBiomarker_Biogeochemical_cycles_raw_heatmap,P003,Original/final,generate_s31_s32.py,scripts/figures/generate_s31_s32.py,CangaMetaG_App_Final/,Generate SupplementaryFigure32_ResBiomarker_Biogeochemical_cycles_raw_heatmap from the documented packaged study inputs.,python scripts/figures/generate_s31_s32.py --base-dir . --article-root ../CangaMetaG_Article_Final,Not applicable,data/publication_sources/Supplementary_Table_4.xlsx,Documented script-derived files in data/final_publication_derived/ or outputs/final_publication_audit_tables/.,Defined explicitly in the script; no undocumented manual image edits.,Not applicable or defined in the script where stochastic procedures are used.,Python and libraries imported by the script; see environment/reproducibility_environment.yml.,outputs/final_publication_figures/SupplementaryFigure32_ResBiomarker_Biogeochemical_cycles_raw_heatmap_P003.png; outputs/final_publication_figures/SupplementaryFigure32_ResBiomarker_Biogeochemical_cycles_raw_heatmap.pdf; outputs/final_publication_figures/SupplementaryFigure32_ResBiomarker_Biogeochemical_cycles_raw_heatmap_P003.svg,outputs/final_publication_figures/; outputs/app_supplementary_figures/; article 03_Supplementary_Figures/,Execution order 3 within this figure. The script also generates: Supplementary Figure 32,Static output displayed/downloaded by app.py from outputs/app_supplementary_figures/.,3,PASS — canonical script compiles; packaged final output and explicit inputs validated; non-target figure bytes preserved.
Supplementary Figure 32: SupplementaryFigure32_ResBiomarker_Biogeochemical_cycles_raw_heatmap,P004,Original/final,generate_s31_s32.py,scripts/figures/generate_s31_s32.py,CangaMetaG_App_Final/,Generate SupplementaryFigure32_ResBiomarker_Biogeochemical_cycles_raw_heatmap from the documented packaged study inputs.,python scripts/figures/generate_s31_s32.py --base-dir . --article-root ../CangaMetaG_Article_Final,Not applicable,data/publication_sources/Supplementary_Table_4.xlsx,Documented script-derived files in data/final_publication_derived/ or outputs/final_publication_audit_tables/.,Defined explicitly in the script; no undocumented manual image edits.,Not applicable or defined in the script where stochastic procedures are used.,Python and libraries imported by the script; see environment/reproducibility_environment.yml.,outputs/final_publication_figures/SupplementaryFigure32_ResBiomarker_Biogeochemical_cycles_raw_heatmap_P004.png; outputs/final_publication_figures/SupplementaryFigure32_ResBiomarker_Biogeochemical_cycles_raw_heatmap.pdf; outputs/final_publication_figures/SupplementaryFigure32_ResBiomarker_Biogeochemical_cycles_raw_heatmap_P004.svg,outputs/final_publication_figures/; outputs/app_supplementary_figures/; article 03_Supplementary_Figures/,Execution order 4 within this figure. The script also generates: Supplementary Figure 32,Static output displayed/downloaded by app.py from outputs/app_supplementary_figures/.,4,PASS — canonical script compiles; packaged final output and explicit inputs validated; non-target figure bytes preserved.
Supplementary Figure 32: SupplementaryFigure32_ResBiomarker_Biogeochemical_cycles_raw_heatmap,P005,Original/final,generate_s31_s32.py,scripts/figures/generate_s31_s32.py,CangaMetaG_App_Final/,Generate SupplementaryFigure32_ResBiomarker_Biogeochemical_cycles_raw_heatmap from the documented packaged study inputs.,python scripts/figures/generate_s31_s32.py --base-dir . --article-root ../CangaMetaG_Article_Final,Not applicable,data/publication_sources/Supplementary_Table_4.xlsx,Documented script-derived files in data/final_publication_derived/ or outputs/final_publication_audit_tables/.,Defined explicitly in the script; no undocumented manual image edits.,Not applicable or defined in the script where stochastic procedures are used.,Python and libraries imported by the script; see environment/reproducibility_environment.yml.,outputs/final_publication_figures/SupplementaryFigure32_ResBiomarker_Biogeochemical_cycles_raw_heatmap_P005.png; outputs/final_publication_figures/SupplementaryFigure32_ResBiomarker_Biogeochemical_cycles_raw_heatmap.pdf; outputs/final_publication_figures/SupplementaryFigure32_ResBiomarker_Biogeochemical_cycles_raw_heatmap_P005.svg,outputs/final_publication_figures/; outputs/app_supplementary_figures/; article 03_Supplementary_Figures/,Execution order 5 within this figure. The script also generates: Supplementary Figure 32,Static output displayed/downloaded by app.py from outputs/app_supplementary_figures/.,5,PASS — canonical script compiles; packaged final output and explicit inputs validated; non-target figure bytes preserved.
Supplementary Figure 32: SupplementaryFigure32_ResBiomarker_Biogeochemical_cycles_raw_heatmap,P006,Original/final,generate_s31_s32.py,scripts/figures/generate_s31_s32.py,CangaMetaG_App_Final/,Generate SupplementaryFigure32_ResBiomarker_Biogeochemical_cycles_raw_heatmap from the documented packaged study inputs.,python scripts/figures/generate_s31_s32.py --base-dir . --article-root ../CangaMetaG_Article_Final,Not applicable,data/publication_sources/Supplementary_Table_4.xlsx,Documented script-derived files in data/final_publication_derived/ or outputs/final_publication_audit_tables/.,Defined explicitly in the script; no undocumented manual image edits.,Not applicable or defined in the script where stochastic procedures are used.,Python and libraries imported by the script; see environment/reproducibility_environment.yml.,outputs/final_publication_figures/SupplementaryFigure32_ResBiomarker_Biogeochemical_cycles_raw_heatmap_P006.png; outputs/final_publication_figures/SupplementaryFigure32_ResBiomarker_Biogeochemical_cycles_raw_heatmap.pdf; outputs/final_publication_figures/SupplementaryFigure32_ResBiomarker_Biogeochemical_cycles_raw_heatmap_P006.svg,outputs/final_publication_figures/; outputs/app_supplementary_figures/; article 03_Supplementary_Figures/,Execution order 6 within this figure. The script also generates: Supplementary Figure 32,Static output displayed/downloaded by app.py from outputs/app_supplementary_figures/.,6,PASS — canonical script compiles; packaged final output and explicit inputs validated; non-target figure bytes preserved.
Supplementary Figure 33: SupplementaryFigure33_ResBiomarker_Biogeochemical_cycles_zscore_heatmap,P001,Original/final,generate_s33_biogeochemical_zscore_revision3.py,scripts/figures/generate_s33_biogeochemical_zscore_revision3.py,CangaMetaG_App_Final/,Generate SupplementaryFigure33_ResBiomarker_Biogeochemical_cycles_zscore_heatmap from the documented packaged study inputs.,python scripts/figures/generate_s33_biogeochemical_zscore_revision3.py --base-dir . --article-root ../CangaMetaG_Article_Final,Not applicable,data/final_publication_derived/SupplementaryFigure32_biogeochemical_markers_raw_source.csv,Documented script-derived files in data/final_publication_derived/ or outputs/final_publication_audit_tables/.,Defined explicitly in the script; no undocumented manual image edits.,Not applicable or defined in the script where stochastic procedures are used.,Python and libraries imported by the script; see environment/reproducibility_environment.yml.,outputs/final_publication_figures/SupplementaryFigure33_ResBiomarker_Biogeochemical_cycles_zscore_heatmap_P001.png; outputs/final_publication_figures/SupplementaryFigure33_ResBiomarker_Biogeochemical_cycles_zscore_heatmap.pdf; outputs/final_publication_figures/SupplementaryFigure33_ResBiomarker_Biogeochemical_cycles_zscore_heatmap_P001.svg,outputs/final_publication_figures/; outputs/app_supplementary_figures/; article 03_Supplementary_Figures/,Execution order 1 within this figure. The script also generates: Supplementary Figure 33,Static output displayed/downloaded by app.py from outputs/app_supplementary_figures/.,1,PASS — canonical script compiles; packaged final output and explicit inputs validated; non-target figure bytes preserved.
Supplementary Figure 33: SupplementaryFigure33_ResBiomarker_Biogeochemical_cycles_zscore_heatmap,P002,Original/final,generate_s33_biogeochemical_zscore_revision3.py,scripts/figures/generate_s33_biogeochemical_zscore_revision3.py,CangaMetaG_App_Final/,Generate SupplementaryFigure33_ResBiomarker_Biogeochemical_cycles_zscore_heatmap from the documented packaged study inputs.,python scripts/figures/generate_s33_biogeochemical_zscore_revision3.py --base-dir . --article-root ../CangaMetaG_Article_Final,Not applicable,data/final_publication_derived/SupplementaryFigure32_biogeochemical_markers_raw_source.csv,Documented script-derived files in data/final_publication_derived/ or outputs/final_publication_audit_tables/.,Defined explicitly in the script; no undocumented manual image edits.,Not applicable or defined in the script where stochastic procedures are used.,Python and libraries imported by the script; see environment/reproducibility_environment.yml.,outputs/final_publication_figures/SupplementaryFigure33_ResBiomarker_Biogeochemical_cycles_zscore_heatmap_P002.png; outputs/final_publication_figures/SupplementaryFigure33_ResBiomarker_Biogeochemical_cycles_zscore_heatmap.pdf; outputs/final_publication_figures/SupplementaryFigure33_ResBiomarker_Biogeochemical_cycles_zscore_heatmap_P002.svg,outputs/final_publication_figures/; outputs/app_supplementary_figures/; article 03_Supplementary_Figures/,Execution order 2 within this figure. The script also generates: Supplementary Figure 33,Static output displayed/downloaded by app.py from outputs/app_supplementary_figures/.,2,PASS — canonical script compiles; packaged final output and explicit inputs validated; non-target figure bytes preserved.
Supplementary Figure 33: SupplementaryFigure33_ResBiomarker_Biogeochemical_cycles_zscore_heatmap,P003,Original/final,generate_s33_biogeochemical_zscore_revision3.py,scripts/figures/generate_s33_biogeochemical_zscore_revision3.py,CangaMetaG_App_Final/,Generate SupplementaryFigure33_ResBiomarker_Biogeochemical_cycles_zscore_heatmap from the documented packaged study inputs.,python scripts/figures/generate_s33_biogeochemical_zscore_revision3.py --base-dir . --article-root ../CangaMetaG_Article_Final,Not applicable,data/final_publication_derived/SupplementaryFigure32_biogeochemical_markers_raw_source.csv,Documented script-derived files in data/final_publication_derived/ or outputs/final_publication_audit_tables/.,Defined explicitly in the script; no undocumented manual image edits.,Not applicable or defined in the script where stochastic procedures are used.,Python and libraries imported by the script; see environment/reproducibility_environment.yml.,outputs/final_publication_figures/SupplementaryFigure33_ResBiomarker_Biogeochemical_cycles_zscore_heatmap_P003.png; outputs/final_publication_figures/SupplementaryFigure33_ResBiomarker_Biogeochemical_cycles_zscore_heatmap.pdf; outputs/final_publication_figures/SupplementaryFigure33_ResBiomarker_Biogeochemical_cycles_zscore_heatmap_P003.svg,outputs/final_publication_figures/; outputs/app_supplementary_figures/; article 03_Supplementary_Figures/,Execution order 3 within this figure. The script also generates: Supplementary Figure 33,Static output displayed/downloaded by app.py from outputs/app_supplementary_figures/.,3,PASS — canonical script compiles; packaged final output and explicit inputs validated; non-target figure bytes preserved.
Supplementary Figure 33: SupplementaryFigure33_ResBiomarker_Biogeochemical_cycles_zscore_heatmap,P004,Original/final,generate_s33_biogeochemical_zscore_revision3.py,scripts/figures/generate_s33_biogeochemical_zscore_revision3.py,CangaMetaG_App_Final/,Generate SupplementaryFigure33_ResBiomarker_Biogeochemical_cycles_zscore_heatmap from the documented packaged study inputs.,python scripts/figures/generate_s33_biogeochemical_zscore_revision3.py --base-dir . --article-root ../CangaMetaG_Article_Final,Not applicable,data/final_publication_derived/SupplementaryFigure32_biogeochemical_markers_raw_source.csv,Documented script-derived files in data/final_publication_derived/ or outputs/final_publication_audit_tables/.,Defined explicitly in the script; no undocumented manual image edits.,Not applicable or defined in the script where stochastic procedures are used.,Python and libraries imported by the script; see environment/reproducibility_environment.yml.,outputs/final_publication_figures/SupplementaryFigure33_ResBiomarker_Biogeochemical_cycles_zscore_heatmap_P004.png; outputs/final_publication_figures/SupplementaryFigure33_ResBiomarker_Biogeochemical_cycles_zscore_heatmap.pdf; outputs/final_publication_figures/SupplementaryFigure33_ResBiomarker_Biogeochemical_cycles_zscore_heatmap_P004.svg,outputs/final_publication_figures/; outputs/app_supplementary_figures/; article 03_Supplementary_Figures/,Execution order 4 within this figure. The script also generates: Supplementary Figure 33,Static output displayed/downloaded by app.py from outputs/app_supplementary_figures/.,4,PASS — canonical script compiles; packaged final output and explicit inputs validated; non-target figure bytes preserved.
Supplementary Figure 33: SupplementaryFigure33_ResBiomarker_Biogeochemical_cycles_zscore_heatmap,P005,Original/final,generate_s33_biogeochemical_zscore_revision3.py,scripts/figures/generate_s33_biogeochemical_zscore_revision3.py,CangaMetaG_App_Final/,Generate SupplementaryFigure33_ResBiomarker_Biogeochemical_cycles_zscore_heatmap from the documented packaged study inputs.,python scripts/figures/generate_s33_biogeochemical_zscore_revision3.py --base-dir . --article-root ../CangaMetaG_Article_Final,Not applicable,data/final_publication_derived/SupplementaryFigure32_biogeochemical_markers_raw_source.csv,Documented script-derived files in data/final_publication_derived/ or outputs/final_publication_audit_tables/.,Defined explicitly in the script; no undocumented manual image edits.,Not applicable or defined in the script where stochastic procedures are used.,Python and libraries imported by the script; see environment/reproducibility_environment.yml.,outputs/final_publication_figures/SupplementaryFigure33_ResBiomarker_Biogeochemical_cycles_zscore_heatmap_P005.png; outputs/final_publication_figures/SupplementaryFigure33_ResBiomarker_Biogeochemical_cycles_zscore_heatmap.pdf; outputs/final_publication_figures/SupplementaryFigure33_ResBiomarker_Biogeochemical_cycles_zscore_heatmap_P005.svg,outputs/final_publication_figures/; outputs/app_supplementary_figures/; article 03_Supplementary_Figures/,Execution order 5 within this figure. The script also generates: Supplementary Figure 33,Static output displayed/downloaded by app.py from outputs/app_supplementary_figures/.,5,PASS — canonical script compiles; packaged final output and explicit inputs validated; non-target figure bytes preserved.
Supplementary Figure 33: SupplementaryFigure33_ResBiomarker_Biogeochemical_cycles_zscore_heatmap,P006,Original/final,generate_s33_biogeochemical_zscore_revision3.py,scripts/figures/generate_s33_biogeochemical_zscore_revision3.py,CangaMetaG_App_Final/,Generate SupplementaryFigure33_ResBiomarker_Biogeochemical_cycles_zscore_heatmap from the documented packaged study inputs.,python scripts/figures/generate_s33_biogeochemical_zscore_revision3.py --base-dir . --article-root ../CangaMetaG_Article_Final,Not applicable,data/final_publication_derived/SupplementaryFigure32_biogeochemical_markers_raw_source.csv,Documented script-derived files in data/final_publication_derived/ or outputs/final_publication_audit_tables/.,Defined explicitly in the script; no undocumented manual image edits.,Not applicable or defined in the script where stochastic procedures are used.,Python and libraries imported by the script; see environment/reproducibility_environment.yml.,outputs/final_publication_figures/SupplementaryFigure33_ResBiomarker_Biogeochemical_cycles_zscore_heatmap_P006.png; outputs/final_publication_figures/SupplementaryFigure33_ResBiomarker_Biogeochemical_cycles_zscore_heatmap.pdf; outputs/final_publication_figures/SupplementaryFigure33_ResBiomarker_Biogeochemical_cycles_zscore_heatmap_P006.svg,outputs/final_publication_figures/; outputs/app_supplementary_figures/; article 03_Supplementary_Figures/,Execution order 6 within this figure. The script also generates: Supplementary Figure 33,Static output displayed/downloaded by app.py from outputs/app_supplementary_figures/.,6,PASS — canonical script compiles; packaged final output and explicit inputs validated; non-target figure bytes preserved.
Supplementary Figure 34: SupplementaryFigure34_ST8_records_by_group_layer_vivid,Complete figure,Original/final,materialize_preserved_publication_asset.py,scripts/materialize_preserved_publication_asset.py,CangaMetaG_App_Final/,Hash-validate and materialize the unchanged packaged Supplementary Figure 34 asset because its legacy generator was not runnable from the received package.,python scripts/materialize_preserved_publication_asset.py --root . --stem SupplementaryFigure34_ST8_records_by_group_layer_vivid --validate-only,data/preserved_publication_assets/SupplementaryFigure34_ST8_records_by_group_layer_vivid/SupplementaryFigure34_ST8_records_by_group_layer_vivid.png; data/preserved_publication_assets/SupplementaryFigure34_ST8_records_by_group_layer_vivid/SupplementaryFigure34_ST8_records_by_group_layer_vivid.pdf; data/preserved_publication_assets/SupplementaryFigure34_ST8_records_by_group_layer_vivid/SupplementaryFigure34_ST8_records_by_group_layer_vivid.svg,Not applicable,Documented script-derived files in data/final_publication_derived/ or outputs/final_publication_audit_tables/.,Defined explicitly in the script; no undocumented manual image edits.,Not applicable or defined in the script where stochastic procedures are used.,Python and libraries imported by the script; see environment/reproducibility_environment.yml.,outputs/final_publication_figures/SupplementaryFigure34_ST8_records_by_group_layer_vivid.png; outputs/final_publication_figures/SupplementaryFigure34_ST8_records_by_group_layer_vivid.pdf; outputs/final_publication_figures/SupplementaryFigure34_ST8_records_by_group_layer_vivid.svg,outputs/final_publication_figures/; outputs/app_supplementary_figures/; article 03_Supplementary_Figures/,Execution order 1 within this figure. The script also generates: Supplementary Figure 34; Supplementary Figure 35; Supplementary Figure 36; Supplementary Figure 39,Static output displayed/downloaded by app.py from outputs/app_supplementary_figures/.,1,PASS — canonical script compiles; packaged final output and explicit inputs validated; non-target figure bytes preserved.
Supplementary Figure 35: SupplementaryFigure35_all_KO_descriptive_contrasts_labeled,Complete figure,Original/final,materialize_preserved_publication_asset.py,scripts/materialize_preserved_publication_asset.py,CangaMetaG_App_Final/,Hash-validate and materialize the unchanged packaged Supplementary Figure 35 asset because its legacy generator was not runnable from the received package.,python scripts/materialize_preserved_publication_asset.py --root . --stem SupplementaryFigure35_all_KO_descriptive_contrasts_labeled --validate-only,data/preserved_publication_assets/SupplementaryFigure35_all_KO_descriptive_contrasts_labeled/SupplementaryFigure35_all_KO_descriptive_contrasts_labeled.png; data/preserved_publication_assets/SupplementaryFigure35_all_KO_descriptive_contrasts_labeled/SupplementaryFigure35_all_KO_descriptive_contrasts_labeled.pdf; data/preserved_publication_assets/SupplementaryFigure35_all_KO_descriptive_contrasts_labeled/SupplementaryFigure35_all_KO_descriptive_contrasts_labeled.svg,Not applicable,Documented script-derived files in data/final_publication_derived/ or outputs/final_publication_audit_tables/.,Defined explicitly in the script; no undocumented manual image edits.,Not applicable or defined in the script where stochastic procedures are used.,Python and libraries imported by the script; see environment/reproducibility_environment.yml.,outputs/final_publication_figures/SupplementaryFigure35_all_KO_descriptive_contrasts_labeled.png; outputs/final_publication_figures/SupplementaryFigure35_all_KO_descriptive_contrasts_labeled.pdf; outputs/final_publication_figures/SupplementaryFigure35_all_KO_descriptive_contrasts_labeled.svg,outputs/final_publication_figures/; outputs/app_supplementary_figures/; article 03_Supplementary_Figures/,Execution order 1 within this figure. The script also generates: Supplementary Figure 34; Supplementary Figure 35; Supplementary Figure 36; Supplementary Figure 39,Static output displayed/downloaded by app.py from outputs/app_supplementary_figures/.,1,PASS — canonical script compiles; packaged final output and explicit inputs validated; non-target figure bytes preserved.
Supplementary Figure 36: SupplementaryFigure36_iron_KO_descriptive_contrasts_labeled,Complete figure,Original/final,materialize_preserved_publication_asset.py,scripts/materialize_preserved_publication_asset.py,CangaMetaG_App_Final/,Hash-validate and materialize the unchanged packaged Supplementary Figure 36 asset because its legacy generator was not runnable from the received package.,python scripts/materialize_preserved_publication_asset.py --root . --stem SupplementaryFigure36_iron_KO_descriptive_contrasts_labeled --validate-only,data/preserved_publication_assets/SupplementaryFigure36_iron_KO_descriptive_contrasts_labeled/SupplementaryFigure36_iron_KO_descriptive_contrasts_labeled.png; data/preserved_publication_assets/SupplementaryFigure36_iron_KO_descriptive_contrasts_labeled/SupplementaryFigure36_iron_KO_descriptive_contrasts_labeled.pdf; data/preserved_publication_assets/SupplementaryFigure36_iron_KO_descriptive_contrasts_labeled/SupplementaryFigure36_iron_KO_descriptive_contrasts_labeled.svg,Not applicable,Documented script-derived files in data/final_publication_derived/ or outputs/final_publication_audit_tables/.,Defined explicitly in the script; no undocumented manual image edits.,Not applicable or defined in the script where stochastic procedures are used.,Python and libraries imported by the script; see environment/reproducibility_environment.yml.,outputs/final_publication_figures/SupplementaryFigure36_iron_KO_descriptive_contrasts_labeled.png; outputs/final_publication_figures/SupplementaryFigure36_iron_KO_descriptive_contrasts_labeled.pdf; outputs/final_publication_figures/SupplementaryFigure36_iron_KO_descriptive_contrasts_labeled.svg,outputs/final_publication_figures/; outputs/app_supplementary_figures/; article 03_Supplementary_Figures/,Execution order 1 within this figure. The script also generates: Supplementary Figure 34; Supplementary Figure 35; Supplementary Figure 36; Supplementary Figure 39,Static output displayed/downloaded by app.py from outputs/app_supplementary_figures/.,1,PASS — canonical script compiles; packaged final output and explicit inputs validated; non-target figure bytes preserved.
Supplementary Figure 37: Thematic MAG KEGG/KEMET module completeness,Complete figure,Original/final,generate_s37_module_completeness.py,scripts/generate_s37_module_completeness.py,CangaMetaG_App_Final/,Show all original module-completeness states for rows with at least one Complete call across recovered MAGs.,python scripts/generate_s37_module_completeness.py --root .,Not applicable,data/module_figure_inputs/SupplementaryFigure37_MAG_KEGG_module_completeness_heatmap_species_MAGnumber_KEMET_style_3state_thematic_status.csv; data/module_figure_inputs/st8_metadata_curated.csv,data/module_figure_inputs/,"P001: 15.2x9.45 in; x=12.5 pt; y=11.5 pt; title=16.0 pt; axes=14.0 pt; legend=12.5 pt | Presentation-only thematic catalogue: Supplementary Table 8 biomarkers plus nitrogen, phosphorus, carbon, methane, sulfur, photosynthesis and iron cycling; then retain a row when at least one record is Complete. All original cells of retained rows are displayed as Complete, 1 block missing or Incomplete; white only true missing data.",Not applicable,Python 3.13.5; pandas 2.2.3; NumPy 2.3.5; Matplotlib 3.10.8,outputs/final_publication_figures/SupplementaryFigure37_MAG_KEGG_module_completeness_heatmap_species_MAGnumber_KEMET_style_3state.png; outputs/final_publication_figures/SupplementaryFigure37_MAG_KEGG_module_completeness_heatmap_species_MAGnumber_KEMET_style_3state.pdf; outputs/final_publication_figures/SupplementaryFigure37_MAG_KEGG_module_completeness_heatmap_species_MAGnumber_KEMET_style_3state.svg,outputs/final_publication_figures/; outputs/app_supplementary_figures/; article 03_Supplementary_Figures/,Execution order 1 within this figure. The script also generates: Supplementary Figure 37,outputs/app_supplementary_figures/SupplementaryFigure37_MAG_KEGG_module_completeness_heatmap_species_MAGnumber_KEMET_style_3state.png,1,PASS — canonical script compiles; packaged final output and explicit inputs validated; non-target figure bytes preserved.
Supplementary Figure 38: Amazonian lagoon metagenome KEGG/KEMET module completeness — modules Complete in at least one metagenome,Complete figure,Original/final,generate_s38_s41_module_figures.py,scripts/generate_s38_s41_module_figures.py,CangaMetaG_App_Final/,Show all original module-completeness states for rows with at least one Complete call across the 20 Amazonian metagenomes.,python scripts/generate_s38_s41_module_figures.py --base-dir . --only 38,Not applicable,data/final_kegg_st8_update/KEMET_lagoon_all_metagenomes_module_completeness_STATUS_3state.csv; tables/Supplementary_Table_14_thematic_module_subset.xlsx,data/final_publication_derived/SupplementaryFigure38_metagenome_KEGG_module_completeness_heatmap_filtered_status.csv; data/final_publication_derived/SupplementaryFigure38_metagenome_KEGG_module_completeness_heatmap_visual_categories.csv; data/final_publication_derived/SupplementaryFigure38_metagenome_KEGG_module_completeness_heatmap_cell_audit.csv; data/final_publication_derived/SupplementaryFigure38_metagenome_KEGG_module_completeness_heatmap_filter_audit.csv,"P001: 15.2x9.45 in; x=13.0 pt; y=11.5 pt; title=16.0 pt; axes=14.0 pt; legend=12.5 pt | Presentation-only thematic catalogue: Supplementary Table 8 biomarkers plus nitrogen, phosphorus, carbon, methane, sulfur, photosynthesis and iron cycling; then retain a row when at least one record is Complete. All original cells of retained rows are displayed as Complete, 1 block missing or Incomplete; white only true missing data.",Not applicable,Python 3.13.5; pandas 2.2.3; NumPy 2.3.5; Matplotlib 3.10.8,outputs/final_publication_figures/SupplementaryFigure38_metagenome_KEGG_module_completeness_heatmap.png; outputs/final_publication_figures/SupplementaryFigure38_metagenome_KEGG_module_completeness_heatmap.pdf; outputs/final_publication_figures/SupplementaryFigure38_metagenome_KEGG_module_completeness_heatmap.svg,outputs/final_publication_figures/; outputs/app_supplementary_figures/; article 03_Supplementary_Figures/,Execution order 1 within this figure. The script also generates: Supplementary Figure 38; Supplementary Figure 41,outputs/app_supplementary_figures/SupplementaryFigure38_metagenome_KEGG_module_completeness_heatmap.png,1,PASS — canonical script compiles; packaged final output and explicit inputs validated; non-target figure bytes preserved.
Supplementary Figure 39: SupplementaryFigure39_top_enriched_taxa_DESeq2_vivid,Complete figure,Original/final,materialize_preserved_publication_asset.py,scripts/materialize_preserved_publication_asset.py,CangaMetaG_App_Final/,Hash-validate and materialize the unchanged packaged S39 publication asset because the received legacy computational generator was absent.,python scripts/materialize_preserved_publication_asset.py --root . --stem SupplementaryFigure39_top_enriched_taxa_DESeq2_vivid --validate-only,data/preserved_publication_assets/SupplementaryFigure39/SupplementaryFigure39_top_enriched_taxa_DESeq2_vivid.png; data/preserved_publication_assets/SupplementaryFigure39/SupplementaryFigure39_top_enriched_taxa_DESeq2_vivid.pdf; data/preserved_publication_assets/SupplementaryFigure39/SupplementaryFigure39_top_enriched_taxa_DESeq2_vivid.svg,Not applicable,Documented script-derived files in data/final_publication_derived/ or outputs/final_publication_audit_tables/.,Defined explicitly in the script; no undocumented manual image edits.,Not applicable or defined in the script where stochastic procedures are used.,Python and libraries imported by the script; see environment/reproducibility_environment.yml.,outputs/final_publication_figures/SupplementaryFigure39_top_enriched_taxa_DESeq2_vivid.png; outputs/final_publication_figures/SupplementaryFigure39_top_enriched_taxa_DESeq2_vivid.pdf; outputs/final_publication_figures/SupplementaryFigure39_top_enriched_taxa_DESeq2_vivid.svg,outputs/final_publication_figures/; outputs/app_supplementary_figures/; article 03_Supplementary_Figures/,Execution order 1 within this figure. The script also generates: Supplementary Figure 34; Supplementary Figure 35; Supplementary Figure 36; Supplementary Figure 39,Static output displayed/downloaded by app.py from outputs/app_supplementary_figures/.,1,PASS — canonical script compiles; packaged final output and explicit inputs validated; non-target figure bytes preserved.
Supplementary Figure 40: External iron-rich module completeness by environmental group,P001,Organized by environmental group (final only),generate_environmental_group_heatmaps.py,scripts/figures/generate_environmental_group_heatmaps.py,CangaMetaG_App_Final/,Render final S40 from the immutable categorical source matrix with records of the same environmental group placed side by side.,python scripts/figures/generate_environmental_group_heatmaps.py --root .,Not applicable,data/module_figure_inputs/SupplementaryFigure40_ST8_external_iron_rich_module_completeness_KEMET_style_3state_heatmap_thematic_status.csv; data/module_figure_inputs/st8_metadata_curated.csv,data/final_publication_derived/SupplementaryFigure40_ST8_external_iron_rich_module_completeness_by_environmental_group_status.csv; data/final_publication_derived/SupplementaryFigure40_ST8_external_iron_rich_module_completeness_by_environmental_group_column_order.csv; validation/environmental_group_heatmap_comparison.tsv,"Rows unchanged; 18 modules per panel; stable environmental-group column order; colors Complete #2E7D32, 1 block missing #4575B4, Incomplete #D73027; missing white. | Column permutation only; no removal, duplication, aggregation, recalculation, normalization, transformation or status reclassification.",Not applicable — deterministic ordering and categorical heatmap.,Python; pandas; NumPy; Matplotlib,outputs/final_publication_figures/SupplementaryFigure40_ST8_external_iron_rich_module_completeness_by_environmental_group_P001.png; outputs/final_publication_figures/SupplementaryFigure40_ST8_external_iron_rich_module_completeness_by_environmental_group_P001.pdf; outputs/final_publication_figures/SupplementaryFigure40_ST8_external_iron_rich_module_completeness_by_environmental_group_P001.svg,outputs/final_publication_figures/; outputs/app_supplementary_figures/; article 03_Supplementary_Figures/,Execution order 1 within this figure. The script also generates: Supplementary Figure 40; Supplementary Figure 67; Supplementary Figure 67 — environmental group,outputs/app_supplementary_figures/SupplementaryFigure40_ST8_external_iron_rich_module_completeness_by_environmental_group.png,1,EXECUTED PASS — figure regenerated and scientific-equivalence audit passed.
Supplementary Figure 40: External iron-rich module completeness by environmental group,P002,Organized by environmental group (final only),generate_environmental_group_heatmaps.py,scripts/figures/generate_environmental_group_heatmaps.py,CangaMetaG_App_Final/,Render final S40 from the immutable categorical source matrix with records of the same environmental group placed side by side.,python scripts/figures/generate_environmental_group_heatmaps.py --root .,Not applicable,data/module_figure_inputs/SupplementaryFigure40_ST8_external_iron_rich_module_completeness_KEMET_style_3state_heatmap_thematic_status.csv; data/module_figure_inputs/st8_metadata_curated.csv,data/final_publication_derived/SupplementaryFigure40_ST8_external_iron_rich_module_completeness_by_environmental_group_status.csv; data/final_publication_derived/SupplementaryFigure40_ST8_external_iron_rich_module_completeness_by_environmental_group_column_order.csv; validation/environmental_group_heatmap_comparison.tsv,"Rows unchanged; 18 modules per panel; stable environmental-group column order; colors Complete #2E7D32, 1 block missing #4575B4, Incomplete #D73027; missing white. | Column permutation only; no removal, duplication, aggregation, recalculation, normalization, transformation or status reclassification.",Not applicable — deterministic ordering and categorical heatmap.,Python; pandas; NumPy; Matplotlib,outputs/final_publication_figures/SupplementaryFigure40_ST8_external_iron_rich_module_completeness_by_environmental_group_P002.png; outputs/final_publication_figures/SupplementaryFigure40_ST8_external_iron_rich_module_completeness_by_environmental_group_P002.pdf; outputs/final_publication_figures/SupplementaryFigure40_ST8_external_iron_rich_module_completeness_by_environmental_group_P002.svg,outputs/final_publication_figures/; outputs/app_supplementary_figures/; article 03_Supplementary_Figures/,Execution order 2 within this figure. The script also generates: Supplementary Figure 40; Supplementary Figure 67; Supplementary Figure 67 — environmental group,outputs/app_supplementary_figures/SupplementaryFigure40_ST8_external_iron_rich_module_completeness_by_environmental_group.png,2,EXECUTED PASS — figure regenerated and scientific-equivalence audit passed.
Supplementary Figure 41: External iron-rich metagenome module-status summary after the Complete-in-at-least-one-record row filter,P001,Original/final,generate_s38_s41_module_figures.py,scripts/generate_s38_s41_module_figures.py,CangaMetaG_App_Final/,"Summarize per-record counts of Complete, 1 block missing, and Incomplete cells from the exact retained S40 matrix.",python scripts/generate_s38_s41_module_figures.py --base-dir . --only 41,Not applicable,data/module_figure_inputs/SupplementaryFigure40_ST8_external_iron_rich_module_completeness_KEMET_style_3state_heatmap_thematic_status.csv; data/module_figure_inputs/st8_metadata_curated.csv; tables/Supplementary_Table_14_thematic_module_subset.xlsx,data/final_publication_derived/SupplementaryFigure41_ST8_external_iron_rich_module_status_summary_3state_barplot_source.csv,P001: 15.2x9.45 in; x=11.0 pt; y=11.5 pt; title=16.0 pt; axes=NA pt; legend=12.5 pt | P002: 15.2x9.45 in; x=11.0 pt; y=11.5 pt; title=16.0 pt; axes=NA pt; legend=12.5 pt | Same thematic module subset and Complete-in-at-least-one-record row rule as S40; all three displayed states counted.,Not applicable,Python 3.13.5; pandas 2.2.3; NumPy 2.3.5; Matplotlib 3.10.8,outputs/final_publication_figures/SupplementaryFigure41_ST8_external_iron_rich_module_status_summary_3state_barplot_P001.png; outputs/final_publication_figures/SupplementaryFigure41_ST8_external_iron_rich_module_status_summary_3state_barplot_P001.pdf; outputs/final_publication_figures/SupplementaryFigure41_ST8_external_iron_rich_module_status_summary_3state_barplot_P001.svg,outputs/final_publication_figures/; outputs/app_supplementary_figures/; article 03_Supplementary_Figures/,Execution order 1 within this figure. The script also generates: Supplementary Figure 38; Supplementary Figure 41,outputs/app_supplementary_figures/,1,PASS — canonical script compiles; packaged final output and explicit inputs validated; non-target figure bytes preserved.
Supplementary Figure 41: External iron-rich metagenome module-status summary after the Complete-in-at-least-one-record row filter,P002,Original/final,generate_s38_s41_module_figures.py,scripts/generate_s38_s41_module_figures.py,CangaMetaG_App_Final/,"Summarize per-record counts of Complete, 1 block missing, and Incomplete cells from the exact retained S40 matrix.",python scripts/generate_s38_s41_module_figures.py --base-dir . --only 41,Not applicable,data/module_figure_inputs/SupplementaryFigure40_ST8_external_iron_rich_module_completeness_KEMET_style_3state_heatmap_thematic_status.csv; data/module_figure_inputs/st8_metadata_curated.csv; tables/Supplementary_Table_14_thematic_module_subset.xlsx,data/final_publication_derived/SupplementaryFigure41_ST8_external_iron_rich_module_status_summary_3state_barplot_source.csv,P001: 15.2x9.45 in; x=11.0 pt; y=11.5 pt; title=16.0 pt; axes=NA pt; legend=12.5 pt | P002: 15.2x9.45 in; x=11.0 pt; y=11.5 pt; title=16.0 pt; axes=NA pt; legend=12.5 pt | Same thematic module subset and Complete-in-at-least-one-record row rule as S40; all three displayed states counted.,Not applicable,Python 3.13.5; pandas 2.2.3; NumPy 2.3.5; Matplotlib 3.10.8,outputs/final_publication_figures/SupplementaryFigure41_ST8_external_iron_rich_module_status_summary_3state_barplot_P002.png; outputs/final_publication_figures/SupplementaryFigure41_ST8_external_iron_rich_module_status_summary_3state_barplot_P002.pdf; outputs/final_publication_figures/SupplementaryFigure41_ST8_external_iron_rich_module_status_summary_3state_barplot_P002.svg,outputs/final_publication_figures/; outputs/app_supplementary_figures/; article 03_Supplementary_Figures/,Execution order 2 within this figure. The script also generates: Supplementary Figure 38; Supplementary Figure 41,outputs/app_supplementary_figures/,2,PASS — canonical script compiles; packaged final output and explicit inputs validated; non-target figure bytes preserved.
Supplementary Figure 42: SupplementaryFigure42_APP_LakeSeason_Aggregated_KO_Barplots,Complete figure,Original/final,final_visual_sync.py,scripts/final_visual_sync.py,CangaMetaG_App_Final/,Generate SupplementaryFigure42_APP_LakeSeason_Aggregated_KO_Barplots from the documented packaged study inputs.,python scripts/final_visual_sync.py --base-dir .,Not applicable,Not applicable,Documented script-derived files in data/final_publication_derived/ or outputs/final_publication_audit_tables/.,Defined explicitly in the script; no undocumented manual image edits.,Not applicable or defined in the script where stochastic procedures are used.,Python and libraries imported by the script; see environment/reproducibility_environment.yml.,outputs/final_publication_figures/SupplementaryFigure42_APP_LakeSeason_Aggregated_KO_Barplots.png; outputs/final_publication_figures/SupplementaryFigure42_APP_LakeSeason_Aggregated_KO_Barplots.pdf; outputs/final_publication_figures/SupplementaryFigure42_APP_LakeSeason_Aggregated_KO_Barplots.svg,outputs/final_publication_figures/; outputs/app_supplementary_figures/; article 03_Supplementary_Figures/,Execution order 1 within this figure. The script also generates: Supplementary Figure 42,Static output displayed/downloaded by app.py from outputs/app_supplementary_figures/.,1,PASS — canonical script compiles; packaged final output and explicit inputs validated; non-target figure bytes preserved.
Supplementary Figure 43: SupplementaryFigure43_Taxonomy_Bacteria_Phylum_individual_samples_barplot_100pct,Complete figure,Original/final,generate_taxonomy_supplementary_figures.py,scripts/generate_taxonomy_supplementary_figures.py,CangaMetaG_App_Final/,Generate SupplementaryFigure43_Taxonomy_Bacteria_Phylum_individual_samples_barplot_100pct from the documented packaged study inputs.,python scripts/generate_taxonomy_supplementary_figures.py --base-dir .,Not applicable,data/resultado.cds.otu.tab; data/resultado.cds.tax.tab; data/st8_metadata_curated.csv,Documented script-derived files in data/final_publication_derived/ or outputs/final_publication_audit_tables/.,Defined explicitly in the script; no undocumented manual image edits.,Not applicable or defined in the script where stochastic procedures are used.,Python and libraries imported by the script; see environment/reproducibility_environment.yml.,outputs/final_publication_figures/SupplementaryFigure43_Taxonomy_Bacteria_Phylum_individual_samples_barplot_100pct.png; outputs/final_publication_figures/SupplementaryFigure43_Taxonomy_Bacteria_Phylum_individual_samples_barplot_100pct.pdf; outputs/final_publication_figures/SupplementaryFigure43_Taxonomy_Bacteria_Phylum_individual_samples_barplot_100pct.svg,outputs/final_publication_figures/; outputs/app_supplementary_figures/; article 03_Supplementary_Figures/,Execution order 1 within this figure. The script also generates: Supplementary Figure 18; Supplementary Figure 19; Supplementary Figure 20; Supplementary Figure 21; Supplementary Figure 22; Supplementary Figure 23; Supplementary Figure 24; Supplementary Figure 25; Supplementary Figure 43; Supplementary Figure 44; Supplementary Figure 45; Supplementary Figure 46; Supplementary Figure 47; Supplementary Figure 48; Supplementary Figure 49; Supplementary Figure 50; Supplementary Figure 51; Supplementary Figure 52; Supplementary Figure 53; Supplementary Figure 54; Supplementary Figure 55; Supplementary Figure 56; Supplementary Figure 57; Supplementary Figure 58; Supplementary Figure 59; Supplementary Figure 60; Supplementary Figure 61; Supplementary Figure 62; Supplementary Figure 63; Supplementary Figure 64; Supplementary Figure 65; Supplementary Figure 66,Static output displayed/downloaded by app.py from outputs/app_supplementary_figures/.,1,PASS — canonical script compiles; packaged final output and explicit inputs validated; non-target figure bytes preserved.
Supplementary Figure 44: SupplementaryFigure44_Taxonomy_Bacteria_Phylum_individual_samples_heatmap_relative_abundance,Complete figure,Original/final,generate_taxonomy_supplementary_figures.py,scripts/generate_taxonomy_supplementary_figures.py,CangaMetaG_App_Final/,Generate SupplementaryFigure44_Taxonomy_Bacteria_Phylum_individual_samples_heatmap_relative_abundance from the documented packaged study inputs.,python scripts/generate_taxonomy_supplementary_figures.py --base-dir .,Not applicable,data/resultado.cds.otu.tab; data/resultado.cds.tax.tab; data/st8_metadata_curated.csv,Documented script-derived files in data/final_publication_derived/ or outputs/final_publication_audit_tables/.,Defined explicitly in the script; no undocumented manual image edits.,Not applicable or defined in the script where stochastic procedures are used.,Python and libraries imported by the script; see environment/reproducibility_environment.yml.,outputs/final_publication_figures/SupplementaryFigure44_Taxonomy_Bacteria_Phylum_individual_samples_heatmap_relative_abundance.png; outputs/final_publication_figures/SupplementaryFigure44_Taxonomy_Bacteria_Phylum_individual_samples_heatmap_relative_abundance.pdf; outputs/final_publication_figures/SupplementaryFigure44_Taxonomy_Bacteria_Phylum_individual_samples_heatmap_relative_abundance.svg,outputs/final_publication_figures/; outputs/app_supplementary_figures/; article 03_Supplementary_Figures/,Execution order 1 within this figure. The script also generates: Supplementary Figure 18; Supplementary Figure 19; Supplementary Figure 20; Supplementary Figure 21; Supplementary Figure 22; Supplementary Figure 23; Supplementary Figure 24; Supplementary Figure 25; Supplementary Figure 43; Supplementary Figure 44; Supplementary Figure 45; Supplementary Figure 46; Supplementary Figure 47; Supplementary Figure 48; Supplementary Figure 49; Supplementary Figure 50; Supplementary Figure 51; Supplementary Figure 52; Supplementary Figure 53; Supplementary Figure 54; Supplementary Figure 55; Supplementary Figure 56; Supplementary Figure 57; Supplementary Figure 58; Supplementary Figure 59; Supplementary Figure 60; Supplementary Figure 61; Supplementary Figure 62; Supplementary Figure 63; Supplementary Figure 64; Supplementary Figure 65; Supplementary Figure 66,Static output displayed/downloaded by app.py from outputs/app_supplementary_figures/.,1,PASS — canonical script compiles; packaged final output and explicit inputs validated; non-target figure bytes preserved.
Supplementary Figure 45: SupplementaryFigure45_Taxonomy_Archaea_Phylum_individual_samples_barplot_100pct,Complete figure,Original/final,generate_taxonomy_supplementary_figures.py,scripts/generate_taxonomy_supplementary_figures.py,CangaMetaG_App_Final/,Generate SupplementaryFigure45_Taxonomy_Archaea_Phylum_individual_samples_barplot_100pct from the documented packaged study inputs.,python scripts/generate_taxonomy_supplementary_figures.py --base-dir .,Not applicable,data/resultado.cds.otu.tab; data/resultado.cds.tax.tab; data/st8_metadata_curated.csv,Documented script-derived files in data/final_publication_derived/ or outputs/final_publication_audit_tables/.,Defined explicitly in the script; no undocumented manual image edits.,Not applicable or defined in the script where stochastic procedures are used.,Python and libraries imported by the script; see environment/reproducibility_environment.yml.,outputs/final_publication_figures/SupplementaryFigure45_Taxonomy_Archaea_Phylum_individual_samples_barplot_100pct.png; outputs/final_publication_figures/SupplementaryFigure45_Taxonomy_Archaea_Phylum_individual_samples_barplot_100pct.pdf; outputs/final_publication_figures/SupplementaryFigure45_Taxonomy_Archaea_Phylum_individual_samples_barplot_100pct.svg,outputs/final_publication_figures/; outputs/app_supplementary_figures/; article 03_Supplementary_Figures/,Execution order 1 within this figure. The script also generates: Supplementary Figure 18; Supplementary Figure 19; Supplementary Figure 20; Supplementary Figure 21; Supplementary Figure 22; Supplementary Figure 23; Supplementary Figure 24; Supplementary Figure 25; Supplementary Figure 43; Supplementary Figure 44; Supplementary Figure 45; Supplementary Figure 46; Supplementary Figure 47; Supplementary Figure 48; Supplementary Figure 49; Supplementary Figure 50; Supplementary Figure 51; Supplementary Figure 52; Supplementary Figure 53; Supplementary Figure 54; Supplementary Figure 55; Supplementary Figure 56; Supplementary Figure 57; Supplementary Figure 58; Supplementary Figure 59; Supplementary Figure 60; Supplementary Figure 61; Supplementary Figure 62; Supplementary Figure 63; Supplementary Figure 64; Supplementary Figure 65; Supplementary Figure 66,Static output displayed/downloaded by app.py from outputs/app_supplementary_figures/.,1,PASS — canonical script compiles; packaged final output and explicit inputs validated; non-target figure bytes preserved.
Supplementary Figure 46: SupplementaryFigure46_Taxonomy_Archaea_Phylum_individual_samples_heatmap_relative_abundance,Complete figure,Original/final,generate_taxonomy_supplementary_figures.py,scripts/generate_taxonomy_supplementary_figures.py,CangaMetaG_App_Final/,Generate SupplementaryFigure46_Taxonomy_Archaea_Phylum_individual_samples_heatmap_relative_abundance from the documented packaged study inputs.,python scripts/generate_taxonomy_supplementary_figures.py --base-dir .,Not applicable,data/resultado.cds.otu.tab; data/resultado.cds.tax.tab; data/st8_metadata_curated.csv,Documented script-derived files in data/final_publication_derived/ or outputs/final_publication_audit_tables/.,Defined explicitly in the script; no undocumented manual image edits.,Not applicable or defined in the script where stochastic procedures are used.,Python and libraries imported by the script; see environment/reproducibility_environment.yml.,outputs/final_publication_figures/SupplementaryFigure46_Taxonomy_Archaea_Phylum_individual_samples_heatmap_relative_abundance.png; outputs/final_publication_figures/SupplementaryFigure46_Taxonomy_Archaea_Phylum_individual_samples_heatmap_relative_abundance.pdf; outputs/final_publication_figures/SupplementaryFigure46_Taxonomy_Archaea_Phylum_individual_samples_heatmap_relative_abundance.svg,outputs/final_publication_figures/; outputs/app_supplementary_figures/; article 03_Supplementary_Figures/,Execution order 1 within this figure. The script also generates: Supplementary Figure 18; Supplementary Figure 19; Supplementary Figure 20; Supplementary Figure 21; Supplementary Figure 22; Supplementary Figure 23; Supplementary Figure 24; Supplementary Figure 25; Supplementary Figure 43; Supplementary Figure 44; Supplementary Figure 45; Supplementary Figure 46; Supplementary Figure 47; Supplementary Figure 48; Supplementary Figure 49; Supplementary Figure 50; Supplementary Figure 51; Supplementary Figure 52; Supplementary Figure 53; Supplementary Figure 54; Supplementary Figure 55; Supplementary Figure 56; Supplementary Figure 57; Supplementary Figure 58; Supplementary Figure 59; Supplementary Figure 60; Supplementary Figure 61; Supplementary Figure 62; Supplementary Figure 63; Supplementary Figure 64; Supplementary Figure 65; Supplementary Figure 66,Static output displayed/downloaded by app.py from outputs/app_supplementary_figures/.,1,PASS — canonical script compiles; packaged final output and explicit inputs validated; non-target figure bytes preserved.
Supplementary Figure 47: SupplementaryFigure47_Taxonomy_Bacteria_Class_individual_samples_barplot_100pct,Complete figure,Original/final,generate_taxonomy_supplementary_figures.py,scripts/generate_taxonomy_supplementary_figures.py,CangaMetaG_App_Final/,Generate SupplementaryFigure47_Taxonomy_Bacteria_Class_individual_samples_barplot_100pct from the documented packaged study inputs.,python scripts/generate_taxonomy_supplementary_figures.py --base-dir . --article-root ../CangaMetaG_Article_Final --only 47,data/taxonomy_palette.json,data/resultado.cds.otu.tab; data/resultado.cds.tax.tab,Documented script-derived files in data/final_publication_derived/ or outputs/final_publication_audit_tables/.,"15.2x9.45 in; title=17.0 pt; axes=14.5 pt; ticks=12.0 pt; labels=12.5 pt; legend=11.5 pt | Top 24 taxa plus Others, unchanged",Not applicable,Python 3.13.5; pandas 2.2.3; NumPy 2.3.5; Matplotlib 3.10.8,outputs/final_publication_figures/SupplementaryFigure47_Taxonomy_Bacteria_Class_individual_samples_barplot_100pct.png; outputs/final_publication_figures/SupplementaryFigure47_Taxonomy_Bacteria_Class_individual_samples_barplot_100pct.pdf; outputs/final_publication_figures/SupplementaryFigure47_Taxonomy_Bacteria_Class_individual_samples_barplot_100pct.svg,outputs/final_publication_figures/; outputs/app_supplementary_figures/; article 03_Supplementary_Figures/,Execution order 1 within this figure. The script also generates: Supplementary Figure 18; Supplementary Figure 19; Supplementary Figure 20; Supplementary Figure 21; Supplementary Figure 22; Supplementary Figure 23; Supplementary Figure 24; Supplementary Figure 25; Supplementary Figure 43; Supplementary Figure 44; Supplementary Figure 45; Supplementary Figure 46; Supplementary Figure 47; Supplementary Figure 48; Supplementary Figure 49; Supplementary Figure 50; Supplementary Figure 51; Supplementary Figure 52; Supplementary Figure 53; Supplementary Figure 54; Supplementary Figure 55; Supplementary Figure 56; Supplementary Figure 57; Supplementary Figure 58; Supplementary Figure 59; Supplementary Figure 60; Supplementary Figure 61; Supplementary Figure 62; Supplementary Figure 63; Supplementary Figure 64; Supplementary Figure 65; Supplementary Figure 66,outputs/app_supplementary_figures/SupplementaryFigure47_Taxonomy_Bacteria_Class_individual_samples_barplot_100pct.png,1,PASS — canonical script compiles; packaged final output and explicit inputs validated; non-target figure bytes preserved.
Supplementary Figure 48: SupplementaryFigure48_Taxonomy_Bacteria_Class_individual_samples_heatmap_relative_abundance,Complete figure,Original/final,generate_taxonomy_supplementary_figures.py,scripts/generate_taxonomy_supplementary_figures.py,CangaMetaG_App_Final/,Generate SupplementaryFigure48_Taxonomy_Bacteria_Class_individual_samples_heatmap_relative_abundance from the documented packaged study inputs.,python scripts/generate_taxonomy_supplementary_figures.py --base-dir .,Not applicable,data/resultado.cds.otu.tab; data/resultado.cds.tax.tab; data/st8_metadata_curated.csv,Documented script-derived files in data/final_publication_derived/ or outputs/final_publication_audit_tables/.,Defined explicitly in the script; no undocumented manual image edits.,Not applicable or defined in the script where stochastic procedures are used.,Python and libraries imported by the script; see environment/reproducibility_environment.yml.,outputs/final_publication_figures/SupplementaryFigure48_Taxonomy_Bacteria_Class_individual_samples_heatmap_relative_abundance.png; outputs/final_publication_figures/SupplementaryFigure48_Taxonomy_Bacteria_Class_individual_samples_heatmap_relative_abundance.pdf; outputs/final_publication_figures/SupplementaryFigure48_Taxonomy_Bacteria_Class_individual_samples_heatmap_relative_abundance.svg,outputs/final_publication_figures/; outputs/app_supplementary_figures/; article 03_Supplementary_Figures/,Execution order 1 within this figure. The script also generates: Supplementary Figure 18; Supplementary Figure 19; Supplementary Figure 20; Supplementary Figure 21; Supplementary Figure 22; Supplementary Figure 23; Supplementary Figure 24; Supplementary Figure 25; Supplementary Figure 43; Supplementary Figure 44; Supplementary Figure 45; Supplementary Figure 46; Supplementary Figure 47; Supplementary Figure 48; Supplementary Figure 49; Supplementary Figure 50; Supplementary Figure 51; Supplementary Figure 52; Supplementary Figure 53; Supplementary Figure 54; Supplementary Figure 55; Supplementary Figure 56; Supplementary Figure 57; Supplementary Figure 58; Supplementary Figure 59; Supplementary Figure 60; Supplementary Figure 61; Supplementary Figure 62; Supplementary Figure 63; Supplementary Figure 64; Supplementary Figure 65; Supplementary Figure 66,Static output displayed/downloaded by app.py from outputs/app_supplementary_figures/.,1,PASS — canonical script compiles; packaged final output and explicit inputs validated; non-target figure bytes preserved.
Supplementary Figure 49: SupplementaryFigure49_Taxonomy_Archaea_Class_individual_samples_barplot_100pct,Complete figure,Original/final,generate_taxonomy_supplementary_figures.py,scripts/generate_taxonomy_supplementary_figures.py,CangaMetaG_App_Final/,Generate SupplementaryFigure49_Taxonomy_Archaea_Class_individual_samples_barplot_100pct from the documented packaged study inputs.,python scripts/generate_taxonomy_supplementary_figures.py --base-dir . --article-root ../CangaMetaG_Article_Final --only 49,data/taxonomy_palette.json,data/resultado.cds.otu.tab; data/resultado.cds.tax.tab,Documented script-derived files in data/final_publication_derived/ or outputs/final_publication_audit_tables/.,"15.2x9.45 in; title=17.0 pt; axes=14.5 pt; ticks=12.0 pt; labels=12.5 pt; legend=11.5 pt | Top 24 taxa plus Others, unchanged",Not applicable,Python 3.13.5; pandas 2.2.3; NumPy 2.3.5; Matplotlib 3.10.8,outputs/final_publication_figures/SupplementaryFigure49_Taxonomy_Archaea_Class_individual_samples_barplot_100pct.png; outputs/final_publication_figures/SupplementaryFigure49_Taxonomy_Archaea_Class_individual_samples_barplot_100pct.pdf; outputs/final_publication_figures/SupplementaryFigure49_Taxonomy_Archaea_Class_individual_samples_barplot_100pct.svg,outputs/final_publication_figures/; outputs/app_supplementary_figures/; article 03_Supplementary_Figures/,Execution order 1 within this figure. The script also generates: Supplementary Figure 18; Supplementary Figure 19; Supplementary Figure 20; Supplementary Figure 21; Supplementary Figure 22; Supplementary Figure 23; Supplementary Figure 24; Supplementary Figure 25; Supplementary Figure 43; Supplementary Figure 44; Supplementary Figure 45; Supplementary Figure 46; Supplementary Figure 47; Supplementary Figure 48; Supplementary Figure 49; Supplementary Figure 50; Supplementary Figure 51; Supplementary Figure 52; Supplementary Figure 53; Supplementary Figure 54; Supplementary Figure 55; Supplementary Figure 56; Supplementary Figure 57; Supplementary Figure 58; Supplementary Figure 59; Supplementary Figure 60; Supplementary Figure 61; Supplementary Figure 62; Supplementary Figure 63; Supplementary Figure 64; Supplementary Figure 65; Supplementary Figure 66,outputs/app_supplementary_figures/SupplementaryFigure49_Taxonomy_Archaea_Class_individual_samples_barplot_100pct.png,1,PASS — canonical script compiles; packaged final output and explicit inputs validated; non-target figure bytes preserved.
Supplementary Figure 50: SupplementaryFigure50_Taxonomy_Archaea_Class_individual_samples_heatmap_relative_abundance,Complete figure,Original/final,generate_taxonomy_supplementary_figures.py,scripts/generate_taxonomy_supplementary_figures.py,CangaMetaG_App_Final/,Generate SupplementaryFigure50_Taxonomy_Archaea_Class_individual_samples_heatmap_relative_abundance from the documented packaged study inputs.,python scripts/generate_taxonomy_supplementary_figures.py --base-dir .,Not applicable,data/resultado.cds.otu.tab; data/resultado.cds.tax.tab; data/st8_metadata_curated.csv,Documented script-derived files in data/final_publication_derived/ or outputs/final_publication_audit_tables/.,Defined explicitly in the script; no undocumented manual image edits.,Not applicable or defined in the script where stochastic procedures are used.,Python and libraries imported by the script; see environment/reproducibility_environment.yml.,outputs/final_publication_figures/SupplementaryFigure50_Taxonomy_Archaea_Class_individual_samples_heatmap_relative_abundance.png; outputs/final_publication_figures/SupplementaryFigure50_Taxonomy_Archaea_Class_individual_samples_heatmap_relative_abundance.pdf; outputs/final_publication_figures/SupplementaryFigure50_Taxonomy_Archaea_Class_individual_samples_heatmap_relative_abundance.svg,outputs/final_publication_figures/; outputs/app_supplementary_figures/; article 03_Supplementary_Figures/,Execution order 1 within this figure. The script also generates: Supplementary Figure 18; Supplementary Figure 19; Supplementary Figure 20; Supplementary Figure 21; Supplementary Figure 22; Supplementary Figure 23; Supplementary Figure 24; Supplementary Figure 25; Supplementary Figure 43; Supplementary Figure 44; Supplementary Figure 45; Supplementary Figure 46; Supplementary Figure 47; Supplementary Figure 48; Supplementary Figure 49; Supplementary Figure 50; Supplementary Figure 51; Supplementary Figure 52; Supplementary Figure 53; Supplementary Figure 54; Supplementary Figure 55; Supplementary Figure 56; Supplementary Figure 57; Supplementary Figure 58; Supplementary Figure 59; Supplementary Figure 60; Supplementary Figure 61; Supplementary Figure 62; Supplementary Figure 63; Supplementary Figure 64; Supplementary Figure 65; Supplementary Figure 66,Static output displayed/downloaded by app.py from outputs/app_supplementary_figures/.,1,PASS — canonical script compiles; packaged final output and explicit inputs validated; non-target figure bytes preserved.
Supplementary Figure 51: SupplementaryFigure51_Taxonomy_Bacteria_Order_individual_samples_barplot_100pct,Complete figure,Original/final,generate_taxonomy_supplementary_figures.py,scripts/generate_taxonomy_supplementary_figures.py,CangaMetaG_App_Final/,Generate SupplementaryFigure51_Taxonomy_Bacteria_Order_individual_samples_barplot_100pct from the documented packaged study inputs.,python scripts/generate_taxonomy_supplementary_figures.py --base-dir . --article-root ../CangaMetaG_Article_Final --only 51,data/taxonomy_palette.json,data/resultado.cds.otu.tab; data/resultado.cds.tax.tab,Documented script-derived files in data/final_publication_derived/ or outputs/final_publication_audit_tables/.,"15.2x9.45 in; title=17.0 pt; axes=14.5 pt; ticks=12.0 pt; labels=12.5 pt; legend=11.5 pt | Top 24 taxa plus Others, unchanged",Not applicable,Python 3.13.5; pandas 2.2.3; NumPy 2.3.5; Matplotlib 3.10.8,outputs/final_publication_figures/SupplementaryFigure51_Taxonomy_Bacteria_Order_individual_samples_barplot_100pct.png; outputs/final_publication_figures/SupplementaryFigure51_Taxonomy_Bacteria_Order_individual_samples_barplot_100pct.pdf; outputs/final_publication_figures/SupplementaryFigure51_Taxonomy_Bacteria_Order_individual_samples_barplot_100pct.svg,outputs/final_publication_figures/; outputs/app_supplementary_figures/; article 03_Supplementary_Figures/,Execution order 1 within this figure. The script also generates: Supplementary Figure 18; Supplementary Figure 19; Supplementary Figure 20; Supplementary Figure 21; Supplementary Figure 22; Supplementary Figure 23; Supplementary Figure 24; Supplementary Figure 25; Supplementary Figure 43; Supplementary Figure 44; Supplementary Figure 45; Supplementary Figure 46; Supplementary Figure 47; Supplementary Figure 48; Supplementary Figure 49; Supplementary Figure 50; Supplementary Figure 51; Supplementary Figure 52; Supplementary Figure 53; Supplementary Figure 54; Supplementary Figure 55; Supplementary Figure 56; Supplementary Figure 57; Supplementary Figure 58; Supplementary Figure 59; Supplementary Figure 60; Supplementary Figure 61; Supplementary Figure 62; Supplementary Figure 63; Supplementary Figure 64; Supplementary Figure 65; Supplementary Figure 66,outputs/app_supplementary_figures/SupplementaryFigure51_Taxonomy_Bacteria_Order_individual_samples_barplot_100pct.png,1,PASS — canonical script compiles; packaged final output and explicit inputs validated; non-target figure bytes preserved.
Supplementary Figure 52: SupplementaryFigure52_Taxonomy_Bacteria_Order_individual_samples_heatmap_relative_abundance,Complete figure,Original/final,generate_taxonomy_supplementary_figures.py,scripts/generate_taxonomy_supplementary_figures.py,CangaMetaG_App_Final/,Generate SupplementaryFigure52_Taxonomy_Bacteria_Order_individual_samples_heatmap_relative_abundance from the documented packaged study inputs.,python scripts/generate_taxonomy_supplementary_figures.py --base-dir .,Not applicable,data/resultado.cds.otu.tab; data/resultado.cds.tax.tab; data/st8_metadata_curated.csv,Documented script-derived files in data/final_publication_derived/ or outputs/final_publication_audit_tables/.,Defined explicitly in the script; no undocumented manual image edits.,Not applicable or defined in the script where stochastic procedures are used.,Python and libraries imported by the script; see environment/reproducibility_environment.yml.,outputs/final_publication_figures/SupplementaryFigure52_Taxonomy_Bacteria_Order_individual_samples_heatmap_relative_abundance.png; outputs/final_publication_figures/SupplementaryFigure52_Taxonomy_Bacteria_Order_individual_samples_heatmap_relative_abundance.pdf; outputs/final_publication_figures/SupplementaryFigure52_Taxonomy_Bacteria_Order_individual_samples_heatmap_relative_abundance.svg,outputs/final_publication_figures/; outputs/app_supplementary_figures/; article 03_Supplementary_Figures/,Execution order 1 within this figure. The script also generates: Supplementary Figure 18; Supplementary Figure 19; Supplementary Figure 20; Supplementary Figure 21; Supplementary Figure 22; Supplementary Figure 23; Supplementary Figure 24; Supplementary Figure 25; Supplementary Figure 43; Supplementary Figure 44; Supplementary Figure 45; Supplementary Figure 46; Supplementary Figure 47; Supplementary Figure 48; Supplementary Figure 49; Supplementary Figure 50; Supplementary Figure 51; Supplementary Figure 52; Supplementary Figure 53; Supplementary Figure 54; Supplementary Figure 55; Supplementary Figure 56; Supplementary Figure 57; Supplementary Figure 58; Supplementary Figure 59; Supplementary Figure 60; Supplementary Figure 61; Supplementary Figure 62; Supplementary Figure 63; Supplementary Figure 64; Supplementary Figure 65; Supplementary Figure 66,Static output displayed/downloaded by app.py from outputs/app_supplementary_figures/.,1,PASS — canonical script compiles; packaged final output and explicit inputs validated; non-target figure bytes preserved.
Supplementary Figure 53: SupplementaryFigure53_Taxonomy_Archaea_Order_individual_samples_barplot_100pct,Complete figure,Original/final,generate_taxonomy_supplementary_figures.py,scripts/generate_taxonomy_supplementary_figures.py,CangaMetaG_App_Final/,Generate SupplementaryFigure53_Taxonomy_Archaea_Order_individual_samples_barplot_100pct from the documented packaged study inputs.,python scripts/generate_taxonomy_supplementary_figures.py --base-dir . --article-root ../CangaMetaG_Article_Final --only 53,data/taxonomy_palette.json,data/resultado.cds.otu.tab; data/resultado.cds.tax.tab,Documented script-derived files in data/final_publication_derived/ or outputs/final_publication_audit_tables/.,"15.2x9.45 in; title=17.0 pt; axes=14.5 pt; ticks=12.0 pt; labels=12.5 pt; legend=11.5 pt | Top 24 taxa plus Others, unchanged",Not applicable,Python 3.13.5; pandas 2.2.3; NumPy 2.3.5; Matplotlib 3.10.8,outputs/final_publication_figures/SupplementaryFigure53_Taxonomy_Archaea_Order_individual_samples_barplot_100pct.png; outputs/final_publication_figures/SupplementaryFigure53_Taxonomy_Archaea_Order_individual_samples_barplot_100pct.pdf; outputs/final_publication_figures/SupplementaryFigure53_Taxonomy_Archaea_Order_individual_samples_barplot_100pct.svg,outputs/final_publication_figures/; outputs/app_supplementary_figures/; article 03_Supplementary_Figures/,Execution order 1 within this figure. The script also generates: Supplementary Figure 18; Supplementary Figure 19; Supplementary Figure 20; Supplementary Figure 21; Supplementary Figure 22; Supplementary Figure 23; Supplementary Figure 24; Supplementary Figure 25; Supplementary Figure 43; Supplementary Figure 44; Supplementary Figure 45; Supplementary Figure 46; Supplementary Figure 47; Supplementary Figure 48; Supplementary Figure 49; Supplementary Figure 50; Supplementary Figure 51; Supplementary Figure 52; Supplementary Figure 53; Supplementary Figure 54; Supplementary Figure 55; Supplementary Figure 56; Supplementary Figure 57; Supplementary Figure 58; Supplementary Figure 59; Supplementary Figure 60; Supplementary Figure 61; Supplementary Figure 62; Supplementary Figure 63; Supplementary Figure 64; Supplementary Figure 65; Supplementary Figure 66,outputs/app_supplementary_figures/SupplementaryFigure53_Taxonomy_Archaea_Order_individual_samples_barplot_100pct.png,1,PASS — canonical script compiles; packaged final output and explicit inputs validated; non-target figure bytes preserved.
Supplementary Figure 54: SupplementaryFigure54_Taxonomy_Archaea_Order_individual_samples_heatmap_relative_abundance,Complete figure,Original/final,generate_taxonomy_supplementary_figures.py,scripts/generate_taxonomy_supplementary_figures.py,CangaMetaG_App_Final/,Generate SupplementaryFigure54_Taxonomy_Archaea_Order_individual_samples_heatmap_relative_abundance from the documented packaged study inputs.,python scripts/generate_taxonomy_supplementary_figures.py --base-dir .,Not applicable,data/resultado.cds.otu.tab; data/resultado.cds.tax.tab; data/st8_metadata_curated.csv,Documented script-derived files in data/final_publication_derived/ or outputs/final_publication_audit_tables/.,Defined explicitly in the script; no undocumented manual image edits.,Not applicable or defined in the script where stochastic procedures are used.,Python and libraries imported by the script; see environment/reproducibility_environment.yml.,outputs/final_publication_figures/SupplementaryFigure54_Taxonomy_Archaea_Order_individual_samples_heatmap_relative_abundance.png; outputs/final_publication_figures/SupplementaryFigure54_Taxonomy_Archaea_Order_individual_samples_heatmap_relative_abundance.pdf; outputs/final_publication_figures/SupplementaryFigure54_Taxonomy_Archaea_Order_individual_samples_heatmap_relative_abundance.svg,outputs/final_publication_figures/; outputs/app_supplementary_figures/; article 03_Supplementary_Figures/,Execution order 1 within this figure. The script also generates: Supplementary Figure 18; Supplementary Figure 19; Supplementary Figure 20; Supplementary Figure 21; Supplementary Figure 22; Supplementary Figure 23; Supplementary Figure 24; Supplementary Figure 25; Supplementary Figure 43; Supplementary Figure 44; Supplementary Figure 45; Supplementary Figure 46; Supplementary Figure 47; Supplementary Figure 48; Supplementary Figure 49; Supplementary Figure 50; Supplementary Figure 51; Supplementary Figure 52; Supplementary Figure 53; Supplementary Figure 54; Supplementary Figure 55; Supplementary Figure 56; Supplementary Figure 57; Supplementary Figure 58; Supplementary Figure 59; Supplementary Figure 60; Supplementary Figure 61; Supplementary Figure 62; Supplementary Figure 63; Supplementary Figure 64; Supplementary Figure 65; Supplementary Figure 66,Static output displayed/downloaded by app.py from outputs/app_supplementary_figures/.,1,PASS — canonical script compiles; packaged final output and explicit inputs validated; non-target figure bytes preserved.
Supplementary Figure 55: SupplementaryFigure55_Taxonomy_Bacteria_Family_individual_samples_barplot_100pct,Complete figure,Original/final,generate_taxonomy_supplementary_figures.py,scripts/generate_taxonomy_supplementary_figures.py,CangaMetaG_App_Final/,Generate SupplementaryFigure55_Taxonomy_Bacteria_Family_individual_samples_barplot_100pct from the documented packaged study inputs.,python scripts/generate_taxonomy_supplementary_figures.py --base-dir . --article-root ../CangaMetaG_Article_Final --only 55,data/taxonomy_palette.json,data/resultado.cds.otu.tab; data/resultado.cds.tax.tab,Documented script-derived files in data/final_publication_derived/ or outputs/final_publication_audit_tables/.,"15.2x9.45 in; title=17.0 pt; axes=14.5 pt; ticks=12.0 pt; labels=12.5 pt; legend=11.5 pt | Top 24 taxa plus Others, unchanged",Not applicable,Python 3.13.5; pandas 2.2.3; NumPy 2.3.5; Matplotlib 3.10.8,outputs/final_publication_figures/SupplementaryFigure55_Taxonomy_Bacteria_Family_individual_samples_barplot_100pct.png; outputs/final_publication_figures/SupplementaryFigure55_Taxonomy_Bacteria_Family_individual_samples_barplot_100pct.pdf; outputs/final_publication_figures/SupplementaryFigure55_Taxonomy_Bacteria_Family_individual_samples_barplot_100pct.svg,outputs/final_publication_figures/; outputs/app_supplementary_figures/; article 03_Supplementary_Figures/,Execution order 1 within this figure. The script also generates: Supplementary Figure 18; Supplementary Figure 19; Supplementary Figure 20; Supplementary Figure 21; Supplementary Figure 22; Supplementary Figure 23; Supplementary Figure 24; Supplementary Figure 25; Supplementary Figure 43; Supplementary Figure 44; Supplementary Figure 45; Supplementary Figure 46; Supplementary Figure 47; Supplementary Figure 48; Supplementary Figure 49; Supplementary Figure 50; Supplementary Figure 51; Supplementary Figure 52; Supplementary Figure 53; Supplementary Figure 54; Supplementary Figure 55; Supplementary Figure 56; Supplementary Figure 57; Supplementary Figure 58; Supplementary Figure 59; Supplementary Figure 60; Supplementary Figure 61; Supplementary Figure 62; Supplementary Figure 63; Supplementary Figure 64; Supplementary Figure 65; Supplementary Figure 66,outputs/app_supplementary_figures/SupplementaryFigure55_Taxonomy_Bacteria_Family_individual_samples_barplot_100pct.png,1,PASS — canonical script compiles; packaged final output and explicit inputs validated; non-target figure bytes preserved.
Supplementary Figure 56: SupplementaryFigure56_Taxonomy_Bacteria_Family_individual_samples_heatmap_relative_abundance,Complete figure,Original/final,generate_taxonomy_supplementary_figures.py,scripts/generate_taxonomy_supplementary_figures.py,CangaMetaG_App_Final/,Generate SupplementaryFigure56_Taxonomy_Bacteria_Family_individual_samples_heatmap_relative_abundance from the documented packaged study inputs.,python scripts/generate_taxonomy_supplementary_figures.py --base-dir .,Not applicable,data/resultado.cds.otu.tab; data/resultado.cds.tax.tab; data/st8_metadata_curated.csv,Documented script-derived files in data/final_publication_derived/ or outputs/final_publication_audit_tables/.,Defined explicitly in the script; no undocumented manual image edits.,Not applicable or defined in the script where stochastic procedures are used.,Python and libraries imported by the script; see environment/reproducibility_environment.yml.,outputs/final_publication_figures/SupplementaryFigure56_Taxonomy_Bacteria_Family_individual_samples_heatmap_relative_abundance.png; outputs/final_publication_figures/SupplementaryFigure56_Taxonomy_Bacteria_Family_individual_samples_heatmap_relative_abundance.pdf; outputs/final_publication_figures/SupplementaryFigure56_Taxonomy_Bacteria_Family_individual_samples_heatmap_relative_abundance.svg,outputs/final_publication_figures/; outputs/app_supplementary_figures/; article 03_Supplementary_Figures/,Execution order 1 within this figure. The script also generates: Supplementary Figure 18; Supplementary Figure 19; Supplementary Figure 20; Supplementary Figure 21; Supplementary Figure 22; Supplementary Figure 23; Supplementary Figure 24; Supplementary Figure 25; Supplementary Figure 43; Supplementary Figure 44; Supplementary Figure 45; Supplementary Figure 46; Supplementary Figure 47; Supplementary Figure 48; Supplementary Figure 49; Supplementary Figure 50; Supplementary Figure 51; Supplementary Figure 52; Supplementary Figure 53; Supplementary Figure 54; Supplementary Figure 55; Supplementary Figure 56; Supplementary Figure 57; Supplementary Figure 58; Supplementary Figure 59; Supplementary Figure 60; Supplementary Figure 61; Supplementary Figure 62; Supplementary Figure 63; Supplementary Figure 64; Supplementary Figure 65; Supplementary Figure 66,Static output displayed/downloaded by app.py from outputs/app_supplementary_figures/.,1,PASS — canonical script compiles; packaged final output and explicit inputs validated; non-target figure bytes preserved.
Supplementary Figure 57: SupplementaryFigure57_Taxonomy_Archaea_Family_individual_samples_barplot_100pct,Complete figure,Original/final,generate_taxonomy_supplementary_figures.py,scripts/generate_taxonomy_supplementary_figures.py,CangaMetaG_App_Final/,Generate SupplementaryFigure57_Taxonomy_Archaea_Family_individual_samples_barplot_100pct from the documented packaged study inputs.,python scripts/generate_taxonomy_supplementary_figures.py --base-dir . --article-root ../CangaMetaG_Article_Final --only 57,data/taxonomy_palette.json,data/resultado.cds.otu.tab; data/resultado.cds.tax.tab,Documented script-derived files in data/final_publication_derived/ or outputs/final_publication_audit_tables/.,"15.2x9.45 in; title=17.0 pt; axes=14.5 pt; ticks=12.0 pt; labels=12.5 pt; legend=11.5 pt | Top 24 taxa plus Others, unchanged",Not applicable,Python 3.13.5; pandas 2.2.3; NumPy 2.3.5; Matplotlib 3.10.8,outputs/final_publication_figures/SupplementaryFigure57_Taxonomy_Archaea_Family_individual_samples_barplot_100pct.png; outputs/final_publication_figures/SupplementaryFigure57_Taxonomy_Archaea_Family_individual_samples_barplot_100pct.pdf; outputs/final_publication_figures/SupplementaryFigure57_Taxonomy_Archaea_Family_individual_samples_barplot_100pct.svg,outputs/final_publication_figures/; outputs/app_supplementary_figures/; article 03_Supplementary_Figures/,Execution order 1 within this figure. The script also generates: Supplementary Figure 18; Supplementary Figure 19; Supplementary Figure 20; Supplementary Figure 21; Supplementary Figure 22; Supplementary Figure 23; Supplementary Figure 24; Supplementary Figure 25; Supplementary Figure 43; Supplementary Figure 44; Supplementary Figure 45; Supplementary Figure 46; Supplementary Figure 47; Supplementary Figure 48; Supplementary Figure 49; Supplementary Figure 50; Supplementary Figure 51; Supplementary Figure 52; Supplementary Figure 53; Supplementary Figure 54; Supplementary Figure 55; Supplementary Figure 56; Supplementary Figure 57; Supplementary Figure 58; Supplementary Figure 59; Supplementary Figure 60; Supplementary Figure 61; Supplementary Figure 62; Supplementary Figure 63; Supplementary Figure 64; Supplementary Figure 65; Supplementary Figure 66,outputs/app_supplementary_figures/SupplementaryFigure57_Taxonomy_Archaea_Family_individual_samples_barplot_100pct.png,1,PASS — canonical script compiles; packaged final output and explicit inputs validated; non-target figure bytes preserved.
Supplementary Figure 58: SupplementaryFigure58_Taxonomy_Archaea_Family_individual_samples_heatmap_relative_abundance,Complete figure,Original/final,generate_taxonomy_supplementary_figures.py,scripts/generate_taxonomy_supplementary_figures.py,CangaMetaG_App_Final/,Generate SupplementaryFigure58_Taxonomy_Archaea_Family_individual_samples_heatmap_relative_abundance from the documented packaged study inputs.,python scripts/generate_taxonomy_supplementary_figures.py --base-dir . --article-root ../CangaMetaG_Article_Final --only 58,Not applicable,data/resultado.cds.otu.tab; data/resultado.cds.tax.tab,Documented script-derived files in data/final_publication_derived/ or outputs/final_publication_audit_tables/.,"15.2x9.45 in; title=17.0 pt; axes=14.5 pt; ticks=x=12.0, y=11.5 pt; labels=11.5 pt; colourbar=11.0 pt | Top 30 taxa, unchanged",Not applicable,Python 3.13.5; pandas 2.2.3; NumPy 2.3.5; Matplotlib 3.10.8,outputs/final_publication_figures/SupplementaryFigure58_Taxonomy_Archaea_Family_individual_samples_heatmap_relative_abundance.png; outputs/final_publication_figures/SupplementaryFigure58_Taxonomy_Archaea_Family_individual_samples_heatmap_relative_abundance.pdf; outputs/final_publication_figures/SupplementaryFigure58_Taxonomy_Archaea_Family_individual_samples_heatmap_relative_abundance.svg,outputs/final_publication_figures/; outputs/app_supplementary_figures/; article 03_Supplementary_Figures/,Execution order 1 within this figure. The script also generates: Supplementary Figure 18; Supplementary Figure 19; Supplementary Figure 20; Supplementary Figure 21; Supplementary Figure 22; Supplementary Figure 23; Supplementary Figure 24; Supplementary Figure 25; Supplementary Figure 43; Supplementary Figure 44; Supplementary Figure 45; Supplementary Figure 46; Supplementary Figure 47; Supplementary Figure 48; Supplementary Figure 49; Supplementary Figure 50; Supplementary Figure 51; Supplementary Figure 52; Supplementary Figure 53; Supplementary Figure 54; Supplementary Figure 55; Supplementary Figure 56; Supplementary Figure 57; Supplementary Figure 58; Supplementary Figure 59; Supplementary Figure 60; Supplementary Figure 61; Supplementary Figure 62; Supplementary Figure 63; Supplementary Figure 64; Supplementary Figure 65; Supplementary Figure 66,outputs/app_supplementary_figures/SupplementaryFigure58_Taxonomy_Archaea_Family_individual_samples_heatmap_relative_abundance.png,1,PASS — canonical script compiles; packaged final output and explicit inputs validated; non-target figure bytes preserved.
Supplementary Figure 59: SupplementaryFigure59_Taxonomy_Bacteria_Genus_individual_samples_barplot_100pct,Complete figure,Original/final,generate_taxonomy_supplementary_figures.py,scripts/generate_taxonomy_supplementary_figures.py,CangaMetaG_App_Final/,Generate SupplementaryFigure59_Taxonomy_Bacteria_Genus_individual_samples_barplot_100pct from the documented packaged study inputs.,python scripts/generate_taxonomy_supplementary_figures.py --base-dir .,Not applicable,data/resultado.cds.otu.tab; data/resultado.cds.tax.tab; data/st8_metadata_curated.csv,Documented script-derived files in data/final_publication_derived/ or outputs/final_publication_audit_tables/.,Defined explicitly in the script; no undocumented manual image edits.,Not applicable or defined in the script where stochastic procedures are used.,Python and libraries imported by the script; see environment/reproducibility_environment.yml.,outputs/final_publication_figures/SupplementaryFigure59_Taxonomy_Bacteria_Genus_individual_samples_barplot_100pct.png; outputs/final_publication_figures/SupplementaryFigure59_Taxonomy_Bacteria_Genus_individual_samples_barplot_100pct.pdf; outputs/final_publication_figures/SupplementaryFigure59_Taxonomy_Bacteria_Genus_individual_samples_barplot_100pct.svg,outputs/final_publication_figures/; outputs/app_supplementary_figures/; article 03_Supplementary_Figures/,Execution order 1 within this figure. The script also generates: Supplementary Figure 18; Supplementary Figure 19; Supplementary Figure 20; Supplementary Figure 21; Supplementary Figure 22; Supplementary Figure 23; Supplementary Figure 24; Supplementary Figure 25; Supplementary Figure 43; Supplementary Figure 44; Supplementary Figure 45; Supplementary Figure 46; Supplementary Figure 47; Supplementary Figure 48; Supplementary Figure 49; Supplementary Figure 50; Supplementary Figure 51; Supplementary Figure 52; Supplementary Figure 53; Supplementary Figure 54; Supplementary Figure 55; Supplementary Figure 56; Supplementary Figure 57; Supplementary Figure 58; Supplementary Figure 59; Supplementary Figure 60; Supplementary Figure 61; Supplementary Figure 62; Supplementary Figure 63; Supplementary Figure 64; Supplementary Figure 65; Supplementary Figure 66,Static output displayed/downloaded by app.py from outputs/app_supplementary_figures/.,1,PASS — canonical script compiles; packaged final output and explicit inputs validated; non-target figure bytes preserved.
Supplementary Figure 60: SupplementaryFigure60_Taxonomy_Bacteria_Genus_individual_samples_heatmap_relative_abundance,Complete figure,Original/final,generate_taxonomy_supplementary_figures.py,scripts/generate_taxonomy_supplementary_figures.py,CangaMetaG_App_Final/,Generate SupplementaryFigure60_Taxonomy_Bacteria_Genus_individual_samples_heatmap_relative_abundance from the documented packaged study inputs.,python scripts/generate_taxonomy_supplementary_figures.py --base-dir .,Not applicable,data/resultado.cds.otu.tab; data/resultado.cds.tax.tab; data/st8_metadata_curated.csv,Documented script-derived files in data/final_publication_derived/ or outputs/final_publication_audit_tables/.,Defined explicitly in the script; no undocumented manual image edits.,Not applicable or defined in the script where stochastic procedures are used.,Python and libraries imported by the script; see environment/reproducibility_environment.yml.,outputs/final_publication_figures/SupplementaryFigure60_Taxonomy_Bacteria_Genus_individual_samples_heatmap_relative_abundance.png; outputs/final_publication_figures/SupplementaryFigure60_Taxonomy_Bacteria_Genus_individual_samples_heatmap_relative_abundance.pdf; outputs/final_publication_figures/SupplementaryFigure60_Taxonomy_Bacteria_Genus_individual_samples_heatmap_relative_abundance.svg,outputs/final_publication_figures/; outputs/app_supplementary_figures/; article 03_Supplementary_Figures/,Execution order 1 within this figure. The script also generates: Supplementary Figure 18; Supplementary Figure 19; Supplementary Figure 20; Supplementary Figure 21; Supplementary Figure 22; Supplementary Figure 23; Supplementary Figure 24; Supplementary Figure 25; Supplementary Figure 43; Supplementary Figure 44; Supplementary Figure 45; Supplementary Figure 46; Supplementary Figure 47; Supplementary Figure 48; Supplementary Figure 49; Supplementary Figure 50; Supplementary Figure 51; Supplementary Figure 52; Supplementary Figure 53; Supplementary Figure 54; Supplementary Figure 55; Supplementary Figure 56; Supplementary Figure 57; Supplementary Figure 58; Supplementary Figure 59; Supplementary Figure 60; Supplementary Figure 61; Supplementary Figure 62; Supplementary Figure 63; Supplementary Figure 64; Supplementary Figure 65; Supplementary Figure 66,Static output displayed/downloaded by app.py from outputs/app_supplementary_figures/.,1,PASS — canonical script compiles; packaged final output and explicit inputs validated; non-target figure bytes preserved.
Supplementary Figure 61: SupplementaryFigure61_Taxonomy_Archaea_Genus_individual_samples_barplot_100pct,Complete figure,Original/final,generate_taxonomy_supplementary_figures.py,scripts/generate_taxonomy_supplementary_figures.py,CangaMetaG_App_Final/,Generate SupplementaryFigure61_Taxonomy_Archaea_Genus_individual_samples_barplot_100pct from the documented packaged study inputs.,python scripts/generate_taxonomy_supplementary_figures.py --base-dir . --article-root ../CangaMetaG_Article_Final --only 61,data/taxonomy_palette.json,data/resultado.cds.otu.tab; data/resultado.cds.tax.tab,Documented script-derived files in data/final_publication_derived/ or outputs/final_publication_audit_tables/.,"15.2x9.45 in; title=17.0 pt; axes=14.5 pt; ticks=12.0 pt; labels=12.5 pt; legend=11.5 pt | Top 24 taxa plus Others, unchanged",Not applicable,Python 3.13.5; pandas 2.2.3; NumPy 2.3.5; Matplotlib 3.10.8,outputs/final_publication_figures/SupplementaryFigure61_Taxonomy_Archaea_Genus_individual_samples_barplot_100pct.png; outputs/final_publication_figures/SupplementaryFigure61_Taxonomy_Archaea_Genus_individual_samples_barplot_100pct.pdf; outputs/final_publication_figures/SupplementaryFigure61_Taxonomy_Archaea_Genus_individual_samples_barplot_100pct.svg,outputs/final_publication_figures/; outputs/app_supplementary_figures/; article 03_Supplementary_Figures/,Execution order 1 within this figure. The script also generates: Supplementary Figure 18; Supplementary Figure 19; Supplementary Figure 20; Supplementary Figure 21; Supplementary Figure 22; Supplementary Figure 23; Supplementary Figure 24; Supplementary Figure 25; Supplementary Figure 43; Supplementary Figure 44; Supplementary Figure 45; Supplementary Figure 46; Supplementary Figure 47; Supplementary Figure 48; Supplementary Figure 49; Supplementary Figure 50; Supplementary Figure 51; Supplementary Figure 52; Supplementary Figure 53; Supplementary Figure 54; Supplementary Figure 55; Supplementary Figure 56; Supplementary Figure 57; Supplementary Figure 58; Supplementary Figure 59; Supplementary Figure 60; Supplementary Figure 61; Supplementary Figure 62; Supplementary Figure 63; Supplementary Figure 64; Supplementary Figure 65; Supplementary Figure 66,outputs/app_supplementary_figures/SupplementaryFigure61_Taxonomy_Archaea_Genus_individual_samples_barplot_100pct.png,1,PASS — canonical script compiles; packaged final output and explicit inputs validated; non-target figure bytes preserved.
Supplementary Figure 62: SupplementaryFigure62_Taxonomy_Archaea_Genus_individual_samples_heatmap_relative_abundance,Complete figure,Original/final,generate_taxonomy_supplementary_figures.py,scripts/generate_taxonomy_supplementary_figures.py,CangaMetaG_App_Final/,Generate SupplementaryFigure62_Taxonomy_Archaea_Genus_individual_samples_heatmap_relative_abundance from the documented packaged study inputs.,python scripts/generate_taxonomy_supplementary_figures.py --base-dir .,Not applicable,data/resultado.cds.otu.tab; data/resultado.cds.tax.tab; data/st8_metadata_curated.csv,Documented script-derived files in data/final_publication_derived/ or outputs/final_publication_audit_tables/.,Defined explicitly in the script; no undocumented manual image edits.,Not applicable or defined in the script where stochastic procedures are used.,Python and libraries imported by the script; see environment/reproducibility_environment.yml.,outputs/final_publication_figures/SupplementaryFigure62_Taxonomy_Archaea_Genus_individual_samples_heatmap_relative_abundance.png; outputs/final_publication_figures/SupplementaryFigure62_Taxonomy_Archaea_Genus_individual_samples_heatmap_relative_abundance.pdf; outputs/final_publication_figures/SupplementaryFigure62_Taxonomy_Archaea_Genus_individual_samples_heatmap_relative_abundance.svg,outputs/final_publication_figures/; outputs/app_supplementary_figures/; article 03_Supplementary_Figures/,Execution order 1 within this figure. The script also generates: Supplementary Figure 18; Supplementary Figure 19; Supplementary Figure 20; Supplementary Figure 21; Supplementary Figure 22; Supplementary Figure 23; Supplementary Figure 24; Supplementary Figure 25; Supplementary Figure 43; Supplementary Figure 44; Supplementary Figure 45; Supplementary Figure 46; Supplementary Figure 47; Supplementary Figure 48; Supplementary Figure 49; Supplementary Figure 50; Supplementary Figure 51; Supplementary Figure 52; Supplementary Figure 53; Supplementary Figure 54; Supplementary Figure 55; Supplementary Figure 56; Supplementary Figure 57; Supplementary Figure 58; Supplementary Figure 59; Supplementary Figure 60; Supplementary Figure 61; Supplementary Figure 62; Supplementary Figure 63; Supplementary Figure 64; Supplementary Figure 65; Supplementary Figure 66,Static output displayed/downloaded by app.py from outputs/app_supplementary_figures/.,1,PASS — canonical script compiles; packaged final output and explicit inputs validated; non-target figure bytes preserved.
Supplementary Figure 63: SupplementaryFigure63_Taxonomy_Bacteria_Species_individual_samples_barplot_100pct,Complete figure,Original/final,generate_taxonomy_supplementary_figures.py,scripts/generate_taxonomy_supplementary_figures.py,CangaMetaG_App_Final/,Generate SupplementaryFigure63_Taxonomy_Bacteria_Species_individual_samples_barplot_100pct from the documented packaged study inputs.,python scripts/generate_taxonomy_supplementary_figures.py --base-dir . --article-root ../CangaMetaG_Article_Final --only 63,data/taxonomy_palette.json,data/resultado.cds.otu.tab; data/resultado.cds.tax.tab,Documented script-derived files in data/final_publication_derived/ or outputs/final_publication_audit_tables/.,"15.2x9.45 in; title=17.0 pt; axes=14.5 pt; ticks=12.0 pt; labels=12.5 pt; legend=11.5 pt | Top 24 taxa plus Others, unchanged",Not applicable,Python 3.13.5; pandas 2.2.3; NumPy 2.3.5; Matplotlib 3.10.8,outputs/final_publication_figures/SupplementaryFigure63_Taxonomy_Bacteria_Species_individual_samples_barplot_100pct.png; outputs/final_publication_figures/SupplementaryFigure63_Taxonomy_Bacteria_Species_individual_samples_barplot_100pct.pdf; outputs/final_publication_figures/SupplementaryFigure63_Taxonomy_Bacteria_Species_individual_samples_barplot_100pct.svg,outputs/final_publication_figures/; outputs/app_supplementary_figures/; article 03_Supplementary_Figures/,Execution order 1 within this figure. The script also generates: Supplementary Figure 18; Supplementary Figure 19; Supplementary Figure 20; Supplementary Figure 21; Supplementary Figure 22; Supplementary Figure 23; Supplementary Figure 24; Supplementary Figure 25; Supplementary Figure 43; Supplementary Figure 44; Supplementary Figure 45; Supplementary Figure 46; Supplementary Figure 47; Supplementary Figure 48; Supplementary Figure 49; Supplementary Figure 50; Supplementary Figure 51; Supplementary Figure 52; Supplementary Figure 53; Supplementary Figure 54; Supplementary Figure 55; Supplementary Figure 56; Supplementary Figure 57; Supplementary Figure 58; Supplementary Figure 59; Supplementary Figure 60; Supplementary Figure 61; Supplementary Figure 62; Supplementary Figure 63; Supplementary Figure 64; Supplementary Figure 65; Supplementary Figure 66,outputs/app_supplementary_figures/SupplementaryFigure63_Taxonomy_Bacteria_Species_individual_samples_barplot_100pct.png,1,PASS — canonical script compiles; packaged final output and explicit inputs validated; non-target figure bytes preserved.
Supplementary Figure 64: SupplementaryFigure64_Taxonomy_Bacteria_Species_individual_samples_heatmap_relative_abundance,Complete figure,Original/final,generate_taxonomy_supplementary_figures.py,scripts/generate_taxonomy_supplementary_figures.py,CangaMetaG_App_Final/,Generate SupplementaryFigure64_Taxonomy_Bacteria_Species_individual_samples_heatmap_relative_abundance from the documented packaged study inputs.,python scripts/generate_taxonomy_supplementary_figures.py --base-dir .,Not applicable,data/resultado.cds.otu.tab; data/resultado.cds.tax.tab; data/st8_metadata_curated.csv,Documented script-derived files in data/final_publication_derived/ or outputs/final_publication_audit_tables/.,Defined explicitly in the script; no undocumented manual image edits.,Not applicable or defined in the script where stochastic procedures are used.,Python and libraries imported by the script; see environment/reproducibility_environment.yml.,outputs/final_publication_figures/SupplementaryFigure64_Taxonomy_Bacteria_Species_individual_samples_heatmap_relative_abundance.png; outputs/final_publication_figures/SupplementaryFigure64_Taxonomy_Bacteria_Species_individual_samples_heatmap_relative_abundance.pdf; outputs/final_publication_figures/SupplementaryFigure64_Taxonomy_Bacteria_Species_individual_samples_heatmap_relative_abundance.svg,outputs/final_publication_figures/; outputs/app_supplementary_figures/; article 03_Supplementary_Figures/,Execution order 1 within this figure. The script also generates: Supplementary Figure 18; Supplementary Figure 19; Supplementary Figure 20; Supplementary Figure 21; Supplementary Figure 22; Supplementary Figure 23; Supplementary Figure 24; Supplementary Figure 25; Supplementary Figure 43; Supplementary Figure 44; Supplementary Figure 45; Supplementary Figure 46; Supplementary Figure 47; Supplementary Figure 48; Supplementary Figure 49; Supplementary Figure 50; Supplementary Figure 51; Supplementary Figure 52; Supplementary Figure 53; Supplementary Figure 54; Supplementary Figure 55; Supplementary Figure 56; Supplementary Figure 57; Supplementary Figure 58; Supplementary Figure 59; Supplementary Figure 60; Supplementary Figure 61; Supplementary Figure 62; Supplementary Figure 63; Supplementary Figure 64; Supplementary Figure 65; Supplementary Figure 66,Static output displayed/downloaded by app.py from outputs/app_supplementary_figures/.,1,PASS — canonical script compiles; packaged final output and explicit inputs validated; non-target figure bytes preserved.
Supplementary Figure 65: SupplementaryFigure65_Taxonomy_Archaea_Species_individual_samples_barplot_100pct,Complete figure,Original/final,generate_taxonomy_supplementary_figures.py,scripts/generate_taxonomy_supplementary_figures.py,CangaMetaG_App_Final/,Generate SupplementaryFigure65_Taxonomy_Archaea_Species_individual_samples_barplot_100pct from the documented packaged study inputs.,python scripts/generate_taxonomy_supplementary_figures.py --base-dir . --article-root ../CangaMetaG_Article_Final --only 65,data/taxonomy_palette.json,data/resultado.cds.otu.tab; data/resultado.cds.tax.tab,Documented script-derived files in data/final_publication_derived/ or outputs/final_publication_audit_tables/.,"15.2x9.45 in; title=17.0 pt; axes=14.5 pt; ticks=12.0 pt; labels=12.5 pt; legend=11.5 pt | Top 24 taxa plus Others, unchanged",Not applicable,Python 3.13.5; pandas 2.2.3; NumPy 2.3.5; Matplotlib 3.10.8,outputs/final_publication_figures/SupplementaryFigure65_Taxonomy_Archaea_Species_individual_samples_barplot_100pct.png; outputs/final_publication_figures/SupplementaryFigure65_Taxonomy_Archaea_Species_individual_samples_barplot_100pct.pdf; outputs/final_publication_figures/SupplementaryFigure65_Taxonomy_Archaea_Species_individual_samples_barplot_100pct.svg,outputs/final_publication_figures/; outputs/app_supplementary_figures/; article 03_Supplementary_Figures/,Execution order 1 within this figure. The script also generates: Supplementary Figure 18; Supplementary Figure 19; Supplementary Figure 20; Supplementary Figure 21; Supplementary Figure 22; Supplementary Figure 23; Supplementary Figure 24; Supplementary Figure 25; Supplementary Figure 43; Supplementary Figure 44; Supplementary Figure 45; Supplementary Figure 46; Supplementary Figure 47; Supplementary Figure 48; Supplementary Figure 49; Supplementary Figure 50; Supplementary Figure 51; Supplementary Figure 52; Supplementary Figure 53; Supplementary Figure 54; Supplementary Figure 55; Supplementary Figure 56; Supplementary Figure 57; Supplementary Figure 58; Supplementary Figure 59; Supplementary Figure 60; Supplementary Figure 61; Supplementary Figure 62; Supplementary Figure 63; Supplementary Figure 64; Supplementary Figure 65; Supplementary Figure 66,outputs/app_supplementary_figures/SupplementaryFigure65_Taxonomy_Archaea_Species_individual_samples_barplot_100pct.png,1,PASS — canonical script compiles; packaged final output and explicit inputs validated; non-target figure bytes preserved.
Supplementary Figure 66: SupplementaryFigure66_Taxonomy_Archaea_Species_individual_samples_heatmap_relative_abundance,Complete figure,Original/final,generate_taxonomy_supplementary_figures.py,scripts/generate_taxonomy_supplementary_figures.py,CangaMetaG_App_Final/,Generate SupplementaryFigure66_Taxonomy_Archaea_Species_individual_samples_heatmap_relative_abundance from the documented packaged study inputs.,python scripts/generate_taxonomy_supplementary_figures.py --base-dir .,Not applicable,data/resultado.cds.otu.tab; data/resultado.cds.tax.tab; data/st8_metadata_curated.csv,Documented script-derived files in data/final_publication_derived/ or outputs/final_publication_audit_tables/.,Defined explicitly in the script; no undocumented manual image edits.,Not applicable or defined in the script where stochastic procedures are used.,Python and libraries imported by the script; see environment/reproducibility_environment.yml.,outputs/final_publication_figures/SupplementaryFigure66_Taxonomy_Archaea_Species_individual_samples_heatmap_relative_abundance.png; outputs/final_publication_figures/SupplementaryFigure66_Taxonomy_Archaea_Species_individual_samples_heatmap_relative_abundance.pdf; outputs/final_publication_figures/SupplementaryFigure66_Taxonomy_Archaea_Species_individual_samples_heatmap_relative_abundance.svg,outputs/final_publication_figures/; outputs/app_supplementary_figures/; article 03_Supplementary_Figures/,Execution order 1 within this figure. The script also generates: Supplementary Figure 18; Supplementary Figure 19; Supplementary Figure 20; Supplementary Figure 21; Supplementary Figure 22; Supplementary Figure 23; Supplementary Figure 24; Supplementary Figure 25; Supplementary Figure 43; Supplementary Figure 44; Supplementary Figure 45; Supplementary Figure 46; Supplementary Figure 47; Supplementary Figure 48; Supplementary Figure 49; Supplementary Figure 50; Supplementary Figure 51; Supplementary Figure 52; Supplementary Figure 53; Supplementary Figure 54; Supplementary Figure 55; Supplementary Figure 56; Supplementary Figure 57; Supplementary Figure 58; Supplementary Figure 59; Supplementary Figure 60; Supplementary Figure 61; Supplementary Figure 62; Supplementary Figure 63; Supplementary Figure 64; Supplementary Figure 65; Supplementary Figure 66,Static output displayed/downloaded by app.py from outputs/app_supplementary_figures/.,1,PASS — canonical script compiles; packaged final output and explicit inputs validated; non-target figure bytes preserved.
Supplementary Figure 67: Amazonian plus external thematic module completeness,P001,Original/final,generate_environmental_group_heatmaps.py,scripts/figures/generate_environmental_group_heatmaps.py,CangaMetaG_App_Final/,Show all original module-completeness states for rows with at least one Complete call across the combined Amazonian and external matrix.,python scripts/figures/generate_environmental_group_heatmaps.py --root .,Not applicable,data/module_figure_inputs/SupplementaryFigure67_lagoon_plus_external_iron_rich_module_completeness_KEMET_style_3state_heatmap_thematic_status.csv; data/module_figure_inputs/st8_metadata_curated.csv,data/final_publication_derived/SupplementaryFigure67_lagoon_plus_external_iron_rich_module_completeness_KEMET_style_3state_heatmap_status.csv; data/final_publication_derived/SupplementaryFigure67_lagoon_plus_external_iron_rich_module_completeness_KEMET_style_3state_heatmap_column_order.csv,"Rows unchanged; 20 modules per panel; original column order; colors Complete #2E7D32, 1 block missing #4575B4, Incomplete #D73027; missing white. | No recalculation, aggregation, normalization or status reclassification.",Not applicable — deterministic ordering and categorical heatmap.,Python; pandas; NumPy; Matplotlib,outputs/final_publication_figures/SupplementaryFigure67_lagoon_plus_external_iron_rich_module_completeness_KEMET_style_3state_heatmap_P001.png; outputs/final_publication_figures/SupplementaryFigure67_lagoon_plus_external_iron_rich_module_completeness_KEMET_style_3state_heatmap_P001.pdf; outputs/final_publication_figures/SupplementaryFigure67_lagoon_plus_external_iron_rich_module_completeness_KEMET_style_3state_heatmap_P001.svg,outputs/final_publication_figures/; outputs/app_supplementary_figures/; article 03_Supplementary_Figures/,Execution order 1 within this figure. The script also generates: Supplementary Figure 40; Supplementary Figure 67; Supplementary Figure 67 — environmental group,outputs/app_supplementary_figures/SupplementaryFigure67_lagoon_plus_external_iron_rich_module_completeness_KEMET_style_3state_heatmap.png,1,EXECUTED PASS — figure regenerated and scientific-equivalence audit passed.
Supplementary Figure 67: Amazonian plus external thematic module completeness,P002,Original/final,generate_environmental_group_heatmaps.py,scripts/figures/generate_environmental_group_heatmaps.py,CangaMetaG_App_Final/,Show all original module-completeness states for rows with at least one Complete call across the combined Amazonian and external matrix.,python scripts/figures/generate_environmental_group_heatmaps.py --root .,Not applicable,data/module_figure_inputs/SupplementaryFigure67_lagoon_plus_external_iron_rich_module_completeness_KEMET_style_3state_heatmap_thematic_status.csv; data/module_figure_inputs/st8_metadata_curated.csv,data/final_publication_derived/SupplementaryFigure67_lagoon_plus_external_iron_rich_module_completeness_KEMET_style_3state_heatmap_status.csv; data/final_publication_derived/SupplementaryFigure67_lagoon_plus_external_iron_rich_module_completeness_KEMET_style_3state_heatmap_column_order.csv,"Rows unchanged; 20 modules per panel; original column order; colors Complete #2E7D32, 1 block missing #4575B4, Incomplete #D73027; missing white. | No recalculation, aggregation, normalization or status reclassification.",Not applicable — deterministic ordering and categorical heatmap.,Python; pandas; NumPy; Matplotlib,outputs/final_publication_figures/SupplementaryFigure67_lagoon_plus_external_iron_rich_module_completeness_KEMET_style_3state_heatmap_P002.png; outputs/final_publication_figures/SupplementaryFigure67_lagoon_plus_external_iron_rich_module_completeness_KEMET_style_3state_heatmap_P002.pdf; outputs/final_publication_figures/SupplementaryFigure67_lagoon_plus_external_iron_rich_module_completeness_KEMET_style_3state_heatmap_P002.svg,outputs/final_publication_figures/; outputs/app_supplementary_figures/; article 03_Supplementary_Figures/,Execution order 2 within this figure. The script also generates: Supplementary Figure 40; Supplementary Figure 67; Supplementary Figure 67 — environmental group,outputs/app_supplementary_figures/SupplementaryFigure67_lagoon_plus_external_iron_rich_module_completeness_KEMET_style_3state_heatmap.png,2,EXECUTED PASS — figure regenerated and scientific-equivalence audit passed.
Supplementary Figure 68: SupplementaryFigure68_biogeochemical_KO_directional_contrast,Complete figure,Original/final,generate_bidirectional_environment_contrast_figures.py,scripts/generate_bidirectional_environment_contrast_figures.py,CangaMetaG_App_Final/,Generate SupplementaryFigure68_biogeochemical_KO_directional_contrast from the documented packaged study inputs.,python scripts/generate_bidirectional_environment_contrast_figures.py --base-dir .,Not applicable,tables/Supplementary_Table_4.xlsx; tables/Supplementary_Table_5.xlsx,Documented script-derived files in data/final_publication_derived/ or outputs/final_publication_audit_tables/.,Defined explicitly in the script; no undocumented manual image edits.,Not applicable or defined in the script where stochastic procedures are used.,Python and libraries imported by the script; see environment/reproducibility_environment.yml.,outputs/final_publication_figures/SupplementaryFigure68_biogeochemical_KO_directional_contrast.png; outputs/final_publication_figures/SupplementaryFigure68_biogeochemical_KO_directional_contrast.pdf; outputs/final_publication_figures/SupplementaryFigure68_biogeochemical_KO_directional_contrast.svg,outputs/final_publication_figures/; outputs/app_supplementary_figures/; article 03_Supplementary_Figures/,Execution order 1 within this figure. The script also generates: Supplementary Figure 68; Supplementary Figure 69,Static output displayed/downloaded by app.py from outputs/app_supplementary_figures/.,1,PASS — canonical script compiles; packaged final output and explicit inputs validated; non-target figure bytes preserved.
Supplementary Figure 69: SupplementaryFigure69_iron_KO_directional_contrast,Complete figure,Original/final,generate_bidirectional_environment_contrast_figures.py,scripts/generate_bidirectional_environment_contrast_figures.py,CangaMetaG_App_Final/,Generate SupplementaryFigure69_iron_KO_directional_contrast from the documented packaged study inputs.,python scripts/generate_bidirectional_environment_contrast_figures.py --base-dir .,Not applicable,tables/Supplementary_Table_4.xlsx; tables/Supplementary_Table_5.xlsx,Documented script-derived files in data/final_publication_derived/ or outputs/final_publication_audit_tables/.,Defined explicitly in the script; no undocumented manual image edits.,Not applicable or defined in the script where stochastic procedures are used.,Python and libraries imported by the script; see environment/reproducibility_environment.yml.,outputs/final_publication_figures/SupplementaryFigure69_iron_KO_directional_contrast.png; outputs/final_publication_figures/SupplementaryFigure69_iron_KO_directional_contrast.pdf; outputs/final_publication_figures/SupplementaryFigure69_iron_KO_directional_contrast.svg,outputs/final_publication_figures/; outputs/app_supplementary_figures/; article 03_Supplementary_Figures/,Execution order 1 within this figure. The script also generates: Supplementary Figure 68; Supplementary Figure 69,Static output displayed/downloaded by app.py from outputs/app_supplementary_figures/.,1,PASS — canonical script compiles; packaged final output and explicit inputs validated; non-target figure bytes preserved.
Supplementary Figure 70: SupplementaryFigure70_external_iron_rich_environment_world_map,Complete figure,Original/final,generate_world_map_revision3.py,scripts/figures/generate_world_map_revision3.py,CangaMetaG_App_Final/,Generate SupplementaryFigure70_external_iron_rich_environment_world_map from the documented packaged study inputs.,python scripts/figures/generate_world_map_revision3.py --base-dir . --article-root ../CangaMetaG_Article_Final,Not applicable,data/st8_metadata_curated.csv,Documented script-derived files in data/final_publication_derived/ or outputs/final_publication_audit_tables/.,Defined explicitly in the script; no undocumented manual image edits.,Not applicable or defined in the script where stochastic procedures are used.,Python and libraries imported by the script; see environment/reproducibility_environment.yml.,outputs/final_publication_figures/SupplementaryFigure70_external_iron_rich_environment_world_map.png; outputs/final_publication_figures/SupplementaryFigure70_external_iron_rich_environment_world_map.pdf; outputs/final_publication_figures/SupplementaryFigure70_external_iron_rich_environment_world_map.svg,outputs/final_publication_figures/; outputs/app_supplementary_figures/; article 03_Supplementary_Figures/,Execution order 1 within this figure. The script also generates: Supplementary Figure 70,Static output displayed/downloaded by app.py from outputs/app_supplementary_figures/.,1,PASS — canonical script compiles; packaged final output and explicit inputs validated; non-target figure bytes preserved.
Supplementary Figure 67 — environmental group: S67 alternative organized by environmental group,P001,Organized by environmental group,generate_environmental_group_heatmaps.py,scripts/figures/generate_environmental_group_heatmaps.py,CangaMetaG_App_Final/,Render the same categorical status matrix with columns permuted only to place samples/records from the same environmental group side by side.,python scripts/figures/generate_environmental_group_heatmaps.py --root .,Not applicable,data/module_figure_inputs/SupplementaryFigure67_lagoon_plus_external_iron_rich_module_completeness_KEMET_style_3state_heatmap_thematic_status.csv; data/module_figure_inputs/st8_metadata_curated.csv,data/final_publication_derived/SupplementaryFigure67_lagoon_plus_external_iron_rich_module_completeness_by_environmental_group_status.csv; data/final_publication_derived/SupplementaryFigure67_lagoon_plus_external_iron_rich_module_completeness_by_environmental_group_column_order.csv,"20 modules per panel; stable environmental-group order; original rows, values, colors and axis orientation retained. | Column permutation only; no removal, duplication, aggregation, recalculation, normalization, transformation or reclassification.",Not applicable — deterministic stable ordering.,Python; pandas; NumPy; Matplotlib,outputs/final_publication_figures/SupplementaryFigure67_lagoon_plus_external_iron_rich_module_completeness_by_environmental_group_P001.png; outputs/final_publication_figures/SupplementaryFigure67_lagoon_plus_external_iron_rich_module_completeness_by_environmental_group_P001.pdf; outputs/final_publication_figures/SupplementaryFigure67_lagoon_plus_external_iron_rich_module_completeness_by_environmental_group_P001.svg,outputs/final_publication_figures/; outputs/app_supplementary_figures/; article 03_Supplementary_Figures/,Execution order 1 within this figure. The script also generates: Supplementary Figure 40; Supplementary Figure 67; Supplementary Figure 67 — environmental group,outputs/app_supplementary_figures/SupplementaryFigure67_lagoon_plus_external_iron_rich_module_completeness_by_environmental_group.png,1,EXECUTED PASS — figure regenerated and scientific-equivalence audit passed.
Supplementary Figure 67 — environmental group: S67 alternative organized by environmental group,P002,Organized by environmental group,generate_environmental_group_heatmaps.py,scripts/figures/generate_environmental_group_heatmaps.py,CangaMetaG_App_Final/,Render the same categorical status matrix with columns permuted only to place samples/records from the same environmental group side by side.,python scripts/figures/generate_environmental_group_heatmaps.py --root .,Not applicable,data/module_figure_inputs/SupplementaryFigure67_lagoon_plus_external_iron_rich_module_completeness_KEMET_style_3state_heatmap_thematic_status.csv; data/module_figure_inputs/st8_metadata_curated.csv,data/final_publication_derived/SupplementaryFigure67_lagoon_plus_external_iron_rich_module_completeness_by_environmental_group_status.csv; data/final_publication_derived/SupplementaryFigure67_lagoon_plus_external_iron_rich_module_completeness_by_environmental_group_column_order.csv,"20 modules per panel; stable environmental-group order; original rows, values, colors and axis orientation retained. | Column permutation only; no removal, duplication, aggregation, recalculation, normalization, transformation or reclassification.",Not applicable — deterministic stable ordering.,Python; pandas; NumPy; Matplotlib,outputs/final_publication_figures/SupplementaryFigure67_lagoon_plus_external_iron_rich_module_completeness_by_environmental_group_P002.png; outputs/final_publication_figures/SupplementaryFigure67_lagoon_plus_external_iron_rich_module_completeness_by_environmental_group_P002.pdf; outputs/final_publication_figures/SupplementaryFigure67_lagoon_plus_external_iron_rich_module_completeness_by_environmental_group_P002.svg,outputs/final_publication_figures/; outputs/app_supplementary_figures/; article 03_Supplementary_Figures/,Execution order 2 within this figure. The script also generates: Supplementary Figure 40; Supplementary Figure 67; Supplementary Figure 67 — environmental group,outputs/app_supplementary_figures/SupplementaryFigure67_lagoon_plus_external_iron_rich_module_completeness_by_environmental_group.png,2,EXECUTED PASS — figure regenerated and scientific-equivalence audit passed.
S40/S67 cell-by-cell comparison,Workflow,Canonical workflow,compare_environmental_group_heatmaps.py,scripts/validation/compare_environmental_group_heatmaps.py,CangaMetaG_App_Final/,"Compare dimensions, identities, orders, counts and every cell after restoring original order.",python scripts/validation/compare_environmental_group_heatmaps.py --root .,"Final packaged figures, scripts and data described in the corresponding README section.",Canonical figure manifest and packaged scientific input tables.,"Hash manifests, status matrices, column-order files and validation reports.",No manual editing of publication images; target changes restricted to requested environmental-group ordering and documentation.,Not applicable,Python; pandas; openpyxl; python-docx; Streamlit for app display.,validation/environmental_group_heatmap_comparison.tsv; validation/environmental_group_heatmap_comparison.md,validation,Workflow step 1 after figure generation where applicable.,Ensures article and application use the same generated results.,1,PASS
Complete figure/script table,Workflow,Canonical workflow,build_complete_figure_script_table.py,scripts/build_complete_figure_script_table.py,CangaMetaG_App_Final/,Build and validate the editable CSV/XLSX/DOCX provenance table for every figure and panel.,python scripts/build_complete_figure_script_table.py --root . --article-root ../CangaMetaG_Article_Final,"Final packaged figures, scripts and data described in the corresponding README section.",Canonical figure manifest and packaged scientific input tables.,"Hash manifests, status matrices, column-order files and validation reports.",No manual editing of publication images; target changes restricted to requested environmental-group ordering and documentation.,Not applicable,Python; pandas; openpyxl; python-docx; Streamlit for app display.,tables/Supplementary_Table_16_final_scripts.csv; tables/Supplementary_Table_16_final_scripts.xlsx; tables/Supplementary_Table_16_final_scripts.docx,tables,Workflow step 2 after figure generation where applicable.,Ensures article and application use the same generated results.,2,PASS
Supplementary Information synchronization,Workflow,Canonical workflow,update_supplementary_information.py,scripts/documents/update_supplementary_information.py,CangaMetaG_App_Final/,"Insert grouped-only S40, both S67 layouts and the complete editable Table 16 into the final supplementary Word document.",python scripts/documents/update_supplementary_information.py --app-root . --article-root ../CangaMetaG_Article_Final,"Final packaged figures, scripts and data described in the corresponding README section.",Canonical figure manifest and packaged scientific input tables.,"Hash manifests, status matrices, column-order files and validation reports.",No manual editing of publication images; target changes restricted to requested environmental-group ordering and documentation.,Not applicable,Python; pandas; openpyxl; python-docx; Streamlit for app display.,01_Manuscript/FINAL_SUBMISSION_FILES/Supplementary_Information_ISME_REPRODUCIBILITY_FINAL.docx,01_Manuscript/FINAL_SUBMISSION_FILES,Workflow step 3 after figure generation where applicable.,Ensures article and application use the same generated results.,3,PASS
Article/application synchronization,Workflow,Canonical workflow,synchronize_article_app_outputs.py,scripts/synchronize_article_app_outputs.py,CangaMetaG_App_Final/,"Synchronize only target S40/S67 outputs, comparison files, scripts and tables between packages and verify SHA-256 identity.",python scripts/synchronize_article_app_outputs.py --app-root . --article-root ../CangaMetaG_Article_Final,"Final packaged figures, scripts and data described in the corresponding README section.",Canonical figure manifest and packaged scientific input tables.,"Hash manifests, status matrices, column-order files and validation reports.",No manual editing of publication images; target changes restricted to requested environmental-group ordering and documentation.,Not applicable,Python; pandas; openpyxl; python-docx; Streamlit for app display.,validation/article_app_target_sync.tsv,validation,Workflow step 4 after figure generation where applicable.,Ensures article and application use the same generated results.,4,PASS
Application display,Workflow,Canonical workflow,app.py,app.py,CangaMetaG_App_Final/,"Display final S40 only by environmental group, both S67 layouts and expose the equivalence reports for download.",streamlit run app.py,"Final packaged figures, scripts and data described in the corresponding README section.",Canonical figure manifest and packaged scientific input tables.,"Hash manifests, status matrices, column-order files and validation reports.",No manual editing of publication images; target changes restricted to requested environmental-group ordering and documentation.,Not applicable,Python; pandas; openpyxl; python-docx; Streamlit for app display.,Runtime application,.,Workflow step 5 after figure generation where applicable.,Ensures article and application use the same generated results.,5,PASS
