bin_number,MAG,antiSMASH_status,selected_archive,archive_sha256,index_html,json_file,antiSMASH_version,n_regions,n_protoclusters,n_contigs_with_regions,products_detected,categories_detected,mibig_hit_ids,n_unique_mibig_hit_ids,notes
1,MAG.1,BGC clusters detected,bin.1.strict.metawrap(1).zip,f52ea12987c432cebe507513c9bb9903dc9994462b357a3f91be02d358cdd8d3,data/kegg_modules/mags/gbk_antismash/bin.1.strict.metawrap1/index.html,data/kegg_modules/mags/gbk_antismash/bin.1.strict.metawrap1/bin.1.strict.metawrap.json,8.0.4,1,1,1,betalactone,other,BGC0000014; BGC0000028; BGC0000052; BGC0000093; BGC0000112; BGC0000130; BGC0000135; BGC0000144; BGC0000151; BGC0000163; BGC0000187; BGC0000209; BGC0000213; BGC0000220; BGC0000257; BGC0000268; BGC0000291; BGC0000304; BGC0000320; BGC0000335; BGC0000336; BGC0000339; BGC0000340; BGC0000341; BGC0000352; BGC0000354; BGC0000360; BGC0000365; BGC0000366; BGC0000367; BGC0000368; BGC0000374; BGC0000379; BGC0000383; BGC0000385; BGC0000394; BGC0000401; BGC0000402; BGC0000407; BGC0000408; BGC0000411; BGC0000413; BGC0000414; BGC0000429; BGC0000440; BGC0000441; BGC0000443; BGC0000595; BGC0000871; BGC0000904; BGC0000950; BGC0000951; BGC0000971; BGC0000974; BGC0001015; BGC0001017; BGC0001020; BGC0001021; BGC0001033; BGC0001042; BGC0001090; BGC0001091; BGC0001095; BGC0001098; BGC0001099; BGC0001101; BGC0001102; BGC0001103; BGC0001147; BGC0001153; BGC0001159; BGC0001160; BGC0001164; BGC0001185; BGC0001192; BGC0001220; BGC0001225; BGC0001249; BGC0001288; BGC0001298; BGC0001330; BGC0001331; BGC0001341; BGC0001344; BGC0001363; BGC0001411; BGC0001420; BGC0001448; BGC0001458; BGC0001459; BGC0001567; BGC0001608; BGC0001629; BGC0001641; BGC0001675; BGC0001728; BGC0001740; BGC0001768; BGC0001859; BGC0001884; BGC0001890; BGC0001925; BGC0001940; BGC0001945; BGC0001964; BGC0001968; BGC0001984; BGC0002014; BGC0002022; BGC0002042; BGC0002078; BGC0002079; BGC0002098; BGC0002109; BGC0002297; BGC0002308; BGC0002327; BGC0002336; BGC0002342; BGC0002366; BGC0002367; BGC0002370; BGC0002372; BGC0002381; BGC0002409; BGC0002411; BGC0002419; BGC0002433; BGC0002440; BGC0002448; BGC0002497; BGC0002520; BGC0002638; BGC0002641; BGC0002676; BGC0002686; BGC0002688; BGC0002710; BGC0002711; BGC0002804,140,
2,MAG.2,No BGC clusters identified,,,,,,0,0,0,none identified,none identified,,0,No BGC clusters identified for this MAG/bin in the final antiSMASH set.
3,MAG.3,BGC clusters detected,bin.3.permissive.metawrap.zip,f9ecb8d8b8a5b3ddd701a82b9c358b5e9e807ebabf8f84981642fb8f77398b1b,data/kegg_modules/mags/gbk_antismash/bin.3.permissive.metawrap/index.html,data/kegg_modules/mags/gbk_antismash/bin.3.permissive.metawrap/bin.3.permissive.metawrap.json,8.0.4,1,1,1,RRE-containing,RiPP,BGC0000002; BGC0000033; BGC0000034; BGC0000054; BGC0000055; BGC0000102; BGC0000151; BGC0000193; BGC0000198; BGC0000199; BGC0000212; BGC0000227; BGC0000238; BGC0000262; BGC0000327; BGC0000654; BGC0000689; BGC0000690; BGC0000692; BGC0000696; BGC0000699; BGC0000700; BGC0000702; BGC0000703; BGC0000704; BGC0000705; BGC0000708; BGC0000709; BGC0000711; BGC0000712; BGC0000713; BGC0000714; BGC0000715; BGC0000716; BGC0000719; BGC0000720; BGC0000721; BGC0000724; BGC0000760; BGC0000772; BGC0000774; BGC0000775; BGC0000780; BGC0000790; BGC0000792; BGC0000809; BGC0000874; BGC0000907; BGC0000960; BGC0000973; BGC0001147; BGC0001225; BGC0001410; BGC0001438; BGC0001439; BGC0001491; BGC0001586; BGC0001593; BGC0001603; BGC0001619; BGC0001651; BGC0001747; BGC0001764; BGC0001817; BGC0001818; BGC0001830; BGC0001851; BGC0001852; BGC0001927; BGC0001931; BGC0001947; BGC0001960; BGC0002028; BGC0002033; BGC0002042; BGC0002142; BGC0002461; BGC0002526; BGC0002587,79,
4,MAG.4,BGC clusters detected,bin.4.zip,700319e904be9fa2d2faa6e804afe9a9d62d53e679159da8d4406874a13324cd,data/kegg_modules/mags/gbk_antismash/bin.4/bin.4/index.html,data/kegg_modules/mags/gbk_antismash/bin.4/bin.4/bin.4.strict.json,6.1.1,7,7,7,NRPS-like; RiPP-like; T3PKS; ranthipeptide; terpene,none identified,,0,
5,MAG.5,No BGC clusters identified,,,,,,0,0,0,none identified,none identified,,0,No BGC clusters identified for this MAG/bin in the final antiSMASH set.
6,MAG.6,BGC clusters detected,bin.6.strict.metawrap.zip,2e2cce3acd7219e2b564d5a5f623bb95981fd9792853fc23bdd648664122139c,data/kegg_modules/mags/gbk_antismash/bin.6.strict.metawrap/index.html,data/kegg_modules/mags/gbk_antismash/bin.6.strict.metawrap/bin.6.strict.metawrap.json,8.0.4,2,2,2,terpene-precursor,terpene,BGC0000205; BGC0000262; BGC0000630; BGC0000632; BGC0000633; BGC0000635; BGC0000636; BGC0000638; BGC0000639; BGC0000640; BGC0000641; BGC0000642; BGC0000643; BGC0000644; BGC0000646; BGC0000648; BGC0000649; BGC0000652; BGC0000653; BGC0000654; BGC0000663; BGC0000664; BGC0000665; BGC0000666; BGC0000668; BGC0000676; BGC0000678; BGC0000679; BGC0000806; BGC0000905; BGC0001077; BGC0001079; BGC0001126; BGC0001140; BGC0001156; BGC0001227; BGC0001330; BGC0001456; BGC0001501; BGC0001529; BGC0001594; BGC0001595; BGC0001605; BGC0001612; BGC0001659; BGC0001816; BGC0001848; BGC0001859; BGC0001910; BGC0001969; BGC0002007; BGC0002019; BGC0002162; BGC0002218; BGC0002220; BGC0002362; BGC0002372; BGC0002429,58,
7,MAG.7,BGC clusters detected,bin.7.orig.metawrap(1).zip,389c3540038e1b22e14691697dfca7c31f49588218767064c5e6bcadd97e33fe,data/kegg_modules/mags/gbk_antismash/bin.7.orig.metawrap1/index.html,data/kegg_modules/mags/gbk_antismash/bin.7.orig.metawrap1/bin.7.orig.metawrap.json,8.0.4,4,4,4,T3PKS; betalactone; terpene-precursor,PKS; other; terpene,BGC0000002; BGC0000003; BGC0000017; BGC0000052; BGC0000079; BGC0000087; BGC0000091; BGC0000115; BGC0000116; BGC0000125; BGC0000127; BGC0000130; BGC0000142; BGC0000168; BGC0000207; BGC0000235; BGC0000240; BGC0000241; BGC0000257; BGC0000260; BGC0000268; BGC0000274; BGC0000286; BGC0000289; BGC0000290; BGC0000294; BGC0000298; BGC0000311; BGC0000322; BGC0000324; BGC0000341; BGC0000344; BGC0000347; BGC0000353; BGC0000373; BGC0000379; BGC0000381; BGC0000383; BGC0000388; BGC0000400; BGC0000407; BGC0000410; BGC0000412; BGC0000418; BGC0000419; BGC0000429; BGC0000440; BGC0000441; BGC0000455; BGC0000460; BGC0000497; BGC0000500; BGC0000501; BGC0000502; BGC0000504; BGC0000506; BGC0000511; BGC0000513; BGC0000515; BGC0000521; BGC0000526; BGC0000529; BGC0000530; BGC0000533; BGC0000535; BGC0000536; BGC0000537; BGC0000538; BGC0000541; BGC0000546; BGC0000547; BGC0000549; BGC0000551; BGC0000552; BGC0000557; BGC0000559; BGC0000632; BGC0000634; BGC0000635; BGC0000636; BGC0000638; BGC0000639; BGC0000640; BGC0000641; BGC0000642; BGC0000643; BGC0000646; BGC0000651; BGC0000652; BGC0000653; BGC0000654; BGC0000663; BGC0000665; BGC0000666; BGC0000668; BGC0000676; BGC0000678; BGC0000679; BGC0000688; BGC0000699; BGC0000706; BGC0000708; BGC0000801; BGC0000806; BGC0000833; BGC0000838; BGC0000880; BGC0000882; BGC0000890; BGC0000891; BGC0000904; BGC0000905; BGC0000906; BGC0000932; BGC0000934; BGC0000953; BGC0000959; BGC0000972; BGC0000973; BGC0000986; BGC0000994; BGC0001014; BGC0001044; BGC0001048; BGC0001059; BGC0001063; BGC0001073; BGC0001078; BGC0001079; BGC0001080; BGC0001082; BGC0001083; BGC0001095; BGC0001103; BGC0001123; BGC0001126; BGC0001140; BGC0001156; BGC0001178; BGC0001179; BGC0001193; BGC0001194; BGC0001213; BGC0001233; BGC0001289; BGC0001292; BGC0001303; BGC0001330; BGC0001343; BGC0001358; BGC0001373; BGC0001392; BGC0001395; BGC0001413; BGC0001416; BGC0001418; BGC0001419; BGC0001421; BGC0001422; BGC0001423; BGC0001424; BGC0001425; BGC0001426; BGC0001427; BGC0001428; BGC0001429; BGC0001431; BGC0001452; BGC0001459; BGC0001460; BGC0001461; BGC0001462; BGC0001465; BGC0001483; BGC0001484; BGC0001501; BGC0001522; BGC0001528; BGC0001529; BGC0001532; BGC0001540; BGC0001543; BGC0001594; BGC0001595; BGC0001604; BGC0001612; BGC0001635; BGC0001636; BGC0001638; BGC0001659; BGC0001684; BGC0001690; BGC0001693; BGC0001699; BGC0001706; BGC0001709; BGC0001727; BGC0001728; BGC0001750; BGC0001752; BGC0001756; BGC0001776; BGC0001787; BGC0001788; BGC0001789; BGC0001801; BGC0001816; BGC0001845; BGC0001848; BGC0001868; BGC0001875; BGC0001887; BGC0001927; BGC0001928; BGC0001945; BGC0001955; BGC0001975; BGC0002007; BGC0002009; BGC0002011; BGC0002019; BGC0002044; BGC0002048; BGC0002064; BGC0002072; BGC0002078; BGC0002079; BGC0002090; BGC0002097; BGC0002109; BGC0002124; BGC0002130; BGC0002142; BGC0002147; BGC0002149; BGC0002162; BGC0002218; BGC0002219; BGC0002220; BGC0002221; BGC0002233; BGC0002239; BGC0002289; BGC0002294; BGC0002314; BGC0002320; BGC0002323; BGC0002326; BGC0002333; BGC0002340; BGC0002344; BGC0002349; BGC0002357; BGC0002370; BGC0002372; BGC0002379; BGC0002381; BGC0002382; BGC0002384; BGC0002397; BGC0002398; BGC0002400; BGC0002409; BGC0002410; BGC0002412; BGC0002427; BGC0002429; BGC0002430; BGC0002440; BGC0002475; BGC0002488; BGC0002495; BGC0002497; BGC0002498; BGC0002501; BGC0002523; BGC0002529; BGC0002533; BGC0002540; BGC0002558; BGC0002561; BGC0002567; BGC0002568; BGC0002577; BGC0002603; BGC0002604; BGC0002610; BGC0002613; BGC0002614; BGC0002637; BGC0002638; BGC0002656; BGC0002657; BGC0002668; BGC0002676; BGC0002678; BGC0002687; BGC0002698; BGC0002702; BGC0002713; BGC0002736; BGC0002747; BGC0002759; BGC0002760,304,
8,MAG.8,BGC clusters detected,bin.8.orig.metawrap.zip,87d1f44caa8474de738856434a6a083d81dc0e12bf6d38a15fb3198b31ea9df3,data/kegg_modules/mags/gbk_antismash/bin.8.orig.metawrap/index.html,data/kegg_modules/mags/gbk_antismash/bin.8.orig.metawrap/bin.8.orig.metawrap.json,8.0.4,7,7,7,NAPAA; RRE-containing; redox-cofactor; terpene; terpene-precursor; triceptide,NRPS; RiPP; terpene,BGC0000002; BGC0000017; BGC0000020; BGC0000026; BGC0000029; BGC0000032; BGC0000033; BGC0000034; BGC0000042; BGC0000052; BGC0000053; BGC0000074; BGC0000078; BGC0000079; BGC0000082; BGC0000085; BGC0000090; BGC0000091; BGC0000093; BGC0000097; BGC0000106; BGC0000127; BGC0000128; BGC0000130; BGC0000131; BGC0000136; BGC0000137; BGC0000141; BGC0000142; BGC0000150; BGC0000151; BGC0000162; BGC0000167; BGC0000168; BGC0000178; BGC0000191; BGC0000193; BGC0000198; BGC0000199; BGC0000200; BGC0000202; BGC0000203; BGC0000210; BGC0000212; BGC0000214; BGC0000226; BGC0000233; BGC0000237; BGC0000238; BGC0000239; BGC0000240; BGC0000241; BGC0000245; BGC0000247; BGC0000256; BGC0000257; BGC0000262; BGC0000279; BGC0000286; BGC0000287; BGC0000288; BGC0000289; BGC0000290; BGC0000291; BGC0000293; BGC0000296; BGC0000298; BGC0000300; BGC0000301; BGC0000303; BGC0000304; BGC0000305; BGC0000306; BGC0000307; BGC0000308; BGC0000310; BGC0000311; BGC0000315; BGC0000316; BGC0000319; BGC0000322; BGC0000323; BGC0000325; BGC0000326; BGC0000327; BGC0000329; BGC0000330; BGC0000331; BGC0000332; BGC0000333; BGC0000334; BGC0000335; BGC0000336; BGC0000337; BGC0000339; BGC0000340; BGC0000341; BGC0000344; BGC0000345; BGC0000346; BGC0000348; BGC0000350; BGC0000353; BGC0000354; BGC0000357; BGC0000359; BGC0000360; BGC0000362; BGC0000363; BGC0000364; BGC0000365; BGC0000366; BGC0000367; BGC0000369; BGC0000372; BGC0000374; BGC0000376; BGC0000377; BGC0000378; BGC0000379; BGC0000381; BGC0000384; BGC0000385; BGC0000386; BGC0000388; BGC0000391; BGC0000392; BGC0000393; BGC0000395; BGC0000396; BGC0000397; BGC0000398; BGC0000399; BGC0000400; BGC0000402; BGC0000403; BGC0000404; BGC0000405; BGC0000407; BGC0000408; BGC0000409; BGC0000411; BGC0000413; BGC0000415; BGC0000418; BGC0000419; BGC0000421; BGC0000422; BGC0000423; BGC0000424; BGC0000425; BGC0000428; BGC0000429; BGC0000430; BGC0000431; BGC0000432; BGC0000433; BGC0000434; BGC0000435; BGC0000437; BGC0000438; BGC0000439; BGC0000440; BGC0000441; BGC0000443; BGC0000444; BGC0000445; BGC0000447; BGC0000448; BGC0000449; BGC0000450; BGC0000452; BGC0000453; BGC0000454; BGC0000455; BGC0000457; BGC0000459; BGC0000461; BGC0000464; BGC0000495; BGC0000503; BGC0000528; BGC0000529; BGC0000544; BGC0000545; BGC0000563; BGC0000564; BGC0000566; BGC0000569; BGC0000579; BGC0000605; BGC0000632; BGC0000633; BGC0000636; BGC0000639; BGC0000640; BGC0000641; BGC0000644; BGC0000645; BGC0000646; BGC0000647; BGC0000648; BGC0000649; BGC0000651; BGC0000652; BGC0000653; BGC0000654; BGC0000663; BGC0000664; BGC0000665; BGC0000666; BGC0000677; BGC0000678; BGC0000679; BGC0000686; BGC0000690; BGC0000696; BGC0000699; BGC0000715; BGC0000716; BGC0000727; BGC0000761; BGC0000774; BGC0000792; BGC0000794; BGC0000801; BGC0000804; BGC0000814; BGC0000816; BGC0000819; BGC0000827; BGC0000832; BGC0000833; BGC0000834; BGC0000838; BGC0000876; BGC0000880; BGC0000883; BGC0000890; BGC0000891; BGC0000895; BGC0000896; BGC0000898; BGC0000899; BGC0000900; BGC0000905; BGC0000906; BGC0000909; BGC0000916; BGC0000921; BGC0000943; BGC0000949; BGC0000950; BGC0000951; BGC0000954; BGC0000955; BGC0000957; BGC0000963; BGC0000965; BGC0000967; BGC0000968; BGC0000969; BGC0000970; BGC0000972; BGC0000973; BGC0000974; BGC0000975; BGC0000982; BGC0000984; BGC0000985; BGC0000986; BGC0000993; BGC0000994; BGC0000996; BGC0000998; BGC0000999; BGC0001000; BGC0001001; BGC0001005; BGC0001006; BGC0001007; BGC0001010; BGC0001014; BGC0001015; BGC0001016; BGC0001017; BGC0001018; BGC0001019; BGC0001021; BGC0001023; BGC0001024; BGC0001026; BGC0001028; BGC0001029; BGC0001030; BGC0001033; BGC0001035; BGC0001036; BGC0001039; BGC0001040; BGC0001042; BGC0001047; BGC0001048; BGC0001050; BGC0001053; BGC0001054; BGC0001056; BGC0001058; BGC0001059; BGC0001060; BGC0001061; BGC0001063; BGC0001069; BGC0001073; BGC0001074; BGC0001075; BGC0001078; BGC0001079; BGC0001083; BGC0001088; BGC0001090; BGC0001091; BGC0001093; BGC0001095; BGC0001098; BGC0001099; BGC0001100; BGC0001101; BGC0001103; BGC0001111; BGC0001112; BGC0001117; BGC0001119; BGC0001122; BGC0001125; BGC0001127; BGC0001128; BGC0001130; BGC0001133; BGC0001140; BGC0001142; BGC0001147; BGC0001152; BGC0001153; BGC0001156; BGC0001159; BGC0001164; BGC0001166; BGC0001168; BGC0001170; BGC0001172; BGC0001173; BGC0001177; BGC0001178; BGC0001183; BGC0001192; BGC0001194; BGC0001203; BGC0001204; BGC0001207; BGC0001211; BGC0001212; BGC0001214; BGC0001226; BGC0001227; BGC0001228; BGC0001230; BGC0001233; BGC0001240; BGC0001250; BGC0001251; BGC0001255; BGC0001261; BGC0001287; BGC0001297; BGC0001298; BGC0001302; BGC0001303; BGC0001312; BGC0001327; BGC0001328; BGC0001329; BGC0001330; BGC0001331; BGC0001332; BGC0001341; BGC0001344; BGC0001346; BGC0001349; BGC0001351; BGC0001358; BGC0001363; BGC0001364; BGC0001365; BGC0001368; BGC0001370; BGC0001371; BGC0001372; BGC0001379; BGC0001381; BGC0001389; BGC0001393; BGC0001395; BGC0001397; BGC0001406; BGC0001409; BGC0001413; BGC0001414; BGC0001415; BGC0001416; BGC0001417; BGC0001418; BGC0001419; BGC0001420; BGC0001421; BGC0001422; BGC0001423; BGC0001424; BGC0001425; BGC0001426; BGC0001427; BGC0001428; BGC0001429; BGC0001430; BGC0001431; BGC0001432; BGC0001435; BGC0001437; BGC0001438; BGC0001439; BGC0001445; BGC0001447; BGC0001448; BGC0001451; BGC0001452; BGC0001456; BGC0001459; BGC0001460; BGC0001461; BGC0001462; BGC0001465; BGC0001484; BGC0001502; BGC0001503; BGC0001509; BGC0001511; BGC0001514; BGC0001515; BGC0001518; BGC0001519; BGC0001521; BGC0001522; BGC0001524; BGC0001529; BGC0001532; BGC0001536; BGC0001540; BGC0001556; BGC0001558; BGC0001560; BGC0001562; BGC0001565; BGC0001567; BGC0001568; BGC0001569; BGC0001573; BGC0001574; BGC0001575; BGC0001579; BGC0001582; BGC0001587; BGC0001597; BGC0001608; BGC0001619; BGC0001620; BGC0001621; BGC0001623; BGC0001627; BGC0001628; BGC0001629; BGC0001630; BGC0001631; BGC0001635; BGC0001636; BGC0001641; BGC0001650; BGC0001652; BGC0001655; BGC0001657; BGC0001658; BGC0001660; BGC0001661; BGC0001662; BGC0001666; BGC0001667; BGC0001671; BGC0001672; BGC0001674; BGC0001675; BGC0001684; BGC0001693; BGC0001695; BGC0001702; BGC0001705; BGC0001711; BGC0001715; BGC0001716; BGC0001719; BGC0001726; BGC0001728; BGC0001731; BGC0001732; BGC0001737; BGC0001738; BGC0001740; BGC0001750; BGC0001751; BGC0001756; BGC0001759; BGC0001760; BGC0001762; BGC0001763; BGC0001765; BGC0001773; BGC0001779; BGC0001780; BGC0001790; BGC0001791; BGC0001792; BGC0001796; BGC0001800; BGC0001806; BGC0001807; BGC0001810; BGC0001813; BGC0001814; BGC0001816; BGC0001818; BGC0001822; BGC0001830; BGC0001833; BGC0001834; BGC0001838; BGC0001840; BGC0001841; BGC0001842; BGC0001843; BGC0001844; BGC0001846; BGC0001848; BGC0001851; BGC0001852; BGC0001856; BGC0001872; BGC0001875; BGC0001876; BGC0001877; BGC0001878; BGC0001884; BGC0001910; BGC0001911; BGC0001917; BGC0001920; BGC0001925; BGC0001931; BGC0001942; BGC0001944; BGC0001950; BGC0001951; BGC0001952; BGC0001953; BGC0001955; BGC0001960; BGC0001963; BGC0001966; BGC0001967; BGC0001968; BGC0001970; BGC0001975; BGC0001979; BGC0001980; BGC0001984; BGC0002001; BGC0002002; BGC0002009; BGC0002011; BGC0002014; BGC0002015; BGC0002019; BGC0002020; BGC0002022; BGC0002024; BGC0002026; BGC0002028; BGC0002033; BGC0002037; BGC0002046; BGC0002048; BGC0002050; BGC0002055; BGC0002067; BGC0002068; BGC0002070; BGC0002071; BGC0002072; BGC0002078; BGC0002079; BGC0002085; BGC0002088; BGC0002089; BGC0002092; BGC0002095; BGC0002096; BGC0002097; BGC0002100; BGC0002101; BGC0002104; BGC0002107; BGC0002108; BGC0002109; BGC0002114; BGC0002117; BGC0002118; BGC0002119; BGC0002122; BGC0002123; BGC0002125; BGC0002126; BGC0002129; BGC0002130; BGC0002141; BGC0002143; BGC0002147; BGC0002158; BGC0002172; BGC0002173; BGC0002186; BGC0002188; BGC0002199; BGC0002203; BGC0002208; BGC0002218; BGC0002225; BGC0002226; BGC0002235; BGC0002242; BGC0002256; BGC0002261; BGC0002270; BGC0002276; BGC0002286; BGC0002288; BGC0002291; BGC0002293; BGC0002296; BGC0002297; BGC0002300; BGC0002307; BGC0002309; BGC0002314; BGC0002326; BGC0002327; BGC0002336; BGC0002344; BGC0002346; BGC0002350; BGC0002351; BGC0002356; BGC0002357; BGC0002358; BGC0002359; BGC0002360; BGC0002367; BGC0002370; BGC0002373; BGC0002376; BGC0002377; BGC0002378; BGC0002379; BGC0002381; BGC0002382; BGC0002384; BGC0002397; BGC0002398; BGC0002400; BGC0002408; BGC0002409; BGC0002410; BGC0002416; BGC0002417; BGC0002418; BGC0002419; BGC0002421; BGC0002422; BGC0002429; BGC0002430; BGC0002432; BGC0002433; BGC0002434; BGC0002438; BGC0002440; BGC0002448; BGC0002452; BGC0002453; BGC0002454; BGC0002456; BGC0002460; BGC0002461; BGC0002465; BGC0002467; BGC0002470; BGC0002472; BGC0002475; BGC0002484; BGC0002498; BGC0002501; BGC0002503; BGC0002510; BGC0002520; BGC0002521; BGC0002522; BGC0002523; BGC0002532; BGC0002538; BGC0002541; BGC0002543; BGC0002544; BGC0002545; BGC0002548; BGC0002552; BGC0002555; BGC0002563; BGC0002564; BGC0002565; BGC0002567; BGC0002568; BGC0002569; BGC0002572; BGC0002581; BGC0002591; BGC0002598; BGC0002605; BGC0002606; BGC0002607; BGC0002611; BGC0002623; BGC0002625; BGC0002634; BGC0002635; BGC0002637; BGC0002638; BGC0002653; BGC0002654; BGC0002656; BGC0002660; BGC0002661; BGC0002666; BGC0002669; BGC0002671; BGC0002676; BGC0002686; BGC0002687; BGC0002691; BGC0002693; BGC0002697; BGC0002702; BGC0002706; BGC0002716; BGC0002718; BGC0002719; BGC0002735; BGC0002752; BGC0002760; BGC0002765; BGC0002788; BGC0002805; BGC0002808; BGC0002813; BGC0002814; BGC0002815,780,
9,MAG.9,BGC clusters detected,bin.9.zip,f761780161b9e136c963c42d17deb4ef0823af862252827d137b1e925be4ad0f,data/kegg_modules/mags/gbk_antismash/bin.9/index.html,data/kegg_modules/mags/gbk_antismash/bin.9/bin.9.json,8.0.4,7,7,7,NRPS-like; RiPP-like; T3PKS; betalactone; terpene-precursor,NRPS; PKS; RiPP; other; terpene,BGC0000002; BGC0000004; BGC0000006; BGC0000007; BGC0000008; BGC0000009; BGC0000010; BGC0000011; BGC0000014; BGC0000017; BGC0000020; BGC0000023; BGC0000028; BGC0000029; BGC0000031; BGC0000032; BGC0000033; BGC0000042; BGC0000052; BGC0000053; BGC0000062; BGC0000063; BGC0000066; BGC0000067; BGC0000074; BGC0000075; BGC0000079; BGC0000081; BGC0000090; BGC0000091; BGC0000093; BGC0000097; BGC0000102; BGC0000106; BGC0000110; BGC0000112; BGC0000118; BGC0000119; BGC0000122; BGC0000123; BGC0000125; BGC0000127; BGC0000128; BGC0000130; BGC0000131; BGC0000135; BGC0000136; BGC0000137; BGC0000138; BGC0000140; BGC0000141; BGC0000142; BGC0000144; BGC0000145; BGC0000150; BGC0000151; BGC0000152; BGC0000163; BGC0000164; BGC0000167; BGC0000168; BGC0000171; BGC0000178; BGC0000182; BGC0000187; BGC0000190; BGC0000193; BGC0000197; BGC0000199; BGC0000200; BGC0000202; BGC0000203; BGC0000207; BGC0000209; BGC0000210; BGC0000212; BGC0000213; BGC0000218; BGC0000220; BGC0000222; BGC0000224; BGC0000237; BGC0000238; BGC0000240; BGC0000241; BGC0000247; BGC0000256; BGC0000257; BGC0000260; BGC0000262; BGC0000266; BGC0000268; BGC0000270; BGC0000273; BGC0000280; BGC0000281; BGC0000282; BGC0000287; BGC0000289; BGC0000290; BGC0000291; BGC0000298; BGC0000300; BGC0000303; BGC0000304; BGC0000306; BGC0000311; BGC0000315; BGC0000316; BGC0000320; BGC0000321; BGC0000322; BGC0000323; BGC0000326; BGC0000328; BGC0000329; BGC0000330; BGC0000333; BGC0000334; BGC0000335; BGC0000336; BGC0000337; BGC0000339; BGC0000340; BGC0000341; BGC0000343; BGC0000345; BGC0000346; BGC0000349; BGC0000350; BGC0000352; BGC0000353; BGC0000354; BGC0000357; BGC0000359; BGC0000360; BGC0000363; BGC0000364; BGC0000365; BGC0000366; BGC0000367; BGC0000371; BGC0000372; BGC0000374; BGC0000376; BGC0000378; BGC0000379; BGC0000380; BGC0000381; BGC0000382; BGC0000384; BGC0000385; BGC0000388; BGC0000391; BGC0000392; BGC0000393; BGC0000394; BGC0000395; BGC0000397; BGC0000398; BGC0000399; BGC0000402; BGC0000404; BGC0000405; BGC0000407; BGC0000409; BGC0000410; BGC0000411; BGC0000413; BGC0000414; BGC0000418; BGC0000419; BGC0000421; BGC0000422; BGC0000424; BGC0000425; BGC0000428; BGC0000429; BGC0000431; BGC0000432; BGC0000433; BGC0000435; BGC0000436; BGC0000437; BGC0000438; BGC0000439; BGC0000440; BGC0000441; BGC0000443; BGC0000445; BGC0000449; BGC0000453; BGC0000454; BGC0000455; BGC0000457; BGC0000459; BGC0000460; BGC0000461; BGC0000464; BGC0000466; BGC0000595; BGC0000597; BGC0000628; BGC0000630; BGC0000632; BGC0000633; BGC0000638; BGC0000639; BGC0000640; BGC0000642; BGC0000651; BGC0000653; BGC0000654; BGC0000663; BGC0000665; BGC0000666; BGC0000668; BGC0000678; BGC0000699; BGC0000700; BGC0000712; BGC0000727; BGC0000801; BGC0000809; BGC0000816; BGC0000819; BGC0000826; BGC0000832; BGC0000833; BGC0000834; BGC0000871; BGC0000873; BGC0000888; BGC0000890; BGC0000891; BGC0000892; BGC0000896; BGC0000901; BGC0000905; BGC0000906; BGC0000907; BGC0000916; BGC0000921; BGC0000949; BGC0000950; BGC0000951; BGC0000954; BGC0000955; BGC0000956; BGC0000957; BGC0000958; BGC0000961; BGC0000963; BGC0000964; BGC0000965; BGC0000966; BGC0000967; BGC0000968; BGC0000970; BGC0000971; BGC0000972; BGC0000973; BGC0000974; BGC0000975; BGC0000977; BGC0000983; BGC0000984; BGC0000985; BGC0000986; BGC0000992; BGC0000993; BGC0000994; BGC0000997; BGC0001000; BGC0001001; BGC0001005; BGC0001006; BGC0001007; BGC0001011; BGC0001014; BGC0001015; BGC0001016; BGC0001017; BGC0001019; BGC0001020; BGC0001021; BGC0001023; BGC0001026; BGC0001033; BGC0001036; BGC0001037; BGC0001040; BGC0001041; BGC0001042; BGC0001045; BGC0001047; BGC0001048; BGC0001050; BGC0001053; BGC0001054; BGC0001056; BGC0001058; BGC0001059; BGC0001060; BGC0001061; BGC0001063; BGC0001064; BGC0001066; BGC0001067; BGC0001072; BGC0001073; BGC0001074; BGC0001088; BGC0001090; BGC0001091; BGC0001095; BGC0001098; BGC0001099; BGC0001100; BGC0001101; BGC0001102; BGC0001103; BGC0001106; BGC0001110; BGC0001119; BGC0001122; BGC0001125; BGC0001126; BGC0001130; BGC0001135; BGC0001137; BGC0001138; BGC0001140; BGC0001143; BGC0001148; BGC0001150; BGC0001152; BGC0001154; BGC0001156; BGC0001159; BGC0001160; BGC0001161; BGC0001162; BGC0001163; BGC0001164; BGC0001166; BGC0001168; BGC0001172; BGC0001178; BGC0001183; BGC0001184; BGC0001189; BGC0001193; BGC0001194; BGC0001195; BGC0001203; BGC0001207; BGC0001212; BGC0001214; BGC0001216; BGC0001218; BGC0001220; BGC0001225; BGC0001227; BGC0001230; BGC0001231; BGC0001233; BGC0001240; BGC0001241; BGC0001250; BGC0001251; BGC0001255; BGC0001268; BGC0001281; BGC0001287; BGC0001288; BGC0001290; BGC0001297; BGC0001298; BGC0001303; BGC0001312; BGC0001327; BGC0001328; BGC0001330; BGC0001331; BGC0001332; BGC0001341; BGC0001343; BGC0001344; BGC0001345; BGC0001349; BGC0001351; BGC0001357; BGC0001358; BGC0001361; BGC0001363; BGC0001365; BGC0001368; BGC0001370; BGC0001371; BGC0001372; BGC0001376; BGC0001389; BGC0001390; BGC0001393; BGC0001395; BGC0001397; BGC0001399; BGC0001406; BGC0001409; BGC0001411; BGC0001413; BGC0001415; BGC0001416; BGC0001417; BGC0001418; BGC0001419; BGC0001420; BGC0001421; BGC0001422; BGC0001423; BGC0001424; BGC0001425; BGC0001426; BGC0001427; BGC0001428; BGC0001429; BGC0001430; BGC0001431; BGC0001432; BGC0001433; BGC0001438; BGC0001439; BGC0001441; BGC0001443; BGC0001444; BGC0001445; BGC0001448; BGC0001452; BGC0001455; BGC0001456; BGC0001458; BGC0001459; BGC0001460; BGC0001461; BGC0001462; BGC0001465; BGC0001467; BGC0001480; BGC0001485; BGC0001501; BGC0001502; BGC0001503; BGC0001504; BGC0001511; BGC0001515; BGC0001518; BGC0001521; BGC0001522; BGC0001523; BGC0001524; BGC0001532; BGC0001533; BGC0001545; BGC0001553; BGC0001558; BGC0001562; BGC0001565; BGC0001566; BGC0001567; BGC0001568; BGC0001570; BGC0001574; BGC0001575; BGC0001582; BGC0001585; BGC0001591; BGC0001594; BGC0001595; BGC0001597; BGC0001605; BGC0001609; BGC0001612; BGC0001621; BGC0001627; BGC0001628; BGC0001629; BGC0001630; BGC0001631; BGC0001635; BGC0001641; BGC0001647; BGC0001650; BGC0001652; BGC0001658; BGC0001661; BGC0001662; BGC0001663; BGC0001665; BGC0001666; BGC0001667; BGC0001671; BGC0001675; BGC0001690; BGC0001693; BGC0001695; BGC0001700; BGC0001703; BGC0001704; BGC0001705; BGC0001711; BGC0001716; BGC0001719; BGC0001724; BGC0001728; BGC0001738; BGC0001740; BGC0001750; BGC0001755; BGC0001756; BGC0001759; BGC0001760; BGC0001762; BGC0001764; BGC0001768; BGC0001770; BGC0001780; BGC0001785; BGC0001790; BGC0001791; BGC0001792; BGC0001800; BGC0001806; BGC0001807; BGC0001814; BGC0001816; BGC0001818; BGC0001819; BGC0001820; BGC0001822; BGC0001826; BGC0001830; BGC0001831; BGC0001838; BGC0001841; BGC0001843; BGC0001845; BGC0001846; BGC0001851; BGC0001853; BGC0001856; BGC0001857; BGC0001874; BGC0001875; BGC0001876; BGC0001877; BGC0001881; BGC0001882; BGC0001884; BGC0001890; BGC0001891; BGC0001897; BGC0001909; BGC0001918; BGC0001919; BGC0001922; BGC0001925; BGC0001928; BGC0001940; BGC0001942; BGC0001944; BGC0001945; BGC0001950; BGC0001951; BGC0001952; BGC0001953; BGC0001955; BGC0001956; BGC0001957; BGC0001962; BGC0001963; BGC0001964; BGC0001966; BGC0001968; BGC0001970; BGC0001971; BGC0001975; BGC0001979; BGC0001983; BGC0001984; BGC0001991; BGC0001992; BGC0001999; BGC0002001; BGC0002002; BGC0002009; BGC0002010; BGC0002011; BGC0002014; BGC0002019; BGC0002022; BGC0002024; BGC0002026; BGC0002046; BGC0002047; BGC0002048; BGC0002050; BGC0002054; BGC0002067; BGC0002068; BGC0002071; BGC0002072; BGC0002078; BGC0002079; BGC0002081; BGC0002088; BGC0002090; BGC0002095; BGC0002096; BGC0002097; BGC0002098; BGC0002100; BGC0002101; BGC0002106; BGC0002107; BGC0002108; BGC0002109; BGC0002114; BGC0002117; BGC0002123; BGC0002125; BGC0002126; BGC0002129; BGC0002132; BGC0002135; BGC0002141; BGC0002142; BGC0002147; BGC0002149; BGC0002157; BGC0002158; BGC0002164; BGC0002172; BGC0002186; BGC0002188; BGC0002203; BGC0002208; BGC0002225; BGC0002232; BGC0002235; BGC0002239; BGC0002242; BGC0002259; BGC0002261; BGC0002264; BGC0002272; BGC0002273; BGC0002276; BGC0002283; BGC0002291; BGC0002293; BGC0002295; BGC0002296; BGC0002297; BGC0002304; BGC0002308; BGC0002314; BGC0002315; BGC0002324; BGC0002326; BGC0002327; BGC0002329; BGC0002332; BGC0002336; BGC0002342; BGC0002344; BGC0002347; BGC0002350; BGC0002351; BGC0002356; BGC0002357; BGC0002358; BGC0002359; BGC0002360; BGC0002362; BGC0002364; BGC0002366; BGC0002367; BGC0002370; BGC0002372; BGC0002373; BGC0002376; BGC0002377; BGC0002378; BGC0002379; BGC0002381; BGC0002384; BGC0002397; BGC0002398; BGC0002400; BGC0002403; BGC0002409; BGC0002410; BGC0002411; BGC0002413; BGC0002416; BGC0002417; BGC0002419; BGC0002420; BGC0002422; BGC0002424; BGC0002430; BGC0002433; BGC0002438; BGC0002440; BGC0002441; BGC0002448; BGC0002453; BGC0002454; BGC0002455; BGC0002461; BGC0002466; BGC0002467; BGC0002475; BGC0002479; BGC0002480; BGC0002484; BGC0002492; BGC0002494; BGC0002497; BGC0002498; BGC0002502; BGC0002503; BGC0002505; BGC0002506; BGC0002509; BGC0002510; BGC0002517; BGC0002520; BGC0002521; BGC0002528; BGC0002536; BGC0002540; BGC0002543; BGC0002544; BGC0002552; BGC0002555; BGC0002563; BGC0002565; BGC0002581; BGC0002582; BGC0002591; BGC0002597; BGC0002605; BGC0002606; BGC0002611; BGC0002613; BGC0002617; BGC0002623; BGC0002625; BGC0002634; BGC0002637; BGC0002638; BGC0002641; BGC0002661; BGC0002666; BGC0002671; BGC0002676; BGC0002677; BGC0002686; BGC0002687; BGC0002696; BGC0002697; BGC0002702; BGC0002706; BGC0002711; BGC0002715; BGC0002718; BGC0002719; BGC0002732; BGC0002760; BGC0002804; BGC0002808; BGC0002810; BGC0002815,785,
10,MAG.10,BGC clusters detected,bin.10.strict.metawrap.repaired (1).zip,87103f2699870c8d9dd8f046d9208e6bcc7a2030fe7964f9039ab4867741ed19,data/kegg_modules/mags/gbk_antismash/bin.10.strict.metawrap.repaired_1/index.html,data/kegg_modules/mags/gbk_antismash/bin.10.strict.metawrap.repaired_1/bin.10.strict.metawrap.repaired.json,8.0.4,4,4,4,RiPP-like; terpene-precursor,RiPP; terpene,BGC0000141; BGC0000211; BGC0000262; BGC0000263; BGC0000286; BGC0000298; BGC0000632; BGC0000634; BGC0000635; BGC0000638; BGC0000639; BGC0000640; BGC0000641; BGC0000642; BGC0000643; BGC0000646; BGC0000653; BGC0000654; BGC0000663; BGC0000665; BGC0000666; BGC0000668; BGC0000676; BGC0000677; BGC0000678; BGC0000679; BGC0000688; BGC0000847; BGC0000879; BGC0000905; BGC0000906; BGC0000916; BGC0000925; BGC0000934; BGC0001073; BGC0001078; BGC0001079; BGC0001080; BGC0001082; BGC0001083; BGC0001126; BGC0001140; BGC0001156; BGC0001373; BGC0001395; BGC0001456; BGC0001461; BGC0001501; BGC0001528; BGC0001529; BGC0001594; BGC0001595; BGC0001604; BGC0001612; BGC0001659; BGC0001706; BGC0001756; BGC0001776; BGC0001785; BGC0001816; BGC0001848; BGC0001910; BGC0001945; BGC0001955; BGC0001969; BGC0001975; BGC0002011; BGC0002109; BGC0002143; BGC0002149; BGC0002162; BGC0002181; BGC0002218; BGC0002219; BGC0002220; BGC0002245; BGC0002309; BGC0002317; BGC0002320; BGC0002372; BGC0002397; BGC0002398; BGC0002400; BGC0002427; BGC0002429; BGC0002478; BGC0002520; BGC0002561; BGC0002603; BGC0002604; BGC0002610; BGC0002614; BGC0002736; BGC0002759,94,
11,MAG.11,BGC clusters detected,bin.11.strict.metawrap.repaired.zip,a6caf164a313854e6fc6d46cf5b61f56fbb7f5042ad6d9db56c5e0837dc7eb4f,data/kegg_modules/mags/gbk_antismash/bin.11.strict.metawrap.repaired/index.html,data/kegg_modules/mags/gbk_antismash/bin.11.strict.metawrap.repaired/bin.11.strict.metawrap.repaired.json,8.0.4,1,1,1,terpene,terpene,,0,
12,MAG.12,BGC clusters detected,bin.12.orig.metawrap.zip,ce629e5c6ee3b00178135f3f28b37dcd255e31a09445e980d6c25c5445cc8b0c,data/kegg_modules/mags/gbk_antismash/bin.12.orig.metawrap/index.html,data/kegg_modules/mags/gbk_antismash/bin.12.orig.metawrap/bin.12.orig.metawrap.json,8.0.4,1,1,1,terpene-precursor,terpene,BGC0000188; BGC0000262; BGC0000286; BGC0000341; BGC0000429; BGC0000636; BGC0000644; BGC0000646; BGC0000648; BGC0000649; BGC0000651; BGC0000653; BGC0000654; BGC0000663; BGC0000664; BGC0000665; BGC0000666; BGC0000668; BGC0000677; BGC0000678; BGC0000679; BGC0000877; BGC0000965; BGC0001008; BGC0001083; BGC0001126; BGC0001140; BGC0001156; BGC0001361; BGC0001373; BGC0001397; BGC0001484; BGC0001501; BGC0001528; BGC0001529; BGC0001584; BGC0001594; BGC0001595; BGC0001612; BGC0001675; BGC0001816; BGC0001818; BGC0001848; BGC0001911; BGC0001975; BGC0002081; BGC0002162; BGC0002218; BGC0002283; BGC0002309; BGC0002427; BGC0002429; BGC0002506; BGC0002591; BGC0002610; BGC0002676; BGC0002736,57,
13,MAG.13,BGC clusters detected,bin.13.strict.metawrap.repaired.zip,a479206d3e5074a76c2b5a035de47465e0848464d84fbca4ac0c9ca278f62c59,data/kegg_modules/mags/gbk_antismash/bin.13.strict.metawrap.repaired/index.html,data/kegg_modules/mags/gbk_antismash/bin.13.strict.metawrap.repaired/bin.13.strict.metawrap.repaired.json,8.0.4,6,8,6,NRPS-like; RRE-containing; darobactin; ranthipeptide; terpene; triceptide,NRPS; RiPP; terpene,BGC0000001; BGC0000004; BGC0000006; BGC0000007; BGC0000008; BGC0000009; BGC0000010; BGC0000014; BGC0000020; BGC0000028; BGC0000036; BGC0000038; BGC0000052; BGC0000075; BGC0000081; BGC0000082; BGC0000085; BGC0000086; BGC0000087; BGC0000090; BGC0000141; BGC0000144; BGC0000162; BGC0000163; BGC0000178; BGC0000180; BGC0000187; BGC0000188; BGC0000190; BGC0000202; BGC0000207; BGC0000208; BGC0000209; BGC0000210; BGC0000213; BGC0000214; BGC0000216; BGC0000219; BGC0000224; BGC0000225; BGC0000226; BGC0000235; BGC0000237; BGC0000238; BGC0000239; BGC0000240; BGC0000241; BGC0000242; BGC0000245; BGC0000247; BGC0000258; BGC0000259; BGC0000260; BGC0000267; BGC0000268; BGC0000290; BGC0000300; BGC0000330; BGC0000335; BGC0000339; BGC0000341; BGC0000347; BGC0000352; BGC0000366; BGC0000368; BGC0000371; BGC0000383; BGC0000392; BGC0000402; BGC0000413; BGC0000430; BGC0000431; BGC0000437; BGC0000443; BGC0000445; BGC0000454; BGC0000459; BGC0000466; BGC0000468; BGC0000469; BGC0000470; BGC0000537; BGC0000602; BGC0000651; BGC0000654; BGC0000663; BGC0000665; BGC0000666; BGC0000668; BGC0000670; BGC0000678; BGC0000686; BGC0000689; BGC0000696; BGC0000699; BGC0000703; BGC0000704; BGC0000705; BGC0000714; BGC0000715; BGC0000716; BGC0000722; BGC0000723; BGC0000780; BGC0000794; BGC0000827; BGC0000853; BGC0000854; BGC0000856; BGC0000857; BGC0000859; BGC0000877; BGC0000892; BGC0000895; BGC0000905; BGC0000906; BGC0000950; BGC0000951; BGC0000956; BGC0000957; BGC0000958; BGC0000960; BGC0000975; BGC0000978; BGC0000995; BGC0000998; BGC0001000; BGC0001004; BGC0001011; BGC0001019; BGC0001020; BGC0001029; BGC0001053; BGC0001056; BGC0001061; BGC0001066; BGC0001074; BGC0001090; BGC0001098; BGC0001101; BGC0001102; BGC0001103; BGC0001117; BGC0001126; BGC0001130; BGC0001137; BGC0001140; BGC0001143; BGC0001151; BGC0001154; BGC0001156; BGC0001172; BGC0001179; BGC0001183; BGC0001193; BGC0001216; BGC0001231; BGC0001288; BGC0001295; BGC0001298; BGC0001313; BGC0001314; BGC0001332; BGC0001351; BGC0001358; BGC0001361; BGC0001366; BGC0001392; BGC0001409; BGC0001433; BGC0001438; BGC0001439; BGC0001440; BGC0001455; BGC0001480; BGC0001483; BGC0001501; BGC0001511; BGC0001512; BGC0001514; BGC0001518; BGC0001523; BGC0001524; BGC0001536; BGC0001540; BGC0001558; BGC0001568; BGC0001590; BGC0001593; BGC0001594; BGC0001595; BGC0001603; BGC0001608; BGC0001612; BGC0001619; BGC0001647; BGC0001648; BGC0001649; BGC0001662; BGC0001666; BGC0001667; BGC0001671; BGC0001672; BGC0001693; BGC0001695; BGC0001699; BGC0001700; BGC0001702; BGC0001711; BGC0001728; BGC0001740; BGC0001748; BGC0001752; BGC0001755; BGC0001759; BGC0001764; BGC0001774; BGC0001783; BGC0001791; BGC0001797; BGC0001807; BGC0001812; BGC0001814; BGC0001818; BGC0001866; BGC0001872; BGC0001884; BGC0001888; BGC0001890; BGC0001891; BGC0001918; BGC0001919; BGC0001940; BGC0001945; BGC0001963; BGC0001979; BGC0001983; BGC0001995; BGC0002001; BGC0002011; BGC0002019; BGC0002022; BGC0002024; BGC0002025; BGC0002028; BGC0002033; BGC0002045; BGC0002052; BGC0002098; BGC0002137; BGC0002143; BGC0002169; BGC0002173; BGC0002193; BGC0002197; BGC0002204; BGC0002206; BGC0002274; BGC0002283; BGC0002285; BGC0002288; BGC0002302; BGC0002338; BGC0002342; BGC0002356; BGC0002357; BGC0002361; BGC0002367; BGC0002369; BGC0002379; BGC0002381; BGC0002383; BGC0002413; BGC0002414; BGC0002415; BGC0002421; BGC0002426; BGC0002431; BGC0002432; BGC0002433; BGC0002438; BGC0002443; BGC0002452; BGC0002453; BGC0002454; BGC0002461; BGC0002467; BGC0002470; BGC0002472; BGC0002477; BGC0002478; BGC0002497; BGC0002498; BGC0002502; BGC0002532; BGC0002535; BGC0002539; BGC0002544; BGC0002547; BGC0002550; BGC0002552; BGC0002571; BGC0002591; BGC0002613; BGC0002623; BGC0002638; BGC0002641; BGC0002649; BGC0002669; BGC0002671; BGC0002673; BGC0002675; BGC0002678; BGC0002680; BGC0002683; BGC0002688; BGC0002693; BGC0002696; BGC0002697; BGC0002713; BGC0002716; BGC0002749; BGC0002759; BGC0002768; BGC0002804; BGC0002805; BGC0002815,327,
14,MAG.14,BGC clusters detected,bin.14.orig.metawrap.repaired.zip,5a6aff5fab18d89582429a88c6f552630130fc399511b6e9bfedbb688b9807d7,data/kegg_modules/mags/gbk_antismash/bin.14.orig.metawrap.repaired/index.html,data/kegg_modules/mags/gbk_antismash/bin.14.orig.metawrap.repaired/bin.14.orig.metawrap.repaired.json,8.0.4,6,6,6,terpene; terpene-precursor,terpene,BGC0000142; BGC0000173; BGC0000186; BGC0000262; BGC0000286; BGC0000298; BGC0000630; BGC0000632; BGC0000633; BGC0000634; BGC0000635; BGC0000636; BGC0000637; BGC0000638; BGC0000639; BGC0000640; BGC0000641; BGC0000642; BGC0000643; BGC0000644; BGC0000648; BGC0000650; BGC0000654; BGC0000663; BGC0000665; BGC0000666; BGC0000668; BGC0000676; BGC0000677; BGC0000679; BGC0000688; BGC0000872; BGC0000874; BGC0000905; BGC0000906; BGC0000934; BGC0000967; BGC0001025; BGC0001071; BGC0001076; BGC0001078; BGC0001079; BGC0001080; BGC0001083; BGC0001126; BGC0001140; BGC0001156; BGC0001227; BGC0001297; BGC0001303; BGC0001330; BGC0001395; BGC0001456; BGC0001469; BGC0001470; BGC0001501; BGC0001529; BGC0001564; BGC0001594; BGC0001595; BGC0001605; BGC0001611; BGC0001612; BGC0001617; BGC0001751; BGC0001756; BGC0001776; BGC0001848; BGC0001910; BGC0001911; BGC0001964; BGC0001969; BGC0001970; BGC0001971; BGC0002007; BGC0002019; BGC0002068; BGC0002109; BGC0002173; BGC0002181; BGC0002309; BGC0002372; BGC0002374; BGC0002397; BGC0002398; BGC0002400; BGC0002455; BGC0002542; BGC0002561; BGC0002591; BGC0002604; BGC0002661; BGC0002702; BGC0002759,94,
15,MAG.15,BGC clusters detected,bin.15.zip,b2eb6740c918d2d9a89b0478efe7924293b1bfe9943c5c20324b6dd101332cc3,data/kegg_modules/mags/gbk_antismash/bin.15/bin.15/index.html,data/kegg_modules/mags/gbk_antismash/bin.15/bin.15/bin.15.orig.json,6.1.1,13,13,13,NRPS; NRPS-like; RRE-containing; T3PKS; terpene,none identified,,0,
16,MAG.16,BGC clusters detected,bin.16.strict.metawrap.repaired.zip,36c217d1a6c7e2cf8c85b32ccb8072080ee7a9d0dbe39a37f2b60f70b80c1fc7,data/kegg_modules/mags/gbk_antismash/bin.16.strict.metawrap.repaired/index.html,data/kegg_modules/mags/gbk_antismash/bin.16.strict.metawrap.repaired/bin.16.strict.metawrap.repaired.json,8.0.4,1,1,1,terpene-precursor,terpene,BGC0000286; BGC0000298; BGC0000418; BGC0000632; BGC0000634; BGC0000635; BGC0000639; BGC0000640; BGC0000641; BGC0000642; BGC0000643; BGC0000646; BGC0000653; BGC0000654; BGC0000663; BGC0000665; BGC0000666; BGC0000668; BGC0000676; BGC0000678; BGC0000679; BGC0000905; BGC0000934; BGC0001078; BGC0001079; BGC0001080; BGC0001082; BGC0001083; BGC0001140; BGC0001156; BGC0001373; BGC0001395; BGC0001460; BGC0001461; BGC0001462; BGC0001528; BGC0001529; BGC0001595; BGC0001659; BGC0001706; BGC0001776; BGC0001816; BGC0001848; BGC0001955; BGC0001975; BGC0002149; BGC0002162; BGC0002218; BGC0002219; BGC0002372; BGC0002427; BGC0002429; BGC0002561; BGC0002610; BGC0002736,55,
17,MAG.17,BGC clusters detected,bin.17.orig.metawrap (1).zip,0cd4d32ea6fc39e6d7f2cffc4dacd1f4520fd504d42a6d1dac4a76558f156506,data/kegg_modules/mags/gbk_antismash/bin.17.orig.metawrap_1/index.html,data/kegg_modules/mags/gbk_antismash/bin.17.orig.metawrap_1/bin.17.orig.metawrap.json,8.0.4,3,3,3,RiPP-like; terpene-precursor,RiPP; terpene,BGC0000262; BGC0000429; BGC0000468; BGC0000469; BGC0000598; BGC0000632; BGC0000633; BGC0000634; BGC0000637; BGC0000638; BGC0000649; BGC0000651; BGC0000653; BGC0000654; BGC0000663; BGC0000664; BGC0000665; BGC0000666; BGC0000668; BGC0000678; BGC0000905; BGC0000906; BGC0001083; BGC0001126; BGC0001140; BGC0001148; BGC0001156; BGC0001157; BGC0001373; BGC0001501; BGC0001529; BGC0001594; BGC0001595; BGC0001612; BGC0001753; BGC0001975; BGC0002007; BGC0002019; BGC0002218; BGC0002320; BGC0002591; BGC0002676,42,
18,MAG.18,BGC clusters detected,bin.18.strict.metawrap.1.repaired_2.zip,bbfe408ed4b55d4a842c4ab60493bd2edbd5c4ce17ec6edee7eb04f25742515c,data/kegg_modules/mags/gbk_antismash/bin.18.strict.metawrap.1.repaired_2/index.html,data/kegg_modules/mags/gbk_antismash/bin.18.strict.metawrap.1.repaired_2/bin.18.strict.metawrap.1.repaired_2.json,8.0.4,3,3,3,hserlactone; phosphonate; terpene-precursor,other; terpene,BGC0000020; BGC0000021; BGC0000028; BGC0000031; BGC0000040; BGC0000053; BGC0000065; BGC0000066; BGC0000068; BGC0000074; BGC0000078; BGC0000079; BGC0000081; BGC0000086; BGC0000087; BGC0000090; BGC0000093; BGC0000096; BGC0000117; BGC0000123; BGC0000144; BGC0000147; BGC0000159; BGC0000165; BGC0000209; BGC0000210; BGC0000262; BGC0000341; BGC0000383; BGC0000434; BGC0000439; BGC0000445; BGC0000632; BGC0000634; BGC0000636; BGC0000643; BGC0000649; BGC0000651; BGC0000653; BGC0000654; BGC0000663; BGC0000664; BGC0000665; BGC0000666; BGC0000668; BGC0000678; BGC0000679; BGC0000702; BGC0000703; BGC0000704; BGC0000705; BGC0000706; BGC0000780; BGC0000806; BGC0000807; BGC0000833; BGC0000896; BGC0000897; BGC0000904; BGC0000905; BGC0000926; BGC0000937; BGC0000938; BGC0000970; BGC0000982; BGC0001010; BGC0001033; BGC0001039; BGC0001054; BGC0001055; BGC0001059; BGC0001091; BGC0001119; BGC0001126; BGC0001140; BGC0001156; BGC0001184; BGC0001199; BGC0001204; BGC0001225; BGC0001227; BGC0001237; BGC0001278; BGC0001283; BGC0001302; BGC0001330; BGC0001348; BGC0001361; BGC0001373; BGC0001411; BGC0001441; BGC0001452; BGC0001501; BGC0001511; BGC0001519; BGC0001522; BGC0001528; BGC0001529; BGC0001537; BGC0001594; BGC0001595; BGC0001597; BGC0001604; BGC0001612; BGC0001620; BGC0001648; BGC0001719; BGC0001733; BGC0001739; BGC0001756; BGC0001763; BGC0001783; BGC0001813; BGC0001816; BGC0001818; BGC0001823; BGC0001848; BGC0001859; BGC0001902; BGC0001931; BGC0001941; BGC0001944; BGC0001945; BGC0001957; BGC0002007; BGC0002011; BGC0002022; BGC0002033; BGC0002036; BGC0002042; BGC0002054; BGC0002085; BGC0002088; BGC0002124; BGC0002142; BGC0002162; BGC0002218; BGC0002283; BGC0002291; BGC0002317; BGC0002349; BGC0002397; BGC0002398; BGC0002400; BGC0002427; BGC0002429; BGC0002443; BGC0002452; BGC0002552; BGC0002558; BGC0002584; BGC0002591; BGC0002610; BGC0002669; BGC0002735; BGC0002736; BGC0002747; BGC0002788; BGC0002805; BGC0002808; BGC0002816,161,
19,MAG.19,BGC clusters detected,bin.19.strict.metawrap.repaired.zip,b51302152bf104fba60a0edb7386f3bc3b287f2e2a27c5ff367858c76824198c,data/kegg_modules/mags/gbk_antismash/bin.19.strict.metawrap.repaired/index.html,data/kegg_modules/mags/gbk_antismash/bin.19.strict.metawrap.repaired/bin.19.strict.metawrap.repaired.json,8.0.4,2,2,2,nucleoside; terpene-precursor,other; terpene,BGC0000026; BGC0000033; BGC0000042; BGC0000078; BGC0000082; BGC0000102; BGC0000162; BGC0000238; BGC0000239; BGC0000286; BGC0000288; BGC0000298; BGC0000363; BGC0000364; BGC0000365; BGC0000634; BGC0000635; BGC0000640; BGC0000642; BGC0000643; BGC0000652; BGC0000679; BGC0000692; BGC0000696; BGC0000714; BGC0000775; BGC0000782; BGC0000785; BGC0000787; BGC0000809; BGC0000813; BGC0000814; BGC0000826; BGC0000871; BGC0000879; BGC0000881; BGC0000898; BGC0000899; BGC0000907; BGC0000934; BGC0000949; BGC0001003; BGC0001004; BGC0001007; BGC0001008; BGC0001011; BGC0001073; BGC0001078; BGC0001079; BGC0001080; BGC0001083; BGC0001183; BGC0001217; BGC0001225; BGC0001395; BGC0001452; BGC0001503; BGC0001522; BGC0001603; BGC0001619; BGC0001711; BGC0001808; BGC0001848; BGC0002085; BGC0002088; BGC0002143; BGC0002354; BGC0002430; BGC0002460; BGC0002550; BGC0002553; BGC0002561,72,
20,MAG.20,No BGC clusters identified,,,,,,0,0,0,none identified,none identified,,0,No BGC clusters identified for this MAG/bin in the final antiSMASH set.
21,MAG.21,BGC clusters detected,bin.21.zip,4bdb510c9ec9614a364c2f0c0d257f418fb316531db0c363db2bc0ffafc92199,data/kegg_modules/mags/gbk_antismash/bin.21/bin.21/index.html,data/kegg_modules/mags/gbk_antismash/bin.21/bin.21/bin.21.strict.json,6.1.1,1,1,1,RRE-containing,none identified,,0,
22,MAG.22,BGC clusters detected,bin.22.orig.metawrap.1.repaired(1).zip,ef0ede645e00610da47f7b46ee9b6eefce40d2c891e2d280bea4931a1fa5e600,data/kegg_modules/mags/gbk_antismash/bin.22.orig.metawrap.1.repaired1/index.html,data/kegg_modules/mags/gbk_antismash/bin.22.orig.metawrap.1.repaired1/bin.22.orig.metawrap.1.repaired.json,8.0.4,3,3,3,terpene; terpene-precursor,terpene,BGC0000286; BGC0000429; BGC0000630; BGC0000632; BGC0000634; BGC0000635; BGC0000636; BGC0000638; BGC0000639; BGC0000640; BGC0000641; BGC0000642; BGC0000643; BGC0000644; BGC0000648; BGC0000649; BGC0000653; BGC0000654; BGC0000663; BGC0000664; BGC0000665; BGC0000666; BGC0000668; BGC0000673; BGC0000676; BGC0000677; BGC0000678; BGC0000679; BGC0000688; BGC0000905; BGC0000906; BGC0000916; BGC0001025; BGC0001082; BGC0001126; BGC0001140; BGC0001156; BGC0001330; BGC0001373; BGC0001395; BGC0001456; BGC0001501; BGC0001528; BGC0001529; BGC0001594; BGC0001595; BGC0001604; BGC0001612; BGC0001659; BGC0001776; BGC0001816; BGC0001848; BGC0001910; BGC0001911; BGC0001969; BGC0001975; BGC0002007; BGC0002019; BGC0002109; BGC0002149; BGC0002162; BGC0002181; BGC0002218; BGC0002219; BGC0002220; BGC0002221; BGC0002245; BGC0002309; BGC0002320; BGC0002372; BGC0002427; BGC0002429; BGC0002591; BGC0002603; BGC0002604; BGC0002610; BGC0002676; BGC0002736; BGC0002759,79,
23,MAG.23,BGC clusters detected,bin.23.permissive.metawrap.repaired(1).zip,8783d532dac69fee74452bf269d1f633e8056df109a47d2490fdd64a4558975f,data/kegg_modules/mags/gbk_antismash/bin.23.permissive.metawrap.repaired1/index.html,data/kegg_modules/mags/gbk_antismash/bin.23.permissive.metawrap.repaired1/bin.23.permissive.metawrap.repaired.json,8.0.4,2,2,2,RRE-containing; terpene-precursor,RiPP; terpene,BGC0000286; BGC0000298; BGC0000366; BGC0000419; BGC0000429; BGC0000632; BGC0000634; BGC0000635; BGC0000639; BGC0000640; BGC0000641; BGC0000642; BGC0000643; BGC0000653; BGC0000654; BGC0000663; BGC0000665; BGC0000666; BGC0000673; BGC0000676; BGC0000678; BGC0000679; BGC0000688; BGC0000704; BGC0000705; BGC0000934; BGC0000982; BGC0001078; BGC0001079; BGC0001080; BGC0001082; BGC0001083; BGC0001126; BGC0001140; BGC0001156; BGC0001281; BGC0001373; BGC0001461; BGC0001501; BGC0001528; BGC0001529; BGC0001594; BGC0001604; BGC0001612; BGC0001659; BGC0001776; BGC0001816; BGC0001848; BGC0001955; BGC0001969; BGC0002149; BGC0002162; BGC0002181; BGC0002218; BGC0002219; BGC0002220; BGC0002221; BGC0002245; BGC0002320; BGC0002427; BGC0002429; BGC0002561; BGC0002603; BGC0002604; BGC0002610; BGC0002614; BGC0002676; BGC0002736; BGC0002759,69,
24,MAG.24,BGC clusters detected,bin.24.orig.metawrap.1.repaired.zip,fd61cd8ef189fd50134b292b481d8abe0c26a3b9f91c65ea02403c5842ce450c,data/kegg_modules/mags/gbk_antismash/bin.24.orig.metawrap.1.repaired/index.html,data/kegg_modules/mags/gbk_antismash/bin.24.orig.metawrap.1.repaired/bin.24.orig.metawrap.1.repaired.json,8.0.4,1,1,1,terpene-precursor,terpene,BGC0000262; BGC0000286; BGC0000637; BGC0000648; BGC0000651; BGC0000653; BGC0000663; BGC0000665; BGC0000666; BGC0000668; BGC0000676; BGC0000677; BGC0000678; BGC0000679; BGC0000688; BGC0000905; BGC0000906; BGC0001082; BGC0001126; BGC0001395; BGC0001501; BGC0001529; BGC0001594; BGC0001595; BGC0001612; BGC0001756; BGC0001776; BGC0001848; BGC0001910; BGC0001911; BGC0001975; BGC0002019; BGC0002109; BGC0002309; BGC0002372; BGC0002397; BGC0002398; BGC0002400; BGC0002591; BGC0002604; BGC0002759,41,
25,MAG.25,BGC clusters detected,bin.25.permissive.metawrap.repaired(2).zip,b3fde19284a872760ca49db10bd873e5d1a63b9ca8ec06dd052fbfffd561cd07,data/kegg_modules/mags/gbk_antismash/bin.25.permissive.metawrap.repaired2/index.html,data/kegg_modules/mags/gbk_antismash/bin.25.permissive.metawrap.repaired2/bin.25.permissive.metawrap.repaired.json,8.0.4,3,3,3,RRE-containing; terpene-precursor,RiPP; terpene,BGC0000031; BGC0000093; BGC0000141; BGC0000241; BGC0000262; BGC0000429; BGC0000632; BGC0000636; BGC0000638; BGC0000642; BGC0000644; BGC0000649; BGC0000651; BGC0000653; BGC0000654; BGC0000663; BGC0000664; BGC0000665; BGC0000666; BGC0000668; BGC0000677; BGC0000678; BGC0000679; BGC0000688; BGC0000806; BGC0001075; BGC0001126; BGC0001140; BGC0001156; BGC0001227; BGC0001373; BGC0001501; BGC0001528; BGC0001529; BGC0001533; BGC0001594; BGC0001595; BGC0001612; BGC0001756; BGC0001776; BGC0001816; BGC0001848; BGC0001910; BGC0001911; BGC0001941; BGC0001975; BGC0002007; BGC0002019; BGC0002162; BGC0002218; BGC0002233; BGC0002309; BGC0002397; BGC0002398; BGC0002400; BGC0002427; BGC0002429; BGC0002591; BGC0002610; BGC0002676; BGC0002697; BGC0002736,62,
26,MAG.26,BGC clusters detected,bin.26.strict.metawrap.zip,706d1e431b0a94dba34b3f2b693f3d7dec49dfe757a7222a05057080eb7de232,data/kegg_modules/mags/gbk_antismash/bin.26.strict.metawrap/index.html,data/kegg_modules/mags/gbk_antismash/bin.26.strict.metawrap/bin.26.strict.metawrap.json,8.0.4,7,7,7,NRPS-like; RRE-containing; RiPP-like; T1PKS; terpene; terpene-precursor,NRPS; PKS; RiPP; terpene,BGC0000001; BGC0000002; BGC0000003; BGC0000004; BGC0000006; BGC0000007; BGC0000008; BGC0000009; BGC0000012; BGC0000013; BGC0000014; BGC0000017; BGC0000018; BGC0000020; BGC0000021; BGC0000022; BGC0000023; BGC0000024; BGC0000026; BGC0000028; BGC0000029; BGC0000031; BGC0000032; BGC0000033; BGC0000034; BGC0000035; BGC0000036; BGC0000038; BGC0000039; BGC0000040; BGC0000041; BGC0000042; BGC0000043; BGC0000044; BGC0000045; BGC0000046; BGC0000047; BGC0000048; BGC0000050; BGC0000051; BGC0000052; BGC0000053; BGC0000054; BGC0000055; BGC0000058; BGC0000059; BGC0000060; BGC0000062; BGC0000063; BGC0000065; BGC0000066; BGC0000067; BGC0000068; BGC0000069; BGC0000072; BGC0000073; BGC0000074; BGC0000075; BGC0000076; BGC0000077; BGC0000078; BGC0000079; BGC0000080; BGC0000081; BGC0000082; BGC0000083; BGC0000084; BGC0000085; BGC0000086; BGC0000087; BGC0000088; BGC0000090; BGC0000091; BGC0000092; BGC0000093; BGC0000094; BGC0000096; BGC0000097; BGC0000098; BGC0000100; BGC0000102; BGC0000103; BGC0000104; BGC0000105; BGC0000106; BGC0000107; BGC0000109; BGC0000110; BGC0000111; BGC0000112; BGC0000113; BGC0000114; BGC0000115; BGC0000116; BGC0000117; BGC0000118; BGC0000119; BGC0000120; BGC0000122; BGC0000123; BGC0000124; BGC0000125; BGC0000126; BGC0000127; BGC0000128; BGC0000129; BGC0000130; BGC0000131; BGC0000132; BGC0000133; BGC0000134; BGC0000135; BGC0000136; BGC0000137; BGC0000138; BGC0000140; BGC0000141; BGC0000142; BGC0000143; BGC0000144; BGC0000145; BGC0000146; BGC0000147; BGC0000148; BGC0000149; BGC0000150; BGC0000151; BGC0000153; BGC0000156; BGC0000157; BGC0000158; BGC0000159; BGC0000160; BGC0000162; BGC0000163; BGC0000164; BGC0000165; BGC0000166; BGC0000167; BGC0000170; BGC0000171; BGC0000172; BGC0000173; BGC0000174; BGC0000175; BGC0000176; BGC0000177; BGC0000178; BGC0000179; BGC0000180; BGC0000181; BGC0000182; BGC0000184; BGC0000185; BGC0000186; BGC0000187; BGC0000188; BGC0000190; BGC0000194; BGC0000195; BGC0000197; BGC0000199; BGC0000201; BGC0000202; BGC0000203; BGC0000204; BGC0000209; BGC0000210; BGC0000211; BGC0000213; BGC0000215; BGC0000219; BGC0000220; BGC0000222; BGC0000223; BGC0000229; BGC0000232; BGC0000233; BGC0000235; BGC0000236; BGC0000245; BGC0000247; BGC0000256; BGC0000257; BGC0000258; BGC0000259; BGC0000260; BGC0000262; BGC0000263; BGC0000267; BGC0000268; BGC0000271; BGC0000273; BGC0000274; BGC0000287; BGC0000289; BGC0000290; BGC0000291; BGC0000298; BGC0000300; BGC0000306; BGC0000310; BGC0000311; BGC0000315; BGC0000316; BGC0000320; BGC0000322; BGC0000330; BGC0000334; BGC0000335; BGC0000336; BGC0000337; BGC0000341; BGC0000344; BGC0000345; BGC0000346; BGC0000350; BGC0000351; BGC0000353; BGC0000354; BGC0000360; BGC0000363; BGC0000364; BGC0000365; BGC0000366; BGC0000367; BGC0000374; BGC0000378; BGC0000379; BGC0000380; BGC0000381; BGC0000383; BGC0000384; BGC0000385; BGC0000391; BGC0000393; BGC0000394; BGC0000395; BGC0000397; BGC0000398; BGC0000399; BGC0000402; BGC0000407; BGC0000409; BGC0000411; BGC0000413; BGC0000414; BGC0000418; BGC0000419; BGC0000421; BGC0000422; BGC0000424; BGC0000425; BGC0000430; BGC0000431; BGC0000433; BGC0000436; BGC0000437; BGC0000438; BGC0000439; BGC0000440; BGC0000441; BGC0000445; BGC0000447; BGC0000448; BGC0000453; BGC0000454; BGC0000455; BGC0000459; BGC0000467; BGC0000495; BGC0000497; BGC0000502; BGC0000515; BGC0000516; BGC0000518; BGC0000527; BGC0000528; BGC0000535; BGC0000536; BGC0000549; BGC0000552; BGC0000595; BGC0000597; BGC0000630; BGC0000632; BGC0000634; BGC0000635; BGC0000638; BGC0000639; BGC0000640; BGC0000641; BGC0000642; BGC0000643; BGC0000646; BGC0000648; BGC0000651; BGC0000653; BGC0000654; BGC0000656; BGC0000663; BGC0000665; BGC0000666; BGC0000668; BGC0000670; BGC0000678; BGC0000679; BGC0000682; BGC0000684; BGC0000686; BGC0000692; BGC0000696; BGC0000700; BGC0000709; BGC0000711; BGC0000712; BGC0000713; BGC0000714; BGC0000734; BGC0000735; BGC0000736; BGC0000738; BGC0000760; BGC0000775; BGC0000782; BGC0000785; BGC0000806; BGC0000825; BGC0000826; BGC0000832; BGC0000833; BGC0000842; BGC0000843; BGC0000845; BGC0000862; BGC0000869; BGC0000871; BGC0000874; BGC0000883; BGC0000884; BGC0000890; BGC0000891; BGC0000892; BGC0000922; BGC0000935; BGC0000948; BGC0000951; BGC0000954; BGC0000955; BGC0000956; BGC0000957; BGC0000958; BGC0000959; BGC0000960; BGC0000961; BGC0000963; BGC0000964; BGC0000965; BGC0000966; BGC0000967; BGC0000968; BGC0000969; BGC0000970; BGC0000971; BGC0000972; BGC0000973; BGC0000974; BGC0000975; BGC0000976; BGC0000977; BGC0000978; BGC0000979; BGC0000980; BGC0000981; BGC0000982; BGC0000983; BGC0000984; BGC0000985; BGC0000986; BGC0000988; BGC0000989; BGC0000990; BGC0000991; BGC0000992; BGC0000993; BGC0000994; BGC0000995; BGC0000996; BGC0000997; BGC0000998; BGC0000999; BGC0001000; BGC0001001; BGC0001002; BGC0001003; BGC0001004; BGC0001005; BGC0001006; BGC0001007; BGC0001008; BGC0001010; BGC0001011; BGC0001012; BGC0001013; BGC0001014; BGC0001015; BGC0001016; BGC0001017; BGC0001019; BGC0001021; BGC0001022; BGC0001023; BGC0001024; BGC0001025; BGC0001026; BGC0001027; BGC0001028; BGC0001029; BGC0001030; BGC0001031; BGC0001032; BGC0001033; BGC0001034; BGC0001035; BGC0001036; BGC0001037; BGC0001038; BGC0001039; BGC0001040; BGC0001041; BGC0001042; BGC0001043; BGC0001045; BGC0001046; BGC0001047; BGC0001048; BGC0001050; BGC0001051; BGC0001052; BGC0001053; BGC0001054; BGC0001055; BGC0001056; BGC0001057; BGC0001058; BGC0001059; BGC0001060; BGC0001061; BGC0001062; BGC0001063; BGC0001064; BGC0001065; BGC0001066; BGC0001067; BGC0001069; BGC0001070; BGC0001071; BGC0001072; BGC0001077; BGC0001088; BGC0001089; BGC0001090; BGC0001091; BGC0001093; BGC0001094; BGC0001095; BGC0001098; BGC0001099; BGC0001100; BGC0001101; BGC0001102; BGC0001103; BGC0001105; BGC0001106; BGC0001108; BGC0001109; BGC0001110; BGC0001111; BGC0001112; BGC0001113; BGC0001114; BGC0001115; BGC0001116; BGC0001119; BGC0001122; BGC0001124; BGC0001125; BGC0001126; BGC0001130; BGC0001136; BGC0001137; BGC0001140; BGC0001141; BGC0001143; BGC0001144; BGC0001152; BGC0001156; BGC0001159; BGC0001160; BGC0001161; BGC0001162; BGC0001163; BGC0001164; BGC0001165; BGC0001168; BGC0001169; BGC0001172; BGC0001178; BGC0001183; BGC0001186; BGC0001187; BGC0001189; BGC0001190; BGC0001194; BGC0001195; BGC0001199; BGC0001200; BGC0001202; BGC0001203; BGC0001204; BGC0001205; BGC0001207; BGC0001212; BGC0001213; BGC0001214; BGC0001215; BGC0001216; BGC0001218; BGC0001230; BGC0001231; BGC0001233; BGC0001235; BGC0001237; BGC0001242; BGC0001244; BGC0001245; BGC0001246; BGC0001249; BGC0001250; BGC0001251; BGC0001254; BGC0001255; BGC0001257; BGC0001264; BGC0001266; BGC0001268; BGC0001273; BGC0001275; BGC0001276; BGC0001281; BGC0001283; BGC0001284; BGC0001287; BGC0001288; BGC0001290; BGC0001293; BGC0001296; BGC0001298; BGC0001299; BGC0001300; BGC0001301; BGC0001303; BGC0001305; BGC0001313; BGC0001314; BGC0001327; BGC0001328; BGC0001329; BGC0001330; BGC0001331; BGC0001332; BGC0001339; BGC0001340; BGC0001341; BGC0001342; BGC0001343; BGC0001344; BGC0001348; BGC0001349; BGC0001351; BGC0001357; BGC0001358; BGC0001360; BGC0001361; BGC0001363; BGC0001365; BGC0001366; BGC0001367; BGC0001370; BGC0001371; BGC0001373; BGC0001376; BGC0001381; BGC0001383; BGC0001384; BGC0001386; BGC0001389; BGC0001390; BGC0001394; BGC0001395; BGC0001396; BGC0001397; BGC0001399; BGC0001400; BGC0001404; BGC0001405; BGC0001406; BGC0001409; BGC0001411; BGC0001415; BGC0001416; BGC0001417; BGC0001418; BGC0001419; BGC0001420; BGC0001421; BGC0001422; BGC0001423; BGC0001424; BGC0001425; BGC0001426; BGC0001427; BGC0001428; BGC0001429; BGC0001430; BGC0001431; BGC0001432; BGC0001433; BGC0001435; BGC0001443; BGC0001445; BGC0001446; BGC0001447; BGC0001448; BGC0001449; BGC0001452; BGC0001455; BGC0001457; BGC0001458; BGC0001459; BGC0001460; BGC0001461; BGC0001462; BGC0001467; BGC0001470; BGC0001477; BGC0001491; BGC0001492; BGC0001495; BGC0001496; BGC0001501; BGC0001502; BGC0001503; BGC0001504; BGC0001508; BGC0001511; BGC0001515; BGC0001519; BGC0001520; BGC0001522; BGC0001523; BGC0001524; BGC0001532; BGC0001533; BGC0001537; BGC0001543; BGC0001544; BGC0001553; BGC0001556; BGC0001560; BGC0001563; BGC0001564; BGC0001565; BGC0001566; BGC0001567; BGC0001574; BGC0001578; BGC0001580; BGC0001582; BGC0001584; BGC0001590; BGC0001593; BGC0001594; BGC0001595; BGC0001596; BGC0001597; BGC0001600; BGC0001603; BGC0001605; BGC0001606; BGC0001611; BGC0001612; BGC0001619; BGC0001620; BGC0001625; BGC0001627; BGC0001628; BGC0001629; BGC0001630; BGC0001631; BGC0001635; BGC0001641; BGC0001644; BGC0001647; BGC0001648; BGC0001649; BGC0001650; BGC0001653; BGC0001656; BGC0001658; BGC0001661; BGC0001662; BGC0001663; BGC0001665; BGC0001666; BGC0001667; BGC0001670; BGC0001674; BGC0001675; BGC0001690; BGC0001693; BGC0001694; BGC0001695; BGC0001700; BGC0001701; BGC0001702; BGC0001703; BGC0001704; BGC0001705; BGC0001708; BGC0001709; BGC0001711; BGC0001719; BGC0001720; BGC0001722; BGC0001723; BGC0001724; BGC0001726; BGC0001727; BGC0001728; BGC0001729; BGC0001737; BGC0001738; BGC0001740; BGC0001741; BGC0001742; BGC0001748; BGC0001749; BGC0001750; BGC0001751; BGC0001755; BGC0001756; BGC0001759; BGC0001760; BGC0001761; BGC0001763; BGC0001764; BGC0001769; BGC0001770; BGC0001772; BGC0001773; BGC0001780; BGC0001783; BGC0001784; BGC0001785; BGC0001790; BGC0001792; BGC0001793; BGC0001794; BGC0001795; BGC0001800; BGC0001806; BGC0001807; BGC0001812; BGC0001816; BGC0001819; BGC0001820; BGC0001822; BGC0001823; BGC0001828; BGC0001830; BGC0001831; BGC0001835; BGC0001836; BGC0001838; BGC0001840; BGC0001841; BGC0001843; BGC0001845; BGC0001846; BGC0001848; BGC0001851; BGC0001852; BGC0001853; BGC0001854; BGC0001856; BGC0001857; BGC0001858; BGC0001865; BGC0001866; BGC0001872; BGC0001874; BGC0001875; BGC0001876; BGC0001877; BGC0001878; BGC0001881; BGC0001884; BGC0001885; BGC0001897; BGC0001899; BGC0001902; BGC0001904; BGC0001906; BGC0001907; BGC0001909; BGC0001913; BGC0001918; BGC0001919; BGC0001920; BGC0001922; BGC0001926; BGC0001927; BGC0001931; BGC0001940; BGC0001941; BGC0001942; BGC0001944; BGC0001945; BGC0001950; BGC0001951; BGC0001952; BGC0001953; BGC0001954; BGC0001955; BGC0001956; BGC0001957; BGC0001963; BGC0001964; BGC0001966; BGC0001967; BGC0001968; BGC0001970; BGC0001971; BGC0001975; BGC0001976; BGC0001979; BGC0001983; BGC0001984; BGC0001988; BGC0001991; BGC0001998; BGC0001999; BGC0002001; BGC0002009; BGC0002010; BGC0002011; BGC0002012; BGC0002014; BGC0002015; BGC0002021; BGC0002022; BGC0002024; BGC0002025; BGC0002026; BGC0002028; BGC0002032; BGC0002033; BGC0002035; BGC0002038; BGC0002045; BGC0002046; BGC0002047; BGC0002050; BGC0002054; BGC0002055; BGC0002056; BGC0002058; BGC0002059; BGC0002060; BGC0002063; BGC0002066; BGC0002067; BGC0002068; BGC0002071; BGC0002072; BGC0002078; BGC0002079; BGC0002081; BGC0002082; BGC0002083; BGC0002085; BGC0002086; BGC0002087; BGC0002088; BGC0002090; BGC0002092; BGC0002093; BGC0002096; BGC0002097; BGC0002098; BGC0002101; BGC0002102; BGC0002104; BGC0002106; BGC0002107; BGC0002109; BGC0002114; BGC0002116; BGC0002117; BGC0002118; BGC0002119; BGC0002122; BGC0002123; BGC0002124; BGC0002126; BGC0002129; BGC0002131; BGC0002133; BGC0002137; BGC0002138; BGC0002139; BGC0002140; BGC0002141; BGC0002142; BGC0002147; BGC0002153; BGC0002154; BGC0002155; BGC0002158; BGC0002161; BGC0002165; BGC0002168; BGC0002169; BGC0002170; BGC0002173; BGC0002177; BGC0002180; BGC0002185; BGC0002186; BGC0002187; BGC0002188; BGC0002190; BGC0002191; BGC0002192; BGC0002194; BGC0002196; BGC0002197; BGC0002203; BGC0002204; BGC0002205; BGC0002206; BGC0002209; BGC0002210; BGC0002211; BGC0002212; BGC0002213; BGC0002214; BGC0002215; BGC0002222; BGC0002225; BGC0002227; BGC0002228; BGC0002229; BGC0002230; BGC0002233; BGC0002234; BGC0002235; BGC0002236; BGC0002237; BGC0002238; BGC0002239; BGC0002240; BGC0002244; BGC0002250; BGC0002253; BGC0002255; BGC0002258; BGC0002259; BGC0002261; BGC0002266; BGC0002267; BGC0002268; BGC0002270; BGC0002274; BGC0002283; BGC0002287; BGC0002288; BGC0002291; BGC0002293; BGC0002296; BGC0002297; BGC0002300; BGC0002301; BGC0002304; BGC0002307; BGC0002308; BGC0002314; BGC0002316; BGC0002327; BGC0002329; BGC0002333; BGC0002336; BGC0002338; BGC0002342; BGC0002344; BGC0002346; BGC0002348; BGC0002349; BGC0002350; BGC0002352; BGC0002355; BGC0002356; BGC0002357; BGC0002361; BGC0002362; BGC0002364; BGC0002365; BGC0002366; BGC0002367; BGC0002370; BGC0002372; BGC0002374; BGC0002376; BGC0002379; BGC0002381; BGC0002383; BGC0002385; BGC0002386; BGC0002387; BGC0002397; BGC0002398; BGC0002400; BGC0002405; BGC0002410; BGC0002411; BGC0002416; BGC0002417; BGC0002418; BGC0002419; BGC0002420; BGC0002422; BGC0002427; BGC0002429; BGC0002430; BGC0002431; BGC0002433; BGC0002434; BGC0002440; BGC0002446; BGC0002448; BGC0002451; BGC0002452; BGC0002453; BGC0002454; BGC0002455; BGC0002456; BGC0002461; BGC0002475; BGC0002477; BGC0002478; BGC0002479; BGC0002480; BGC0002483; BGC0002484; BGC0002497; BGC0002498; BGC0002500; BGC0002501; BGC0002502; BGC0002503; BGC0002504; BGC0002505; BGC0002509; BGC0002514; BGC0002515; BGC0002517; BGC0002520; BGC0002521; BGC0002523; BGC0002525; BGC0002526; BGC0002532; BGC0002533; BGC0002537; BGC0002538; BGC0002539; BGC0002540; BGC0002541; BGC0002542; BGC0002544; BGC0002545; BGC0002546; BGC0002550; BGC0002552; BGC0002555; BGC0002556; BGC0002558; BGC0002559; BGC0002563; BGC0002565; BGC0002570; BGC0002571; BGC0002572; BGC0002582; BGC0002587; BGC0002591; BGC0002594; BGC0002597; BGC0002598; BGC0002603; BGC0002604; BGC0002605; BGC0002606; BGC0002607; BGC0002611; BGC0002612; BGC0002613; BGC0002614; BGC0002615; BGC0002619; BGC0002623; BGC0002625; BGC0002634; BGC0002637; BGC0002638; BGC0002641; BGC0002642; BGC0002646; BGC0002649; BGC0002656; BGC0002661; BGC0002666; BGC0002671; BGC0002672; BGC0002673; BGC0002675; BGC0002676; BGC0002677; BGC0002686; BGC0002687; BGC0002697; BGC0002702; BGC0002706; BGC0002710; BGC0002711; BGC0002715; BGC0002718; BGC0002719; BGC0002729; BGC0002731; BGC0002732; BGC0002734; BGC0002735; BGC0002745; BGC0002749; BGC0002759; BGC0002760; BGC0002788; BGC0002789; BGC0002804; BGC0002808; BGC0002810; BGC0002813; BGC0002814; BGC0002815; BGC0002816,1167,
27,MAG.27,BGC clusters detected,bin.27.orig.metawrap.repaired.zip,25adfe8848bb7188060bfa8ab40725840e3e59b2e6b73cf75a716e682ee12569,data/kegg_modules/mags/gbk_antismash/bin.27.orig.metawrap.repaired/index.html,data/kegg_modules/mags/gbk_antismash/bin.27.orig.metawrap.repaired/bin.27.orig.metawrap.repaired.json,8.0.4,3,3,3,terpene; terpene-precursor,terpene,BGC0000668; BGC0001126; BGC0001281; BGC0001447; BGC0001501; BGC0001594; BGC0001595; BGC0001605; BGC0001612; BGC0001756; BGC0002173; BGC0002386; BGC0002397; BGC0002398; BGC0002400; BGC0002520,16,
28,MAG.28,BGC clusters detected,bin.28.orig.metawrap.3.repaired(1).zip,37190177415ac1c540ec0105fa3e0b609c56649070d6f0726651b233aae666a0,data/kegg_modules/mags/gbk_antismash/bin.28.orig.metawrap.3.repaired1/index.html,data/kegg_modules/mags/gbk_antismash/bin.28.orig.metawrap.3.repaired1/bin.28.orig.metawrap.3.repaired.json,8.0.4,2,2,2,terpene-precursor,terpene,BGC0000632; BGC0000639; BGC0000640; BGC0000641; BGC0000643; BGC0000646; BGC0000651; BGC0000653; BGC0000654; BGC0000663; BGC0000665; BGC0000666; BGC0000668; BGC0000673; BGC0000676; BGC0000678; BGC0000688; BGC0000905; BGC0001082; BGC0001140; BGC0001156; BGC0001373; BGC0001395; BGC0001528; BGC0001529; BGC0001595; BGC0001604; BGC0001659; BGC0001706; BGC0001776; BGC0001816; BGC0001969; BGC0001975; BGC0002149; BGC0002162; BGC0002181; BGC0002218; BGC0002219; BGC0002220; BGC0002221; BGC0002233; BGC0002245; BGC0002320; BGC0002372; BGC0002427; BGC0002429; BGC0002603; BGC0002604; BGC0002610; BGC0002614; BGC0002736; BGC0002759,52,
29,MAG.29,BGC clusters detected,bin.29.orig.metawrap.repaired(3).zip,e2bc7c97dcd53103b9f71ac7c5edabed35e1953a6c300091529657cba829a2de,data/kegg_modules/mags/gbk_antismash/bin.29.orig.metawrap.repaired3/index.html,data/kegg_modules/mags/gbk_antismash/bin.29.orig.metawrap.repaired3/bin.29.orig.metawrap.repaired.json,8.0.4,1,1,1,terpene-precursor,terpene,BGC0000665; BGC0000666; BGC0002372,3,
30,MAG.30,BGC clusters detected,bin.30.orig.metawrap.repaired(1).zip,620d4342e7ed6da28aa53573d684d06ee469b71d24785fe0d7c21e48c05608cc,data/kegg_modules/mags/gbk_antismash/bin.30.orig.metawrap.repaired1/index.html,data/kegg_modules/mags/gbk_antismash/bin.30.orig.metawrap.repaired1/bin.30.orig.metawrap.repaired.json,8.0.4,2,2,2,nucleoside; terpene,other; terpene,BGC0000026; BGC0000033; BGC0000078; BGC0000081; BGC0000082; BGC0000102; BGC0000112; BGC0000167; BGC0000200; BGC0000203; BGC0000211; BGC0000227; BGC0000239; BGC0000242; BGC0000247; BGC0000258; BGC0000260; BGC0000262; BGC0000288; BGC0000374; BGC0000413; BGC0000633; BGC0000634; BGC0000636; BGC0000637; BGC0000638; BGC0000639; BGC0000641; BGC0000642; BGC0000643; BGC0000644; BGC0000645; BGC0000648; BGC0000649; BGC0000650; BGC0000656; BGC0000664; BGC0000690; BGC0000692; BGC0000699; BGC0000716; BGC0000724; BGC0000727; BGC0000728; BGC0000729; BGC0000730; BGC0000731; BGC0000732; BGC0000733; BGC0000740; BGC0000741; BGC0000742; BGC0000743; BGC0000744; BGC0000745; BGC0000746; BGC0000747; BGC0000748; BGC0000758; BGC0000759; BGC0000760; BGC0000761; BGC0000763; BGC0000764; BGC0000765; BGC0000766; BGC0000767; BGC0000768; BGC0000773; BGC0000778; BGC0000780; BGC0000781; BGC0000782; BGC0000785; BGC0000791; BGC0000794; BGC0000796; BGC0000797; BGC0000799; BGC0000803; BGC0000804; BGC0000809; BGC0000827; BGC0000868; BGC0000871; BGC0000880; BGC0000907; BGC0000949; BGC0000965; BGC0000969; BGC0001011; BGC0001063; BGC0001110; BGC0001186; BGC0001212; BGC0001342; BGC0001395; BGC0001397; BGC0001410; BGC0001411; BGC0001414; BGC0001438; BGC0001448; BGC0001452; BGC0001456; BGC0001458; BGC0001503; BGC0001522; BGC0001558; BGC0001568; BGC0001584; BGC0001588; BGC0001589; BGC0001651; BGC0001661; BGC0001666; BGC0001675; BGC0001711; BGC0001747; BGC0001791; BGC0001830; BGC0001877; BGC0001894; BGC0001947; BGC0001979; BGC0002012; BGC0002085; BGC0002088; BGC0002302; BGC0002381; BGC0002384; BGC0002386; BGC0002430; BGC0002449; BGC0002452; BGC0002454; BGC0002461; BGC0002514; BGC0002553; BGC0002558; BGC0002634; BGC0002642; BGC0002675; BGC0002689; BGC0002754,145,
31,MAG.31,BGC clusters detected,bin.31.zip,2b4e9a3f389efddaad0f0b480e3d4310d36b5d2c7e9a77d6febf621039807a46,data/kegg_modules/mags/gbk_antismash/bin.31/bin.31/index.html,data/kegg_modules/mags/gbk_antismash/bin.31/bin.31/bin.31.strict.json,6.1.1,1,1,1,betalactone,none identified,,0,
32,MAG.32,No BGC clusters identified,,,,,,0,0,0,none identified,none identified,,0,No BGC clusters identified for this MAG/bin in the final antiSMASH set.
33,MAG.33,BGC clusters detected,bin.33.permissive.metawrap(2).zip,a9c43ec11bb084f16beededcd2fff504d237d247071114d79c23cd7c4b79b96c,data/kegg_modules/mags/gbk_antismash/bin.33.permissive.metawrap2/index.html,data/kegg_modules/mags/gbk_antismash/bin.33.permissive.metawrap2/bin.33.permissive.metawrap.json,8.0.4,3,3,3,terpene; terpene-precursor,terpene,BGC0000014; BGC0000035; BGC0000043; BGC0000054; BGC0000086; BGC0000087; BGC0000262; BGC0000286; BGC0000289; BGC0000298; BGC0000429; BGC0000633; BGC0000634; BGC0000635; BGC0000636; BGC0000640; BGC0000642; BGC0000643; BGC0000644; BGC0000648; BGC0000649; BGC0000651; BGC0000653; BGC0000654; BGC0000663; BGC0000664; BGC0000665; BGC0000666; BGC0000668; BGC0000677; BGC0000678; BGC0000679; BGC0000700; BGC0000934; BGC0001047; BGC0001063; BGC0001078; BGC0001079; BGC0001080; BGC0001083; BGC0001126; BGC0001140; BGC0001156; BGC0001227; BGC0001288; BGC0001373; BGC0001395; BGC0001456; BGC0001501; BGC0001528; BGC0001529; BGC0001556; BGC0001558; BGC0001594; BGC0001595; BGC0001612; BGC0001756; BGC0001816; BGC0001848; BGC0001911; BGC0001975; BGC0002007; BGC0002026; BGC0002044; BGC0002090; BGC0002162; BGC0002218; BGC0002296; BGC0002309; BGC0002344; BGC0002381; BGC0002397; BGC0002398; BGC0002400; BGC0002427; BGC0002429; BGC0002561; BGC0002591; BGC0002610; BGC0002676; BGC0002713; BGC0002736,82,
34,MAG.34,BGC clusters detected,bin.34.permissive.metawrap.repaired(1).zip,610adea7dee5e17dfd7a956515d5763869cc6a750f02380c5ba7fb135a2b24e0,data/kegg_modules/mags/gbk_antismash/bin.34.permissive.metawrap.repaired1/index.html,data/kegg_modules/mags/gbk_antismash/bin.34.permissive.metawrap.repaired1/bin.34.permissive.metawrap.repaired.json,8.0.4,11,11,11,CDPS; NRPS; NRPS-like; T1PKS; T3PKS; lassopeptide; terpene; terpene-precursor,NRPS; PKS; RiPP; terpene,BGC0000001; BGC0000002; BGC0000003; BGC0000011; BGC0000012; BGC0000013; BGC0000014; BGC0000017; BGC0000018; BGC0000020; BGC0000021; BGC0000022; BGC0000023; BGC0000024; BGC0000026; BGC0000028; BGC0000029; BGC0000030; BGC0000031; BGC0000032; BGC0000033; BGC0000034; BGC0000035; BGC0000036; BGC0000037; BGC0000038; BGC0000039; BGC0000040; BGC0000041; BGC0000042; BGC0000043; BGC0000044; BGC0000045; BGC0000046; BGC0000047; BGC0000048; BGC0000050; BGC0000051; BGC0000052; BGC0000053; BGC0000054; BGC0000055; BGC0000057; BGC0000058; BGC0000059; BGC0000060; BGC0000062; BGC0000063; BGC0000065; BGC0000066; BGC0000067; BGC0000069; BGC0000070; BGC0000072; BGC0000073; BGC0000074; BGC0000075; BGC0000076; BGC0000077; BGC0000078; BGC0000079; BGC0000080; BGC0000081; BGC0000082; BGC0000083; BGC0000084; BGC0000085; BGC0000086; BGC0000087; BGC0000088; BGC0000090; BGC0000091; BGC0000092; BGC0000093; BGC0000094; BGC0000096; BGC0000097; BGC0000098; BGC0000100; BGC0000102; BGC0000103; BGC0000104; BGC0000105; BGC0000106; BGC0000109; BGC0000110; BGC0000111; BGC0000112; BGC0000113; BGC0000114; BGC0000115; BGC0000116; BGC0000117; BGC0000118; BGC0000119; BGC0000120; BGC0000122; BGC0000123; BGC0000124; BGC0000125; BGC0000126; BGC0000127; BGC0000128; BGC0000129; BGC0000130; BGC0000131; BGC0000132; BGC0000133; BGC0000134; BGC0000135; BGC0000136; BGC0000137; BGC0000138; BGC0000140; BGC0000141; BGC0000142; BGC0000143; BGC0000144; BGC0000145; BGC0000146; BGC0000147; BGC0000148; BGC0000149; BGC0000150; BGC0000151; BGC0000152; BGC0000153; BGC0000156; BGC0000157; BGC0000158; BGC0000159; BGC0000160; BGC0000161; BGC0000162; BGC0000163; BGC0000164; BGC0000165; BGC0000166; BGC0000167; BGC0000168; BGC0000170; BGC0000171; BGC0000172; BGC0000173; BGC0000174; BGC0000175; BGC0000176; BGC0000177; BGC0000178; BGC0000179; BGC0000180; BGC0000181; BGC0000182; BGC0000184; BGC0000185; BGC0000186; BGC0000187; BGC0000199; BGC0000204; BGC0000209; BGC0000210; BGC0000216; BGC0000222; BGC0000232; BGC0000233; BGC0000235; BGC0000243; BGC0000249; BGC0000257; BGC0000258; BGC0000260; BGC0000263; BGC0000264; BGC0000268; BGC0000269; BGC0000270; BGC0000273; BGC0000287; BGC0000288; BGC0000289; BGC0000290; BGC0000291; BGC0000292; BGC0000294; BGC0000296; BGC0000297; BGC0000298; BGC0000300; BGC0000301; BGC0000302; BGC0000303; BGC0000304; BGC0000305; BGC0000306; BGC0000307; BGC0000308; BGC0000309; BGC0000310; BGC0000311; BGC0000312; BGC0000313; BGC0000315; BGC0000316; BGC0000319; BGC0000320; BGC0000321; BGC0000322; BGC0000323; BGC0000324; BGC0000325; BGC0000326; BGC0000327; BGC0000328; BGC0000329; BGC0000330; BGC0000331; BGC0000332; BGC0000333; BGC0000334; BGC0000335; BGC0000336; BGC0000337; BGC0000339; BGC0000340; BGC0000341; BGC0000342; BGC0000343; BGC0000344; BGC0000345; BGC0000346; BGC0000349; BGC0000350; BGC0000351; BGC0000353; BGC0000354; BGC0000355; BGC0000357; BGC0000359; BGC0000360; BGC0000362; BGC0000363; BGC0000364; BGC0000365; BGC0000366; BGC0000367; BGC0000368; BGC0000369; BGC0000371; BGC0000372; BGC0000373; BGC0000374; BGC0000375; BGC0000376; BGC0000377; BGC0000378; BGC0000379; BGC0000380; BGC0000381; BGC0000383; BGC0000384; BGC0000385; BGC0000386; BGC0000388; BGC0000391; BGC0000392; BGC0000393; BGC0000394; BGC0000395; BGC0000396; BGC0000397; BGC0000398; BGC0000399; BGC0000400; BGC0000401; BGC0000402; BGC0000403; BGC0000404; BGC0000405; BGC0000407; BGC0000408; BGC0000409; BGC0000410; BGC0000411; BGC0000412; BGC0000413; BGC0000414; BGC0000415; BGC0000416; BGC0000417; BGC0000418; BGC0000419; BGC0000421; BGC0000422; BGC0000423; BGC0000424; BGC0000425; BGC0000426; BGC0000427; BGC0000428; BGC0000429; BGC0000430; BGC0000431; BGC0000432; BGC0000433; BGC0000434; BGC0000435; BGC0000436; BGC0000437; BGC0000438; BGC0000439; BGC0000440; BGC0000441; BGC0000442; BGC0000443; BGC0000444; BGC0000445; BGC0000446; BGC0000447; BGC0000448; BGC0000449; BGC0000450; BGC0000452; BGC0000453; BGC0000454; BGC0000455; BGC0000457; BGC0000459; BGC0000460; BGC0000461; BGC0000464; BGC0000465; BGC0000466; BGC0000467; BGC0000487; BGC0000488; BGC0000497; BGC0000552; BGC0000601; BGC0000611; BGC0000630; BGC0000632; BGC0000633; BGC0000634; BGC0000635; BGC0000636; BGC0000638; BGC0000639; BGC0000640; BGC0000641; BGC0000642; BGC0000643; BGC0000645; BGC0000646; BGC0000648; BGC0000651; BGC0000653; BGC0000656; BGC0000663; BGC0000664; BGC0000665; BGC0000666; BGC0000668; BGC0000670; BGC0000678; BGC0000679; BGC0000682; BGC0000684; BGC0000712; BGC0000715; BGC0000716; BGC0000727; BGC0000761; BGC0000834; BGC0000836; BGC0000849; BGC0000861; BGC0000862; BGC0000863; BGC0000864; BGC0000865; BGC0000869; BGC0000873; BGC0000876; BGC0000878; BGC0000886; BGC0000890; BGC0000892; BGC0000893; BGC0000900; BGC0000901; BGC0000905; BGC0000921; BGC0000935; BGC0000949; BGC0000950; BGC0000951; BGC0000953; BGC0000954; BGC0000955; BGC0000956; BGC0000957; BGC0000958; BGC0000959; BGC0000960; BGC0000961; BGC0000963; BGC0000964; BGC0000966; BGC0000967; BGC0000968; BGC0000969; BGC0000970; BGC0000971; BGC0000972; BGC0000973; BGC0000974; BGC0000975; BGC0000976; BGC0000977; BGC0000978; BGC0000979; BGC0000980; BGC0000981; BGC0000982; BGC0000983; BGC0000984; BGC0000985; BGC0000986; BGC0000988; BGC0000989; BGC0000990; BGC0000991; BGC0000992; BGC0000993; BGC0000994; BGC0000995; BGC0000996; BGC0000997; BGC0000998; BGC0000999; BGC0001000; BGC0001001; BGC0001002; BGC0001003; BGC0001004; BGC0001005; BGC0001006; BGC0001007; BGC0001008; BGC0001010; BGC0001011; BGC0001012; BGC0001013; BGC0001014; BGC0001015; BGC0001016; BGC0001017; BGC0001018; BGC0001019; BGC0001020; BGC0001021; BGC0001022; BGC0001023; BGC0001024; BGC0001025; BGC0001026; BGC0001027; BGC0001028; BGC0001029; BGC0001030; BGC0001031; BGC0001032; BGC0001033; BGC0001034; BGC0001035; BGC0001036; BGC0001037; BGC0001038; BGC0001039; BGC0001040; BGC0001041; BGC0001042; BGC0001043; BGC0001044; BGC0001045; BGC0001046; BGC0001047; BGC0001048; BGC0001050; BGC0001051; BGC0001052; BGC0001053; BGC0001054; BGC0001055; BGC0001056; BGC0001057; BGC0001058; BGC0001059; BGC0001060; BGC0001061; BGC0001062; BGC0001063; BGC0001064; BGC0001065; BGC0001066; BGC0001067; BGC0001069; BGC0001070; BGC0001071; BGC0001072; BGC0001073; BGC0001076; BGC0001088; BGC0001089; BGC0001090; BGC0001091; BGC0001093; BGC0001094; BGC0001095; BGC0001098; BGC0001099; BGC0001100; BGC0001101; BGC0001102; BGC0001103; BGC0001105; BGC0001106; BGC0001108; BGC0001109; BGC0001110; BGC0001111; BGC0001112; BGC0001113; BGC0001114; BGC0001115; BGC0001116; BGC0001117; BGC0001118; BGC0001119; BGC0001122; BGC0001123; BGC0001124; BGC0001125; BGC0001126; BGC0001127; BGC0001128; BGC0001130; BGC0001131; BGC0001132; BGC0001133; BGC0001135; BGC0001136; BGC0001138; BGC0001140; BGC0001141; BGC0001142; BGC0001143; BGC0001144; BGC0001147; BGC0001148; BGC0001149; BGC0001152; BGC0001153; BGC0001154; BGC0001156; BGC0001159; BGC0001160; BGC0001161; BGC0001162; BGC0001163; BGC0001164; BGC0001165; BGC0001166; BGC0001168; BGC0001169; BGC0001172; BGC0001178; BGC0001183; BGC0001185; BGC0001186; BGC0001187; BGC0001189; BGC0001190; BGC0001192; BGC0001193; BGC0001194; BGC0001195; BGC0001199; BGC0001200; BGC0001202; BGC0001203; BGC0001204; BGC0001205; BGC0001207; BGC0001211; BGC0001212; BGC0001213; BGC0001214; BGC0001215; BGC0001216; BGC0001218; BGC0001219; BGC0001220; BGC0001225; BGC0001227; BGC0001228; BGC0001230; BGC0001231; BGC0001233; BGC0001235; BGC0001237; BGC0001240; BGC0001241; BGC0001242; BGC0001244; BGC0001245; BGC0001246; BGC0001254; BGC0001255; BGC0001257; BGC0001258; BGC0001266; BGC0001268; BGC0001273; BGC0001275; BGC0001276; BGC0001281; BGC0001283; BGC0001284; BGC0001287; BGC0001288; BGC0001290; BGC0001292; BGC0001293; BGC0001296; BGC0001297; BGC0001298; BGC0001299; BGC0001300; BGC0001301; BGC0001303; BGC0001304; BGC0001305; BGC0001312; BGC0001313; BGC0001314; BGC0001327; BGC0001328; BGC0001329; BGC0001330; BGC0001331; BGC0001332; BGC0001338; BGC0001339; BGC0001340; BGC0001341; BGC0001342; BGC0001344; BGC0001345; BGC0001346; BGC0001348; BGC0001349; BGC0001351; BGC0001356; BGC0001357; BGC0001358; BGC0001360; BGC0001363; BGC0001365; BGC0001367; BGC0001368; BGC0001370; BGC0001371; BGC0001372; BGC0001373; BGC0001377; BGC0001379; BGC0001381; BGC0001383; BGC0001389; BGC0001390; BGC0001392; BGC0001393; BGC0001394; BGC0001396; BGC0001399; BGC0001400; BGC0001404; BGC0001405; BGC0001406; BGC0001409; BGC0001413; BGC0001414; BGC0001415; BGC0001416; BGC0001417; BGC0001418; BGC0001419; BGC0001420; BGC0001421; BGC0001422; BGC0001423; BGC0001424; BGC0001425; BGC0001426; BGC0001427; BGC0001428; BGC0001429; BGC0001430; BGC0001431; BGC0001432; BGC0001433; BGC0001434; BGC0001435; BGC0001437; BGC0001439; BGC0001442; BGC0001443; BGC0001444; BGC0001445; BGC0001446; BGC0001447; BGC0001448; BGC0001449; BGC0001451; BGC0001452; BGC0001455; BGC0001456; BGC0001457; BGC0001459; BGC0001460; BGC0001461; BGC0001462; BGC0001463; BGC0001464; BGC0001465; BGC0001467; BGC0001469; BGC0001470; BGC0001477; BGC0001480; BGC0001483; BGC0001489; BGC0001491; BGC0001492; BGC0001495; BGC0001500; BGC0001501; BGC0001502; BGC0001503; BGC0001504; BGC0001508; BGC0001509; BGC0001511; BGC0001513; BGC0001515; BGC0001516; BGC0001517; BGC0001518; BGC0001519; BGC0001520; BGC0001522; BGC0001523; BGC0001524; BGC0001532; BGC0001533; BGC0001536; BGC0001537; BGC0001541; BGC0001542; BGC0001543; BGC0001544; BGC0001545; BGC0001553; BGC0001556; BGC0001558; BGC0001560; BGC0001561; BGC0001562; BGC0001563; BGC0001564; BGC0001565; BGC0001566; BGC0001567; BGC0001569; BGC0001570; BGC0001573; BGC0001574; BGC0001575; BGC0001580; BGC0001582; BGC0001593; BGC0001594; BGC0001595; BGC0001597; BGC0001605; BGC0001606; BGC0001608; BGC0001609; BGC0001611; BGC0001612; BGC0001615; BGC0001619; BGC0001620; BGC0001623; BGC0001627; BGC0001628; BGC0001629; BGC0001630; BGC0001631; BGC0001635; BGC0001636; BGC0001637; BGC0001641; BGC0001644; BGC0001647; BGC0001648; BGC0001649; BGC0001650; BGC0001652; BGC0001653; BGC0001656; BGC0001657; BGC0001658; BGC0001662; BGC0001663; BGC0001665; BGC0001666; BGC0001667; BGC0001670; BGC0001671; BGC0001672; BGC0001677; BGC0001690; BGC0001692; BGC0001693; BGC0001694; BGC0001695; BGC0001699; BGC0001700; BGC0001702; BGC0001703; BGC0001704; BGC0001705; BGC0001708; BGC0001709; BGC0001711; BGC0001712; BGC0001715; BGC0001716; BGC0001719; BGC0001720; BGC0001721; BGC0001722; BGC0001724; BGC0001726; BGC0001728; BGC0001729; BGC0001736; BGC0001737; BGC0001738; BGC0001740; BGC0001741; BGC0001742; BGC0001748; BGC0001749; BGC0001750; BGC0001751; BGC0001752; BGC0001755; BGC0001756; BGC0001758; BGC0001759; BGC0001760; BGC0001761; BGC0001763; BGC0001764; BGC0001768; BGC0001770; BGC0001771; BGC0001772; BGC0001773; BGC0001780; BGC0001784; BGC0001785; BGC0001790; BGC0001791; BGC0001792; BGC0001793; BGC0001794; BGC0001795; BGC0001796; BGC0001800; BGC0001801; BGC0001806; BGC0001807; BGC0001812; BGC0001813; BGC0001814; BGC0001816; BGC0001818; BGC0001819; BGC0001822; BGC0001823; BGC0001824; BGC0001825; BGC0001826; BGC0001827; BGC0001828; BGC0001830; BGC0001833; BGC0001834; BGC0001835; BGC0001836; BGC0001838; BGC0001840; BGC0001841; BGC0001842; BGC0001843; BGC0001844; BGC0001845; BGC0001846; BGC0001848; BGC0001853; BGC0001854; BGC0001856; BGC0001857; BGC0001858; BGC0001859; BGC0001866; BGC0001872; BGC0001873; BGC0001874; BGC0001875; BGC0001876; BGC0001877; BGC0001878; BGC0001881; BGC0001884; BGC0001885; BGC0001890; BGC0001891; BGC0001897; BGC0001899; BGC0001902; BGC0001904; BGC0001906; BGC0001907; BGC0001909; BGC0001918; BGC0001919; BGC0001922; BGC0001923; BGC0001925; BGC0001926; BGC0001927; BGC0001931; BGC0001940; BGC0001941; BGC0001942; BGC0001944; BGC0001945; BGC0001950; BGC0001951; BGC0001952; BGC0001953; BGC0001955; BGC0001956; BGC0001957; BGC0001963; BGC0001966; BGC0001967; BGC0001968; BGC0001970; BGC0001971; BGC0001975; BGC0001976; BGC0001980; BGC0001984; BGC0001987; BGC0001988; BGC0001991; BGC0001998; BGC0001999; BGC0002001; BGC0002007; BGC0002009; BGC0002010; BGC0002011; BGC0002014; BGC0002017; BGC0002021; BGC0002022; BGC0002024; BGC0002025; BGC0002026; BGC0002028; BGC0002032; BGC0002033; BGC0002035; BGC0002037; BGC0002038; BGC0002044; BGC0002046; BGC0002047; BGC0002048; BGC0002050; BGC0002051; BGC0002054; BGC0002055; BGC0002056; BGC0002058; BGC0002059; BGC0002060; BGC0002063; BGC0002066; BGC0002067; BGC0002068; BGC0002071; BGC0002072; BGC0002075; BGC0002078; BGC0002079; BGC0002080; BGC0002082; BGC0002083; BGC0002085; BGC0002086; BGC0002087; BGC0002088; BGC0002089; BGC0002090; BGC0002091; BGC0002092; BGC0002093; BGC0002095; BGC0002096; BGC0002098; BGC0002100; BGC0002101; BGC0002102; BGC0002104; BGC0002106; BGC0002107; BGC0002108; BGC0002109; BGC0002114; BGC0002117; BGC0002118; BGC0002119; BGC0002122; BGC0002123; BGC0002124; BGC0002125; BGC0002126; BGC0002129; BGC0002131; BGC0002135; BGC0002138; BGC0002139; BGC0002142; BGC0002146; BGC0002147; BGC0002153; BGC0002154; BGC0002158; BGC0002161; BGC0002164; BGC0002167; BGC0002168; BGC0002169; BGC0002170; BGC0002171; BGC0002172; BGC0002173; BGC0002174; BGC0002177; BGC0002180; BGC0002186; BGC0002187; BGC0002188; BGC0002190; BGC0002191; BGC0002194; BGC0002196; BGC0002197; BGC0002198; BGC0002203; BGC0002204; BGC0002205; BGC0002206; BGC0002208; BGC0002209; BGC0002210; BGC0002211; BGC0002212; BGC0002213; BGC0002222; BGC0002227; BGC0002228; BGC0002229; BGC0002230; BGC0002232; BGC0002233; BGC0002234; BGC0002235; BGC0002237; BGC0002238; BGC0002239; BGC0002240; BGC0002242; BGC0002250; BGC0002255; BGC0002259; BGC0002261; BGC0002264; BGC0002266; BGC0002267; BGC0002268; BGC0002270; BGC0002271; BGC0002275; BGC0002276; BGC0002277; BGC0002278; BGC0002286; BGC0002287; BGC0002288; BGC0002291; BGC0002293; BGC0002295; BGC0002296; BGC0002297; BGC0002300; BGC0002301; BGC0002304; BGC0002308; BGC0002314; BGC0002315; BGC0002324; BGC0002326; BGC0002327; BGC0002329; BGC0002333; BGC0002336; BGC0002338; BGC0002340; BGC0002342; BGC0002344; BGC0002349; BGC0002350; BGC0002351; BGC0002352; BGC0002355; BGC0002356; BGC0002357; BGC0002358; BGC0002359; BGC0002360; BGC0002361; BGC0002362; BGC0002364; BGC0002365; BGC0002367; BGC0002369; BGC0002370; BGC0002372; BGC0002373; BGC0002374; BGC0002376; BGC0002377; BGC0002378; BGC0002379; BGC0002381; BGC0002384; BGC0002385; BGC0002386; BGC0002387; BGC0002397; BGC0002398; BGC0002400; BGC0002408; BGC0002409; BGC0002410; BGC0002411; BGC0002412; BGC0002413; BGC0002414; BGC0002415; BGC0002416; BGC0002417; BGC0002418; BGC0002419; BGC0002420; BGC0002421; BGC0002422; BGC0002424; BGC0002427; BGC0002429; BGC0002430; BGC0002431; BGC0002432; BGC0002433; BGC0002434; BGC0002438; BGC0002440; BGC0002441; BGC0002442; BGC0002446; BGC0002447; BGC0002448; BGC0002451; BGC0002452; BGC0002453; BGC0002454; BGC0002455; BGC0002456; BGC0002465; BGC0002466; BGC0002467; BGC0002468; BGC0002472; BGC0002475; BGC0002476; BGC0002477; BGC0002478; BGC0002479; BGC0002480; BGC0002483; BGC0002484; BGC0002491; BGC0002492; BGC0002497; BGC0002498; BGC0002500; BGC0002501; BGC0002502; BGC0002503; BGC0002504; BGC0002505; BGC0002509; BGC0002512; BGC0002515; BGC0002517; BGC0002518; BGC0002520; BGC0002521; BGC0002522; BGC0002523; BGC0002526; BGC0002528; BGC0002529; BGC0002531; BGC0002532; BGC0002533; BGC0002535; BGC0002537; BGC0002538; BGC0002539; BGC0002540; BGC0002541; BGC0002542; BGC0002543; BGC0002544; BGC0002545; BGC0002546; BGC0002548; BGC0002550; BGC0002552; BGC0002555; BGC0002556; BGC0002558; BGC0002559; BGC0002563; BGC0002564; BGC0002565; BGC0002569; BGC0002570; BGC0002571; BGC0002572; BGC0002581; BGC0002582; BGC0002587; BGC0002588; BGC0002594; BGC0002596; BGC0002597; BGC0002598; BGC0002602; BGC0002603; BGC0002604; BGC0002605; BGC0002606; BGC0002607; BGC0002611; BGC0002612; BGC0002613; BGC0002614; BGC0002615; BGC0002616; BGC0002619; BGC0002623; BGC0002625; BGC0002634; BGC0002637; BGC0002638; BGC0002641; BGC0002642; BGC0002646; BGC0002648; BGC0002649; BGC0002652; BGC0002653; BGC0002654; BGC0002660; BGC0002661; BGC0002666; BGC0002671; BGC0002672; BGC0002673; BGC0002675; BGC0002676; BGC0002677; BGC0002678; BGC0002679; BGC0002680; BGC0002685; BGC0002686; BGC0002687; BGC0002688; BGC0002689; BGC0002691; BGC0002693; BGC0002695; BGC0002696; BGC0002697; BGC0002702; BGC0002706; BGC0002711; BGC0002713; BGC0002715; BGC0002716; BGC0002718; BGC0002719; BGC0002729; BGC0002731; BGC0002734; BGC0002735; BGC0002749; BGC0002752; BGC0002754; BGC0002755; BGC0002759; BGC0002760; BGC0002765; BGC0002768; BGC0002788; BGC0002789; BGC0002804; BGC0002808; BGC0002810; BGC0002813; BGC0002814; BGC0002815; BGC0002816,1365,
35,MAG.35,BGC clusters detected,bin.35.strict.metawrap.1.repaired.zip,8a843baad35f35ffaa81fab8a77b4f1e09112bcd39f090694228333fa954de03,data/kegg_modules/mags/gbk_antismash/bin.35.strict.metawrap.1.repaired/index.html,data/kegg_modules/mags/gbk_antismash/bin.35.strict.metawrap.1.repaired/bin.35.strict.metawrap.1.repaired.json,8.0.4,10,10,10,NRPS-like; RRE-containing; T3PKS; lanthipeptide-class-ii; redox-cofactor; terpene; terpene-precursor,NRPS; PKS; RiPP; terpene,BGC0000002; BGC0000014; BGC0000017; BGC0000020; BGC0000023; BGC0000024; BGC0000026; BGC0000027; BGC0000028; BGC0000029; BGC0000031; BGC0000032; BGC0000033; BGC0000034; BGC0000035; BGC0000042; BGC0000047; BGC0000052; BGC0000053; BGC0000062; BGC0000063; BGC0000066; BGC0000067; BGC0000074; BGC0000075; BGC0000078; BGC0000079; BGC0000081; BGC0000082; BGC0000087; BGC0000090; BGC0000091; BGC0000093; BGC0000097; BGC0000102; BGC0000106; BGC0000110; BGC0000112; BGC0000115; BGC0000116; BGC0000122; BGC0000123; BGC0000127; BGC0000128; BGC0000130; BGC0000131; BGC0000135; BGC0000136; BGC0000137; BGC0000138; BGC0000140; BGC0000141; BGC0000142; BGC0000144; BGC0000150; BGC0000151; BGC0000162; BGC0000163; BGC0000164; BGC0000178; BGC0000180; BGC0000182; BGC0000187; BGC0000191; BGC0000193; BGC0000197; BGC0000198; BGC0000199; BGC0000200; BGC0000202; BGC0000209; BGC0000210; BGC0000211; BGC0000212; BGC0000213; BGC0000214; BGC0000226; BGC0000227; BGC0000229; BGC0000235; BGC0000239; BGC0000240; BGC0000241; BGC0000243; BGC0000245; BGC0000247; BGC0000255; BGC0000256; BGC0000257; BGC0000262; BGC0000267; BGC0000268; BGC0000269; BGC0000270; BGC0000274; BGC0000280; BGC0000281; BGC0000282; BGC0000285; BGC0000286; BGC0000287; BGC0000288; BGC0000290; BGC0000291; BGC0000294; BGC0000296; BGC0000298; BGC0000300; BGC0000303; BGC0000306; BGC0000310; BGC0000311; BGC0000315; BGC0000320; BGC0000322; BGC0000324; BGC0000327; BGC0000329; BGC0000330; BGC0000335; BGC0000336; BGC0000337; BGC0000341; BGC0000343; BGC0000345; BGC0000346; BGC0000347; BGC0000349; BGC0000350; BGC0000351; BGC0000353; BGC0000354; BGC0000357; BGC0000360; BGC0000363; BGC0000364; BGC0000365; BGC0000366; BGC0000367; BGC0000374; BGC0000376; BGC0000378; BGC0000379; BGC0000381; BGC0000383; BGC0000384; BGC0000385; BGC0000388; BGC0000391; BGC0000393; BGC0000394; BGC0000395; BGC0000397; BGC0000398; BGC0000402; BGC0000407; BGC0000409; BGC0000410; BGC0000411; BGC0000412; BGC0000413; BGC0000414; BGC0000418; BGC0000422; BGC0000423; BGC0000424; BGC0000429; BGC0000432; BGC0000433; BGC0000439; BGC0000440; BGC0000441; BGC0000445; BGC0000449; BGC0000453; BGC0000454; BGC0000459; BGC0000464; BGC0000466; BGC0000486; BGC0000495; BGC0000498; BGC0000502; BGC0000503; BGC0000504; BGC0000506; BGC0000511; BGC0000514; BGC0000515; BGC0000516; BGC0000517; BGC0000521; BGC0000525; BGC0000526; BGC0000527; BGC0000528; BGC0000529; BGC0000532; BGC0000535; BGC0000537; BGC0000539; BGC0000541; BGC0000542; BGC0000543; BGC0000544; BGC0000545; BGC0000547; BGC0000549; BGC0000554; BGC0000555; BGC0000556; BGC0000557; BGC0000558; BGC0000559; BGC0000561; BGC0000563; BGC0000564; BGC0000569; BGC0000571; BGC0000575; BGC0000595; BGC0000597; BGC0000601; BGC0000605; BGC0000615; BGC0000616; BGC0000626; BGC0000630; BGC0000633; BGC0000634; BGC0000635; BGC0000638; BGC0000639; BGC0000640; BGC0000641; BGC0000642; BGC0000643; BGC0000645; BGC0000646; BGC0000648; BGC0000651; BGC0000652; BGC0000653; BGC0000654; BGC0000663; BGC0000664; BGC0000665; BGC0000666; BGC0000668; BGC0000678; BGC0000690; BGC0000696; BGC0000699; BGC0000700; BGC0000704; BGC0000705; BGC0000707; BGC0000712; BGC0000727; BGC0000760; BGC0000777; BGC0000782; BGC0000786; BGC0000792; BGC0000796; BGC0000814; BGC0000825; BGC0000827; BGC0000832; BGC0000833; BGC0000834; BGC0000871; BGC0000875; BGC0000880; BGC0000882; BGC0000883; BGC0000890; BGC0000891; BGC0000892; BGC0000898; BGC0000899; BGC0000902; BGC0000905; BGC0000906; BGC0000907; BGC0000922; BGC0000932; BGC0000934; BGC0000949; BGC0000951; BGC0000955; BGC0000957; BGC0000958; BGC0000963; BGC0000964; BGC0000966; BGC0000967; BGC0000968; BGC0000970; BGC0000971; BGC0000972; BGC0000973; BGC0000974; BGC0000977; BGC0000983; BGC0000984; BGC0000985; BGC0000992; BGC0000993; BGC0000994; BGC0000998; BGC0001000; BGC0001001; BGC0001005; BGC0001006; BGC0001007; BGC0001014; BGC0001015; BGC0001016; BGC0001017; BGC0001021; BGC0001023; BGC0001026; BGC0001033; BGC0001036; BGC0001037; BGC0001040; BGC0001042; BGC0001044; BGC0001045; BGC0001047; BGC0001048; BGC0001050; BGC0001053; BGC0001054; BGC0001055; BGC0001056; BGC0001058; BGC0001060; BGC0001061; BGC0001063; BGC0001064; BGC0001074; BGC0001078; BGC0001079; BGC0001083; BGC0001088; BGC0001090; BGC0001091; BGC0001095; BGC0001098; BGC0001099; BGC0001100; BGC0001101; BGC0001102; BGC0001103; BGC0001110; BGC0001115; BGC0001117; BGC0001119; BGC0001125; BGC0001126; BGC0001130; BGC0001137; BGC0001138; BGC0001140; BGC0001143; BGC0001147; BGC0001148; BGC0001152; BGC0001156; BGC0001159; BGC0001160; BGC0001161; BGC0001162; BGC0001163; BGC0001164; BGC0001168; BGC0001170; BGC0001172; BGC0001173; BGC0001183; BGC0001185; BGC0001186; BGC0001189; BGC0001194; BGC0001202; BGC0001203; BGC0001204; BGC0001205; BGC0001207; BGC0001210; BGC0001211; BGC0001213; BGC0001214; BGC0001216; BGC0001218; BGC0001225; BGC0001227; BGC0001230; BGC0001231; BGC0001233; BGC0001255; BGC0001281; BGC0001287; BGC0001288; BGC0001292; BGC0001293; BGC0001298; BGC0001303; BGC0001310; BGC0001311; BGC0001327; BGC0001328; BGC0001330; BGC0001331; BGC0001332; BGC0001341; BGC0001343; BGC0001344; BGC0001345; BGC0001349; BGC0001351; BGC0001357; BGC0001363; BGC0001364; BGC0001365; BGC0001370; BGC0001379; BGC0001384; BGC0001389; BGC0001391; BGC0001393; BGC0001395; BGC0001396; BGC0001399; BGC0001406; BGC0001407; BGC0001409; BGC0001411; BGC0001413; BGC0001416; BGC0001417; BGC0001418; BGC0001419; BGC0001420; BGC0001421; BGC0001422; BGC0001423; BGC0001424; BGC0001425; BGC0001426; BGC0001427; BGC0001428; BGC0001429; BGC0001430; BGC0001431; BGC0001432; BGC0001433; BGC0001443; BGC0001447; BGC0001448; BGC0001449; BGC0001452; BGC0001455; BGC0001456; BGC0001458; BGC0001461; BGC0001467; BGC0001484; BGC0001496; BGC0001501; BGC0001502; BGC0001503; BGC0001511; BGC0001514; BGC0001519; BGC0001522; BGC0001523; BGC0001524; BGC0001532; BGC0001540; BGC0001543; BGC0001544; BGC0001553; BGC0001558; BGC0001560; BGC0001561; BGC0001566; BGC0001568; BGC0001569; BGC0001574; BGC0001579; BGC0001582; BGC0001591; BGC0001594; BGC0001595; BGC0001597; BGC0001605; BGC0001607; BGC0001612; BGC0001618; BGC0001619; BGC0001620; BGC0001623; BGC0001627; BGC0001628; BGC0001629; BGC0001630; BGC0001631; BGC0001635; BGC0001639; BGC0001641; BGC0001647; BGC0001650; BGC0001651; BGC0001655; BGC0001658; BGC0001660; BGC0001661; BGC0001662; BGC0001663; BGC0001665; BGC0001666; BGC0001667; BGC0001671; BGC0001675; BGC0001684; BGC0001690; BGC0001693; BGC0001694; BGC0001695; BGC0001700; BGC0001701; BGC0001703; BGC0001704; BGC0001705; BGC0001709; BGC0001711; BGC0001719; BGC0001724; BGC0001727; BGC0001728; BGC0001731; BGC0001732; BGC0001738; BGC0001740; BGC0001750; BGC0001752; BGC0001755; BGC0001756; BGC0001759; BGC0001762; BGC0001763; BGC0001764; BGC0001769; BGC0001773; BGC0001776; BGC0001780; BGC0001785; BGC0001787; BGC0001788; BGC0001789; BGC0001790; BGC0001792; BGC0001801; BGC0001807; BGC0001812; BGC0001814; BGC0001818; BGC0001822; BGC0001830; BGC0001831; BGC0001838; BGC0001843; BGC0001846; BGC0001851; BGC0001852; BGC0001856; BGC0001861; BGC0001862; BGC0001863; BGC0001867; BGC0001872; BGC0001874; BGC0001876; BGC0001877; BGC0001878; BGC0001881; BGC0001884; BGC0001885; BGC0001895; BGC0001897; BGC0001903; BGC0001904; BGC0001905; BGC0001919; BGC0001940; BGC0001942; BGC0001944; BGC0001945; BGC0001950; BGC0001951; BGC0001952; BGC0001953; BGC0001955; BGC0001956; BGC0001957; BGC0001960; BGC0001962; BGC0001963; BGC0001964; BGC0001968; BGC0001975; BGC0001979; BGC0001983; BGC0001984; BGC0001991; BGC0001999; BGC0002001; BGC0002009; BGC0002010; BGC0002011; BGC0002014; BGC0002015; BGC0002019; BGC0002021; BGC0002022; BGC0002026; BGC0002042; BGC0002045; BGC0002046; BGC0002054; BGC0002067; BGC0002071; BGC0002072; BGC0002078; BGC0002079; BGC0002081; BGC0002085; BGC0002086; BGC0002088; BGC0002090; BGC0002096; BGC0002098; BGC0002100; BGC0002101; BGC0002104; BGC0002106; BGC0002107; BGC0002108; BGC0002109; BGC0002115; BGC0002117; BGC0002122; BGC0002124; BGC0002126; BGC0002127; BGC0002129; BGC0002130; BGC0002137; BGC0002140; BGC0002141; BGC0002142; BGC0002143; BGC0002147; BGC0002149; BGC0002158; BGC0002172; BGC0002193; BGC0002203; BGC0002208; BGC0002235; BGC0002239; BGC0002242; BGC0002259; BGC0002261; BGC0002274; BGC0002291; BGC0002293; BGC0002294; BGC0002296; BGC0002297; BGC0002298; BGC0002300; BGC0002303; BGC0002306; BGC0002307; BGC0002308; BGC0002314; BGC0002323; BGC0002327; BGC0002329; BGC0002330; BGC0002332; BGC0002333; BGC0002336; BGC0002342; BGC0002346; BGC0002349; BGC0002350; BGC0002356; BGC0002357; BGC0002358; BGC0002360; BGC0002361; BGC0002363; BGC0002364; BGC0002367; BGC0002370; BGC0002372; BGC0002373; BGC0002378; BGC0002379; BGC0002381; BGC0002383; BGC0002397; BGC0002398; BGC0002400; BGC0002405; BGC0002409; BGC0002410; BGC0002411; BGC0002416; BGC0002417; BGC0002418; BGC0002419; BGC0002420; BGC0002422; BGC0002424; BGC0002426; BGC0002430; BGC0002431; BGC0002433; BGC0002438; BGC0002440; BGC0002446; BGC0002447; BGC0002448; BGC0002449; BGC0002453; BGC0002454; BGC0002460; BGC0002461; BGC0002466; BGC0002467; BGC0002474; BGC0002475; BGC0002479; BGC0002480; BGC0002484; BGC0002493; BGC0002497; BGC0002498; BGC0002502; BGC0002505; BGC0002509; BGC0002520; BGC0002521; BGC0002523; BGC0002526; BGC0002528; BGC0002533; BGC0002538; BGC0002540; BGC0002541; BGC0002544; BGC0002552; BGC0002554; BGC0002563; BGC0002565; BGC0002568; BGC0002570; BGC0002575; BGC0002579; BGC0002582; BGC0002587; BGC0002591; BGC0002597; BGC0002611; BGC0002613; BGC0002617; BGC0002623; BGC0002625; BGC0002635; BGC0002637; BGC0002638; BGC0002641; BGC0002642; BGC0002656; BGC0002661; BGC0002663; BGC0002666; BGC0002667; BGC0002668; BGC0002671; BGC0002673; BGC0002676; BGC0002677; BGC0002678; BGC0002679; BGC0002686; BGC0002687; BGC0002697; BGC0002699; BGC0002701; BGC0002702; BGC0002703; BGC0002704; BGC0002706; BGC0002710; BGC0002711; BGC0002718; BGC0002722; BGC0002735; BGC0002755; BGC0002760; BGC0002804; BGC0002808; BGC0002813,820,
36,MAG.36,BGC clusters detected,bin.36.orig.metawrap.4.repaired.zip,1762d8694d3e6712ffbfe08383a062ad051b59c1ac10cb78b153d1b754b91aa3,data/kegg_modules/mags/gbk_antismash/bin.36.orig.metawrap.4.repaired/index.html,data/kegg_modules/mags/gbk_antismash/bin.36.orig.metawrap.4.repaired/bin.36.orig.metawrap.4.repaired.json,8.0.4,2,2,2,terpene-precursor,terpene,BGC0000286; BGC0000429; BGC0000630; BGC0000634; BGC0000635; BGC0000636; BGC0000639; BGC0000640; BGC0000641; BGC0000642; BGC0000643; BGC0000644; BGC0000646; BGC0000648; BGC0000651; BGC0000652; BGC0000653; BGC0000654; BGC0000663; BGC0000665; BGC0000666; BGC0000668; BGC0000673; BGC0000676; BGC0000677; BGC0000678; BGC0000679; BGC0000688; BGC0000906; BGC0001078; BGC0001079; BGC0001082; BGC0001083; BGC0001126; BGC0001140; BGC0001156; BGC0001330; BGC0001373; BGC0001395; BGC0001456; BGC0001501; BGC0001528; BGC0001529; BGC0001594; BGC0001595; BGC0001604; BGC0001612; BGC0001659; BGC0001776; BGC0001816; BGC0001848; BGC0001877; BGC0001910; BGC0001911; BGC0001969; BGC0001975; BGC0002019; BGC0002109; BGC0002149; BGC0002162; BGC0002181; BGC0002218; BGC0002219; BGC0002220; BGC0002221; BGC0002245; BGC0002309; BGC0002320; BGC0002372; BGC0002427; BGC0002429; BGC0002591; BGC0002603; BGC0002604; BGC0002610; BGC0002676; BGC0002736; BGC0002759,78,
37,MAG.37,BGC clusters detected,bin.37.orig.metawrap.1.repaired.zip,c6311657f25373f5f7231bc0ed212af3125c5eae4749fa5e769bc718103793d3,data/kegg_modules/mags/gbk_antismash/bin.37.orig.metawrap.1.repaired/index.html,data/kegg_modules/mags/gbk_antismash/bin.37.orig.metawrap.1.repaired/bin.37.orig.metawrap.1.repaired.json,8.0.4,2,2,2,terpene; terpene-precursor,terpene,BGC0000069; BGC0000207; BGC0000249; BGC0000286; BGC0000298; BGC0000634; BGC0000635; BGC0000640; BGC0000642; BGC0000643; BGC0000652; BGC0000679; BGC0000696; BGC0000714; BGC0000879; BGC0000881; BGC0000934; BGC0001006; BGC0001007; BGC0001074; BGC0001078; BGC0001079; BGC0001080; BGC0001083; BGC0001217; BGC0001395; BGC0001500; BGC0001558; BGC0001568; BGC0001603; BGC0001808; BGC0001848; BGC0002354; BGC0002561,34,
38,MAG.38,BGC clusters detected,bin.38.permissive.metawrap.1.repaired(1).zip,aae357b585b6d4a5fc3065db1b59f2c5e5bfa2f7116fb8f1a7811e6075e97330,data/kegg_modules/mags/gbk_antismash/bin.38.permissive.metawrap.1.repaired1/index.html,data/kegg_modules/mags/gbk_antismash/bin.38.permissive.metawrap.1.repaired1/bin.38.permissive.metawrap.1.repaired.json,8.0.4,1,1,1,terpene-precursor,terpene,BGC0000135; BGC0000290; BGC0000418; BGC0000419; BGC0000429; BGC0000440; BGC0000441; BGC0000455; BGC0000630; BGC0000632; BGC0000635; BGC0000636; BGC0000638; BGC0000639; BGC0000641; BGC0000642; BGC0000643; BGC0000648; BGC0000665; BGC0000666; BGC0000668; BGC0000679; BGC0000806; BGC0000905; BGC0001330; BGC0001395; BGC0001456; BGC0001461; BGC0001529; BGC0001595; BGC0001636; BGC0001848; BGC0001955; BGC0001969; BGC0001975; BGC0002007; BGC0002019; BGC0002039; BGC0002372; BGC0002591; BGC0002676,41,
39,MAG.39,BGC clusters detected,bin.39.permissive.metawrap.1.repaired.zip,6d0958f743dbfa1a2f4432dfb385c5000691da8828d83fc2ab8329fae02fe017,data/kegg_modules/mags/gbk_antismash/bin.39.permissive.metawrap.1.repaired/index.html,data/kegg_modules/mags/gbk_antismash/bin.39.permissive.metawrap.1.repaired/bin.39.permissive.metawrap.1.repaired.json,8.0.4,1,1,1,terpene-precursor,terpene,BGC0000207; BGC0000259; BGC0000315; BGC0000413; BGC0000633; BGC0000653; BGC0000654; BGC0000662; BGC0000663; BGC0000665; BGC0000666; BGC0000678; BGC0000877; BGC0000969; BGC0001057; BGC0001075; BGC0001140; BGC0001156; BGC0001212; BGC0001227; BGC0001281; BGC0001330; BGC0001370; BGC0001529; BGC0001816; BGC0001910; BGC0002218; BGC0002427; BGC0002429; BGC0002470; BGC0002584; BGC0002736,32,
40,MAG.40,BGC clusters detected,bin.40.zip,1907d6214c95ff9b916ca8dc407052d808cf1afc0990003791c9a4ea57f09084,data/kegg_modules/mags/gbk_antismash/bin.40/bin.40/index.html,data/kegg_modules/mags/gbk_antismash/bin.40/bin.40/bin.40.orig.json,6.1.1,6,6,6,arylpolyene; betalactone; ladderane; ranthipeptide; terpene,none identified,,0,
41,MAG.41,BGC clusters detected,bin.41.permissive.metawrap.repaired.zip,0058796bf7bce5341c6cd05f7f17f1c1222afdc0885e31336c912bfe88a8496e,data/kegg_modules/mags/gbk_antismash/bin.41.permissive.metawrap.repaired/index.html,data/kegg_modules/mags/gbk_antismash/bin.41.permissive.metawrap.repaired/bin.41.permissive.metawrap.repaired.json,8.0.4,2,2,2,betalactone; terpene-precursor,other; terpene,BGC0000001; BGC0000017; BGC0000020; BGC0000028; BGC0000032; BGC0000042; BGC0000052; BGC0000066; BGC0000067; BGC0000074; BGC0000075; BGC0000078; BGC0000079; BGC0000081; BGC0000082; BGC0000084; BGC0000085; BGC0000090; BGC0000091; BGC0000093; BGC0000101; BGC0000110; BGC0000123; BGC0000127; BGC0000130; BGC0000131; BGC0000142; BGC0000144; BGC0000147; BGC0000151; BGC0000163; BGC0000168; BGC0000182; BGC0000187; BGC0000202; BGC0000207; BGC0000209; BGC0000213; BGC0000243; BGC0000252; BGC0000257; BGC0000258; BGC0000260; BGC0000262; BGC0000268; BGC0000269; BGC0000274; BGC0000286; BGC0000289; BGC0000290; BGC0000300; BGC0000303; BGC0000306; BGC0000311; BGC0000315; BGC0000320; BGC0000322; BGC0000323; BGC0000326; BGC0000327; BGC0000330; BGC0000334; BGC0000336; BGC0000341; BGC0000345; BGC0000346; BGC0000349; BGC0000353; BGC0000357; BGC0000360; BGC0000366; BGC0000373; BGC0000374; BGC0000378; BGC0000379; BGC0000380; BGC0000381; BGC0000385; BGC0000388; BGC0000391; BGC0000394; BGC0000395; BGC0000398; BGC0000399; BGC0000407; BGC0000409; BGC0000411; BGC0000418; BGC0000419; BGC0000425; BGC0000429; BGC0000432; BGC0000433; BGC0000434; BGC0000435; BGC0000437; BGC0000438; BGC0000439; BGC0000440; BGC0000441; BGC0000445; BGC0000449; BGC0000453; BGC0000455; BGC0000457; BGC0000459; BGC0000464; BGC0000497; BGC0000516; BGC0000527; BGC0000552; BGC0000554; BGC0000595; BGC0000597; BGC0000609; BGC0000636; BGC0000644; BGC0000648; BGC0000649; BGC0000651; BGC0000653; BGC0000654; BGC0000663; BGC0000664; BGC0000665; BGC0000666; BGC0000668; BGC0000677; BGC0000678; BGC0000679; BGC0000689; BGC0000696; BGC0000699; BGC0000706; BGC0000780; BGC0000801; BGC0000814; BGC0000832; BGC0000833; BGC0000834; BGC0000871; BGC0000890; BGC0000891; BGC0000896; BGC0000905; BGC0000907; BGC0000938; BGC0000951; BGC0000954; BGC0000957; BGC0000960; BGC0000963; BGC0000972; BGC0000986; BGC0000993; BGC0000994; BGC0000995; BGC0001005; BGC0001006; BGC0001007; BGC0001021; BGC0001023; BGC0001029; BGC0001036; BGC0001040; BGC0001042; BGC0001047; BGC0001048; BGC0001050; BGC0001053; BGC0001054; BGC0001056; BGC0001058; BGC0001060; BGC0001064; BGC0001066; BGC0001067; BGC0001073; BGC0001091; BGC0001095; BGC0001099; BGC0001100; BGC0001101; BGC0001102; BGC0001103; BGC0001113; BGC0001116; BGC0001119; BGC0001123; BGC0001126; BGC0001128; BGC0001130; BGC0001132; BGC0001135; BGC0001140; BGC0001150; BGC0001152; BGC0001156; BGC0001159; BGC0001168; BGC0001172; BGC0001178; BGC0001184; BGC0001193; BGC0001194; BGC0001203; BGC0001207; BGC0001214; BGC0001230; BGC0001233; BGC0001277; BGC0001278; BGC0001288; BGC0001292; BGC0001298; BGC0001303; BGC0001312; BGC0001332; BGC0001341; BGC0001344; BGC0001348; BGC0001351; BGC0001357; BGC0001358; BGC0001368; BGC0001370; BGC0001371; BGC0001372; BGC0001389; BGC0001393; BGC0001395; BGC0001413; BGC0001416; BGC0001417; BGC0001418; BGC0001419; BGC0001420; BGC0001421; BGC0001422; BGC0001423; BGC0001424; BGC0001425; BGC0001426; BGC0001427; BGC0001428; BGC0001429; BGC0001430; BGC0001431; BGC0001432; BGC0001439; BGC0001440; BGC0001443; BGC0001452; BGC0001459; BGC0001460; BGC0001461; BGC0001462; BGC0001464; BGC0001465; BGC0001492; BGC0001501; BGC0001503; BGC0001504; BGC0001511; BGC0001522; BGC0001525; BGC0001526; BGC0001529; BGC0001543; BGC0001564; BGC0001566; BGC0001569; BGC0001582; BGC0001591; BGC0001594; BGC0001595; BGC0001603; BGC0001612; BGC0001621; BGC0001627; BGC0001629; BGC0001635; BGC0001641; BGC0001648; BGC0001654; BGC0001666; BGC0001671; BGC0001694; BGC0001705; BGC0001715; BGC0001716; BGC0001719; BGC0001728; BGC0001733; BGC0001740; BGC0001750; BGC0001772; BGC0001790; BGC0001792; BGC0001806; BGC0001812; BGC0001813; BGC0001814; BGC0001816; BGC0001818; BGC0001819; BGC0001822; BGC0001838; BGC0001840; BGC0001841; BGC0001843; BGC0001845; BGC0001846; BGC0001848; BGC0001856; BGC0001861; BGC0001874; BGC0001875; BGC0001876; BGC0001877; BGC0001884; BGC0001891; BGC0001911; BGC0001945; BGC0001955; BGC0001956; BGC0001960; BGC0001963; BGC0001968; BGC0001970; BGC0001971; BGC0001975; BGC0001983; BGC0001984; BGC0002007; BGC0002011; BGC0002014; BGC0002022; BGC0002024; BGC0002046; BGC0002048; BGC0002071; BGC0002072; BGC0002078; BGC0002079; BGC0002082; BGC0002086; BGC0002091; BGC0002096; BGC0002097; BGC0002098; BGC0002109; BGC0002114; BGC0002118; BGC0002119; BGC0002124; BGC0002126; BGC0002142; BGC0002147; BGC0002162; BGC0002172; BGC0002186; BGC0002203; BGC0002218; BGC0002259; BGC0002284; BGC0002309; BGC0002314; BGC0002326; BGC0002330; BGC0002340; BGC0002342; BGC0002344; BGC0002350; BGC0002351; BGC0002360; BGC0002370; BGC0002372; BGC0002373; BGC0002381; BGC0002409; BGC0002427; BGC0002429; BGC0002430; BGC0002431; BGC0002453; BGC0002455; BGC0002470; BGC0002473; BGC0002474; BGC0002475; BGC0002479; BGC0002487; BGC0002488; BGC0002495; BGC0002497; BGC0002520; BGC0002521; BGC0002523; BGC0002542; BGC0002552; BGC0002555; BGC0002558; BGC0002581; BGC0002591; BGC0002611; BGC0002625; BGC0002637; BGC0002638; BGC0002656; BGC0002657; BGC0002661; BGC0002663; BGC0002666; BGC0002671; BGC0002676; BGC0002686; BGC0002697; BGC0002702; BGC0002706; BGC0002711; BGC0002712; BGC0002716; BGC0002718; BGC0002719; BGC0002747; BGC0002760; BGC0002808; BGC0002810; BGC0002815,430,
42,MAG.42,BGC clusters detected,bin.42.orig.metawrap.repaired(2).zip,2b500e4f2b7a7acc3bcc33182d79f0c29ba9208e608c4e0910380590351f2ec8,data/kegg_modules/mags/gbk_antismash/bin.42.orig.metawrap.repaired2/index.html,data/kegg_modules/mags/gbk_antismash/bin.42.orig.metawrap.repaired2/bin.42.orig.metawrap.repaired.json,8.0.4,1,1,1,terpene-precursor,terpene,BGC0000188; BGC0000262; BGC0000286; BGC0000341; BGC0000644; BGC0000648; BGC0000649; BGC0000651; BGC0000653; BGC0000654; BGC0000663; BGC0000664; BGC0000665; BGC0000666; BGC0000668; BGC0000677; BGC0000678; BGC0000679; BGC0001075; BGC0001126; BGC0001140; BGC0001156; BGC0001361; BGC0001373; BGC0001484; BGC0001501; BGC0001528; BGC0001529; BGC0001594; BGC0001595; BGC0001612; BGC0001628; BGC0001756; BGC0001816; BGC0001818; BGC0001848; BGC0001911; BGC0002162; BGC0002218; BGC0002219; BGC0002283; BGC0002309; BGC0002397; BGC0002398; BGC0002400; BGC0002427; BGC0002429; BGC0002591; BGC0002610; BGC0002736,50,
43,MAG.43,BGC clusters detected,bin.43.strict.metawrap.repaired.zip,dcc60807634271d33575b0cf9705ebdb37aa1dc63a54205e87e4eb6c3bced5c9,data/kegg_modules/mags/gbk_antismash/bin.43.strict.metawrap.repaired/index.html,data/kegg_modules/mags/gbk_antismash/bin.43.strict.metawrap.repaired/bin.43.strict.metawrap.repaired.json,8.0.4,6,7,6,NRPS-like; T3PKS; ranthipeptide; terpene; terpene-precursor,NRPS; PKS; RiPP; terpene,BGC0000002; BGC0000004; BGC0000006; BGC0000007; BGC0000008; BGC0000009; BGC0000011; BGC0000013; BGC0000014; BGC0000017; BGC0000018; BGC0000020; BGC0000023; BGC0000028; BGC0000029; BGC0000032; BGC0000035; BGC0000042; BGC0000048; BGC0000052; BGC0000058; BGC0000059; BGC0000062; BGC0000063; BGC0000066; BGC0000067; BGC0000069; BGC0000072; BGC0000074; BGC0000075; BGC0000079; BGC0000081; BGC0000083; BGC0000085; BGC0000090; BGC0000091; BGC0000092; BGC0000093; BGC0000097; BGC0000105; BGC0000106; BGC0000112; BGC0000122; BGC0000123; BGC0000125; BGC0000127; BGC0000128; BGC0000130; BGC0000131; BGC0000133; BGC0000135; BGC0000136; BGC0000137; BGC0000138; BGC0000140; BGC0000141; BGC0000142; BGC0000144; BGC0000145; BGC0000150; BGC0000151; BGC0000152; BGC0000153; BGC0000163; BGC0000164; BGC0000167; BGC0000177; BGC0000178; BGC0000179; BGC0000182; BGC0000184; BGC0000186; BGC0000187; BGC0000190; BGC0000191; BGC0000192; BGC0000194; BGC0000195; BGC0000196; BGC0000197; BGC0000198; BGC0000200; BGC0000201; BGC0000202; BGC0000203; BGC0000204; BGC0000205; BGC0000208; BGC0000209; BGC0000210; BGC0000211; BGC0000212; BGC0000213; BGC0000214; BGC0000215; BGC0000216; BGC0000218; BGC0000219; BGC0000220; BGC0000221; BGC0000222; BGC0000223; BGC0000224; BGC0000225; BGC0000226; BGC0000227; BGC0000229; BGC0000231; BGC0000232; BGC0000233; BGC0000234; BGC0000235; BGC0000236; BGC0000237; BGC0000238; BGC0000239; BGC0000240; BGC0000241; BGC0000242; BGC0000245; BGC0000247; BGC0000248; BGC0000253; BGC0000254; BGC0000257; BGC0000260; BGC0000261; BGC0000262; BGC0000263; BGC0000264; BGC0000266; BGC0000267; BGC0000268; BGC0000271; BGC0000272; BGC0000274; BGC0000275; BGC0000280; BGC0000281; BGC0000282; BGC0000283; BGC0000285; BGC0000286; BGC0000287; BGC0000289; BGC0000290; BGC0000291; BGC0000297; BGC0000298; BGC0000300; BGC0000303; BGC0000304; BGC0000306; BGC0000311; BGC0000315; BGC0000316; BGC0000319; BGC0000320; BGC0000321; BGC0000322; BGC0000323; BGC0000326; BGC0000327; BGC0000329; BGC0000330; BGC0000335; BGC0000336; BGC0000337; BGC0000339; BGC0000340; BGC0000341; BGC0000345; BGC0000346; BGC0000347; BGC0000350; BGC0000351; BGC0000352; BGC0000353; BGC0000354; BGC0000357; BGC0000360; BGC0000363; BGC0000364; BGC0000365; BGC0000366; BGC0000367; BGC0000374; BGC0000376; BGC0000378; BGC0000379; BGC0000380; BGC0000381; BGC0000382; BGC0000383; BGC0000384; BGC0000385; BGC0000386; BGC0000388; BGC0000391; BGC0000392; BGC0000393; BGC0000394; BGC0000395; BGC0000397; BGC0000398; BGC0000399; BGC0000402; BGC0000407; BGC0000409; BGC0000411; BGC0000413; BGC0000414; BGC0000418; BGC0000419; BGC0000421; BGC0000422; BGC0000424; BGC0000425; BGC0000428; BGC0000429; BGC0000431; BGC0000432; BGC0000433; BGC0000434; BGC0000435; BGC0000437; BGC0000438; BGC0000439; BGC0000440; BGC0000441; BGC0000445; BGC0000449; BGC0000454; BGC0000455; BGC0000457; BGC0000459; BGC0000460; BGC0000464; BGC0000466; BGC0000467; BGC0000595; BGC0000597; BGC0000630; BGC0000633; BGC0000634; BGC0000635; BGC0000638; BGC0000639; BGC0000640; BGC0000641; BGC0000642; BGC0000643; BGC0000648; BGC0000649; BGC0000651; BGC0000652; BGC0000653; BGC0000654; BGC0000656; BGC0000663; BGC0000664; BGC0000665; BGC0000666; BGC0000668; BGC0000670; BGC0000678; BGC0000707; BGC0000712; BGC0000751; BGC0000775; BGC0000784; BGC0000816; BGC0000819; BGC0000832; BGC0000833; BGC0000834; BGC0000836; BGC0000837; BGC0000865; BGC0000871; BGC0000890; BGC0000891; BGC0000892; BGC0000900; BGC0000902; BGC0000906; BGC0000913; BGC0000921; BGC0000922; BGC0000950; BGC0000951; BGC0000954; BGC0000955; BGC0000956; BGC0000957; BGC0000958; BGC0000960; BGC0000963; BGC0000964; BGC0000966; BGC0000967; BGC0000968; BGC0000970; BGC0000971; BGC0000972; BGC0000973; BGC0000974; BGC0000975; BGC0000976; BGC0000977; BGC0000978; BGC0000979; BGC0000980; BGC0000981; BGC0000983; BGC0000984; BGC0000985; BGC0000986; BGC0000988; BGC0000990; BGC0000991; BGC0000992; BGC0000993; BGC0000994; BGC0000995; BGC0000998; BGC0001000; BGC0001001; BGC0001005; BGC0001006; BGC0001007; BGC0001008; BGC0001010; BGC0001011; BGC0001014; BGC0001015; BGC0001016; BGC0001017; BGC0001019; BGC0001021; BGC0001022; BGC0001023; BGC0001025; BGC0001026; BGC0001031; BGC0001032; BGC0001033; BGC0001034; BGC0001036; BGC0001037; BGC0001040; BGC0001041; BGC0001042; BGC0001044; BGC0001045; BGC0001047; BGC0001048; BGC0001050; BGC0001051; BGC0001053; BGC0001054; BGC0001055; BGC0001056; BGC0001058; BGC0001059; BGC0001060; BGC0001061; BGC0001062; BGC0001063; BGC0001064; BGC0001066; BGC0001070; BGC0001071; BGC0001072; BGC0001073; BGC0001074; BGC0001075; BGC0001078; BGC0001079; BGC0001083; BGC0001088; BGC0001090; BGC0001091; BGC0001093; BGC0001095; BGC0001098; BGC0001099; BGC0001100; BGC0001101; BGC0001102; BGC0001103; BGC0001106; BGC0001110; BGC0001111; BGC0001112; BGC0001113; BGC0001114; BGC0001115; BGC0001116; BGC0001119; BGC0001125; BGC0001126; BGC0001130; BGC0001137; BGC0001138; BGC0001140; BGC0001143; BGC0001147; BGC0001150; BGC0001152; BGC0001156; BGC0001159; BGC0001160; BGC0001161; BGC0001162; BGC0001163; BGC0001164; BGC0001165; BGC0001168; BGC0001172; BGC0001178; BGC0001179; BGC0001183; BGC0001186; BGC0001189; BGC0001194; BGC0001197; BGC0001200; BGC0001202; BGC0001203; BGC0001207; BGC0001209; BGC0001212; BGC0001214; BGC0001216; BGC0001218; BGC0001227; BGC0001230; BGC0001231; BGC0001233; BGC0001250; BGC0001251; BGC0001255; BGC0001261; BGC0001281; BGC0001287; BGC0001288; BGC0001297; BGC0001298; BGC0001300; BGC0001301; BGC0001303; BGC0001310; BGC0001312; BGC0001313; BGC0001314; BGC0001327; BGC0001328; BGC0001330; BGC0001331; BGC0001332; BGC0001341; BGC0001343; BGC0001344; BGC0001346; BGC0001349; BGC0001351; BGC0001357; BGC0001358; BGC0001363; BGC0001365; BGC0001366; BGC0001368; BGC0001370; BGC0001371; BGC0001376; BGC0001384; BGC0001386; BGC0001389; BGC0001390; BGC0001394; BGC0001396; BGC0001399; BGC0001406; BGC0001409; BGC0001413; BGC0001414; BGC0001415; BGC0001416; BGC0001417; BGC0001418; BGC0001419; BGC0001420; BGC0001421; BGC0001422; BGC0001423; BGC0001424; BGC0001425; BGC0001426; BGC0001427; BGC0001428; BGC0001429; BGC0001430; BGC0001431; BGC0001432; BGC0001433; BGC0001438; BGC0001439; BGC0001443; BGC0001445; BGC0001448; BGC0001452; BGC0001455; BGC0001456; BGC0001458; BGC0001459; BGC0001460; BGC0001461; BGC0001462; BGC0001465; BGC0001467; BGC0001470; BGC0001500; BGC0001501; BGC0001502; BGC0001503; BGC0001504; BGC0001508; BGC0001511; BGC0001512; BGC0001513; BGC0001522; BGC0001523; BGC0001524; BGC0001532; BGC0001537; BGC0001544; BGC0001545; BGC0001553; BGC0001558; BGC0001560; BGC0001564; BGC0001566; BGC0001568; BGC0001574; BGC0001582; BGC0001590; BGC0001594; BGC0001595; BGC0001596; BGC0001597; BGC0001605; BGC0001612; BGC0001620; BGC0001621; BGC0001622; BGC0001623; BGC0001625; BGC0001627; BGC0001628; BGC0001629; BGC0001630; BGC0001631; BGC0001635; BGC0001641; BGC0001644; BGC0001647; BGC0001650; BGC0001651; BGC0001656; BGC0001658; BGC0001661; BGC0001662; BGC0001663; BGC0001665; BGC0001666; BGC0001667; BGC0001668; BGC0001671; BGC0001675; BGC0001690; BGC0001693; BGC0001694; BGC0001695; BGC0001700; BGC0001702; BGC0001703; BGC0001704; BGC0001705; BGC0001708; BGC0001711; BGC0001716; BGC0001719; BGC0001723; BGC0001724; BGC0001728; BGC0001731; BGC0001732; BGC0001738; BGC0001740; BGC0001750; BGC0001751; BGC0001755; BGC0001756; BGC0001759; BGC0001760; BGC0001761; BGC0001762; BGC0001763; BGC0001764; BGC0001769; BGC0001770; BGC0001772; BGC0001774; BGC0001776; BGC0001778; BGC0001780; BGC0001785; BGC0001790; BGC0001791; BGC0001792; BGC0001795; BGC0001797; BGC0001806; BGC0001807; BGC0001812; BGC0001816; BGC0001818; BGC0001819; BGC0001820; BGC0001822; BGC0001823; BGC0001831; BGC0001835; BGC0001836; BGC0001838; BGC0001840; BGC0001841; BGC0001843; BGC0001845; BGC0001856; BGC0001857; BGC0001874; BGC0001875; BGC0001876; BGC0001877; BGC0001878; BGC0001884; BGC0001885; BGC0001890; BGC0001891; BGC0001895; BGC0001897; BGC0001904; BGC0001905; BGC0001909; BGC0001918; BGC0001919; BGC0001922; BGC0001925; BGC0001940; BGC0001941; BGC0001942; BGC0001944; BGC0001945; BGC0001950; BGC0001951; BGC0001952; BGC0001953; BGC0001955; BGC0001956; BGC0001957; BGC0001960; BGC0001962; BGC0001963; BGC0001964; BGC0001966; BGC0001967; BGC0001968; BGC0001975; BGC0001979; BGC0001983; BGC0001984; BGC0001987; BGC0001991; BGC0001999; BGC0002000; BGC0002001; BGC0002002; BGC0002008; BGC0002009; BGC0002010; BGC0002011; BGC0002012; BGC0002014; BGC0002019; BGC0002021; BGC0002022; BGC0002024; BGC0002026; BGC0002028; BGC0002032; BGC0002042; BGC0002046; BGC0002047; BGC0002048; BGC0002050; BGC0002054; BGC0002055; BGC0002058; BGC0002059; BGC0002060; BGC0002067; BGC0002068; BGC0002070; BGC0002071; BGC0002072; BGC0002078; BGC0002079; BGC0002080; BGC0002081; BGC0002083; BGC0002086; BGC0002087; BGC0002090; BGC0002095; BGC0002096; BGC0002098; BGC0002100; BGC0002101; BGC0002106; BGC0002107; BGC0002109; BGC0002114; BGC0002117; BGC0002118; BGC0002119; BGC0002123; BGC0002126; BGC0002127; BGC0002129; BGC0002137; BGC0002140; BGC0002141; BGC0002143; BGC0002147; BGC0002149; BGC0002158; BGC0002172; BGC0002173; BGC0002188; BGC0002196; BGC0002203; BGC0002208; BGC0002209; BGC0002210; BGC0002225; BGC0002235; BGC0002237; BGC0002239; BGC0002242; BGC0002255; BGC0002259; BGC0002261; BGC0002272; BGC0002274; BGC0002287; BGC0002293; BGC0002296; BGC0002297; BGC0002304; BGC0002308; BGC0002309; BGC0002314; BGC0002315; BGC0002326; BGC0002327; BGC0002329; BGC0002332; BGC0002336; BGC0002338; BGC0002342; BGC0002344; BGC0002350; BGC0002351; BGC0002356; BGC0002357; BGC0002358; BGC0002359; BGC0002360; BGC0002361; BGC0002364; BGC0002366; BGC0002367; BGC0002369; BGC0002370; BGC0002372; BGC0002373; BGC0002374; BGC0002376; BGC0002377; BGC0002379; BGC0002381; BGC0002383; BGC0002385; BGC0002397; BGC0002398; BGC0002400; BGC0002403; BGC0002405; BGC0002408; BGC0002410; BGC0002411; BGC0002416; BGC0002417; BGC0002419; BGC0002420; BGC0002422; BGC0002426; BGC0002430; BGC0002433; BGC0002438; BGC0002441; BGC0002448; BGC0002451; BGC0002453; BGC0002455; BGC0002460; BGC0002461; BGC0002466; BGC0002467; BGC0002474; BGC0002475; BGC0002477; BGC0002478; BGC0002479; BGC0002480; BGC0002484; BGC0002497; BGC0002498; BGC0002502; BGC0002503; BGC0002504; BGC0002505; BGC0002506; BGC0002509; BGC0002510; BGC0002514; BGC0002520; BGC0002521; BGC0002523; BGC0002532; BGC0002537; BGC0002540; BGC0002543; BGC0002544; BGC0002547; BGC0002552; BGC0002553; BGC0002556; BGC0002563; BGC0002565; BGC0002570; BGC0002572; BGC0002581; BGC0002582; BGC0002583; BGC0002597; BGC0002611; BGC0002612; BGC0002617; BGC0002623; BGC0002625; BGC0002634; BGC0002637; BGC0002638; BGC0002641; BGC0002642; BGC0002661; BGC0002666; BGC0002671; BGC0002672; BGC0002673; BGC0002676; BGC0002677; BGC0002686; BGC0002687; BGC0002697; BGC0002702; BGC0002706; BGC0002711; BGC0002712; BGC0002715; BGC0002718; BGC0002719; BGC0002722; BGC0002732; BGC0002749; BGC0002754; BGC0002760; BGC0002788; BGC0002789; BGC0002804; BGC0002808; BGC0002810; BGC0002812; BGC0002813; BGC0002814; BGC0002815,909,
44,MAG.44,No BGC clusters identified,,,,,,0,0,0,none identified,none identified,,0,No BGC clusters identified for this MAG/bin in the final antiSMASH set.
45,MAG.45,BGC clusters detected,bin.45.permissive.metawrap.repaired(1).zip,d0737a4829c1c2d6ce2b6a6c33a7598dfbc38ca1c875cdf644bf93d8a51c6832,data/kegg_modules/mags/gbk_antismash/bin.45.permissive.metawrap.repaired1/index.html,data/kegg_modules/mags/gbk_antismash/bin.45.permissive.metawrap.repaired1/bin.45.permissive.metawrap.repaired.json,8.0.4,2,2,2,NRPS-like; terpene-precursor,NRPS; terpene,BGC0000002; BGC0000026; BGC0000028; BGC0000033; BGC0000034; BGC0000042; BGC0000052; BGC0000053; BGC0000062; BGC0000063; BGC0000078; BGC0000081; BGC0000085; BGC0000087; BGC0000116; BGC0000118; BGC0000119; BGC0000123; BGC0000125; BGC0000127; BGC0000128; BGC0000136; BGC0000141; BGC0000145; BGC0000163; BGC0000165; BGC0000176; BGC0000182; BGC0000187; BGC0000191; BGC0000198; BGC0000199; BGC0000200; BGC0000210; BGC0000212; BGC0000213; BGC0000214; BGC0000233; BGC0000235; BGC0000243; BGC0000247; BGC0000253; BGC0000256; BGC0000262; BGC0000269; BGC0000270; BGC0000289; BGC0000290; BGC0000291; BGC0000294; BGC0000296; BGC0000297; BGC0000300; BGC0000301; BGC0000302; BGC0000309; BGC0000310; BGC0000311; BGC0000320; BGC0000322; BGC0000324; BGC0000327; BGC0000333; BGC0000336; BGC0000339; BGC0000341; BGC0000343; BGC0000344; BGC0000347; BGC0000351; BGC0000354; BGC0000359; BGC0000362; BGC0000367; BGC0000368; BGC0000369; BGC0000371; BGC0000375; BGC0000379; BGC0000380; BGC0000382; BGC0000388; BGC0000395; BGC0000401; BGC0000402; BGC0000407; BGC0000413; BGC0000415; BGC0000418; BGC0000419; BGC0000425; BGC0000429; BGC0000434; BGC0000437; BGC0000439; BGC0000440; BGC0000441; BGC0000445; BGC0000447; BGC0000450; BGC0000451; BGC0000455; BGC0000459; BGC0000460; BGC0000467; BGC0000498; BGC0000500; BGC0000502; BGC0000503; BGC0000506; BGC0000511; BGC0000514; BGC0000515; BGC0000521; BGC0000523; BGC0000527; BGC0000528; BGC0000529; BGC0000537; BGC0000539; BGC0000541; BGC0000542; BGC0000544; BGC0000545; BGC0000556; BGC0000558; BGC0000559; BGC0000561; BGC0000563; BGC0000564; BGC0000565; BGC0000566; BGC0000569; BGC0000579; BGC0000584; BGC0000586; BGC0000587; BGC0000588; BGC0000589; BGC0000599; BGC0000600; BGC0000605; BGC0000616; BGC0000626; BGC0000632; BGC0000634; BGC0000639; BGC0000640; BGC0000643; BGC0000648; BGC0000651; BGC0000652; BGC0000653; BGC0000654; BGC0000663; BGC0000665; BGC0000666; BGC0000668; BGC0000678; BGC0000679; BGC0000696; BGC0000734; BGC0000735; BGC0000792; BGC0000796; BGC0000804; BGC0000807; BGC0000832; BGC0000833; BGC0000834; BGC0000838; BGC0000880; BGC0000893; BGC0000934; BGC0000935; BGC0000949; BGC0000957; BGC0000966; BGC0000973; BGC0000998; BGC0001005; BGC0001016; BGC0001036; BGC0001039; BGC0001041; BGC0001048; BGC0001055; BGC0001056; BGC0001060; BGC0001061; BGC0001072; BGC0001073; BGC0001074; BGC0001078; BGC0001079; BGC0001083; BGC0001095; BGC0001098; BGC0001101; BGC0001115; BGC0001116; BGC0001117; BGC0001123; BGC0001126; BGC0001127; BGC0001130; BGC0001137; BGC0001138; BGC0001140; BGC0001147; BGC0001156; BGC0001170; BGC0001173; BGC0001178; BGC0001185; BGC0001195; BGC0001210; BGC0001213; BGC0001225; BGC0001226; BGC0001228; BGC0001233; BGC0001292; BGC0001297; BGC0001298; BGC0001303; BGC0001311; BGC0001332; BGC0001341; BGC0001345; BGC0001351; BGC0001361; BGC0001363; BGC0001364; BGC0001381; BGC0001395; BGC0001396; BGC0001409; BGC0001416; BGC0001421; BGC0001422; BGC0001423; BGC0001424; BGC0001425; BGC0001426; BGC0001427; BGC0001428; BGC0001437; BGC0001442; BGC0001444; BGC0001447; BGC0001448; BGC0001452; BGC0001456; BGC0001459; BGC0001460; BGC0001461; BGC0001462; BGC0001484; BGC0001501; BGC0001503; BGC0001514; BGC0001519; BGC0001522; BGC0001524; BGC0001529; BGC0001536; BGC0001540; BGC0001555; BGC0001558; BGC0001561; BGC0001568; BGC0001569; BGC0001579; BGC0001582; BGC0001593; BGC0001594; BGC0001595; BGC0001605; BGC0001607; BGC0001612; BGC0001618; BGC0001619; BGC0001620; BGC0001623; BGC0001631; BGC0001635; BGC0001655; BGC0001658; BGC0001660; BGC0001667; BGC0001674; BGC0001684; BGC0001690; BGC0001695; BGC0001701; BGC0001715; BGC0001727; BGC0001731; BGC0001732; BGC0001740; BGC0001743; BGC0001752; BGC0001756; BGC0001759; BGC0001763; BGC0001773; BGC0001779; BGC0001787; BGC0001789; BGC0001792; BGC0001814; BGC0001836; BGC0001848; BGC0001853; BGC0001856; BGC0001863; BGC0001872; BGC0001877; BGC0001920; BGC0001955; BGC0001963; BGC0001968; BGC0001975; BGC0002001; BGC0002005; BGC0002009; BGC0002014; BGC0002015; BGC0002017; BGC0002019; BGC0002025; BGC0002042; BGC0002056; BGC0002068; BGC0002072; BGC0002078; BGC0002079; BGC0002082; BGC0002096; BGC0002097; BGC0002098; BGC0002100; BGC0002104; BGC0002108; BGC0002109; BGC0002111; BGC0002115; BGC0002122; BGC0002129; BGC0002130; BGC0002141; BGC0002142; BGC0002261; BGC0002276; BGC0002283; BGC0002291; BGC0002293; BGC0002294; BGC0002295; BGC0002300; BGC0002303; BGC0002307; BGC0002323; BGC0002324; BGC0002333; BGC0002344; BGC0002346; BGC0002347; BGC0002349; BGC0002360; BGC0002367; BGC0002370; BGC0002372; BGC0002373; BGC0002377; BGC0002378; BGC0002397; BGC0002398; BGC0002400; BGC0002410; BGC0002412; BGC0002431; BGC0002432; BGC0002443; BGC0002447; BGC0002455; BGC0002460; BGC0002461; BGC0002467; BGC0002472; BGC0002473; BGC0002474; BGC0002475; BGC0002476; BGC0002491; BGC0002492; BGC0002493; BGC0002497; BGC0002502; BGC0002520; BGC0002523; BGC0002528; BGC0002529; BGC0002540; BGC0002541; BGC0002544; BGC0002545; BGC0002565; BGC0002570; BGC0002571; BGC0002572; BGC0002588; BGC0002591; BGC0002635; BGC0002637; BGC0002638; BGC0002653; BGC0002656; BGC0002657; BGC0002663; BGC0002668; BGC0002669; BGC0002676; BGC0002678; BGC0002679; BGC0002682; BGC0002686; BGC0002688; BGC0002689; BGC0002691; BGC0002693; BGC0002695; BGC0002696; BGC0002697; BGC0002700; BGC0002702; BGC0002711; BGC0002715; BGC0002718; BGC0002735; BGC0002760; BGC0002804,443,
46,MAG.46,BGC clusters detected,bin.46.orig.metawrap.repaired(1).zip,521b1b0cdf90a5367da009485db9752ab4831b0704ebe87e5ce6811fe6830c62,data/kegg_modules/mags/gbk_antismash/bin.46.orig.metawrap.repaired1/index.html,data/kegg_modules/mags/gbk_antismash/bin.46.orig.metawrap.repaired1/bin.46.orig.metawrap.repaired.json,8.0.4,2,2,2,terpene-precursor,terpene,BGC0000286; BGC0000298; BGC0000632; BGC0000634; BGC0000635; BGC0000639; BGC0000640; BGC0000641; BGC0000642; BGC0000643; BGC0000646; BGC0000652; BGC0000653; BGC0000654; BGC0000663; BGC0000665; BGC0000666; BGC0000668; BGC0000673; BGC0000676; BGC0000678; BGC0000679; BGC0000688; BGC0000905; BGC0000934; BGC0001078; BGC0001079; BGC0001080; BGC0001082; BGC0001083; BGC0001140; BGC0001156; BGC0001373; BGC0001395; BGC0001528; BGC0001529; BGC0001595; BGC0001604; BGC0001659; BGC0001706; BGC0001776; BGC0001816; BGC0001848; BGC0001859; BGC0001969; BGC0001975; BGC0002149; BGC0002162; BGC0002181; BGC0002218; BGC0002219; BGC0002220; BGC0002221; BGC0002233; BGC0002245; BGC0002320; BGC0002372; BGC0002397; BGC0002427; BGC0002429; BGC0002561; BGC0002603; BGC0002604; BGC0002610; BGC0002614; BGC0002736; BGC0002759,67,
47,MAG.47,No BGC clusters identified,,,,,,0,0,0,none identified,none identified,,0,No BGC clusters identified for this MAG/bin in the final antiSMASH set.
48,MAG.48,BGC clusters detected,bin.48.orig.metawrap.repaired(1).zip,c3f8e6f513e58791f23ff6fb1ac93858aee981c9f83d3518fbe39bcfb9a87b94,data/kegg_modules/mags/gbk_antismash/bin.48.orig.metawrap.repaired1/index.html,data/kegg_modules/mags/gbk_antismash/bin.48.orig.metawrap.repaired1/bin.48.orig.metawrap.repaired.json,8.0.4,1,1,1,terpene-precursor,terpene,BGC0000262; BGC0000630; BGC0000632; BGC0000633; BGC0000635; BGC0000636; BGC0000638; BGC0000639; BGC0000641; BGC0000642; BGC0000643; BGC0000644; BGC0000648; BGC0000649; BGC0000653; BGC0000654; BGC0000663; BGC0000664; BGC0000665; BGC0000666; BGC0000668; BGC0000677; BGC0000678; BGC0000679; BGC0000905; BGC0000906; BGC0001126; BGC0001140; BGC0001156; BGC0001330; BGC0001373; BGC0001395; BGC0001456; BGC0001501; BGC0001528; BGC0001529; BGC0001594; BGC0001595; BGC0001612; BGC0001756; BGC0001816; BGC0001848; BGC0001969; BGC0002007; BGC0002019; BGC0002109; BGC0002162; BGC0002181; BGC0002218; BGC0002219; BGC0002309; BGC0002397; BGC0002398; BGC0002400; BGC0002427; BGC0002429; BGC0002610; BGC0002736,58,
49,MAG.49,No BGC clusters identified,,,,,,0,0,0,none identified,none identified,,0,No BGC clusters identified for this MAG/bin in the final antiSMASH set.
50,MAG.50,BGC clusters detected,bin.50.orig.metawrap.repaired.zip,4ffd56c3a3852f6b88a59191f575f847613517007af12981f0ed0a72be547fef,data/kegg_modules/mags/gbk_antismash/bin.50.orig.metawrap.repaired/index.html,data/kegg_modules/mags/gbk_antismash/bin.50.orig.metawrap.repaired/bin.50.orig.metawrap.repaired.json,8.0.4,1,1,1,lanthipeptide-class-v,RiPP,,0,
