taxon_oid,NCBI Domain,Sequencing Status,Study Name,Genome Name / Sample Name,Sequencing Center,IMG Genome ID,GOLD Analysis Project Type,NCBI Phylum,NCBI Class,NCBI Order,NCBI Family,NCBI Genus,NCBI Species,IMG Release/Pipeline Version,IMG Submission ID,GOLD Analysis Project ID,GOLD Sequencing Project ID,GOLD Study ID,Add Date,Assembly Method,Comments,Has Coverage,Is Public,Public Release Date,Submission Type,Contact Email,Contact Name,NCBI Bioproject Accession,NCBI Biosample Accession,Sequencing Depth,Sequencing Method,Sequencing Quality,Sequencing Status.1,Sequencing Strategy,Ecosystem,Ecosystem Category,Ecosystem Subtype,Ecosystem Type,Specific Ecosystem,Altitude In Meters,Depth In Meters,Elevation In Meters,Geographic Location,Habitat,Isolation,Isolation Country,Latitude,Longitude,Genome Size  * both,Gene Count  * both,Scaffold Count  * both,Bin Count  * both,EukCC Bin Count  * both,CRISPR Arrays  * both,GC Count  * both,GC  * both,Coding Base Count  * both,Coding Base Count %  * both,CDS Count  * both,CDS %  * both,RNA Count  * both,RNA % * both,rRNA Count  * both,5S rRNA Count  * both,16S rRNA Count  * both,18S rRNA Count  * both,23S rRNA Count  * both,28S rRNA Count  * both,tRNA Count  * both,Other RNA Count  * both,Unchar Count,Unchar %,w/ Func Pred Count  * both,w/ Func Pred %  * both,w/o function prediction * both,w/o function prediction % * both,Paralogs Count,Paralogs %,COG Count  * both,COG %  * both,KOG Count,KOG %,Pfam Count  * both,Pfam %  * both,TIGRfam Count  * both,TIGRfam %  * both,Enzyme Count  * both,Enzyme %  * both,KEGG Count  * both,KEGG %  * both,Not KEGG Count  * both,Not KEGG %  * both,KO Count  * both,KO %  * both,Not KO Count  * both,Not KO %  * both,MetaCyc Count  * both,MetaCyc %  * both,Not MetaCyc Count  * both,Not MetaCyc %  * both,Signal Peptide Count,Signal Peptide %,Transmembrane Count,Transmembrane %,Horizontally Transferred Count,Horizontally Transferred %,Paralog Group Count,COG Cluster Count  * both,KOG Cluster Count,Pfam Cluster Count  * both,TIGRfam Cluster Count  * both,SMC Biosynthetic Gene Cluster Count * both,Predicted Viruses,Predicted Plasmids,Estimated Number of Genomes * both,Estimated Average Genome Size * both,Estimated number of genomes - Marker genes average * both,Estimated number of genomes - Marker genes median * both,Estimated number of genomes - Marker genes mode * both,Standard deviation of marker gene counts * both,CheckM2 Completeness,CheckM2 Contamination,SRA ID,SRA Run,* Legacy EukCC Bin Count,Number of Filtered Reads  * assembled,Number of Mapped Reads  * assembled,% Assembled Reads  * assembled,Total Filtered Bases  * assembled,Total Mapped Bases  * assembled,Average Coverage of Assembled Sequences  * assembled,ST8_group,data_layer,data_layer_abbrev,sample_id_created_this_study,ST8_short_group,ST8_matrix_column,include_in_selected_ST8,core_comparison_group,matrix_column_all_KO,matrix_column_iron_KO,matrix_column_selected
3300038731,*Microbiome,Permanent Draft,"Acid mine drainage microbial biofilm communities from Richmond Mine, California, USA","Acid mine drainage biofilm communities from Richmond mine site C75, Iron Mt, CA, USA - AMDC751107","University of California, Berkeley",3300038731,Metagenome Analysis,Environmental,Aquatic,Freshwater,Groundwater,Acid Mine Drainage,"Acid mine drainage microbial biofilm communities from Richmond Mine, California, USA",IMG Annotation Pipeline v.5.0.15,217829,Ga0188182,Gp0213854,Gs0129031,2020-04-09,Custom JGI assembly v. Nielsen et. al.,,Yes,Yes,2020-04-09,Primary,,,PRJNA76185,SAMN00744465,,Illumina HiSeq 2000,,Complete,Metagenome,Environmental,Aquatic,Groundwater,Freshwater,Acid Mine Drainage,,,,"USA: Iron Mountain, California",Acid mine drainage,Richmond mine site C75,8855,40.67542,-122.53025,14524959,21464,7173,0,0,121,6378233,43.91,14466829,99.6,21022,97.94,442,2.06,42,7,13,0,22,0,400,0,,,12575,58.59,8447,39.35,,,12247,57.06,,,10672,49.72,3080,14,4226,19.69,4416,20.57,16606,77.37,7203,33.56,13819,64.38,2640,12.3,18382,85.64,,,,,,,,2332,,2274,1091,0,10.0,1.0,0,0,4.24,2,2,3.05,,,SRX103491,SRR359000,0,0,0,0.0,0,0,0.0,Main iron-rich/AMD group: Richmond Mine / Iron Mountain AMD,Metagenomics,MGX,S1,Richmond-AMD,Richmond-AMD-MGX-S1-3300038731,True,Iron-rich comparison,Richmond-AMD-MGX-S1-3300038731,Richmond-AMD-MGX-S1-3300038731,Richmond-AMD-MGX-S1-3300038731
3300055056,*Microbiome,Permanent Draft,"Acid mine drainage microbial communities from coal mines in Pennsylvania and Ohio, United States","Metatranscriptome of lab enriched acid mine drainage microbial communities from Akron, Ohio, USA - PML3_0D (Metagenome Metatranscriptome)",DOE Joint Genome Institute  (JGI),3300055056,Metatranscriptome Analysis,Environmental,Aquatic,Freshwater,Groundwater,Acid Mine Drainage,"Acid mine drainage microbial communities from coal mines in Pennsylvania and Ohio, United States",IMG Annotation Pipeline v.v5.0.25.aws,274893,Ga0506623,Gp0595001,Gs0145645,2022-07-28,MEGAHIT v. 1.2.9,released based on JGI ITS,Yes,Yes,2022-07-28,Primary,shagun2260@gmail.com,Shagun sharma,PRJNA1343333,SAMN52641563,,Illumina NovaSeq S4,,Complete,Metatranscriptome,Environmental,Aquatic,Groundwater,Freshwater,Acid Mine Drainage,,,225.0,"USA: Akron, Ohio",acid mine drainage,Incubations created from mixture of PM and Wingfield pines AMD under room temperature,8855,41.07755,-81.511441,8929001,16125,12953,0,0,6,5076869,56.86,8661866,97.01,15456,95.85,669,4.15,468,28,29,36,158,217,201,0,,,9297,57.66,6159,38.2,,,8774,54.41,,,8576,53.18,2158,13,2206,13.68,4165,25.83,11291,70.02,6339,39.31,9117,56.54,1252,7.76,14204,88.09,,,,,,,,1532,,1676,464,0,,,0,0,9.71,6,0,11.3,,,SRX31021849,,0,41648570,18589455,44.63,5743112462,2563385265,287.09,Additional AMD group: Akron / Pennsylvania–Ohio lab-enriched AMD,Metatranscriptomics,MTX,S2,Akron-AMD,Akron-AMD-MTX-S2-3300055056,True,Iron-rich comparison,Akron-AMD-MTX-S2-3300055056,Akron-AMD-MTX-S2-3300055056,Akron-AMD-MTX-S2-3300055056
3300038487,*Microbiome,Permanent Draft,"Acid mine drainage microbial biofilm communities from Richmond Mine, California, USA","Acid mine drainage biofilm communities from Richmond mine site C75, Iron Mt, CA, USA - AMDC750910","University of California, Berkeley",3300038487,Metagenome Analysis,Environmental,Aquatic,Freshwater,Groundwater,Acid Mine Drainage,"Acid mine drainage microbial biofilm communities from Richmond Mine, California, USA",IMG Annotation Pipeline v.5.0.14,217267,Ga0188180,Gp0213852,Gs0129031,2020-03-31,Custom JGI assembly v. Nielsen et. al.,,Yes,Yes,2020-03-31,Primary,,,PRJNA76185,SAMN00744470,,Illumina HiSeq 2000,,Complete,Metagenome,Environmental,Aquatic,Groundwater,Freshwater,Acid Mine Drainage,,,,"USA: Iron Mountain, California",Acid mine drainage,Richmond mine site C75,8855,40.67542,-122.53025,12568986,15639,2610,0,0,86,5421430,43.13,12517967,99.59,15280,97.7,359,2.3,34,7,9,1,17,0,325,0,,,9794,62.63,5486,35.08,,,9685,61.93,,,8744,55.91,2799,18,3218,20.58,3417,21.85,11863,75.86,5546,35.46,9734,62.24,2042,13.06,13238,84.65,,,,,,,,2134,,2151,1035,0,6.0,1.0,0,0,3.56,1,1,3.02,,,SRX103567,SRR359021,0,0,0,0.0,0,0,0.0,Main iron-rich/AMD group: Richmond Mine / Iron Mountain AMD,Metagenomics,MGX,S3,Richmond-AMD,Richmond-AMD-MGX-S3-3300038487,True,Iron-rich comparison,Richmond-AMD-MGX-S3-3300038487,Richmond-AMD-MGX-S3-3300038487,Richmond-AMD-MGX-S3-3300038487
3300030091,*Microbiome,Permanent Draft,"Acid mine drainage microbial biofilm communities from Richmond Mine, California, USA","Acid mine drainage biofilm communities from Richmond mine site C75, Iron Mt, CA, USA - AMDC750608V3","University of California, Berkeley",3300030091,Metagenome Analysis,Environmental,Aquatic,Freshwater,Groundwater,Acid Mine Drainage,"Acid mine drainage microbial biofilm communities from Richmond Mine, California, USA",IMG Annotation Pipeline v.4.16.5,199772,Ga0188179,Gp0213851,Gs0129031,2018-10-12,Custom JGI assembly v. Nielsen et. al.,Updating visibility of taxon created using public NCBI SRA data from private to public -- IMGSUPP-3620,Yes,Yes,2022-02-23,Primary,,,PRJNA76185,SAMN00744468,,Illumina HiSeq 2000,,Complete,Metagenome,Environmental,Aquatic,Groundwater,Freshwater,Acid Mine Drainage,,,,"USA: Iron Mountain, California",Acid mine drainage,Richmond mine site C75,8855,40.67542,-122.53025,16255496,20757,5129,0,0,209,7318018,45.02,16194613,99.63,20318,97.89,439,2.11,34,9,11,0,14,0,405,0,,,12375,59.62,7943,38.27,,,11872,57.2,,,11608,55.92,0,0,4736,22.82,4972,23.95,15346,73.93,7961,38.35,12357,59.53,3002,14.46,17316,83.42,,,,,,,,2065,,2307,0,0,6.0,2.0,0,0,4.52,2,2,3.29,,,SRX103565,SRR359019,0,0,0,0.0,0,0,0.0,Main iron-rich/AMD group: Richmond Mine / Iron Mountain AMD,Metagenomics,MGX,S4,Richmond-AMD,Richmond-AMD-MGX-S4-3300030091,True,Iron-rich comparison,Richmond-AMD-MGX-S4-3300030091,Richmond-AMD-MGX-S4-3300030091,Richmond-AMD-MGX-S4-3300030091
3300031604,*Microbiome,Permanent Draft,"Freshwater sediment microbial communities from Lake Towuti, South Sulawesi, Indonesia","Freshwater sediment microbial communities from Lake Towuti, South Sulawesi, Indonesia - TDP4",DOE Joint Genome Institute  (JGI),3300031604,Metagenome Analysis,Environmental,Aquatic,Freshwater,Lake,Sediment,"Freshwater sediment microbial communities from Lake Towuti, South Sulawesi, Indonesia",IMG Annotation Pipeline v.4.16.5,203080,Ga0315309,Gp0331166,Gs0131992,2018-11-16,SPAdes v. 3.12.0,,Yes,Yes,2019-01-23,Primary,rlsimister@gmail.com,Rachel Simister,PRJNA539344,SAMN11532921,,Illumina NovaSeq,Level 1: Standard Draft,Complete,Metagenome,Environmental,Aquatic,Lake,Freshwater,Sediment,,2.0,,Indonesia: South Sulawesi,sediment,Lake sediment,8763,-2.7726,121.4938,670074149,1322585,862510,0,0,287,323765895,48.32,668453792,99.76,1311420,99.16,11165,0.84,1906,251,566,0,1088,1,9259,0,,,776197,58.69,535223,40.47,,,748051,56.56,,,683808,51.7,0,0,332027,25.1,331825,25.09,979595,74.07,513397,38.82,798023,60.34,222039,16.79,1089381,82.37,,,,,,,,3567,,4644,0,0,173.0,0.0,0,0,186.73,84,53,164.45,,,SRX6422663,,0,85905946,65771158,76.56,12873655866,9856305569,14.71,Ferruginous lake/sediment group: Lake Towuti,Metagenomics,MGX,S5,Lake-Towuti,Lake-Towuti-MGX-S5-3300031604,True,Iron-rich comparison,Lake-Towuti-MGX-S5-3300031604,Lake-Towuti-MGX-S5-3300031604,Lake-Towuti-MGX-S5-3300031604
3300021518,*Microbiome,Permanent Draft,"Freshwater sediment microbial communities from Lake Towuti, South Sulawesi, Indonesia","Freshwater sediment microbial communities from Lake Towuti, South Sulawesi, Indonesia - Balambano_FR1_MetaG",DOE Joint Genome Institute  (JGI),3300021518,Metagenome Analysis,Environmental,Aquatic,Freshwater,Lake,Sediment,"Freshwater sediment microbial communities from Lake Towuti, South Sulawesi, Indonesia",IMG Annotation Pipeline v.4.15.2,161646,Ga0224722,Gp0256634,Gs0131992,2017-11-10,SPAdes v. 3.11.1-check,,Yes,Yes,2018-01-09,Primary,rlsimister@gmail.com,Rachel Simister,PRJNA439834,SAMN08769315,,"Illumina NovaSeq, Illumina HiSeq 2500-1TB",Level 1: Standard Draft,Complete,Metagenome,Environmental,Aquatic,Lake,Freshwater,Sediment,,0.0,0.0,Indonesia: South Sulawesi,Freshwater sediment,lake sediment,8763,-2.651,121.2318,603299675,1296459,944533,0,0,1412,346071862,57.36,601657165,99.73,1286550,99.24,9909,0.76,2282,330,756,41,1084,71,7627,0,,,1296459,100.0,-9909,-0.76,,,652860,50.36,,,634347,48.93,0,0,280840,21.66,297596,22.95,988954,76.28,496199,38.27,790351,60.96,174980,13.5,1111570,85.74,,,,,,,,4470,,7930,0,0,128.0,28.0,155,3892255,161.15,155,0,51.63,,,"SRX4020276, SRX5645274",,0,0,0,0.0,0,0,0.0,Ferruginous lake/sediment group: Lake Towuti,Metagenomics,MGX,S6,Lake-Towuti,Lake-Towuti-MGX-S6-3300021518,True,Iron-rich comparison,Lake-Towuti-MGX-S6-3300021518,Lake-Towuti-MGX-S6-3300021518,Lake-Towuti-MGX-S6-3300021518
3300023307,*Microbiome,Permanent Draft,Hydrothermal Fe-rich Mat Reference Genomes,"Hydrothermal Fe-rich mat microbial community from Urashima Vent Field, Mariana Arc, Pacific Ocean - 801-SC8",University of Delaware,3300023307,Metagenome Analysis,Environmental,Aquatic,Marine,Hydrothermal vents,Microbial mats,Hydrothermal Fe-rich Mat Reference Genomes,IMG Annotation Pipeline v.4.16.1,181158,Ga0256749,Gp0295818,Gs0133538,2018-02-23,metaSPAdes v. 3.10.0,Metagenomes associated with bioRxiv doi:10.1101/722066,Yes,Yes,2019-09-02,Primary,mcallis@uw.edu,Sean McAllister,,,,Illumina HiSeq 2500,Level 2: High-Quality Draft,Complete,Metagenome,Environmental,Aquatic,Hydrothermal vents,Marine,Microbial mats,,2927.7,,"International: Urashima Vent Field, Mariana Arc",Hydrothermal Fe-rich mat,Golden Horn Chimney,8764,12.92235,143.64928,20042752,40295,27287,0,0,14,9670472,48.25,19597007,97.78,38414,95.33,1881,4.67,1562,13,1502,4,42,1,319,0,,,40295,100.0,-1881,-4.67,,,22543,55.94,,,22195,55.08,0,0,10555,26.19,10974,27.23,27440,68.1,18088,44.89,20326,50.44,6344,15.74,32070,79.59,,,,,,,,2459,,2953,0,0,1.0,0.0,8,2505344,9.73,9,8,3.77,,,,,0,0,0,0.0,0,0,0.0,Optional outgroup: Hydrothermal Fe-rich mats,Metagenomics,MGX,S7,Hydrothermal-Fe-mats,Hydrothermal-Fe-mats-MGX-S7-3300023307,True,Outgroup,Hydrothermal-Fe-mats-MGX-S7-3300023307,Hydrothermal-Fe-mats-MGX-S7-3300023307,Hydrothermal-Fe-mats-MGX-S7-3300023307
3300023177,*Microbiome,Permanent Draft,Methane metabolizing microbial communities from different methane-rich environments from various locations,"Freshwater microbial communities from Lake Matano, South Sulawesi, Indonesia - Watercolumn_Matano_2014_112_MG",DOE Joint Genome Institute  (JGI),3300023177,Metagenome Analysis,Environmental,Aquatic,Freshwater,Lake,Unclassified,Methane metabolizing microbial communities from different methane-rich environments from various locations,IMG Annotation Pipeline v.4.16.1,180713,Ga0233423,Gp0272226,Gs0127566,2018-02-17,SPAdes v. 3.11.1,,Yes,Yes,2018-04-18,Primary,sean.crowe@ubc.ca,Sean Crowe,PRJNA468228,SAMN09201589,,Illumina HiSeq 2500-1TB,Level 1: Standard Draft,Complete,Metagenome,Environmental,Aquatic,Lake,Freshwater,Unclassified,,112.0,,Indonesia: South Sulawesi,freshwater,lake water,8763,-2.4667,121.2833,965473321,2182929,1631240,0,0,1355,492926572,51.06,963175962,99.76,2166108,99.23,16821,0.77,2784,335,899,18,1487,45,14037,0,,,2182929,100.0,-16821,-0.77,,,998152,45.73,,,964519,44.18,0,0,448205,20.53,458465,21.0,1707643,78.23,733853,33.62,1432255,65.61,281511,12.9,1884597,86.33,,,,,,,,4542,,7586,0,0,133.0,9.0,301,3207552,363.38,344,301,140.29,,,SRX4481787,,0,188586238,147879310,78.41,27282238172,21393281921,22.16,Ferruginous lake/sediment group: Lake Matano,Metagenomics,MGX,S8,Lake-Matano,Lake-Matano-MGX-S8-3300023177,True,Iron-rich comparison,Lake-Matano-MGX-S8-3300023177,Lake-Matano-MGX-S8-3300023177,Lake-Matano-MGX-S8-3300023177
3300061576,*Microbiome,Permanent Draft,Freshwater microbial and viral communities from the Laurentian Great Lakes in the United States and Canada,"Metatranscriptome of freshwater microbial communities from Lake Superior, Michigan, USA - SU01M_mt4 (Metagenome Metatranscriptome)",DOE Joint Genome Institute  (JGI),3300061576,Metatranscriptome Analysis,Environmental,Aquatic,Freshwater,Lake,Unclassified,,IMG Annotation Pipeline v.5.1.13,299589,Ga0587031,Gp0687423,Gs0135713,2023-05-07,MEGAHIT v. 1.2.9,released based on JGI ITS,Yes,Yes,2025-05-06,Primary,mlcoleman@uchicago.edu,Maureen Coleman,PRJNA1339124,SAMN52637157,,Illumina NovaSeq S4,,Complete,Metatranscriptome,Environmental,Aquatic,Lake,Freshwater,Unclassified,,83.0,,United States: Michigan,Freshwater,untreated lake water,8855,46.993306,-85.16111,39767399,97068,77215,0,0,16,19394815,48.77,39606695,99.6,96106,99.01,962,0.99,338,50,43,3,190,52,624,0,,,50205,51.72,45901,47.29,,,45158,46.52,,,43399,44.71,9646,10,17849,18.39,25050,25.81,71056,73.2,37422,38.55,58684,60.46,10347,10.66,85759,88.35,,,,,,,,3411,,4181,1248,0,,,0,0,37.9,32,4,28.69,,,SRX31034105,,0,17955954,12608794,70.22,2529075082,1775933861,44.66,Ferruginous lake/sediment group: Lake Superior,Metatranscriptomics,MTX,S9,Lake-Superior,Lake-Superior-MTX-S9-3300061576,True,Iron-rich comparison,Lake-Superior-MTX-S9-3300061576,Lake-Superior-MTX-S9-3300061576,Lake-Superior-MTX-S9-3300061576
3300024300,*Microbiome,Permanent Draft,Methane metabolizing microbial communities from different methane-rich environments from various locations,"Freshwater microbial communities from Lake Matano, South Sulawesi, Indonesia - Watercolumn_Matano_2014_102_MG",DOE Joint Genome Institute  (JGI),3300024300,Metagenome Analysis,Environmental,Aquatic,Freshwater,Lake,Unclassified,Methane metabolizing microbial communities from different methane-rich environments from various locations,IMG Annotation Pipeline v.4.16.1,183009,Ga0233420,Gp0272223,Gs0127566,2018-03-17,SPAdes v. 3.11.1,,Yes,Yes,2018-05-16,Primary,sean.crowe@ubc.ca,Sean Crowe,PRJNA468225,SAMN09201591,,Illumina HiSeq 2500-1TB,Level 1: Standard Draft,Complete,Metagenome,Environmental,Aquatic,Lake,Freshwater,Unclassified,,102.0,,Indonesia: South Sulawesi,freshwater,lake water,8763,-2.4667,121.2833,719763255,1760652,1383907,0,0,1221,373550768,51.9,718046101,99.76,1747846,99.27,12806,0.73,2324,265,743,12,1262,42,10482,0,,,1760652,100.0,-12806,-0.73,,,815389,46.31,,,767816,43.61,0,0,378545,21.5,389296,22.11,1358550,77.16,625984,35.55,1121862,63.72,236275,13.42,1511571,85.85,,,,,,,,4453,,7109,0,0,210.0,6.0,314,2292239,289.54,280,314,116.2,,,SRX4480643,,0,191745388,153616121,80.11,28383066948,22738990971,31.59,Ferruginous lake/sediment group: Lake Matano,Metagenomics,MGX,S10,Lake-Matano,Lake-Matano-MGX-S10-3300024300,True,Iron-rich comparison,Lake-Matano-MGX-S10-3300024300,Lake-Matano-MGX-S10-3300024300,Lake-Matano-MGX-S10-3300024300
3300031593,*Microbiome,Permanent Draft,"Freshwater sediment microbial communities from Lake Towuti, South Sulawesi, Indonesia","Freshwater sediment microbial communities from Lake Towuti, South Sulawesi, Indonesia - TDP2",DOE Joint Genome Institute  (JGI),3300031593,Metagenome Analysis,Environmental,Aquatic,Freshwater,Lake,Sediment,"Freshwater sediment microbial communities from Lake Towuti, South Sulawesi, Indonesia",IMG Annotation Pipeline v.4.16.5,203079,Ga0315307,Gp0331164,Gs0131992,2018-11-16,SPAdes v. 3.12.0,,Yes,Yes,2019-01-23,Primary,rlsimister@gmail.com,Rachel Simister,PRJNA539342,SAMN11530000,,Illumina NovaSeq,Level 1: Standard Draft,Complete,Metagenome,Environmental,Aquatic,Lake,Freshwater,Sediment,,0.0,,Indonesia: South Sulawesi,sediment,Lake sediment,8763,-2.7726,121.4938,535834901,1102393,755814,0,0,162,259175634,48.37,534484977,99.75,1093217,99.17,9176,0.83,1644,200,528,0,915,1,7532,0,,,650518,59.01,442699,40.16,,,627615,56.93,,,567875,51.51,0,0,279722,25.37,279459,25.35,813758,73.82,433347,39.31,659870,59.86,186071,16.88,907146,82.29,,,,,,,,3539,,4514,0,0,93.0,0.0,0,0,155.35,68,0,134.75,,,SRX6422637,,0,64586206,45880785,71.04,9671443925,6870405723,12.82,Ferruginous lake/sediment group: Lake Towuti,Metagenomics,MGX,S11,Lake-Towuti,Lake-Towuti-MGX-S11-3300031593,True,Iron-rich comparison,Lake-Towuti-MGX-S11-3300031593,Lake-Towuti-MGX-S11-3300031593,Lake-Towuti-MGX-S11-3300031593
3300024333,*Microbiome,Permanent Draft,Methane metabolizing microbial communities from different methane-rich environments from various locations,"Freshwater microbial communities from Lake Matano, South Sulawesi, Indonesia - Watercolumn_Matano_2014_110_MG",DOE Joint Genome Institute  (JGI),3300024333,Metagenome Analysis,Environmental,Aquatic,Freshwater,Lake,Unclassified,Methane metabolizing microbial communities from different methane-rich environments from various locations,IMG Annotation Pipeline v.4.16.1,182724,Ga0233422,Gp0272225,Gs0127566,2018-03-20,SPAdes v. 3.11.1,,Yes,Yes,2018-05-19,Primary,sean.crowe@ubc.ca,Sean Crowe,PRJNA468227,SAMN09201687,,Illumina HiSeq 2500-1TB,Level 1: Standard Draft,Complete,Metagenome,Environmental,Aquatic,Lake,Freshwater,Unclassified,,110.0,,Indonesia: South Sulawesi,freshwater,lake water,8763,-2.4667,121.2833,854344518,1993090,1520926,0,0,1235,427985315,50.1,852324606,99.76,1978259,99.26,14831,0.74,2547,279,788,22,1420,38,12284,0,,,1993090,100.0,-14831,-0.74,,,880873,44.2,,,847092,42.5,0,0,399221,20.03,407589,20.45,1570670,78.81,652237,32.72,1326022,66.53,249192,12.5,1729067,86.75,,,,,,,,4525,,7582,0,0,340.0,2.0,303,2819618,322.8,300,303,130.32,,,SRX4481743,,0,172249710,133974623,77.78,25114430291,19533828707,22.86,Ferruginous lake/sediment group: Lake Matano,Metagenomics,MGX,S12,Lake-Matano,Lake-Matano-MGX-S12-3300024333,True,Iron-rich comparison,Lake-Matano-MGX-S12-3300024333,Lake-Matano-MGX-S12-3300024333,Lake-Matano-MGX-S12-3300024333
3300030335,*Microbiome,Permanent Draft,"Acid mine drainage microbial biofilm communities from Richmond Mine, California, USA","Acid mine drainage biofilm communities from Richmond mine site C75, Iron Mt, CA, USA - AMDC750608V1","University of California, Berkeley",3300030335,Metagenome Analysis,Environmental,Aquatic,Freshwater,Groundwater,Acid Mine Drainage,"Acid mine drainage microbial biofilm communities from Richmond Mine, California, USA",IMG Annotation Pipeline v.4.16.5,199770,Ga0188177,Gp0213849,Gs0129031,2018-10-14,Custom JGI assembly v. Nielsen et. al.,Updating visibility of taxon created using public NCBI SRA data from private to public -- IMGSUPP-3620,Yes,Yes,2022-02-23,Primary,,,PRJNA76185,SAMN00744466,,Illumina HiSeq 2000,,Complete,Metagenome,Environmental,Aquatic,Groundwater,Freshwater,Acid Mine Drainage,,,,"USA: Iron Mountain, California",Acid mine drainage,Richmond mine site C75,8855,40.67542,-122.53025,16951062,21294,4932,0,0,231,7606200,44.87,16890542,99.64,20852,97.92,442,2.08,34,10,10,0,14,0,408,0,,,12648,59.4,8204,38.53,,,12156,57.09,,,11881,55.8,0,0,4820,22.64,5018,23.57,15834,74.36,8115,38.11,12737,59.81,3055,14.35,17797,83.58,,,,,,,,2069,,2311,0,0,8.0,1.0,0,0,4.53,2,2,3.32,,,SRX103497,SRR359001,0,0,0,0.0,0,0,0.0,Main iron-rich/AMD group: Richmond Mine / Iron Mountain AMD,Metagenomics,MGX,S13,Richmond-AMD,Richmond-AMD-MGX-S13-3300030335,True,Iron-rich comparison,Richmond-AMD-MGX-S13-3300030335,Richmond-AMD-MGX-S13-3300030335,Richmond-AMD-MGX-S13-3300030335
3300055062,*Microbiome,Permanent Draft,"Acid mine drainage microbial communities from coal mines in Pennsylvania and Ohio, United States","Metatranscriptome of lab enriched acid mine drainage microbial communities from Akron, Ohio, USA - PML1_14D (Metagenome Metatranscriptome)",DOE Joint Genome Institute  (JGI),3300055062,Metatranscriptome Analysis,Environmental,Aquatic,Freshwater,Groundwater,Acid Mine Drainage,"Acid mine drainage microbial communities from coal mines in Pennsylvania and Ohio, United States",IMG Annotation Pipeline v.v5.0.25.aws,274899,Ga0506625,Gp0595003,Gs0145645,2022-07-28,MEGAHIT v. 1.2.9,released based on JGI ITS,Yes,Yes,2022-07-28,Primary,shagun2260@gmail.com,Shagun sharma,PRJNA1340724,SAMN52639085,,Illumina NovaSeq S4,,Complete,Metatranscriptome,Environmental,Aquatic,Groundwater,Freshwater,Acid Mine Drainage,,,225.0,"USA: Akron, Ohio",acid mine drainage,Incubations created from mixture of PM and Wingfield pines AMD under room temperature,8855,41.07755,-81.511441,28992971,48870,35186,0,0,10,16162896,55.75,28560438,98.51,47699,97.6,1171,2.4,692,50,61,48,254,279,479,0,,,30906,63.24,16793,34.36,,,28019,57.33,,,29467,60.3,8141,17,10028,20.52,15668,32.06,32031,65.54,23113,47.29,24586,50.31,6071,12.42,41628,85.18,,,,,,,,2893,,4334,1325,0,,,0,0,27.33,23,3,21.8,,,SRX31021836,,0,63117278,34212962,54.21,8521525357,4619125419,159.32,Additional AMD group: Akron / Pennsylvania–Ohio lab-enriched AMD,Metatranscriptomics,MTX,S14,Akron-AMD,Akron-AMD-MTX-S14-3300055062,True,Iron-rich comparison,Akron-AMD-MTX-S14-3300055062,Akron-AMD-MTX-S14-3300055062,Akron-AMD-MTX-S14-3300055062
3300023310,*Microbiome,Permanent Draft,Hydrothermal Fe-rich Mat Reference Genomes,"Hydrothermal Fe-rich mat microbial community from Loihi Seamount, Hawaii, USA - 674-BM1-C3",University of Delaware,3300023310,Metagenome Analysis,Environmental,Aquatic,Marine,Hydrothermal vents,Microbial mats,Hydrothermal Fe-rich Mat Reference Genomes,IMG Annotation Pipeline v.4.16.1,181125,Ga0256722,Gp0295814,Gs0133538,2018-02-23,metaSPAdes v. 3.10.0,Metagenomes associated with bioRxiv doi:10.1101/722066,Yes,Yes,2019-09-02,Primary,mcallis@uw.edu,Sean McAllister,,,,Illumina HiSeq 2500,Level 2: High-Quality Draft,Complete,Metagenome,Environmental,Aquatic,Hydrothermal vents,Marine,Microbial mats,,1179.43,,"USA: Loihi Seamount, Hawaii",Hydrothermal Fe-rich mat,Pohaku (Marker #57),8855,18.901418,-155.258191,97362260,150198,74296,0,0,560,45501870,46.73,97176990,99.81,148712,99.01,1486,0.99,132,31,42,0,59,0,1354,0,,,150198,100.0,-1486,-0.99,,,85593,56.99,,,87395,58.19,0,0,35319,23.51,34606,23.04,114106,75.97,61200,40.75,87512,58.26,20913,13.92,127799,85.09,,,,,,,,3590,,4655,0,0,92.0,5.0,29,3357319,28.83,29,29,6.71,,,,,0,0,0,0.0,0,0,0.0,Optional outgroup: Hydrothermal Fe-rich mats,Metagenomics,MGX,S15,Hydrothermal-Fe-mats,Hydrothermal-Fe-mats-MGX-S15-3300023310,True,Outgroup,Hydrothermal-Fe-mats-MGX-S15-3300023310,Hydrothermal-Fe-mats-MGX-S15-3300023310,Hydrothermal-Fe-mats-MGX-S15-3300023310
3300031877,*Microbiome,Permanent Draft,"Freshwater sediment microbial communities from Lake Towuti, South Sulawesi, Indonesia","Freshwater sediment microbial communities from Lake Towuti, South Sulawesi, Indonesia - TDP9",DOE Joint Genome Institute  (JGI),3300031877,Metagenome Analysis,Environmental,Aquatic,Freshwater,Lake,Sediment,"Freshwater sediment microbial communities from Lake Towuti, South Sulawesi, Indonesia",IMG Annotation Pipeline v.4.16.5,203631,Ga0315314,Gp0331171,Gs0131992,2018-11-30,SPAdes v. 3.12.0,,Yes,Yes,2019-01-29,Primary,rlsimister@gmail.com,Rachel Simister,PRJNA539347,SAMN11532410,,Illumina NovaSeq,Level 1: Standard Draft,Complete,Metagenome,Environmental,Aquatic,Lake,Freshwater,Sediment,,4.0,,Indonesia: South Sulawesi,sediment,Lake sediment,8763,-2.7726,121.4938,695729827,1281417,774811,0,0,632,350869622,50.43,694184099,99.78,1270944,99.18,10473,0.82,1571,216,513,0,837,5,8902,0,,,738071,57.6,532873,41.58,,,697497,54.43,,,657903,51.34,0,0,296722,23.16,298724,23.31,972220,75.87,468457,36.56,802487,62.62,196964,15.37,1073980,83.81,,,,,,,,3752,,5021,0,0,343.0,0.0,0,0,176.05,125,0,110.84,,,SRX6422719,,0,106380070,91178253,85.71,15945370553,13666761362,19.64,Ferruginous lake/sediment group: Lake Towuti,Metagenomics,MGX,S16,Lake-Towuti,Lake-Towuti-MGX-S16-3300031877,True,Iron-rich comparison,Lake-Towuti-MGX-S16-3300031877,Lake-Towuti-MGX-S16-3300031877,Lake-Towuti-MGX-S16-3300031877
2010484004,*Microbiome,Permanent Draft,"Acid Mine Drainage (AMD) microbial and viral communities from Richmond mine, Iron Mountain, CA","Acid Mine Drainage (ARMAN) microbial communities from Richmond mine, Iron Mountain, CA, sample from Ultra Back A BS v1","DOE Joint Genome Institute  (JGI), University of California, Berkeley",2010484004,Metagenome Analysis,Environmental,Aquatic,Freshwater,Groundwater,Acid Mine Drainage,"Acid Mine Drainage (AMD) microbial and viral communities from Richmond mine, Iron Mountain, CA",,173,Ga0026418,Gp0051182,Gs0053288,2008-05-30,,,No,Yes,2013-04-18,Reanalysis,"jbanfield@berkeley.edu, jbanfield@berkeley.edu; jill@eps.berkeley.edu","Jill Banfield, Jill Banfield; Banfield, Jillian F.",PRJNA337102,SAMN05518013,,Sanger,,Complete,Metagenome,Environmental,Aquatic,Groundwater,Freshwater,Acid Mine Drainage,,,,Iron Mountain California,Acid Mine Drainage (AMD),Acid mine drainage,8855,40.678099,-122.515068,20656958,25801,17295,0,0,54,8693054,42.08,20632812,99.88,25493,98.81,308,1.19,0,0,0,0,0,0,308,0,0.0,0.0,13988,54.21,11505,44.59,9972.0,38.65,14957,57.97,0.0,0.0,14108,54.68,0,0,4022,15.59,4252,16.48,21241,82.33,6623,25.67,18870,73.14,2932,11.36,22561,87.44,4599.0,17.82,4389.0,17.01,0.0,0.0,,2326,0.0,2453,1034,0,3.0,0.0,0,0,4.55,4,1,3.56,,,,,0,0,0,0.0,0,0,0.0,Main iron-rich/AMD group: Richmond Mine / Iron Mountain AMD,Metagenomics,MGX,S17,Richmond-AMD,Richmond-AMD-MGX-S17-2010484004,True,Iron-rich comparison,Richmond-AMD-MGX-S17-2010484004,Richmond-AMD-MGX-S17-2010484004,Richmond-AMD-MGX-S17-2010484004
3300008723,*Microbiome,Permanent Draft,"Acid mine drainage (AMD) microbial communities from Richmond mine in California, USA","Acid mine drainage (AMD) microbial communities of acidophilic biofilm from Richmond mine in California, USA - R1 GS05","University of California, Berkeley",3300008723,Metatranscriptome Analysis,Environmental,Aquatic,Freshwater,Groundwater,Acid Mine Drainage,"Acid mine drainage (AMD) microbial communities from Richmond mine in California, USA",IMG Annotation Pipeline v.4.10.2,83230,Ga0103814,Gp0126403,Gs0117981,2016-04-11,Custom JGI assembly v. Nielsen et. al.,IMGSUPP-1768,Yes,Yes,2018-11-01,Primary,,,PRJNA210320,SAMN02214182,,Illumina GAIIx,,Complete,Metatranscriptome,Environmental,Aquatic,Groundwater,Freshwater,Acid Mine Drainage,,,,"USA: Richmond, California",Acid mine drainage,Acid mine drainage,8855,,,3974441,9855,7429,0,0,0,2272940,57.18892,3954485,99.5,9736,98.79,119,1.21,53,2,8,0,43,0,66,0,,,9855,100.0,-119,-1.21,,,4839,49.1,,,4542,46.09,0,0,2793,28.34,3082,31.27,6654,67.52,4650,47.18,5086,51.61,1837,18.64,7899,80.15,,,,,,,,1375,,1495,0,0,0.0,0.0,0,0,2.09,2,2,1.11,,,SRX317229,SRR943109,0,0,0,0.0,0,0,0.0,Main iron-rich/AMD group: Richmond Mine / Iron Mountain AMD,Metatranscriptomics,MTX,S18,Richmond-AMD,Richmond-AMD-MTX-S18-3300008723,True,Iron-rich comparison,Richmond-AMD-MTX-S18-3300008723,Richmond-AMD-MTX-S18-3300008723,Richmond-AMD-MTX-S18-3300008723
3300023442,*Microbiome,Permanent Draft,Hydrothermal Fe-rich Mat Reference Genomes,"Hydrothermal Fe-rich mat microbial community from Rainbow Site, Mid-Atlantic Ridge, Atlantic Ocean - 664-SC8",University of Delaware,3300023442,Metagenome Analysis,Environmental,Aquatic,Marine,Hydrothermal vents,Microbial mats,Hydrothermal Fe-rich Mat Reference Genomes,IMG Annotation Pipeline v.4.16.1,181160,Ga0256751,Gp0295820,Gs0133538,2018-02-26,metaSPAdes v. 3.10.0,Metagenomes associated with bioRxiv doi:10.1101/722066,Yes,Yes,2019-09-02,Primary,mcallis@uw.edu,Sean McAllister,,,,Illumina HiSeq 2500,Level 2: High-Quality Draft,Complete,Metagenome,Environmental,Aquatic,Hydrothermal vents,Marine,Microbial mats,,2294.86,,"International: Rainbow Site, Mid-Atlantic Ridge",Hydrothermal Fe-rich mat,Rainbow Site,8764,36.229322,-33.902767,389358363,609080,323421,0,0,364,203578191,52.29,388634244,99.81,604304,99.22,4776,0.78,673,117,214,5,327,10,4103,0,,,609080,100.0,-4776,-0.78,,,370919,60.9,,,370614,60.85,0,0,157477,25.85,164610,27.03,439694,72.19,271675,44.6,332629,54.61,98572,16.18,505732,83.03,,,,,,,,4274,,6409,0,0,366.0,7.0,120,3244653,126.09,121,120,34.13,,,,,0,0,0,0.0,0,0,0.0,Optional outgroup: Hydrothermal Fe-rich mats,Metagenomics,MGX,S19,Hydrothermal-Fe-mats,Hydrothermal-Fe-mats-MGX-S19-3300023442,True,Outgroup,Hydrothermal-Fe-mats-MGX-S19-3300023442,Hydrothermal-Fe-mats-MGX-S19-3300023442,Hydrothermal-Fe-mats-MGX-S19-3300023442
3300023313,*Microbiome,Permanent Draft,Hydrothermal Fe-rich Mat Reference Genomes,"Hydrothermal Fe-rich mat microbial community from Urashima Vent Field, Mariana Arc, Pacific Ocean - 801-BM1-B4",University of Delaware,3300023313,Metagenome Analysis,Environmental,Aquatic,Marine,Hydrothermal vents,Microbial mats,Hydrothermal Fe-rich Mat Reference Genomes,IMG Annotation Pipeline v.4.16.1,181157,Ga0256748,Gp0295817,Gs0133538,2018-02-24,metaSPAdes v. 3.10.0,Metagenomes associated with bioRxiv doi:10.1101/722066,Yes,Yes,2019-09-02,Primary,mcallis@uw.edu,Sean McAllister,,,,Illumina HiSeq 2500,Level 2: High-Quality Draft,Complete,Metagenome,Environmental,Aquatic,Hydrothermal vents,Marine,Microbial mats,,2929.9,,"International: Urashima Vent Field, Mariana Arc",Hydrothermal Fe-rich mat,Golden Horn Chimney,8764,12.92235,143.64925,224728852,372212,207598,0,0,225,98236963,43.71,224194900,99.76,368673,99.05,3539,0.95,575,122,194,9,236,14,2964,0,,,372212,100.0,-3539,-0.95,,,212362,57.05,,,210923,56.67,0,0,92850,24.95,97431,26.18,271242,72.87,162666,43.7,206007,55.35,56300,15.13,312373,83.92,,,,,,,,3936,,5478,0,0,257.0,18.0,67,3354161,81.78,80,67,20.22,,,,,0,0,0,0.0,0,0,0.0,Optional outgroup: Hydrothermal Fe-rich mats,Metagenomics,MGX,S20,Hydrothermal-Fe-mats,Hydrothermal-Fe-mats-MGX-S20-3300023313,True,Outgroup,Hydrothermal-Fe-mats-MGX-S20-3300023313,Hydrothermal-Fe-mats-MGX-S20-3300023313,Hydrothermal-Fe-mats-MGX-S20-3300023313
3300055061,*Microbiome,Permanent Draft,"Acid mine drainage microbial communities from coal mines in Pennsylvania and Ohio, United States","Metatranscriptome of lab enriched acid mine drainage microbial communities from Akron, Ohio, USA - WFP1_0D (Metagenome Metatranscriptome)",DOE Joint Genome Institute  (JGI),3300055061,Metatranscriptome Analysis,Environmental,Aquatic,Freshwater,Groundwater,Acid Mine Drainage,"Acid mine drainage microbial communities from coal mines in Pennsylvania and Ohio, United States",IMG Annotation Pipeline v.v5.0.25.aws,274898,Ga0506624,Gp0595002,Gs0145645,2022-07-28,MEGAHIT v. 1.2.9,released based on JGI ITS,Yes,Yes,2022-07-28,Primary,shagun2260@gmail.com,Shagun sharma,PRJNA1342022,SAMN52639554,,Illumina NovaSeq S4,,Complete,Metatranscriptome,Environmental,Aquatic,Groundwater,Freshwater,Acid Mine Drainage,,,225.0,"USA: Akron, Ohio",acid mine drainage,Incubations created from mixture of PM and Wingfield pines AMD under room temperature,8855,41.07755,-81.511441,5228452,9757,7615,0,0,1,2892052,55.31,5048022,96.55,9324,95.56,433,4.44,327,27,28,24,97,151,106,0,,,5022,51.47,4302,44.09,,,4802,49.22,,,4443,45.54,1027,11,1168,11.97,1998,20.48,7326,75.08,3220,33.0,6104,62.56,614,6.29,8710,89.27,,,,,,,,1433,,1453,374,0,,,0,0,4.27,3,0,4.63,,,SRX31021877,,0,36374558,13188785,36.26,4976244633,1804300153,345.09,Additional AMD group: Akron / Pennsylvania–Ohio lab-enriched AMD,Metatranscriptomics,MTX,S21,Akron-AMD,Akron-AMD-MTX-S21-3300055061,True,Iron-rich comparison,Akron-AMD-MTX-S21-3300055061,Akron-AMD-MTX-S21-3300055061,Akron-AMD-MTX-S21-3300055061
3300008567,*Microbiome,Permanent Draft,"Acid mine drainage (AMD) microbial communities from Richmond mine in California, USA","Acid mine drainage (AMD) microbial communities of acidophilic biofilm from Richmond mine in California, USA - A-drift","University of California, Berkeley",3300008567,Metatranscriptome Analysis,Environmental,Aquatic,Freshwater,Groundwater,Acid Mine Drainage,"Acid mine drainage (AMD) microbial communities from Richmond mine in California, USA",IMG Annotation Pipeline v.4.10.2,83229,Ga0103816,Gp0126405,Gs0117981,2016-04-10,Custom JGI assembly v. Nielsen et. al.,IMGSUPP-1768,Yes,Yes,2018-11-01,Primary,,,PRJNA210320,SAMN02214184,,Illumina GAIIx,,Complete,Metatranscriptome,Environmental,Aquatic,Groundwater,Freshwater,Acid Mine Drainage,,,,"USA: Richmond, California",Acid mine drainage,Acid mine drainage,8855,,,762324,2763,2626,0,0,0,397767,52.17821,699561,91.77,2553,92.4,210,7.6,205,3,36,8,142,16,5,0,,,2763,100.0,-210,-7.6,,,1107,40.07,,,961,34.78,0,0,546,19.76,748,27.07,1805,65.33,1038,37.57,1515,54.83,388,14.04,2165,78.36,,,,,,,,578,,585,0,0,2.0,0.0,0,0,0.76,0,0,1.0,,,SRX317224,SRR933584,0,0,0,0.0,0,0,0.0,Main iron-rich/AMD group: Richmond Mine / Iron Mountain AMD,Metatranscriptomics,MTX,S22,Richmond-AMD,Richmond-AMD-MTX-S22-3300008567,True,Iron-rich comparison,Richmond-AMD-MTX-S22-3300008567,Richmond-AMD-MTX-S22-3300008567,Richmond-AMD-MTX-S22-3300008567
3300055069,*Microbiome,Permanent Draft,"Acid mine drainage microbial communities from coal mines in Pennsylvania and Ohio, United States","Metatranscriptome of lab enriched acid mine drainage microbial communities from Akron, Ohio, USA - WFP3_21D (Metagenome Metatranscriptome)",DOE Joint Genome Institute  (JGI),3300055069,Metatranscriptome Analysis,Environmental,Aquatic,Freshwater,Groundwater,Acid Mine Drainage,"Acid mine drainage microbial communities from coal mines in Pennsylvania and Ohio, United States",IMG Annotation Pipeline v.v5.0.25.aws,274906,Ga0504835,Gp0592528,Gs0145645,2022-07-28,MEGAHIT v. 1.2.9,released based on JGI ITS,Yes,Yes,2022-07-28,Primary,shagun2260@gmail.com,Shagun sharma,PRJNA1341174,SAMN52640441,,Illumina NovaSeq S4,,Complete,Metatranscriptome,Environmental,Aquatic,Groundwater,Freshwater,Acid Mine Drainage,,,225.0,"USA: Akron, Ohio",acid mine drainage,Incubations created from mixture of PM and Wingfield pines AMD under room temperature,8855,41.07755,-81.511441,22155081,34560,28203,0,0,9,11343070,51.2,21590099,97.45,33150,95.92,1410,4.08,1013,78,83,70,384,398,397,0,,,16188,46.84,16962,49.08,,,13762,39.82,,,16472,47.66,3627,10,4443,12.86,7179,20.77,25971,75.15,10829,31.33,22321,64.59,2483,7.18,30667,88.74,,,,,,,,2198,,3532,811,0,,,0,0,10.86,7,0,10.84,,,SRX31021876,,0,52003286,29589257,56.9,7411922481,4217296559,190.35,Additional AMD group: Akron / Pennsylvania–Ohio lab-enriched AMD,Metatranscriptomics,MTX,S23,Akron-AMD,Akron-AMD-MTX-S23-3300055069,True,Iron-rich comparison,Akron-AMD-MTX-S23-3300055069,Akron-AMD-MTX-S23-3300055069,Akron-AMD-MTX-S23-3300055069
3300036046,*Microbiome,Permanent Draft,"Freshwater sediment microbial communities from Lake Towuti, South Sulawesi, Indonesia","Freshwater sediment microbial communities from Lake Towuti, South Sulawesi, Indonesia - Balambano_FR1_MetaG (v2) (version 2)",DOE Joint Genome Institute  (JGI),3300036046,Metagenome Analysis,Environmental,Aquatic,Freshwater,Lake,Sediment,"Freshwater sediment microbial communities from Lake Towuti, South Sulawesi, Indonesia",IMG Annotation Pipeline v.5.0.3,218012,Ga0310692,Gp0256634,Gs0131992,2019-11-13,metaspades v. 3.13.0,,Yes,Yes,2020-01-12,Reanalysis,rlsimister@gmail.com,Rachel Simister,PRJNA439834,SAMN08769315,,"Illumina NovaSeq, Illumina HiSeq 2500-1TB",Level 1: Standard Draft,Complete,Metagenome,Environmental,Aquatic,Lake,Freshwater,Sediment,,0.0,0.0,Indonesia: South Sulawesi,Freshwater sediment,lake sediment,8763,-2.651,121.2318,1424419752,2780102,1903412,0,0,2507,873472993,61.32,1421498385,99.79,2760891,99.31,19211,0.69,3539,550,1122,55,1710,102,15672,0,,,1632419,58.72,1128472,40.59,,,1591069,57.23,,,1429137,51.41,277003,10,583552,20.99,611028,21.98,2149863,77.33,1008613,36.28,1752278,63.03,369013,13.27,2391878,86.04,,,,,,,,4629,,8677,3432,0,367.0,88.0,320,4451311,363.27,345,320,97.3,,,"SRX4020276, SRX5645274",,0,0,0,0.0,0,0,0.0,Ferruginous lake/sediment group: Lake Towuti,Metagenomics,MGX,S24,Lake-Towuti,Lake-Towuti-MGX-S24-3300036046,True,Iron-rich comparison,Lake-Towuti-MGX-S24-3300036046,Lake-Towuti-MGX-S24-3300036046,Lake-Towuti-MGX-S24-3300036046
3300038471,*Microbiome,Permanent Draft,"Acid mine drainage microbial communities from coal mines in Pennsylvania and Ohio, United States","Lab enriched acid mine drainage microbial communities from Akron, Ohio, USA - WFPL1_0D",DOE Joint Genome Institute  (JGI),3300038471,Metagenome Analysis,Engineered,Wastewater,Industrial wastewater,Acid mine drainage,Unclassified,"Acid mine drainage microbial communities from coal mines in Pennsylvania and Ohio, United States",IMG Annotation Pipeline v.5.0.14,230341,Ga0437628,Gp0480592,Gs0145645,2020-03-31,metaspades v. 3.13.0,,Yes,Yes,2020-05-30,Primary,shagun2260@gmail.com,Shagun sharma,PRJNA650771,SAMN15720040,,Illumina NovaSeq S4,Level 1: Standard Draft,Complete,Metagenome,Engineered,Wastewater,Acid mine drainage,Industrial wastewater,Unclassified,,,225.0,"USA: Akron, Ohio",acid mine drainage,Incubations of mixture of VSG and Wingfield pines AMD under room temperature,8855,41.0775,-81.5114,1334001539,3810603,3303719,0,0,207,857466467,64.28,1331743155,99.83,3795798,99.61,14805,0.39,3727,264,1199,37,2178,49,11078,0,,,2321827,60.93,1473971,38.68,,,2191562,57.51,,,1831419,48.06,222727,6,847526,22.24,857944,22.51,2937854,77.1,1389139,36.45,2406659,63.16,538710,14.14,3257088,85.47,,,,,,,,4600,,6660,2695,0,35.0,0.0,375,3557337,423.35,396,375,151.2,,,SRX9404293,,0,198475698,64134898,32.31,29740098866,9610134774,7.2,Additional AMD group: Akron / Pennsylvania–Ohio lab-enriched AMD,Metagenomics,MGX,S25,Akron-AMD,Akron-AMD-MGX-S25-3300038471,True,Iron-rich comparison,Akron-AMD-MGX-S25-3300038471,Akron-AMD-MGX-S25-3300038471,Akron-AMD-MGX-S25-3300038471
3300036045,*Microbiome,Permanent Draft,"Freshwater sediment microbial communities from Lake Towuti, South Sulawesi, Indonesia","Freshwater sediment microbial communities from Lake Towuti, South Sulawesi, Indonesia - Balambano_FR2_MetaG (v2) (version 2)",DOE Joint Genome Institute  (JGI),3300036045,Metagenome Analysis,Environmental,Aquatic,Freshwater,Lake,Sediment,"Freshwater sediment microbial communities from Lake Towuti, South Sulawesi, Indonesia",IMG Annotation Pipeline v.5.0.3,218011,Ga0310689,Gp0256635,Gs0131992,2019-11-13,metaspades v. 3.13.0,,Yes,Yes,2020-01-12,Reanalysis,rlsimister@gmail.com,Rachel Simister,PRJNA439835,SAMN08769321,,"Illumina NovaSeq, Illumina HiSeq 2500-1TB",Level 1: Standard Draft,Complete,Metagenome,Environmental,Aquatic,Lake,Freshwater,Sediment,,0.0,0.0,Indonesia: South Sulawesi,Freshwater sediment,lake sediment,8763,-2.651,121.2318,1491124890,2774992,1791786,0,0,2256,936927706,62.83,1488118413,99.8,2755051,99.28,19941,0.72,3377,447,1074,47,1731,78,16564,0,,,1629361,58.72,1125690,40.57,,,1596393,57.53,,,1451453,52.3,288507,10,568513,20.49,589117,21.23,2165934,78.05,975122,35.14,1779929,64.14,358313,12.91,2396738,86.37,,,,,,,,4628,,8334,3417,0,512.0,52.0,359,4153551,374.82,359,0,96.89,,,"SRX4020278, SRX5645273",,0,0,0,0.0,0,0,0.0,Ferruginous lake/sediment group: Lake Towuti,Metagenomics,MGX,S26,Lake-Towuti,Lake-Towuti-MGX-S26-3300036045,True,Iron-rich comparison,Lake-Towuti-MGX-S26-3300036045,Lake-Towuti-MGX-S26-3300036045,Lake-Towuti-MGX-S26-3300036045
3300003104,*Microbiome,Permanent Draft,"Acid Mine Drainage (AMD) euryarchaeal community from 5-way CG site, at Richmond mine, Iron Mountain, CA","Pink biofilm microbial community from flowing acid mine drainage at Richmond mine, Iron Mountain, California, USA",DOE Joint Genome Institute  (JGI),3300003104,Metagenome Analysis,Environmental,Aquatic,Freshwater,Groundwater,Acid Mine Drainage,"Acid Mine Drainage (AMD) euryarchaeal community from 5-way CG site, at Richmond mine, Iron Mountain, CA",,45679,Ga0052169,Gp0097388,Gs0111506,2014-07-31,JAZZ,Made public because these are downloaded from Genbank,No,Yes,2014-08-01,Primary,sgtringe@lbl.gov,Susannah Tringe,,,,Sanger,,Complete,Metagenome,Environmental,Aquatic,Groundwater,Freshwater,Acid Mine Drainage,,,944.88,"Richmond mine, Iron Mountain, California, USA",Acid Mine Drainage (AMD),"Richmond mine, Iron Mountain, California, USA",8855,40.678,-122.522,10756372,13135,2425,0,0,14,4954446,46.06,10706317,99.53,12840,97.75,295,2.25,22,7,6,0,9,0,273,0,,,8285,63.08,4555,34.68,,,8717,66.36,,,8426,64.15,0,0,3388,25.79,3563,27.13,9277,70.63,5860,44.61,6980,53.14,2430,18.5,10410,79.25,,,,,,,,2061,,2080,0,0,1.0,0.0,0,0,3.35,3,2,1.99,,,,,0,0,0,0.0,0,0,0.0,Main iron-rich/AMD group: Richmond Mine / Iron Mountain AMD,Metagenomics,MGX,S27,Richmond-AMD,Richmond-AMD-MGX-S27-3300003104,True,Iron-rich comparison,Richmond-AMD-MGX-S27-3300003104,Richmond-AMD-MGX-S27-3300003104,Richmond-AMD-MGX-S27-3300003104
3300038411,*Microbiome,Permanent Draft,"Acid mine drainage microbial communities from coal mines in Pennsylvania and Ohio, United States","Lab enriched acid mine drainage microbial communities from Akron, Ohio, USA - PML1_0D",DOE Joint Genome Institute  (JGI),3300038411,Metagenome Analysis,Engineered,Wastewater,Industrial wastewater,Acid mine drainage,Unclassified,"Acid mine drainage microbial communities from coal mines in Pennsylvania and Ohio, United States",IMG Annotation Pipeline v.5.0.14,230286,Ga0437626,Gp0480590,Gs0145645,2020-03-27,metaspades v. 3.13.0,,Yes,Yes,2020-05-26,Primary,shagun2260@gmail.com,Shagun sharma,PRJNA650769,SAMN15720922,,Illumina NovaSeq S4,Level 1: Standard Draft,Complete,Metagenome,Engineered,Wastewater,Acid mine drainage,Industrial wastewater,Unclassified,,,225.0,"USA: Akron, Ohio",acid mine drainage,Incubations of mixture of VSG and Powdermill AMD under room temperature,8855,41.0775,-81.5114,1156787902,3356820,2938529,0,0,161,742193623,64.16,1154720090,99.82,3343816,99.61,13004,0.39,3635,235,1193,29,2124,54,9369,0,,,2027478,60.4,1316338,39.21,,,1918697,57.16,,,1593050,47.46,185096,6,725904,21.62,731816,21.8,2612000,77.81,1187001,35.36,2156815,64.25,462269,13.77,2881547,85.84,,,,,,,,4600,,6576,2584,0,34.0,7.0,346,3343317,361.24,346,0,136.82,,,SRX9404296,,0,183905018,55352329,30.1,27553743609,8293215149,7.17,Additional AMD group: Akron / Pennsylvania–Ohio lab-enriched AMD,Metagenomics,MGX,S28,Akron-AMD,Akron-AMD-MGX-S28-3300038411,True,Iron-rich comparison,Akron-AMD-MGX-S28-3300038411,Akron-AMD-MGX-S28-3300038411,Akron-AMD-MGX-S28-3300038411
3300024341,*Microbiome,Permanent Draft,Methane metabolizing microbial communities from different methane-rich environments from various locations,"Freshwater microbial communities from Lake Matano, South Sulawesi, Indonesia - Watercolumn_Matano_2014_107_MG",DOE Joint Genome Institute  (JGI),3300024341,Metagenome Analysis,Environmental,Aquatic,Freshwater,Lake,Unclassified,Methane metabolizing microbial communities from different methane-rich environments from various locations,IMG Annotation Pipeline v.4.16.1,182725,Ga0233421,Gp0272224,Gs0127566,2018-03-20,SPAdes v. 3.11.1,,Yes,Yes,2018-05-19,Primary,sean.crowe@ubc.ca,Sean Crowe,PRJNA468226,SAMN09201590,,Illumina HiSeq 2500-1TB,Level 1: Standard Draft,Complete,Metagenome,Environmental,Aquatic,Lake,Freshwater,Unclassified,,107.0,,Indonesia: South Sulawesi,freshwater,lake water,8763,-2.4667,121.2833,740493820,1781895,1377427,0,0,968,378168829,51.07,738656135,99.75,1768470,99.25,13425,0.75,2347,265,757,17,1285,23,11078,0,,,1781895,100.0,-13425,-0.75,,,816454,45.82,,,776431,43.57,0,0,371716,20.86,380012,21.33,1388458,77.92,607404,34.09,1161066,65.16,233040,13.08,1535430,86.17,,,,,,,,4494,,7228,0,0,148.0,7.0,279,2654099,294.61,279,0,124.02,,,SRX4480657,,0,177150092,133877498,75.57,25673978997,19402575708,26.2,Ferruginous lake/sediment group: Lake Matano,Metagenomics,MGX,S29,Lake-Matano,Lake-Matano-MGX-S29-3300024341,True,Iron-rich comparison,Lake-Matano-MGX-S29-3300024341,Lake-Matano-MGX-S29-3300024341,Lake-Matano-MGX-S29-3300024341
3300046014,*Microbiome,Permanent Draft,"Acid mine drainage microbial communities from coal mines in Pennsylvania and Ohio, United States","Metatranscriptome of lab enriched acid mine drainage microbial communities from Akron, Ohio, USA - WFPL1_14D (Metagenome Metatranscriptome)",DOE Joint Genome Institute  (JGI),3300046014,Metatranscriptome Analysis,Environmental,Aquatic,Freshwater,Groundwater,Acid Mine Drainage,"Acid mine drainage microbial communities from coal mines in Pennsylvania and Ohio, United States",IMG Annotation Pipeline v.5.0.23,253650,Ga0466942,Gp0532770,Gs0145645,2021-07-05,MEGAHIT v. 1.2.9,released based on JGI ITS,Yes,Yes,2021-07-05,Primary,shagun2260@gmail.com,Shagun sharma,PRJNA1342058,SAMN52641284,,Illumina NovaSeq S4,,Complete,Metatranscriptome,Environmental,Aquatic,Groundwater,Freshwater,Acid Mine Drainage,,,225.0,"USA: Akron, Ohio",acid mine drainage,Incubations of mixture of VSG and Wingfield pines AMD under room temperature,8855,41.0775,-81.5114,9563762,19259,21295,0,0,6,5214846,54.53,8376359,87.58,16379,85.05,2880,14.95,2653,48,99,261,801,1444,227,0,,,7327,38.04,9052,47.0,,,6832,35.47,,,6116,31.76,1296,7,2182,11.33,3362,17.46,13017,67.59,4913,25.51,11466,59.54,1372,7.12,15007,77.92,,,,,,,,1889,,1886,557,0,7.0,0.0,0,0,4.92,4,1,5.2,,,SRX30958252,,0,58209624,32139609,55.21,8304104881,4584992405,479.41,Additional AMD group: Akron / Pennsylvania–Ohio lab-enriched AMD,Metatranscriptomics,MTX,S30,Akron-AMD,Akron-AMD-MTX-S30-3300046014,True,Iron-rich comparison,Akron-AMD-MTX-S30-3300046014,Akron-AMD-MTX-S30-3300046014,Akron-AMD-MTX-S30-3300046014
3300030228,*Microbiome,Permanent Draft,"Acid mine drainage microbial biofilm communities from Richmond Mine, California, USA","Acid mine drainage biofilm communities from Richmond mine site C10, Iron Mt, CA, USA - AMDC101106","University of California, Berkeley",3300030228,Metagenome Analysis,Environmental,Aquatic,Freshwater,Groundwater,Acid Mine Drainage,"Acid mine drainage microbial biofilm communities from Richmond Mine, California, USA",IMG Annotation Pipeline v.4.16.5,199769,Ga0188176,Gp0213848,Gs0129031,2018-10-13,Custom JGI assembly v. Nielsen et. al.,Updating visibility of taxon created using public NCBI SRA data from private to public -- IMGSUPP-3620,Yes,Yes,2022-02-23,Primary,,,PRJNA76185,SAMN00744474,,Illumina HiSeq 2000,,Complete,Metagenome,Environmental,Aquatic,Groundwater,Freshwater,Acid Mine Drainage,,,,"USA: Iron Mountain, California",Acid mine drainage,Richmond mine site C10,8855,40.67542,-122.53025,30367731,40927,11579,0,0,371,12921393,42.55,30268344,99.67,40142,98.08,785,1.92,74,13,22,3,29,7,711,0,,,24028,58.71,16114,39.37,,,22953,56.08,,,22061,53.9,0,0,9570,23.38,9837,24.04,30305,74.05,15899,38.85,24243,59.23,6157,15.04,33985,83.04,,,,,,,,2206,,2500,0,0,23.0,2.0,0,0,7.84,4,3,6.22,,,SRX103571,SRR359025,0,0,0,0.0,0,0,0.0,Main iron-rich/AMD group: Richmond Mine / Iron Mountain AMD,Metagenomics,MGX,S31,Richmond-AMD,Richmond-AMD-MGX-S31-3300030228,True,Iron-rich comparison,Richmond-AMD-MGX-S31-3300030228,Richmond-AMD-MGX-S31-3300030228,Richmond-AMD-MGX-S31-3300030228
3300021517,*Microbiome,Permanent Draft,"Freshwater sediment microbial communities from Lake Towuti, South Sulawesi, Indonesia","Freshwater sediment microbial communities from Lake Towuti, South Sulawesi, Indonesia - Balambano_FR2_MetaG",DOE Joint Genome Institute  (JGI),3300021517,Metagenome Analysis,Environmental,Aquatic,Freshwater,Lake,Sediment,"Freshwater sediment microbial communities from Lake Towuti, South Sulawesi, Indonesia",IMG Annotation Pipeline v.4.15.2,161647,Ga0224723,Gp0256635,Gs0131992,2017-11-10,SPAdes v. 3.11.1-check,,Yes,Yes,2018-01-09,Primary,rlsimister@gmail.com,Rachel Simister,PRJNA439835,SAMN08769321,,"Illumina NovaSeq, Illumina HiSeq 2500-1TB",Level 1: Standard Draft,Complete,Metagenome,Environmental,Aquatic,Lake,Freshwater,Sediment,,0.0,0.0,Indonesia: South Sulawesi,Freshwater sediment,lake sediment,8763,-2.651,121.2318,516367407,1054732,722415,0,0,1216,303763977,58.83,514955996,99.73,1046400,99.21,8332,0.79,1771,237,561,30,903,40,6561,0,,,1054732,100.0,-8332,-0.79,,,540495,51.24,,,526315,49.9,0,0,224794,21.31,236048,22.38,810352,76.83,393474,37.31,652926,61.9,140240,13.3,906160,85.91,,,,,,,,4369,,7359,0,0,208.0,21.0,134,3853488,136.75,134,0,44.19,,,"SRX4020278, SRX5645273",,0,0,0,0.0,0,0,0.0,Ferruginous lake/sediment group: Lake Towuti,Metagenomics,MGX,S32,Lake-Towuti,Lake-Towuti-MGX-S32-3300021517,True,Iron-rich comparison,Lake-Towuti-MGX-S32-3300021517,Lake-Towuti-MGX-S32-3300021517,Lake-Towuti-MGX-S32-3300021517
3300031898,*Microbiome,Permanent Draft,"Freshwater sediment microbial communities from Lake Towuti, South Sulawesi, Indonesia","Freshwater sediment microbial communities from Lake Towuti, South Sulawesi, Indonesia - TDP7",DOE Joint Genome Institute  (JGI),3300031898,Metagenome Analysis,Environmental,Aquatic,Freshwater,Lake,Sediment,"Freshwater sediment microbial communities from Lake Towuti, South Sulawesi, Indonesia",IMG Annotation Pipeline v.4.16.5,203629,Ga0315312,Gp0331169,Gs0131992,2018-11-30,SPAdes v. 3.12.0,,Yes,Yes,2019-01-30,Primary,rlsimister@gmail.com,Rachel Simister,PRJNA539346,SAMN11532268,,Illumina NovaSeq,Level 1: Standard Draft,Complete,Metagenome,Environmental,Aquatic,Lake,Freshwater,Sediment,,3.0,,Indonesia: South Sulawesi,sediment,Lake sediment,8763,-2.7726,121.4938,515116949,926349,534309,0,0,429,252304604,48.98,513851708,99.75,917983,99.1,8366,0.9,1232,181,415,0,635,1,7134,0,,,532835,57.52,385148,41.58,,,506207,54.65,,,476247,51.41,0,0,210858,22.76,213169,23.01,704814,76.09,334559,36.12,583424,62.98,140079,15.12,777904,83.98,,,,,,,,3689,,4844,0,0,264.0,0.0,0,0,135.27,95,73,89.45,,,SRX6422696,,0,117422590,106572130,90.76,17596454198,15970450015,31.0,Ferruginous lake/sediment group: Lake Towuti,Metagenomics,MGX,S33,Lake-Towuti,Lake-Towuti-MGX-S33-3300031898,True,Iron-rich comparison,Lake-Towuti-MGX-S33-3300031898,Lake-Towuti-MGX-S33-3300031898,Lake-Towuti-MGX-S33-3300031898
3300038412,*Microbiome,Permanent Draft,"Acid mine drainage microbial communities from coal mines in Pennsylvania and Ohio, United States","Lab enriched acid mine drainage microbial communities from Akron, Ohio, USA - PML1_21D",DOE Joint Genome Institute  (JGI),3300038412,Metagenome Analysis,Engineered,Wastewater,Industrial wastewater,Acid mine drainage,Unclassified,"Acid mine drainage microbial communities from coal mines in Pennsylvania and Ohio, United States",IMG Annotation Pipeline v.5.0.14,230287,Ga0437627,Gp0480591,Gs0145645,2020-03-27,metaspades v. 3.13.0,,Yes,Yes,2020-05-26,Primary,shagun2260@gmail.com,Shagun sharma,PRJNA650770,SAMN15720339,,Illumina NovaSeq S4,Level 1: Standard Draft,Complete,Metagenome,Engineered,Wastewater,Acid mine drainage,Industrial wastewater,Unclassified,,,225.0,"USA: Akron, Ohio",acid mine drainage,Incubations of mixture of VSG and Powdermill AMD under room temperature,8855,41.0775,-81.5114,851026495,1977956,1513386,0,0,318,536956427,63.1,849412762,99.81,1966691,99.43,11265,0.57,2287,189,718,41,1263,76,8978,0,,,1257120,63.56,709571,35.87,,,1187733,60.05,,,1020157,51.58,165701,8,464250,23.47,485345,24.54,1481346,74.89,781825,39.53,1184866,59.9,298043,15.07,1668648,84.36,,,,,,,,4576,,6892,2789,0,204.0,45.0,228,3732572,240.37,228,0,73.55,,,SRX9404291,,0,148157344,80627406,54.42,22126513170,12041275258,14.15,Additional AMD group: Akron / Pennsylvania–Ohio lab-enriched AMD,Metagenomics,MGX,S34,Akron-AMD,Akron-AMD-MGX-S34-3300038412,True,Iron-rich comparison,Akron-AMD-MGX-S34-3300038412,Akron-AMD-MGX-S34-3300038412,Akron-AMD-MGX-S34-3300038412
3300046013,*Microbiome,Permanent Draft,"Acid mine drainage microbial communities from coal mines in Pennsylvania and Ohio, United States","Metatranscriptome of lab enriched acid mine drainage microbial communities from Akron, Ohio, USA - PML2_14D (Metagenome Metatranscriptome)",DOE Joint Genome Institute  (JGI),3300046013,Metatranscriptome Analysis,Environmental,Aquatic,Freshwater,Groundwater,Acid Mine Drainage,"Acid mine drainage microbial communities from coal mines in Pennsylvania and Ohio, United States",IMG Annotation Pipeline v.5.0.23,253649,Ga0466941,Gp0532769,Gs0145645,2021-07-05,MEGAHIT v. 1.2.9,released based on JGI ITS,Yes,Yes,2021-07-05,Primary,shagun2260@gmail.com,Shagun sharma,PRJNA1343114,SAMN52642586,,Illumina NovaSeq S4,,Complete,Metatranscriptome,Environmental,Aquatic,Groundwater,Freshwater,Acid Mine Drainage,,,225.0,"USA: Akron, Ohio",acid mine drainage,Incubations of mixture of PM and Wingfield pines AMD under room temperature,8855,41.0775,-81.5114,67354600,153848,136867,0,0,30,39826728,59.13,65287504,96.93,148250,96.36,5598,3.64,4549,161,209,405,1167,2607,1049,0,,,88800,57.72,59450,38.64,,,82803,53.82,,,76602,49.79,14891,10,27919,18.15,40971,26.63,107279,69.73,61912,40.24,86338,56.12,16554,10.76,131696,85.6,,,,,,,,3720,,4564,1451,0,122.0,0.0,0,0,49.09,48,5,37.54,,,SRX30958256,,0,53502966,38348550,71.68,7796926171,5588490423,82.97,Additional AMD group: Akron / Pennsylvania–Ohio lab-enriched AMD,Metatranscriptomics,MTX,S35,Akron-AMD,Akron-AMD-MTX-S35-3300046013,True,Iron-rich comparison,Akron-AMD-MTX-S35-3300046013,Akron-AMD-MTX-S35-3300046013,Akron-AMD-MTX-S35-3300046013
3300030082,*Microbiome,Permanent Draft,"Acid mine drainage microbial biofilm communities from Richmond Mine, California, USA","Acid mine drainage biofilm communities from Richmond mine site C75, Iron Mt, CA, USA - AMDC750608V2","University of California, Berkeley",3300030082,Metagenome Analysis,Environmental,Aquatic,Freshwater,Groundwater,Acid Mine Drainage,"Acid mine drainage microbial biofilm communities from Richmond Mine, California, USA",IMG Annotation Pipeline v.4.16.5,199771,Ga0188178,Gp0213850,Gs0129031,2018-10-12,Custom JGI assembly v. Nielsen et. al.,Updating visibility of taxon created using public NCBI SRA data from private to public -- IMGSUPP-3620,Yes,Yes,2022-02-23,Primary,,,PRJNA76185,SAMN00744467,,Illumina HiSeq 2000,,Complete,Metagenome,Environmental,Aquatic,Groundwater,Freshwater,Acid Mine Drainage,,,,"USA: Iron Mountain, California",Acid mine drainage,Richmond mine site C75,8855,40.67542,-122.53025,17302310,21293,4347,0,0,224,7770786,44.91,17238387,99.63,20822,97.79,471,2.21,39,10,13,0,16,0,432,0,,,12595,59.15,8227,38.64,,,12069,56.68,,,11875,55.77,0,0,4735,22.24,4941,23.2,15881,74.58,7996,37.55,12826,60.24,3007,14.12,17815,83.67,,,,,,,,2074,,2319,0,0,4.0,1.0,0,0,4.56,2,2,3.38,,,SRX103544,SRR359002,0,0,0,0.0,0,0,0.0,Main iron-rich/AMD group: Richmond Mine / Iron Mountain AMD,Metagenomics,MGX,S36,Richmond-AMD,Richmond-AMD-MGX-S36-3300030082,True,Iron-rich comparison,Richmond-AMD-MGX-S36-3300030082,Richmond-AMD-MGX-S36-3300030082,Richmond-AMD-MGX-S36-3300030082
3300038413,*Microbiome,Permanent Draft,"Acid mine drainage microbial communities from coal mines in Pennsylvania and Ohio, United States","Lab enriched acid mine drainage microbial communities from Akron, Ohio, USA - WFPL2_21D",DOE Joint Genome Institute  (JGI),3300038413,Metagenome Analysis,Engineered,Wastewater,Industrial wastewater,Acid mine drainage,Unclassified,"Acid mine drainage microbial communities from coal mines in Pennsylvania and Ohio, United States",IMG Annotation Pipeline v.5.0.14,230288,Ga0437629,Gp0480593,Gs0145645,2020-03-27,metaspades v. 3.13.0,,Yes,Yes,2020-05-26,Primary,shagun2260@gmail.com,Shagun sharma,PRJNA650772,SAMN15720039,,Illumina NovaSeq S4,Level 1: Standard Draft,Complete,Metagenome,Engineered,Wastewater,Acid mine drainage,Industrial wastewater,Unclassified,,,225.0,"USA: Akron, Ohio",acid mine drainage,Incubations created from mixture of VSG and Wingfield pines AMD,8855,41.0775,-81.5114,1024560889,2847241,2434837,0,0,272,649475626,63.39,1022575680,99.81,2834783,99.56,12458,0.44,3314,218,1052,39,1932,73,9144,0,,,1705384,59.9,1129399,39.67,,,1613534,56.67,,,1353871,47.55,173296,6,611894,21.49,620237,21.78,2214546,77.78,1011270,35.52,1823513,64.04,386163,13.56,2448620,86.0,,,,,,,,4608,,6828,2677,0,78.0,0.0,301,3403856,320.08,301,0,116.44,,,SRX9404295,,0,154403948,43581532,28.23,23133444857,6529567283,6.37,Additional AMD group: Akron / Pennsylvania–Ohio lab-enriched AMD,Metagenomics,MGX,S37,Akron-AMD,Akron-AMD-MGX-S37-3300038413,True,Iron-rich comparison,Akron-AMD-MGX-S37-3300038413,Akron-AMD-MGX-S37-3300038413,Akron-AMD-MGX-S37-3300038413
3300038729,*Microbiome,Permanent Draft,"Acid mine drainage microbial biofilm communities from Richmond Mine, California, USA","Acid mine drainage biofilm communities from Richmond mine site C75, Iron Mt, CA, USA - AMDC751210","University of California, Berkeley",3300038729,Metagenome Analysis,Environmental,Aquatic,Freshwater,Groundwater,Acid Mine Drainage,"Acid mine drainage microbial biofilm communities from Richmond Mine, California, USA",IMG Annotation Pipeline v.5.0.15,217824,Ga0188185,Gp0213856,Gs0129031,2020-04-09,Custom JGI assembly v. Nielsen et. al.,,Yes,Yes,2020-04-09,Primary,,,PRJNA76185,SAMN00744472,,Illumina HiSeq 2000,,Complete,Metagenome,Environmental,Aquatic,Groundwater,Freshwater,Acid Mine Drainage,,,,"USA: Iron Mountain, California",Acid mine drainage,Richmond mine site C75,8855,40.67542,-122.53025,12650586,16143,3753,0,0,120,5526450,43.69,12597930,99.58,15782,97.76,361,2.24,28,6,8,0,14,0,333,0,,,10223,63.33,5559,34.44,,,10091,62.51,,,9072,56.2,2866,18,3409,21.12,3610,22.36,12172,75.4,5834,36.14,9948,61.62,2151,13.32,13631,84.44,,,,,,,,2156,,2164,1043,0,2.0,1.0,0,0,3.74,1,1,3.23,,,SRX103569,SRR359023,0,0,0,0.0,0,0,0.0,Main iron-rich/AMD group: Richmond Mine / Iron Mountain AMD,Metagenomics,MGX,S38,Richmond-AMD,Richmond-AMD-MGX-S38-3300038729,True,Iron-rich comparison,Richmond-AMD-MGX-S38-3300038729,Richmond-AMD-MGX-S38-3300038729,Richmond-AMD-MGX-S38-3300038729
3300039027,*Microbiome,Permanent Draft,"Lab enriched sediment microbial communities from Lake Superior, Michigan and Burr Oak Reservoir, Ohio, USA","Lab enriched sediment microbial communities from Burr Oak Reservoir, Ohio, USA - BO4",Miami University,3300039027,Metagenome Analysis,Environmental,Aquatic,Freshwater,Reservoir,Sediment,"Lab enriched sediment microbial communities from Lake Superior, Michigan and Burr Oak Reservoir, Ohio, USA",IMG Annotation Pipeline v.5.0.15,231176,Ga0438471,Gp0485075,Gs0145677,2020-04-16,metaSPAdes v. 3.13,released per PI,No,Yes,2022-11-28,Primary,bollmaa@miamioh.edu,Annette Bollmann,,,,Illumina MiSeq,Level 1: Standard Draft,Complete,Metagenome,Environmental,Aquatic,Reservoir,Freshwater,Sediment,,,,"USA: Burr Oak Reservoir, Ohio",Sediment,Sediment Lake Burr Oak,8855,39.5264,-82.0444,22711121,25380,2175,0,0,3,13909795,61.25,22679307,99.86,25173,99.18,207,0.82,15,4,4,1,5,1,192,0,,,16957,66.81,8216,32.37,,,16600,65.41,,,16565,65.27,4851,19,5473,21.56,6161,24.28,19012,74.91,10190,40.15,14983,59.03,3543,13.96,21630,85.22,,,,,,,,2917,,3443,1630,0,,,4,5677780,3.95,4,4,0.91,,,,,0,0,0,0.0,0,0,0.0,Control: Burr Oak Reservoir BO4,Metagenomics,MGX,S39,Burr-Oak-BO4,Burr-Oak-BO4-MGX-S39-3300039027,True,Control,Burr-Oak-BO4-MGX-S39-3300039027,Burr-Oak-BO4-MGX-S39-3300039027,Burr-Oak-BO4-MGX-S39-3300039027
3300023368,*Microbiome,Permanent Draft,Hydrothermal Fe-rich Mat Reference Genomes,"Hydrothermal Fe-rich mat microbial community from Snakepit Site, Mid-Atlantic Ridge, Atlantic Ocean - 667-BS4",University of Delaware,3300023368,Metagenome Analysis,Environmental,Aquatic,Marine,Hydrothermal vents,Microbial mats,Hydrothermal Fe-rich Mat Reference Genomes,IMG Annotation Pipeline v.4.16.1,181162,Ga0256753,Gp0295823,Gs0133538,2018-02-24,metaSPAdes v. 3.10.0,Metagenomes associated with bioRxiv doi:10.1101/722066,Yes,Yes,2019-09-02,Primary,mcallis@uw.edu,Sean McAllister,,,,Illumina HiSeq 2500,Level 2: High-Quality Draft,Complete,Metagenome,Environmental,Aquatic,Hydrothermal vents,Marine,Microbial mats,,3504.92,,"International: Snakepit Site, Mid-Atlantic Ridge",Hydrothermal Fe-rich mat,Snakepit Site,8764,23.369112,-44.950984,275647014,431132,238194,0,0,224,146129931,53.01,275104815,99.8,427764,99.22,3368,0.78,494,76,148,4,255,11,2874,0,,,431132,100.0,-3368,-0.78,,,257260,59.67,,,259799,60.26,0,0,108379,25.14,110590,25.65,317174,73.57,184303,42.75,243461,56.47,67080,15.56,360684,83.66,,,,,,,,3946,,5652,0,0,43.0,3.0,87,3168356,88.49,87,0,23.52,,,,,0,0,0,0.0,0,0,0.0,Optional outgroup: Hydrothermal Fe-rich mats,Metagenomics,MGX,S40,Hydrothermal-Fe-mats,Hydrothermal-Fe-mats-MGX-S40-3300023368,True,Outgroup,Hydrothermal-Fe-mats-MGX-S40-3300023368,Hydrothermal-Fe-mats-MGX-S40-3300023368,Hydrothermal-Fe-mats-MGX-S40-3300023368
3300038979,*Microbiome,Permanent Draft,"Acid mine drainage microbial biofilm communities from Richmond Mine, California, USA","Acid mine drainage biofilm communities from Richmond mine site Abmuck, Iron Mt, CA, USA - AMDABmuck0807","University of California, Berkeley",3300038979,Metagenome Analysis,Environmental,Aquatic,Freshwater,Groundwater,Acid Mine Drainage,"Acid mine drainage microbial biofilm communities from Richmond Mine, California, USA",IMG Annotation Pipeline v.5.0.15,217636,Ga0188173,Gp0213845,Gs0129031,2020-04-15,Custom JGI assembly v. Nielsen et. al.,,Yes,Yes,2020-04-15,Primary,,,PRJNA76185,SAMN00744481,,Illumina HiSeq 2000,,Complete,Metagenome,Environmental,Aquatic,Groundwater,Freshwater,Acid Mine Drainage,,,,"USA: Iron Mountain, California",Acid mine drainage,Richmond mine site Abmuck,8855,40.67542,-122.53025,9564249,12583,2972,0,0,61,4115668,43.03,9526213,99.6,12314,97.86,269,2.14,31,6,9,2,12,2,238,0,,,7992,63.51,4322,34.35,,,7833,62.25,,,6983,55.5,2205,18,2760,21.93,2896,23.02,9418,74.85,4716,37.48,7598,60.38,1740,13.83,10574,84.03,,,,,,,,2036,,2101,1022,0,4.0,1.0,0,0,2.9,1,1,2.29,,,SRX103579,SRR359032,0,0,0,0.0,0,0,0.0,Main iron-rich/AMD group: Richmond Mine / Iron Mountain AMD,Metagenomics,MGX,S41,Richmond-AMD,Richmond-AMD-MGX-S41-3300038979,True,Iron-rich comparison,Richmond-AMD-MGX-S41-3300038979,Richmond-AMD-MGX-S41-3300038979,Richmond-AMD-MGX-S41-3300038979
3300031876,*Microbiome,Permanent Draft,"Freshwater sediment microbial communities from Lake Towuti, South Sulawesi, Indonesia","Freshwater sediment microbial communities from Lake Towuti, South Sulawesi, Indonesia - TDP5",DOE Joint Genome Institute  (JGI),3300031876,Metagenome Analysis,Environmental,Aquatic,Freshwater,Lake,Sediment,"Freshwater sediment microbial communities from Lake Towuti, South Sulawesi, Indonesia",IMG Annotation Pipeline v.4.16.5,203630,Ga0315310,Gp0331167,Gs0131992,2018-11-30,SPAdes v. 3.12.0,,Yes,Yes,2019-01-29,Primary,rlsimister@gmail.com,Rachel Simister,PRJNA539345,SAMN11532267,,Illumina NovaSeq,Level 1: Standard Draft,Complete,Metagenome,Environmental,Aquatic,Lake,Freshwater,Sediment,,2.0,,Indonesia: South Sulawesi,sediment,Lake sediment,8763,-2.7726,121.4938,908988222,1902953,1307993,0,0,519,438261168,48.21,906956492,99.78,1888136,99.22,14817,0.78,2458,308,784,0,1365,1,12359,0,,,1073338,56.4,814798,42.82,,,1025163,53.87,,,934592,49.11,0,0,461609,24.26,459190,24.13,1428946,75.09,708932,37.25,1179204,61.97,309482,16.26,1578654,82.96,,,,,,,,3652,,4904,0,0,235.0,0.0,0,0,244.67,137,72,204.42,,,SRX6422652,,0,128002284,103239875,80.65,19192792467,15479891711,17.03,Ferruginous lake/sediment group: Lake Towuti,Metagenomics,MGX,S42,Lake-Towuti,Lake-Towuti-MGX-S42-3300031876,True,Iron-rich comparison,Lake-Towuti-MGX-S42-3300031876,Lake-Towuti-MGX-S42-3300031876,Lake-Towuti-MGX-S42-3300031876
3300005360,*Microbiome,Permanent Draft,"Acid Mine Drainage (AMD) microbial and viral communities from Richmond mine, Iron Mountain, CA","Acid Mine Drainage (ARMAN) microbial communities from Richmond mine, Iron Mountain, CA, sample from Ultra Back A BS v2 (version 2)","DOE Joint Genome Institute  (JGI), University of California, Berkeley",3300005360,Metagenome Analysis,Environmental,Aquatic,Freshwater,Groundwater,Acid Mine Drainage,"Acid Mine Drainage (AMD) microbial and viral communities from Richmond mine, Iron Mountain, CA",,65398,Ga0074231,Gp0051182,Gs0053288,2015-07-03,Unknown,released based on JGI ITS,No,Yes,2022-03-25,Reanalysis,"jbanfield@berkeley.edu, jbanfield@berkeley.edu; jill@eps.berkeley.edu","Jill Banfield, Jill Banfield; Banfield, Jillian F.",PRJNA337102,SAMN05518013,,Sanger,,Complete,Metagenome,Environmental,Aquatic,Groundwater,Freshwater,Acid Mine Drainage,,,,Iron Mountain California,Acid Mine Drainage (AMD),Acid mine drainage,8855,40.678099,-122.515068,10830875,12568,1183,0,0,13,4696265,43.35998,10784850,99.58,12289,97.78,279,2.22,20,6,5,0,9,0,259,0,,,8036,63.94,4253,33.84,,,8430,67.08,,,8129,64.68,0,0,3470,27.61,3609,28.72,8680,69.06,5951,47.35,6338,50.43,2192,17.44,10097,80.34,,,,,,,,2052,,2077,0,0,0.0,0.0,0,0,2.99,3,2,1.73,,,,,0,0,0,0.0,0,0,0.0,Main iron-rich/AMD group: Richmond Mine / Iron Mountain AMD,Metagenomics,MGX,S43,Richmond-AMD,Richmond-AMD-MGX-S43-3300005360,True,Iron-rich comparison,Richmond-AMD-MGX-S43-3300005360,Richmond-AMD-MGX-S43-3300005360,Richmond-AMD-MGX-S43-3300005360
3300031587,*Microbiome,Permanent Draft,"Freshwater sediment microbial communities from Lake Towuti, South Sulawesi, Indonesia","Freshwater sediment microbial communities from Lake Towuti, South Sulawesi, Indonesia - TDP3",DOE Joint Genome Institute  (JGI),3300031587,Metagenome Analysis,Environmental,Aquatic,Freshwater,Lake,Sediment,"Freshwater sediment microbial communities from Lake Towuti, South Sulawesi, Indonesia",IMG Annotation Pipeline v.4.16.5,203078,Ga0315308,Gp0331165,Gs0131992,2018-11-16,SPAdes v. 3.12.0,,Yes,Yes,2019-01-23,Primary,rlsimister@gmail.com,Rachel Simister,PRJNA539343,SAMN11532162,,Illumina NovaSeq,Level 1: Standard Draft,Complete,Metagenome,Environmental,Aquatic,Lake,Freshwater,Sediment,,1.0,,Indonesia: South Sulawesi,sediment,Lake sediment,8763,-2.7726,121.4938,636117364,1265140,827859,0,0,220,306940401,48.25,634545698,99.75,1254538,99.16,10602,0.84,1831,228,534,1,1065,3,8771,0,,,735107,58.1,519431,41.06,,,707391,55.91,,,646348,51.09,0,0,312787,24.72,312686,24.72,941852,74.45,484996,38.34,769542,60.83,208855,16.51,1045683,82.65,,,,,,,,3586,,4680,0,0,169.0,0.0,0,0,176.99,77,56,152.38,,,SRX6422662,,0,82597362,60847949,73.67,12379254791,9119568058,14.34,Ferruginous lake/sediment group: Lake Towuti,Metagenomics,MGX,S44,Lake-Towuti,Lake-Towuti-MGX-S44-3300031587,True,Iron-rich comparison,Lake-Towuti-MGX-S44-3300031587,Lake-Towuti-MGX-S44-3300031587,Lake-Towuti-MGX-S44-3300031587
3300039205,*Microbiome,Permanent Draft,"Acid mine drainage microbial biofilm communities from Richmond Mine, California, USA","Acid mine drainage biofilm communities from Richmond mine site C10, Iron Mt, CA, USA - AMDC100806","University of California, Berkeley",3300039205,Metagenome Analysis,Environmental,Aquatic,Freshwater,Groundwater,Acid Mine Drainage,"Acid mine drainage microbial biofilm communities from Richmond Mine, California, USA",IMG Annotation Pipeline v.5.0.15,217885,Ga0188174,Gp0213846,Gs0129031,2020-04-23,Custom JGI assembly v. Nielsen et. al.,,Yes,Yes,2020-04-23,Primary,,,PRJNA76185,SAMN00744473,,Illumina HiSeq 2000,,Complete,Metagenome,Environmental,Aquatic,Groundwater,Freshwater,Acid Mine Drainage,,,,"USA: Iron Mountain, California",Acid mine drainage,Richmond mine site C10,8855,40.67542,-122.53025,11703435,19091,7990,0,0,103,5072351,43.34,11666987,99.69,18783,98.39,308,1.61,25,5,6,1,13,0,283,0,,,11189,58.61,7594,39.78,,,10753,56.32,,,9036,47.33,2410,13,3860,20.22,4041,21.17,14742,77.22,6630,34.73,12153,63.66,2369,12.41,16414,85.98,,,,,,,,2242,,2218,1046,0,9.0,1.0,0,0,3.99,3,1,2.9,,,SRX103570,SRR359024,0,0,0,0.0,0,0,0.0,Main iron-rich/AMD group: Richmond Mine / Iron Mountain AMD,Metagenomics,MGX,S45,Richmond-AMD,Richmond-AMD-MGX-S45-3300039205,True,Iron-rich comparison,Richmond-AMD-MGX-S45-3300039205,Richmond-AMD-MGX-S45-3300039205,Richmond-AMD-MGX-S45-3300039205
3300003083,*Microbiome,Permanent Draft,"Acid Mine Drainage (AMD) microbial and viral communities from Richmond mine, Iron Mountain, CA","Acid Mine Drainage (ARMAN) microbial communities from Richmond mine, Iron Mountain, CA, sample from UBA Biofilm","DOE Joint Genome Institute  (JGI), University of California, Berkeley",3300003083,Metagenome Analysis,Environmental,Aquatic,Freshwater,Groundwater,Acid Mine Drainage,"Acid Mine Drainage (AMD) microbial and viral communities from Richmond mine, Iron Mountain, CA",,45641,Ga0052129,Gp0050975,Gs0053288,2014-07-31,,released based on JGI ITS,No,Yes,2022-01-22,Primary,jbanfield@berkeley.edu,Jill Banfield,PRJNA18537,SAMN02954271,,,,Complete,Metagenome,Environmental,Aquatic,Groundwater,Freshwater,Acid Mine Drainage,,,944.88,"Richmond Mine, Iron Mountain CA",Acid Mine Drainage (AMD),Acid mine drainage,8855,40.677339,-122.522194,2632775,2766,84,0,0,3,1440110,54.7,2623033,99.63,2707,97.87,59,2.13,5,2,1,0,2,0,54,0,,,1860,67.25,847,30.62,,,1896,68.55,,,1931,69.81,0,0,665,24.04,738,26.68,1969,71.19,1206,43.6,1501,54.27,475,17.17,2232,80.69,,,,,,,,1293,,1413,0,0,1.0,0.0,1,2632775,0.91,1,1,0.31,,,,,0,0,0,0.0,0,0,0.0,Main iron-rich/AMD group: Richmond Mine / Iron Mountain AMD,Metagenomics,MGX,S46,Richmond-AMD,Richmond-AMD-MGX-S46-3300003083,True,Iron-rich comparison,Richmond-AMD-MGX-S46-3300003083,Richmond-AMD-MGX-S46-3300003083,Richmond-AMD-MGX-S46-3300003083
3300008566,*Microbiome,Permanent Draft,"Acid mine drainage (AMD) microbial communities from Richmond mine in California, USA","Acid mine drainage (AMD) microbial communities of acidophilic biofilm from Richmond mine in California, USA - C10 GS0","University of California, Berkeley",3300008566,Metatranscriptome Analysis,Environmental,Aquatic,Freshwater,Groundwater,Acid Mine Drainage,"Acid mine drainage (AMD) microbial communities from Richmond mine in California, USA",IMG Annotation Pipeline v.4.10.2,83228,Ga0103817,Gp0126406,Gs0117981,2016-04-10,Custom JGI assembly v. Nielsen et. al.,IMGSUPP-1768,Yes,Yes,2018-11-01,Primary,,,PRJNA210320,SAMN02214189,,Illumina HiSeq 2500,,Complete,Metatranscriptome,Environmental,Aquatic,Groundwater,Freshwater,Acid Mine Drainage,,,,"USA: Richmond, California",Acid mine drainage,Acid mine drainage,8855,,,3573405,6379,3651,0,0,25,1871317,52.3679,3385909,94.75,5497,86.17,882,13.83,805,5,352,0,436,12,77,0,,,6379,100.0,-882,-13.83,,,2645,41.46,,,2761,43.28,0,0,1244,19.5,1484,23.26,4013,62.91,2218,34.77,3279,51.4,815,12.78,4682,73.4,,,,,,,,1330,,1587,0,0,2.0,1.0,0,0,1.83,1,1,1.33,,,SRX327876,SRR943119,0,0,0,0.0,0,0,0.0,Main iron-rich/AMD group: Richmond Mine / Iron Mountain AMD,Metatranscriptomics,MTX,S47,Richmond-AMD,Richmond-AMD-MTX-S47-3300008566,True,Iron-rich comparison,Richmond-AMD-MTX-S47-3300008566,Richmond-AMD-MTX-S47-3300008566,Richmond-AMD-MTX-S47-3300008566
3300023444,*Microbiome,Permanent Draft,Hydrothermal Fe-rich Mat Reference Genomes,"Hydrothermal Fe-rich mat microbial community from Loihi Seamount, Hawaii, USA - 675-SC9",University of Delaware,3300023444,Metagenome Analysis,Environmental,Aquatic,Marine,Hydrothermal vents,Microbial mats,Hydrothermal Fe-rich Mat Reference Genomes,IMG Annotation Pipeline v.4.16.1,181156,Ga0256747,Gp0295816,Gs0133538,2018-02-27,metaSPAdes v. 3.10.0,Metagenomes associated with bioRxiv doi:10.1101/722066,Yes,Yes,2019-09-02,Primary,mcallis@uw.edu,Sean McAllister,,,,Illumina HiSeq 2500,Level 2: High-Quality Draft,Complete,Metagenome,Environmental,Aquatic,Hydrothermal vents,Marine,Microbial mats,,1299.98,,"USA: Loihi Seamount, Hawaii",Hydrothermal Fe-rich mat,Hiolo North (Upper Marker #31),8855,18.906379,-155.256927,582536762,850440,415991,0,0,523,315312537,54.13,581454376,99.81,842497,99.07,7943,0.93,831,156,299,0,376,0,7112,0,,,850440,100.0,-7943,-0.93,,,488970,57.5,,,499658,58.75,0,0,194718,22.9,199800,23.49,642697,75.57,332893,39.14,509604,59.92,121801,14.32,720696,84.74,,,,,,,,4162,,6041,0,0,296.0,2.0,169,3446963,170.05,168,169,40.19,,,,,0,0,0,0.0,0,0,0.0,Optional outgroup: Hydrothermal Fe-rich mats,Metagenomics,MGX,S48,Hydrothermal-Fe-mats,Hydrothermal-Fe-mats-MGX-S48-3300023444,True,Outgroup,Hydrothermal-Fe-mats-MGX-S48-3300023444,Hydrothermal-Fe-mats-MGX-S48-3300023444,Hydrothermal-Fe-mats-MGX-S48-3300023444
3300028737,*Microbiome,Permanent Draft,Methane metabolizing microbial communities from different methane-rich environments from various locations,"Freshwater microbial communities from Lake Matano, South Sulawesi, Indonesia - Watercolumn_Matano_2014_100_MG",DOE Joint Genome Institute  (JGI),3300028737,Metagenome Analysis,Environmental,Aquatic,Freshwater,Lake,Unclassified,Methane metabolizing microbial communities from different methane-rich environments from various locations,IMG Annotation Pipeline v.4.16.4,194540,Ga0233419,Gp0272222,Gs0127566,2018-08-08,SPAdes v. 3.12.0,,Yes,Yes,2018-10-07,Primary,sean.crowe@ubc.ca,Sean Crowe,PRJNA518401,SAMN10863934,,Illumina HiSeq 2500-1TB,Level 1: Standard Draft,Complete,Metagenome,Environmental,Aquatic,Lake,Freshwater,Unclassified,,100.0,,Indonesia: South Sulawesi,freshwater,lake water,8763,-2.4667,121.2833,454035341,1147138,981838,0,0,729,232640798,51.24,453034613,99.78,1139710,99.35,7428,0.65,1569,158,485,23,869,34,5859,0,,,603696,52.63,536014,46.73,,,526741,45.92,,,488397,42.58,0,0,250371,21.83,255986,22.32,883724,77.04,410822,35.81,728888,63.54,156681,13.66,983029,85.69,,,,,,,,4360,,6684,0,0,48.0,5.0,142,3197431,179.34,170,142,72.42,,,SRX5337904,,0,147275478,104441076,70.92,21545614298,15279170510,33.65,Ferruginous lake/sediment group: Lake Matano,Metagenomics,MGX,S49,Lake-Matano,Lake-Matano-MGX-S49-3300028737,True,Iron-rich comparison,Lake-Matano-MGX-S49-3300028737,Lake-Matano-MGX-S49-3300028737,Lake-Matano-MGX-S49-3300028737
3300023440,*Microbiome,Permanent Draft,Hydrothermal Fe-rich Mat Reference Genomes,"Hydrothermal Fe-rich mat microbial community from Rainbow Site, Mid-Atlantic Ridge, Atlantic Ocean - 664-BS3",University of Delaware,3300023440,Metagenome Analysis,Environmental,Aquatic,Marine,Hydrothermal vents,Microbial mats,Hydrothermal Fe-rich Mat Reference Genomes,IMG Annotation Pipeline v.4.16.1,181159,Ga0256750,Gp0295819,Gs0133538,2018-02-26,metaSPAdes v. 3.10.0,Metagenomes associated with bioRxiv doi:10.1101/722066,Yes,Yes,2019-09-02,Primary,mcallis@uw.edu,Sean McAllister,,,,Illumina HiSeq 2500,Level 2: High-Quality Draft,Complete,Metagenome,Environmental,Aquatic,Hydrothermal vents,Marine,Microbial mats,,2294.78,,"International: Rainbow Site, Mid-Atlantic Ridge",Hydrothermal Fe-rich mat,Rainbow Site,8764,36.229324,-33.902768,281608188,421507,204992,0,0,795,150395129,53.41,281037465,99.8,417502,99.05,4005,0.95,477,96,162,0,218,1,3528,0,,,421507,100.0,-4005,-0.95,,,253720,60.19,,,254653,60.41,0,0,107351,25.47,111790,26.52,305712,72.53,185208,43.94,232294,55.11,67370,15.98,350132,83.07,,,,,,,,4149,,5879,0,0,602.0,16.0,78,3610361,84.66,82,78,20.82,,,,,0,0,0,0.0,0,0,0.0,Optional outgroup: Hydrothermal Fe-rich mats,Metagenomics,MGX,S50,Hydrothermal-Fe-mats,Hydrothermal-Fe-mats-MGX-S50-3300023440,True,Outgroup,Hydrothermal-Fe-mats-MGX-S50-3300023440,Hydrothermal-Fe-mats-MGX-S50-3300023440,Hydrothermal-Fe-mats-MGX-S50-3300023440
3300031806,*Microbiome,Permanent Draft,"Freshwater sediment microbial communities from Lake Towuti, South Sulawesi, Indonesia","Freshwater sediment microbial communities from Lake Towuti, South Sulawesi, Indonesia - TDP1",DOE Joint Genome Institute  (JGI),3300031806,Metagenome Analysis,Environmental,Aquatic,Freshwater,Lake,Sediment,"Freshwater sediment microbial communities from Lake Towuti, South Sulawesi, Indonesia",IMG Annotation Pipeline v.4.16.5,203803,Ga0315306,Gp0331163,Gs0131992,2018-11-28,SPAdes v. 3.13.0,,Yes,Yes,2019-01-27,Primary,rlsimister@gmail.com,Rachel Simister,PRJNA539341,SAMN11532922,,Illumina NovaSeq,Level 1: Standard Draft,Complete,Metagenome,Environmental,Aquatic,Lake,Freshwater,Sediment,,0.0,,Indonesia: South Sulawesi,sediment,Lake sediment,8763,-2.7726,121.4938,663874641,1428906,1018694,0,0,165,320576333,48.29,662182660,99.75,1417222,99.18,11684,0.82,2199,258,647,2,1290,2,9485,0,,,837116,58.58,580106,40.6,,,803995,56.27,,,726648,50.85,0,0,365632,25.59,364854,25.53,1052368,73.65,561334,39.28,855888,59.9,244217,17.09,1173005,82.09,,,,,,,,3599,,4672,0,0,86.0,0.0,0,0,200.65,87,53,178.32,,,SRX6422543,,0,80606524,54938077,68.16,12069036320,8225756598,12.39,Ferruginous lake/sediment group: Lake Towuti,Metagenomics,MGX,S51,Lake-Towuti,Lake-Towuti-MGX-S51-3300031806,True,Iron-rich comparison,Lake-Towuti-MGX-S51-3300031806,Lake-Towuti-MGX-S51-3300031806,Lake-Towuti-MGX-S51-3300031806
3300023439,*Microbiome,Permanent Draft,Hydrothermal Fe-rich Mat Reference Genomes,"Hydrothermal Fe-rich mat microbial community from TAG Site, Mid-Atlantic Ridge, Atlantic Ocean - 665-MMA12",University of Delaware,3300023439,Metagenome Analysis,Environmental,Aquatic,Marine,Hydrothermal vents,Microbial mats,Hydrothermal Fe-rich Mat Reference Genomes,IMG Annotation Pipeline v.4.16.1,181161,Ga0256752,Gp0295821,Gs0133538,2018-02-26,metaSPAdes v. 3.10.0,Metagenomes associated with bioRxiv doi:10.1101/722066,Yes,Yes,2019-09-02,Primary,mcallis@uw.edu,Sean McAllister,,,,Illumina HiSeq 2500,Level 2: High-Quality Draft,Complete,Metagenome,Environmental,Aquatic,Hydrothermal vents,Marine,Microbial mats,,3626.4,,"International: TAG Site, Mid-Atlantic Ridge",Hydrothermal Fe-rich mat,Trans-Atlantic Geotraverse (TAG) Site,8764,26.137196,-44.826442,160924757,261775,131024,0,0,334,73320197,45.56,160433137,99.69,258797,98.86,2978,1.14,426,85,138,9,186,8,2552,0,,,261775,100.0,-2978,-1.14,,,151621,57.92,,,149854,57.25,0,0,63815,24.38,67508,25.79,191289,73.07,112725,43.06,146072,55.8,39446,15.07,219351,83.79,,,,,,,,4126,,5813,0,0,185.0,13.0,48,3352599,56.45,53,48,19.05,,,,,0,0,0,0.0,0,0,0.0,Optional outgroup: Hydrothermal Fe-rich mats,Metagenomics,MGX,S52,Hydrothermal-Fe-mats,Hydrothermal-Fe-mats-MGX-S52-3300023439,True,Outgroup,Hydrothermal-Fe-mats-MGX-S52-3300023439,Hydrothermal-Fe-mats-MGX-S52-3300023439,Hydrothermal-Fe-mats-MGX-S52-3300023439
3300008721,*Microbiome,Permanent Draft,"Acid mine drainage (AMD) microbial communities from Richmond mine in California, USA","Acid mine drainage (AMD) microbial communities of acidophilic biofilm from Richmond mine in California, USA - R3 GS0","University of California, Berkeley",3300008721,Metatranscriptome Analysis,Environmental,Aquatic,Freshwater,Groundwater,Acid Mine Drainage,"Acid mine drainage (AMD) microbial communities from Richmond mine in California, USA",IMG Annotation Pipeline v.4.10.2,83227,Ga0103818,Gp0126407,Gs0117981,2016-04-11,Custom JGI assembly v. Nielsen et. al.,IMGSUPP-1768,Yes,Yes,2018-11-01,Primary,,,PRJNA210320,SAMN02214192,,Illumina HiSeq 2500,,Complete,Metatranscriptome,Environmental,Aquatic,Groundwater,Freshwater,Acid Mine Drainage,,,,"USA: Richmond, California",Acid mine drainage,Acid mine drainage,8855,,,5714228,11147,7142,0,0,22,3208491,56.14916,5405029,94.59,9628,86.37,1519,13.63,1414,3,561,0,843,7,105,0,,,11147,100.0,-1519,-13.63,,,4423,39.68,,,4630,41.54,0,0,2258,20.26,2487,22.31,7141,64.06,3956,35.49,5672,50.88,1426,12.79,8202,73.58,,,,,,,,1503,,1692,0,0,0.0,1.0,2,2857114,2.09,2,2,0.74,,,SRX327880,SRR943123,0,0,0,0.0,0,0,0.0,Main iron-rich/AMD group: Richmond Mine / Iron Mountain AMD,Metatranscriptomics,MTX,S53,Richmond-AMD,Richmond-AMD-MTX-S53-3300008721,True,Iron-rich comparison,Richmond-AMD-MTX-S53-3300008721,Richmond-AMD-MTX-S53-3300008721,Richmond-AMD-MTX-S53-3300008721
3300030242,*Microbiome,Permanent Draft,"Acid mine drainage microbial biofilm communities from Richmond Mine, California, USA","Acid mine drainage biofilm communities from Richmond mine site AB20, Iron Mt, CA, USA - AMDAB200606DS3","University of California, Berkeley",3300030242,Metagenome Analysis,Environmental,Aquatic,Freshwater,Groundwater,Acid Mine Drainage,"Acid mine drainage microbial biofilm communities from Richmond Mine, California, USA",IMG Annotation Pipeline v.4.16.5,199763,Ga0188171,Gp0213843,Gs0129031,2018-10-13,Custom JGI assembly v. Nielsen et. al.,Updating visibility of taxon created using public NCBI SRA data from private to public -- IMGSUPP-3620,Yes,Yes,2022-02-23,Primary,,,PRJNA76185,SAMN00744479,,Illumina HiSeq 2000,,Complete,Metagenome,Environmental,Aquatic,Groundwater,Freshwater,Acid Mine Drainage,,,,"USA: Iron Mountain, California",Acid mine drainage,Richmond mine site AB20,8855,40.67542,-122.53025,34461797,47464,15214,0,0,441,15039287,43.64,34364062,99.72,46620,98.22,844,1.78,71,15,21,1,30,4,773,0,,,27375,57.68,19245,40.55,,,25691,54.13,,,24941,52.55,0,0,10877,22.92,11006,23.19,35614,75.03,17900,37.71,28720,60.51,7028,14.81,39592,83.41,,,,,,,,2456,,2853,0,0,14.0,3.0,0,0,8.02,5,4,5.25,,,SRX103577,SRR359030,0,0,0,0.0,0,0,0.0,Main iron-rich/AMD group: Richmond Mine / Iron Mountain AMD,Metagenomics,MGX,S54,Richmond-AMD,Richmond-AMD-MGX-S54-3300030242,True,Iron-rich comparison,Richmond-AMD-MGX-S54-3300030242,Richmond-AMD-MGX-S54-3300030242,Richmond-AMD-MGX-S54-3300030242
3300023548,*Microbiome,Permanent Draft,Hydrothermal Fe-rich Mat Reference Genomes,"Hydrothermal Fe-rich mat microbial community from Loihi Seamount, Hawaii, USA - 677-SSYellow",University of Delaware,3300023548,Metagenome Analysis,Environmental,Aquatic,Marine,Hydrothermal vents,Microbial mats,Hydrothermal Fe-rich Mat Reference Genomes,IMG Annotation Pipeline v.4.16.1,181129,Ga0256727,Gp0295815,Gs0133538,2018-03-01,metaSPAdes v. 3.10.0,Metagenomes associated with bioRxiv doi:10.1101/722066,Yes,Yes,2019-09-02,Primary,mcallis@uw.edu,Sean McAllister,,,,Illumina HiSeq 2500,Level 2: High-Quality Draft,Complete,Metagenome,Environmental,Aquatic,Hydrothermal vents,Marine,Microbial mats,,1271.23,,"USA: Loihi Seamount, Hawaii",Hydrothermal Fe-rich mat,Hiolo South (Marker #34),8855,18.905558,-155.256977,272241056,402483,188659,0,0,307,141818422,52.09,271661275,99.79,398090,98.91,4393,1.09,476,91,172,1,210,2,3917,0,,,402483,100.0,-4393,-1.09,,,226001,56.15,,,231518,57.52,0,0,90980,22.6,92021,22.86,306069,76.05,156321,38.84,241769,60.07,55205,13.72,342885,85.19,,,,,,,,3932,,5559,0,0,270.0,5.0,85,3202835,85.76,85,85,18.42,,,,,0,0,0,0.0,0,0,0.0,Optional outgroup: Hydrothermal Fe-rich mats,Metagenomics,MGX,S55,Hydrothermal-Fe-mats,Hydrothermal-Fe-mats-MGX-S55-3300023548,True,Outgroup,Hydrothermal-Fe-mats-MGX-S55-3300023548,Hydrothermal-Fe-mats-MGX-S55-3300023548,Hydrothermal-Fe-mats-MGX-S55-3300023548
3300039211,*Microbiome,Permanent Draft,"Acid mine drainage microbial biofilm communities from Richmond Mine, California, USA","Acid mine drainage biofilm communities from Richmond mine site AB20, Iron Mt, CA, USA - AMDAB200606DS2","University of California, Berkeley",3300039211,Metagenome Analysis,Environmental,Aquatic,Freshwater,Groundwater,Acid Mine Drainage,"Acid mine drainage microbial biofilm communities from Richmond Mine, California, USA",IMG Annotation Pipeline v.5.0.15,217917,Ga0188170,Gp0213842,Gs0129031,2020-04-23,Custom JGI assembly v. Nielsen et. al.,,Yes,Yes,2020-04-23,Primary,,,PRJNA76185,SAMN00744478,,Illumina HiSeq 2000,,Complete,Metagenome,Environmental,Aquatic,Groundwater,Freshwater,Acid Mine Drainage,,,,"USA: Iron Mountain, California",Acid mine drainage,Richmond mine site AB20,8855,40.67542,-122.53025,11756699,18309,7057,0,0,48,5337813,45.4,11715607,99.65,17994,98.28,315,1.72,30,5,4,3,14,4,285,0,,,11325,61.85,6669,36.42,,,10892,59.49,,,9515,51.97,2661,15,4088,22.33,4312,23.55,13682,74.73,6985,38.15,11009,60.13,2603,14.22,15391,84.06,,,,,,,,2189,,2208,1058,0,8.0,0.0,0,0,3.83,3,2,2.27,,,SRX103575,SRR359029,0,0,0,0.0,0,0,0.0,Main iron-rich/AMD group: Richmond Mine / Iron Mountain AMD,Metagenomics,MGX,S56,Richmond-AMD,Richmond-AMD-MGX-S56-3300039211,True,Iron-rich comparison,Richmond-AMD-MGX-S56-3300039211,Richmond-AMD-MGX-S56-3300039211,Richmond-AMD-MGX-S56-3300039211
3300021476,*Microbiome,Permanent Draft,Microbial communities from various locations to find New Lineages of Life (NeLLi),"Biofilm microbial communities from the roof of an iron ore cave, State of Minas Gerais, Brazil - TC_06 Biofilm (v2)",DOE Joint Genome Institute  (JGI),3300021476,Metagenome Analysis,Environmental,Terrestrial,Deep subsurface,Cave,Wall biofilm,Microbial communities from various locations to find New Lineages of Life (NeLLi),IMG Annotation Pipeline v.4.15.2,161473,Ga0187846,Gp0213330,Gs0118678,2017-11-09,SPAdes v. 3.11.1-check,,Yes,Yes,2018-11-10,Primary,twoyke@lbl.gov,Tanja Woyke,PRJNA465920,SAMN09200418,,Illumina HiSeq 2500-1TB,Level 1: Standard Draft,Complete,Metagenome,Environmental,Terrestrial,Cave,Deep subsurface,Wall biofilm,,,4.0,Brazil: State of Minas Gerais,Biofilm,Roof of an iron ore cave,8709,-19.8881,-43.6761,910997921,1969152,1476666,0,0,494,550303000,60.41,909912368,99.88,1960276,99.55,8876,0.45,1258,171,409,0,675,3,7618,0,,,1969152,100.0,-8876,-0.45,,,929499,47.2,,,909366,46.18,0,0,390828,19.85,390458,19.83,1569818,79.72,654477,33.24,1305799,66.31,249202,12.66,1711074,86.89,,,,,,,,4120,,6008,0,0,431.0,11.0,168,5422606,180.58,168,0,61.19,,,SRX5644394,,0,109963352,63125134,57.41,16484966723,9463295856,10.39,Other iron-rich / unassigned,Metagenomics,MGX,S57,Other-Fe,Other-Fe-MGX-S57-3300021476,False,Other,Other-Fe-MGX-S57-3300021476,Other-Fe-MGX-S57-3300021476,
3300039028,*Microbiome,Permanent Draft,"Lab enriched sediment microbial communities from Lake Superior, Michigan and Burr Oak Reservoir, Ohio, USA","Lab enriched sediment microbial communities from Lake Superior, Michigan, USA - Sup1",Miami University,3300039028,Metagenome Analysis,Engineered,Lab enrichment,Defined media,Aerobic media,Unclassified,"Lab enriched sediment microbial communities from Lake Superior, Michigan and Burr Oak Reservoir, Ohio, USA",IMG Annotation Pipeline v.5.0.15,231182,Ga0438479,Gp0485085,Gs0145677,2020-04-16,MetaSPAdes v. 3.13,released by JGI data releasing policy,No,Yes,2023-03-13,Primary,bollmaa@miamioh.edu,Annette Bollmann,,,,Illumina MiSeq,Level 1: Standard Draft,Complete,Metagenome,Engineered,Lab enrichment,Aerobic media,Defined media,Unclassified,,,,"South west Lake Superior, Michigan, USA",Sediment,Sediment Lake Superior,8855,46.846944,-90.175833,55741582,57973,2465,0,0,3,32603228,58.49,55684238,99.9,57384,98.98,589,1.02,20,6,6,0,8,0,569,0,,,41248,71.15,16136,27.83,,,40691,70.19,,,42079,72.58,14223,25,13176,22.73,14757,25.45,42627,73.53,24688,42.59,32696,56.4,8441,14.56,48943,84.42,,,,,,,,3365,,4243,1976,0,,,12,4645131,11.79,12,12,1.74,,,,,0,0,0,0.0,0,0,0.0,Control: Burr Oak Reservoir BO4,Metagenomics,MGX,S58,Burr-Oak-BO4,Burr-Oak-BO4-MGX-S58-3300039028,True,Control,Burr-Oak-BO4-MGX-S58-3300039028,Burr-Oak-BO4-MGX-S58-3300039028,Burr-Oak-BO4-MGX-S58-3300039028
3300038493,*Microbiome,Permanent Draft,"Acid mine drainage microbial biofilm communities from Richmond Mine, California, USA","Acid mine drainage biofilm communities from Richmond mine site AB20, Iron Mt, CA, USA - AMDAB200606DS1","University of California, Berkeley",3300038493,Metagenome Analysis,Environmental,Aquatic,Freshwater,Groundwater,Acid Mine Drainage,"Acid mine drainage microbial biofilm communities from Richmond Mine, California, USA",IMG Annotation Pipeline v.5.0.14,217578,Ga0188167,Gp0213841,Gs0129031,2020-03-31,Custom JGI assembly v. Nielsen et. al.,,Yes,Yes,2020-03-31,Primary,,,PRJNA76185,SAMN00744477,,Illumina HiSeq 2000,,Complete,Metagenome,Environmental,Aquatic,Groundwater,Freshwater,Acid Mine Drainage,,,,"USA: Iron Mountain, California",Acid mine drainage,Richmond mine site AB20,8855,40.67542,-122.53025,15579646,22774,7338,0,0,92,7060597,45.32,15520650,99.62,22302,97.93,472,2.07,42,7,11,3,19,2,430,0,,,13686,60.09,8616,37.83,,,13235,58.11,,,11796,51.8,3544,16,4836,21.23,5097,22.38,17205,75.55,8183,35.93,14119,62.0,3087,13.55,19215,84.37,,,,,,,,2279,,2312,1118,0,8.0,2.0,0,0,4.64,3,3,2.62,,,SRX103574,SRR359028,0,0,0,0.0,0,0,0.0,Main iron-rich/AMD group: Richmond Mine / Iron Mountain AMD,Metagenomics,MGX,S59,Richmond-AMD,Richmond-AMD-MGX-S59-3300038493,True,Iron-rich comparison,Richmond-AMD-MGX-S59-3300038493,Richmond-AMD-MGX-S59-3300038493,Richmond-AMD-MGX-S59-3300038493
3300038486,*Microbiome,Permanent Draft,"Acid mine drainage microbial biofilm communities from Richmond Mine, California, USA","Acid mine drainage biofilm communities from Richmond mine site AB20, Iron Mt, CA, USA - AMDAB200606DS0","University of California, Berkeley",3300038486,Metagenome Analysis,Environmental,Aquatic,Freshwater,Groundwater,Acid Mine Drainage,"Acid mine drainage microbial biofilm communities from Richmond Mine, California, USA",IMG Annotation Pipeline v.5.0.14,217260,Ga0188166,Gp0213840,Gs0129031,2020-03-31,Custom JGI assembly v. Nielsen et. al.,,Yes,Yes,2020-03-31,Primary,,,PRJNA76185,SAMN00744476,,Illumina HiSeq 2000,,Complete,Metagenome,Environmental,Aquatic,Groundwater,Freshwater,Acid Mine Drainage,,,,"USA: Iron Mountain, California",Acid mine drainage,Richmond mine site AB20,8855,40.67542,-122.53025,5788238,8971,3338,0,0,37,2767610,47.81,5766518,99.62,8783,97.9,188,2.1,14,3,3,0,8,0,174,0,,,5037,56.15,3746,41.76,,,4767,53.14,,,4281,47.72,1297,14,1687,18.81,1826,20.35,6957,77.55,3002,33.46,5781,64.44,1064,11.86,7719,86.04,,,,,,,,1853,,1897,845,0,5.0,1.0,0,0,1.83,2,2,0.93,,,SRX103573,SRR359027,0,0,0,0.0,0,0,0.0,Main iron-rich/AMD group: Richmond Mine / Iron Mountain AMD,Metagenomics,MGX,S60,Richmond-AMD,Richmond-AMD-MGX-S60-3300038486,True,Iron-rich comparison,Richmond-AMD-MGX-S60-3300038486,Richmond-AMD-MGX-S60-3300038486,Richmond-AMD-MGX-S60-3300038486
3300055057,*Microbiome,Permanent Draft,"Acid mine drainage microbial communities from coal mines in Pennsylvania and Ohio, United States","Metatranscriptome of lab enriched acid mine drainage microbial communities from Akron, Ohio, USA - PML1_0D (Metagenome Metatranscriptome)",DOE Joint Genome Institute  (JGI),3300055057,Metatranscriptome Analysis,Engineered,Wastewater,Industrial wastewater,Acid mine drainage,Unclassified,"Acid mine drainage microbial communities from coal mines in Pennsylvania and Ohio, United States",IMG Annotation Pipeline v.v5.0.25.aws,274894,Ga0506622,Gp0595000,Gs0145645,2022-07-28,MEGAHIT v. 1.2.9,released based on JGI ITS,Yes,Yes,2022-07-28,Primary,shagun2260@gmail.com,Shagun sharma,PRJNA1343652,SAMN52639474,,Illumina NovaSeq S4,,Complete,Metatranscriptome,Engineered,Wastewater,Acid mine drainage,Industrial wastewater,Unclassified,,,225.0,"USA: Akron, Ohio",acid mine drainage,Incubations of mixture of VSG and Powdermill AMD under room temperature,8855,41.0775,-81.5114,8992030,16641,13061,0,0,6,5096868,56.68,8745449,97.26,15982,96.04,659,3.96,446,27,27,31,162,199,213,0,,,9064,54.47,6918,41.57,,,8533,51.28,,,8108,48.72,1861,11,2295,13.79,3642,21.89,12340,74.15,5832,35.05,10150,60.99,1327,7.97,14655,88.07,,,,,,,,1930,,2081,575,0,,,0,0,7.11,5,0,8.06,,,SRX31021875,,0,57252364,28087499,49.06,7989730109,3919690310,435.91,Additional AMD group: Akron / Pennsylvania–Ohio lab-enriched AMD,Metatranscriptomics,MTX,S61,Akron-AMD,Akron-AMD-MTX-S61-3300055057,True,Iron-rich comparison,Akron-AMD-MTX-S61-3300055057,Akron-AMD-MTX-S61-3300055057,Akron-AMD-MTX-S61-3300055057
3300043827,*Microbiome,Permanent Draft,Methane metabolizing microbial communities from different methane-rich environments from various locations,"Freshwater microbial communities from Matano Lake, South Sulawesi, Indonesia - Matano_1m_2014",DOE Joint Genome Institute  (JGI),3300043827,Metagenome Analysis,Environmental,Aquatic,Freshwater,Lake,Unclassified,Methane metabolizing microbial communities from different methane-rich environments from various locations,IMG Annotation Pipeline v.5.0.23,251010,Ga0438291,Gp0484902,Gs0127566,2021-03-26,metaspades v. 3.14.1,released based on JGI ITS,Yes,Yes,2024-02-12,Primary,sean.crowe@ubc.ca,Sean Crowe,PRJNA1316481,SAMN51147640,,Illumina NovaSeq S4,Level 1: Standard Draft,Complete,Metagenome,Environmental,Aquatic,Lake,Freshwater,Unclassified,,1.0,,Indonesia: South Sulawesi,Freshwater,lake water,8763,-2.4667,121.2833,240387548,436976,263805,20,0,216,134758507,56.06,239739609,99.73,432125,98.89,4851,1.11,533,125,141,14,234,19,4318,0,,,260940,59.71,171185,39.17,,,247433,56.62,,,224260,51.32,52138,12,106167,24.3,109180,24.99,322945,73.9,167570,38.35,264555,60.54,69507,15.91,362618,82.98,,,,,,,,4398,,5898,2484,0,628.0,10.0,81,2967747,91.12,85,81,25.46,,,SRX30453273,,0,60123766,56130637,93.36,9003723342,8405739696,34.97,Ferruginous lake/sediment group: Lake Matano,Metagenomics,MGX,S62,Lake-Matano,Lake-Matano-MGX-S62-3300043827,True,Iron-rich comparison,Lake-Matano-MGX-S62-3300043827,Lake-Matano-MGX-S62-3300043827,Lake-Matano-MGX-S62-3300043827
3300030398,*Microbiome,Permanent Draft,"Acid mine drainage microbial biofilm communities from Richmond Mine, California, USA","Acid mine drainage biofilm communities from Richmond mine site C75, Iron Mt, CA, USA - AMDC751008V3","University of California, Berkeley",3300030398,Metagenome Analysis,Environmental,Aquatic,Freshwater,Groundwater,Acid Mine Drainage,"Acid mine drainage microbial biofilm communities from Richmond Mine, California, USA",IMG Annotation Pipeline v.4.16.5,199773,Ga0188181,Gp0213853,Gs0129031,2018-10-15,Custom JGI assembly v. Nielsen et. al.,Updating visibility of taxon created using public NCBI SRA data from private to public -- IMGSUPP-3620,Yes,Yes,2022-02-23,Primary,,,PRJNA76185,SAMN00744469,,Illumina HiSeq 2000,,Complete,Metagenome,Environmental,Aquatic,Groundwater,Freshwater,Acid Mine Drainage,,,,"USA: Iron Mountain, California",Acid mine drainage,Richmond mine site C75,8855,40.67542,-122.53025,23836282,31455,8942,0,0,333,10643116,44.65,23750839,99.64,30818,97.97,637,2.03,63,12,19,3,27,2,574,0,,,18848,59.92,11970,38.05,,,17857,56.77,,,17344,55.14,0,0,7424,23.6,7697,24.47,23121,73.51,12440,39.55,18378,58.43,4752,15.11,26066,82.87,,,,,,,,2197,,2467,0,0,10.0,1.0,0,0,6.56,4,3,4.7,,,SRX103566,SRR359020,0,0,0,0.0,0,0,0.0,Main iron-rich/AMD group: Richmond Mine / Iron Mountain AMD,Metagenomics,MGX,S63,Richmond-AMD,Richmond-AMD-MGX-S63-3300030398,True,Iron-rich comparison,Richmond-AMD-MGX-S63-3300030398,Richmond-AMD-MGX-S63-3300030398,Richmond-AMD-MGX-S63-3300030398
3300010391,*Microbiome,Permanent Draft,Lake Superior Sediments,"Freshwater sediment microbial communities from Lake Superior, USA - Station SU-17. Combined Assembly of Gp0155404, Gp0155335, Gp0155336, Gp0155336, Gp0155403, Gp0155406",University of Minnesota - Twin Cities,3300010391,Combined Assembly,Environmental,Aquatic,Freshwater,Lake,Sediment,Lake Superior Sediments,IMG Annotation Pipeline v.4.11.4,96876,Ga0136847,Gp0155335,Gs0121509,2016-09-16,MegaHit v. 1.0.6,released per JGI data release policy,No,Yes,2019-11-01,Primary,cssheik@d.umn.edu,Cody Sheik,,,,,,Complete,Metagenome,"Mixed, Environmental",Aquatic,Lake,Freshwater,Sediment,,190.0,,"Lake Superior, USA",Freshwater sediment,Station SU-17,8855,,,2304350106,5174401,3697385,0,0,1497,1401361497,60.81374,2300789495,99.85,5143736,99.41,30665,0.59,4238,549,1310,7,2361,11,26427,0,,,5174401,100.0,-30665,-0.59,,,2317666,44.79,,,2299998,44.45,0,0,1025428,19.82,1008788,19.5,4134948,79.91,1662647,32.13,3481089,67.28,644026,12.45,4499710,86.96,,,,,,,,4409,,7022,0,0,2549.0,3.0,527,4372580,575.09,542,527,187.48,,,,,0,0,0,0.0,0,0,0.0,Ferruginous lake/sediment group: Lake Superior,Combined assembly,COMB,S64,Lake-Superior,Lake-Superior-COMB-S64-3300010391,True,Iron-rich comparison,Lake-Superior-COMB-S64-3300010391,Lake-Superior-COMB-S64-3300010391,Lake-Superior-COMB-S64-3300010391
3300038494,*Microbiome,Permanent Draft,"Acid mine drainage microbial biofilm communities from Richmond Mine, California, USA","Acid mine drainage biofilm communities from Richmond mine site C75, Iron Mt, CA, USA - AMDC751110","University of California, Berkeley",3300038494,Metagenome Analysis,Environmental,Aquatic,Freshwater,Groundwater,Acid Mine Drainage,"Acid mine drainage microbial biofilm communities from Richmond Mine, California, USA",IMG Annotation Pipeline v.5.0.14,217585,Ga0188183,Gp0213855,Gs0129031,2020-03-31,Custom JGI assembly v. Nielsen et. al.,,Yes,Yes,2020-03-31,Primary,,,PRJNA76185,SAMN00744471,,Illumina HiSeq 2000,,Complete,Metagenome,Environmental,Aquatic,Groundwater,Freshwater,Acid Mine Drainage,,,,"USA: Iron Mountain, California",Acid mine drainage,Richmond mine site C75,8855,40.67542,-122.53025,11505339,15463,4338,0,0,28,5164205,44.89,11455180,99.56,15134,97.87,329,2.13,35,7,9,1,18,0,294,0,,,9995,64.64,5139,33.23,,,9895,63.99,,,8818,57.03,2689,17,3399,21.98,3607,23.33,11527,74.55,5769,37.31,9365,60.56,2141,13.85,12993,84.03,,,,,,,,2098,,2148,1038,0,0.0,1.0,0,0,3.72,1,1,3.27,,,SRX103568,SRR359022,0,0,0,0.0,0,0,0.0,Main iron-rich/AMD group: Richmond Mine / Iron Mountain AMD,Metagenomics,MGX,S65,Richmond-AMD,Richmond-AMD-MGX-S65-3300038494,True,Iron-rich comparison,Richmond-AMD-MGX-S65-3300038494,Richmond-AMD-MGX-S65-3300038494,Richmond-AMD-MGX-S65-3300038494
3300030413,*Microbiome,Permanent Draft,"Acid mine drainage microbial biofilm communities from Richmond Mine, California, USA","Acid mine drainage biofilm communities from Richmond mine site Abmuck, Iron Mt, CA, USA - AMDABmuck0507","University of California, Berkeley",3300030413,Metagenome Analysis,Environmental,Aquatic,Freshwater,Groundwater,Acid Mine Drainage,"Acid mine drainage microbial biofilm communities from Richmond Mine, California, USA",IMG Annotation Pipeline v.4.16.5,199764,Ga0188172,Gp0213844,Gs0129031,2018-10-15,Custom JGI assembly v. Nielsen et. al.,Updating visibility of taxon created using public NCBI SRA data from private to public -- IMGSUPP-3620,Yes,Yes,2022-02-23,Primary,,,PRJNA76185,SAMN00744480,,Illumina HiSeq 2000,,Complete,Metagenome,Environmental,Aquatic,Groundwater,Freshwater,Acid Mine Drainage,,,,"USA: Iron Mountain, California",Acid mine drainage,Richmond mine site Abmuck,8855,40.67542,-122.53025,23816290,30729,7416,0,0,360,10377624,43.57,23730073,99.64,30072,97.86,657,2.14,61,12,20,3,24,2,596,0,,,17814,57.97,12258,39.89,,,17068,55.54,,,16645,54.17,0,0,6796,22.12,7005,22.8,23067,75.07,11483,37.37,18589,60.49,4291,13.96,25781,83.9,,,,,,,,2231,,2485,0,0,13.0,1.0,0,0,5.91,3,2,4.64,,,SRX103578,SRR359031,0,0,0,0.0,0,0,0.0,Main iron-rich/AMD group: Richmond Mine / Iron Mountain AMD,Metagenomics,MGX,S66,Richmond-AMD,Richmond-AMD-MGX-S66-3300030413,True,Iron-rich comparison,Richmond-AMD-MGX-S66-3300030413,Richmond-AMD-MGX-S66-3300030413,Richmond-AMD-MGX-S66-3300030413
3300038681,*Microbiome,Permanent Draft,"Acid mine drainage microbial biofilm communities from Richmond Mine, California, USA","Acid mine drainage biofilm communities from Richmond mine site C10, Iron Mt, CA, USA - AMDC100807","University of California, Berkeley",3300038681,Metagenome Analysis,Environmental,Aquatic,Freshwater,Groundwater,Acid Mine Drainage,"Acid mine drainage microbial biofilm communities from Richmond Mine, California, USA",IMG Annotation Pipeline v.5.0.15,217369,Ga0188175,Gp0213847,Gs0129031,2020-04-07,Custom JGI assembly v. Nielsen et. al.,,Yes,Yes,2020-04-07,Primary,,,PRJNA76185,SAMN00744475,,Illumina HiSeq 2000,,Complete,Metagenome,Environmental,Aquatic,Groundwater,Freshwater,Acid Mine Drainage,,,,"USA: Iron Mountain, California",Acid mine drainage,Richmond mine site C10,8855,40.67542,-122.53025,15514296,22027,6193,0,0,71,6797904,43.82,15452789,99.6,21544,97.81,483,2.19,37,9,10,0,18,0,446,0,,,13258,60.19,8286,37.62,,,12926,58.68,,,11386,51.69,3409,15,4477,20.33,4787,21.73,16757,76.07,7688,34.9,13856,62.9,2804,12.73,18740,85.08,,,,,,,,2298,,2282,1084,0,12.0,3.0,0,0,5.17,4,2,3.7,,,SRX103572,SRR359026,0,0,0,0.0,0,0,0.0,Main iron-rich/AMD group: Richmond Mine / Iron Mountain AMD,Metagenomics,MGX,S67,Richmond-AMD,Richmond-AMD-MGX-S67-3300038681,True,Iron-rich comparison,Richmond-AMD-MGX-S67-3300038681,Richmond-AMD-MGX-S67-3300038681,Richmond-AMD-MGX-S67-3300038681
