Module,Thermoplasmata RBG-16-68-12 - MAG01,Unclassified MAG - MAG02,Candidatus Aminicenantes  - MAG03,Acidobacteria bacterium U - MAG04,Candidatus Bathyarchaeota - MAG05,Candidatus Bathyarchaeota - MAG06,Candidatus Bathyarchaeota - MAG07,Trebonia kvetii - MAG08,Anaeromyxobacter sp. Red267 - MAG09,Candidatus Bathyarchaeota - MAG10,Nitrososphaeria archeon E - MAG11,Dehalococcoides mccartyi - MAG12,Nitrospirales bacterium L - MAG13,Spirochaetes bacterium RB - MAG14,Bacteroidota UBA6906 - MAG15,Candidatus Bathyarchaeota - MAG16,Thermoplasmata archaeon S - MAG17,Dehalococcoidia bacterium - MAG18,Euryarchaeota archaeon RB - MAG19,Candidatus Bathyarchaeota - MAG20,Candidatus Bathyarchaeota - MAG21,Candidatus Bathyarchaeota - MAG22,Candidatus Bathyarchaeota - MAG24,Nitrosotalea sp - MAG25,Burkholderiales bacterium - MAG26,Planctomycetes bacterium  - MAG27,Unclassified MAG - MAG28,Candidatus Aminicenantes  - MAG29,Anaerolineales bacterium - MAG30,Thermoflexales bacterium - MAG31,Lokiarchaeia archaeon - MAG32,Thermoflexales bacterium  - MAG33,Hydrococcus - MAG34,Acidobacteria bacterium U - MAG35,Candidatus Bathyarchaeota - MAG36,Euryarchaeota archaeon RB - MAG37,Candidatus Bathyarchaeota - MAG38,Lokiarchaeia archaeon - MAG39,Desulfobacterota bacteriu - MAG40,Dehalococcoidia bacterium - MAG41,Dehalococcoidia bacterium - MAG42,Acidobacteria bacterium U - MAG43,Anaerolineae bacterium UB - MAG44,Candidatus Aminicenantes  - MAG45,Candidatus Methanopereden - MAG46,Unclassified MAG - MAG47,Lokiarchaeia archaeon - MAG48
"M00001 | Glycolysis (Embden-Meyerhof pathway), glucose => pyruvate",Incomplete,Incomplete,Incomplete,Incomplete,Incomplete,Incomplete,Incomplete,Incomplete,1 block missing,Incomplete,Incomplete,1 block missing,2 blocks missing,Incomplete,Incomplete,Incomplete,Incomplete,Incomplete,Incomplete,Incomplete,Incomplete,Incomplete,Incomplete,Incomplete,2 blocks missing,Incomplete,Incomplete,Incomplete,Incomplete,Incomplete,Incomplete,Incomplete,1 block missing,2 blocks missing,Incomplete,Incomplete,2 blocks missing,Incomplete,Incomplete,2 blocks missing,Incomplete,Incomplete,Incomplete,Incomplete,Incomplete,Incomplete,Incomplete
"M00002 | Glycolysis, core module involving three-carbon compounds",Incomplete,2 blocks missing,2 blocks missing,2 blocks missing,Incomplete,Complete,1 block missing,1 block missing,Complete,1 block missing,Incomplete,Complete,Complete,2 blocks missing,Complete,2 blocks missing,Incomplete,Complete,1 block missing,1 block missing,1 block missing,2 blocks missing,Incomplete,2 blocks missing,1 block missing,2 blocks missing,Incomplete,Incomplete,1 block missing,2 blocks missing,2 blocks missing,2 blocks missing,Complete,Complete,2 blocks missing,2 blocks missing,Complete,2 blocks missing,2 blocks missing,1 block missing,2 blocks missing,Complete,Incomplete,1 block missing,1 block missing,2 blocks missing,Incomplete
"M00003 | Gluconeogenesis, oxaloacetate => fructose-6P",Incomplete,Incomplete,1 block missing,Incomplete,Incomplete,1 block missing,1 block missing,Complete,Complete,1 block missing,Incomplete,1 block missing,Complete,Incomplete,1 block missing,Incomplete,Incomplete,1 block missing,1 block missing,1 block missing,2 blocks missing,2 blocks missing,Incomplete,1 block missing,1 block missing,Incomplete,Incomplete,Incomplete,2 blocks missing,2 blocks missing,2 blocks missing,2 blocks missing,Complete,Complete,Incomplete,2 blocks missing,1 block missing,2 blocks missing,Incomplete,1 block missing,Incomplete,1 block missing,Incomplete,Complete,1 block missing,Incomplete,Incomplete
M00004 | Pentose phosphate pathway (Pentose phosphate cycle),Incomplete,Incomplete,Incomplete,Incomplete,Incomplete,Incomplete,Incomplete,1 block missing,Incomplete,Incomplete,Incomplete,Incomplete,Complete,1 block missing,Complete,Incomplete,Incomplete,Incomplete,Incomplete,Incomplete,Incomplete,Incomplete,Incomplete,Incomplete,Incomplete,1 block missing,Incomplete,Incomplete,2 blocks missing,Incomplete,Incomplete,2 blocks missing,Complete,2 blocks missing,Incomplete,Incomplete,Incomplete,Incomplete,1 block missing,Incomplete,Incomplete,Incomplete,Incomplete,Incomplete,Incomplete,Incomplete,Incomplete
"M00005 | PRPP biosynthesis, ribose 5P => PRPP",Complete,Complete,Complete,Complete,Complete,Complete,Complete,Complete,Complete,Complete,Complete,Complete,Complete,Complete,1 block missing,1 block missing,Complete,Complete,1 block missing,Complete,Complete,Complete,Complete,1 block missing,Complete,1 block missing,Complete,Complete,Complete,Complete,Complete,Complete,Complete,Complete,Complete,Complete,Complete,Complete,Complete,Complete,1 block missing,Complete,1 block missing,Complete,Complete,Complete,1 block missing
"M00006 | Pentose phosphate pathway, oxidative phase, glucose 6P => ribulose 5P",Incomplete,Incomplete,Incomplete,Incomplete,Incomplete,Incomplete,Incomplete,Complete,Incomplete,Incomplete,Incomplete,Incomplete,Complete,1 block missing,Complete,Incomplete,Incomplete,Incomplete,Incomplete,Incomplete,Incomplete,Incomplete,Incomplete,Incomplete,Incomplete,Complete,Incomplete,Incomplete,1 block missing,Incomplete,Incomplete,1 block missing,Complete,1 block missing,2 blocks missing,Incomplete,Incomplete,Incomplete,Complete,Incomplete,Incomplete,Incomplete,1 block missing,Incomplete,Incomplete,Incomplete,Incomplete
"M00007 | Pentose phosphate pathway, non-oxidative phase, fructose 6P => ribose 5P",Incomplete,Incomplete,Complete,Complete,Incomplete,Complete,Incomplete,Complete,Complete,Incomplete,Incomplete,1 block missing,Complete,Complete,Complete,Incomplete,1 block missing,Complete,Complete,Incomplete,Incomplete,2 blocks missing,Incomplete,1 block missing,1 block missing,Complete,Incomplete,Complete,Complete,Complete,Incomplete,Complete,Complete,Complete,Incomplete,Complete,Incomplete,Incomplete,Complete,1 block missing,1 block missing,Complete,1 block missing,Complete,Incomplete,Incomplete,Incomplete
"M00008 | Entner-Doudoroff pathway, glucose-6P => glyceraldehyde-3P + pyruvate",Incomplete,Incomplete,Incomplete,Incomplete,Incomplete,Incomplete,Incomplete,2 blocks missing,Incomplete,Incomplete,Incomplete,Incomplete,2 blocks missing,2 blocks missing,2 blocks missing,Incomplete,Incomplete,Incomplete,Incomplete,Incomplete,Incomplete,Incomplete,Incomplete,Incomplete,Incomplete,2 blocks missing,Incomplete,Incomplete,2 blocks missing,Incomplete,Incomplete,2 blocks missing,1 block missing,2 blocks missing,Incomplete,Incomplete,Incomplete,Incomplete,1 block missing,Incomplete,Incomplete,Incomplete,Incomplete,Incomplete,Incomplete,Incomplete,Incomplete
"M00009 | Citrate cycle (TCA cycle, Krebs cycle)",Incomplete,Incomplete,Incomplete,Incomplete,Incomplete,Incomplete,Incomplete,1 block missing,2 blocks missing,Incomplete,Incomplete,Incomplete,1 block missing,1 block missing,Incomplete,Incomplete,Incomplete,Incomplete,Incomplete,Incomplete,Incomplete,Incomplete,Incomplete,1 block missing,1 block missing,Complete,Incomplete,Incomplete,1 block missing,Incomplete,Incomplete,Incomplete,1 block missing,2 blocks missing,Incomplete,2 blocks missing,Incomplete,Incomplete,1 block missing,Incomplete,Incomplete,Incomplete,Incomplete,2 blocks missing,Incomplete,Incomplete,Incomplete
"M00010 | Citrate cycle, first carbon oxidation, oxaloacetate => 2-oxoglutarate",Incomplete,2 blocks missing,1 block missing,1 block missing,Incomplete,1 block missing,Incomplete,Complete,Complete,Incomplete,2 blocks missing,Incomplete,Complete,Complete,Complete,Incomplete,1 block missing,2 blocks missing,1 block missing,Incomplete,Incomplete,2 blocks missing,Incomplete,Complete,Complete,Complete,Incomplete,Complete,Complete,1 block missing,Incomplete,Complete,Complete,Complete,Complete,1 block missing,2 blocks missing,Incomplete,Complete,Incomplete,2 blocks missing,Complete,1 block missing,Complete,Incomplete,Incomplete,Incomplete
"M00011 | Citrate cycle, second carbon oxidation, 2-oxoglutarate => oxaloacetate",2 blocks missing,Incomplete,2 blocks missing,Incomplete,2 blocks missing,2 blocks missing,2 blocks missing,1 block missing,2 blocks missing,Incomplete,Incomplete,2 blocks missing,1 block missing,1 block missing,Incomplete,Incomplete,Incomplete,Incomplete,2 blocks missing,Incomplete,2 blocks missing,1 block missing,2 blocks missing,1 block missing,1 block missing,Complete,2 blocks missing,Incomplete,1 block missing,Incomplete,Incomplete,Incomplete,1 block missing,2 blocks missing,Incomplete,1 block missing,1 block missing,Incomplete,1 block missing,2 blocks missing,Incomplete,Incomplete,2 blocks missing,2 blocks missing,1 block missing,Incomplete,Incomplete
M00012 | Glyoxylate cycle,Incomplete,Incomplete,Incomplete,Incomplete,Incomplete,1 block missing,Incomplete,Complete,1 block missing,Incomplete,Incomplete,Incomplete,2 blocks missing,2 blocks missing,2 blocks missing,Incomplete,Incomplete,Incomplete,2 blocks missing,Incomplete,Incomplete,Incomplete,Incomplete,2 blocks missing,Complete,2 blocks missing,Incomplete,Incomplete,2 blocks missing,Incomplete,Incomplete,2 blocks missing,Complete,1 block missing,Incomplete,2 blocks missing,Incomplete,Incomplete,2 blocks missing,Incomplete,Incomplete,1 block missing,Incomplete,2 blocks missing,Incomplete,Incomplete,Incomplete
"M00013 | Malonate semialdehyde pathway, propanoyl-CoA => acetyl-CoA",Incomplete,Incomplete,Incomplete,2 blocks missing,Incomplete,Incomplete,Incomplete,Incomplete,Incomplete,Incomplete,Incomplete,Incomplete,Incomplete,Incomplete,Incomplete,Incomplete,Incomplete,Incomplete,2 blocks missing,Incomplete,Incomplete,Incomplete,Incomplete,Incomplete,Incomplete,Incomplete,Incomplete,Incomplete,2 blocks missing,2 blocks missing,Incomplete,Incomplete,Incomplete,Incomplete,Incomplete,Incomplete,Incomplete,Incomplete,2 blocks missing,Incomplete,Incomplete,Incomplete,Incomplete,Incomplete,Incomplete,Incomplete,Incomplete
M00014 | Glucuronate pathway (uronate pathway),Incomplete,Incomplete,Incomplete,Incomplete,Incomplete,Incomplete,Incomplete,Incomplete,Incomplete,Incomplete,Incomplete,Incomplete,Incomplete,Incomplete,Incomplete,Incomplete,Incomplete,Incomplete,Incomplete,Incomplete,Incomplete,Incomplete,Incomplete,Incomplete,Incomplete,Incomplete,Incomplete,Incomplete,Incomplete,Incomplete,Incomplete,Incomplete,Incomplete,Incomplete,Incomplete,Incomplete,Incomplete,Incomplete,Incomplete,Incomplete,Incomplete,Incomplete,Incomplete,Incomplete,Incomplete,Incomplete,Incomplete
"M00015 | Proline biosynthesis, glutamate => proline",Incomplete,2 blocks missing,Incomplete,2 blocks missing,2 blocks missing,Incomplete,2 blocks missing,Complete,Complete,2 blocks missing,Incomplete,Complete,Complete,Complete,Incomplete,Incomplete,Incomplete,Complete,Incomplete,Incomplete,2 blocks missing,Incomplete,2 blocks missing,Incomplete,Complete,2 blocks missing,2 blocks missing,Incomplete,Incomplete,Incomplete,Incomplete,2 blocks missing,Complete,2 blocks missing,2 blocks missing,2 blocks missing,Incomplete,Incomplete,Complete,2 blocks missing,2 blocks missing,Incomplete,Incomplete,Incomplete,2 blocks missing,Incomplete,Incomplete
"M00016 | Lysine biosynthesis, succinyl-DAP pathway, aspartate => lysine",Incomplete,2 blocks missing,Incomplete,Incomplete,Incomplete,Incomplete,Incomplete,1 block missing,Complete,Incomplete,Incomplete,2 blocks missing,2 blocks missing,Incomplete,Incomplete,Incomplete,Incomplete,1 block missing,Incomplete,Incomplete,Incomplete,Incomplete,Incomplete,Incomplete,Complete,Incomplete,Incomplete,Incomplete,Incomplete,Incomplete,Incomplete,Incomplete,2 blocks missing,Incomplete,Incomplete,Incomplete,Incomplete,Incomplete,2 blocks missing,2 blocks missing,2 blocks missing,Incomplete,Incomplete,Incomplete,Incomplete,Incomplete,Incomplete
"M00017 | Methionine biosynthesis, apartate => homoserine => methionine",Incomplete,Incomplete,Incomplete,Incomplete,Incomplete,Incomplete,Incomplete,1 block missing,1 block missing,Incomplete,Incomplete,Incomplete,Incomplete,Incomplete,Incomplete,Incomplete,Incomplete,2 blocks missing,Incomplete,Incomplete,Incomplete,2 blocks missing,Incomplete,Incomplete,1 block missing,Incomplete,Incomplete,Incomplete,Incomplete,Incomplete,Incomplete,2 blocks missing,1 block missing,Incomplete,Incomplete,Incomplete,Incomplete,Incomplete,Incomplete,Incomplete,Incomplete,Incomplete,Incomplete,Incomplete,Incomplete,Incomplete,Incomplete
"M00018 | Threonine biosynthesis, aspartate => homoserine => threonine",Incomplete,2 blocks missing,Incomplete,Incomplete,Incomplete,1 block missing,Incomplete,Complete,1 block missing,Incomplete,2 blocks missing,1 block missing,1 block missing,1 block missing,Incomplete,Incomplete,Incomplete,1 block missing,Incomplete,Incomplete,Incomplete,Complete,Incomplete,1 block missing,Complete,2 blocks missing,Incomplete,Incomplete,Incomplete,Incomplete,Incomplete,1 block missing,Complete,2 blocks missing,Incomplete,Incomplete,1 block missing,Incomplete,1 block missing,1 block missing,1 block missing,Incomplete,Complete,Incomplete,Incomplete,Incomplete,Incomplete
"M00019 | Valine/isoleucine biosynthesis, pyruvate => valine / 2-oxobutanoate => isoleucine",Incomplete,1 block missing,Incomplete,2 blocks missing,Incomplete,Incomplete,Incomplete,Complete,2 blocks missing,2 blocks missing,1 block missing,Complete,Complete,1 block missing,Incomplete,Incomplete,Incomplete,Complete,Incomplete,Incomplete,Incomplete,2 blocks missing,Incomplete,Complete,Complete,Incomplete,Incomplete,Incomplete,Incomplete,Incomplete,2 blocks missing,Complete,Complete,Complete,Incomplete,Incomplete,2 blocks missing,Incomplete,Complete,1 block missing,Incomplete,Incomplete,2 blocks missing,Incomplete,Incomplete,2 blocks missing,Incomplete
"M00020 | Serine biosynthesis, glycerate-3P => serine",2 blocks missing,2 blocks missing,2 blocks missing,2 blocks missing,Incomplete,2 blocks missing,2 blocks missing,Complete,1 block missing,2 blocks missing,2 blocks missing,2 blocks missing,2 blocks missing,2 blocks missing,Incomplete,1 block missing,2 blocks missing,2 blocks missing,2 blocks missing,Incomplete,2 blocks missing,2 blocks missing,2 blocks missing,1 block missing,1 block missing,2 blocks missing,2 blocks missing,2 blocks missing,2 blocks missing,2 blocks missing,2 blocks missing,2 blocks missing,2 blocks missing,1 block missing,Incomplete,2 blocks missing,2 blocks missing,1 block missing,1 block missing,2 blocks missing,2 blocks missing,Incomplete,2 blocks missing,2 blocks missing,2 blocks missing,2 blocks missing,2 blocks missing
"M00021 | Cysteine biosynthesis, serine => cysteine",2 blocks missing,2 blocks missing,2 blocks missing,1 block missing,2 blocks missing,1 block missing,2 blocks missing,2 blocks missing,Complete,2 blocks missing,1 block missing,Complete,1 block missing,Complete,Complete,1 block missing,2 blocks missing,Complete,2 blocks missing,1 block missing,2 blocks missing,1 block missing,2 blocks missing,1 block missing,Complete,1 block missing,2 blocks missing,2 blocks missing,2 blocks missing,1 block missing,2 blocks missing,1 block missing,Complete,1 block missing,1 block missing,2 blocks missing,1 block missing,1 block missing,Complete,Complete,Complete,1 block missing,Complete,1 block missing,2 blocks missing,2 blocks missing,2 blocks missing
"M00022 | Shikimate pathway, phosphoenolpyruvate + erythrose-4P => chorismate",Incomplete,Incomplete,Incomplete,Incomplete,Incomplete,Incomplete,Incomplete,2 blocks missing,Complete,Incomplete,Incomplete,1 block missing,Complete,2 blocks missing,2 blocks missing,Incomplete,Incomplete,2 blocks missing,Incomplete,Incomplete,Incomplete,2 blocks missing,Incomplete,Incomplete,Complete,2 blocks missing,Incomplete,Incomplete,2 blocks missing,Incomplete,Incomplete,Incomplete,Complete,1 block missing,Incomplete,Incomplete,2 blocks missing,Incomplete,2 blocks missing,1 block missing,Incomplete,Complete,2 blocks missing,Incomplete,Incomplete,Incomplete,Incomplete
"M00023 | Tryptophan biosynthesis, chorismate => tryptophan",Incomplete,2 blocks missing,Incomplete,Complete,Incomplete,Incomplete,Incomplete,1 block missing,2 blocks missing,Incomplete,Incomplete,1 block missing,1 block missing,Incomplete,1 block missing,Incomplete,Incomplete,Complete,Incomplete,Incomplete,Incomplete,Incomplete,Incomplete,1 block missing,1 block missing,Incomplete,Incomplete,Incomplete,Incomplete,Incomplete,Incomplete,Incomplete,Complete,Complete,Incomplete,Incomplete,Incomplete,Incomplete,Incomplete,2 blocks missing,Incomplete,1 block missing,Incomplete,Incomplete,Incomplete,Incomplete,Incomplete
"M00024 | Phenylalanine biosynthesis, chorismate => phenylalanine",Incomplete,1 block missing,Incomplete,Incomplete,Incomplete,Incomplete,Incomplete,2 blocks missing,2 blocks missing,Incomplete,Incomplete,1 block missing,1 block missing,2 blocks missing,2 blocks missing,1 block missing,Incomplete,1 block missing,Incomplete,Incomplete,Incomplete,1 block missing,Incomplete,2 blocks missing,1 block missing,Incomplete,Incomplete,Incomplete,2 blocks missing,Incomplete,Incomplete,1 block missing,1 block missing,2 blocks missing,1 block missing,Incomplete,1 block missing,Incomplete,1 block missing,1 block missing,1 block missing,Incomplete,2 blocks missing,Incomplete,Incomplete,Incomplete,Incomplete
"M00025 | Tyrosine biosynthesis, chorismate => tyrosine",Incomplete,2 blocks missing,Incomplete,2 blocks missing,Incomplete,Incomplete,Incomplete,Incomplete,Incomplete,Incomplete,Incomplete,2 blocks missing,2 blocks missing,2 blocks missing,Incomplete,2 blocks missing,Incomplete,1 block missing,Incomplete,Incomplete,Incomplete,2 blocks missing,Incomplete,Incomplete,2 blocks missing,Incomplete,Incomplete,Incomplete,1 block missing,Incomplete,Incomplete,2 blocks missing,2 blocks missing,Incomplete,2 blocks missing,Incomplete,2 blocks missing,Incomplete,2 blocks missing,2 blocks missing,1 block missing,2 blocks missing,2 blocks missing,Incomplete,Incomplete,Incomplete,Incomplete
"M00026 | Histidine biosynthesis, PRPP => histidine",Incomplete,Incomplete,Incomplete,Incomplete,Incomplete,Incomplete,Incomplete,2 blocks missing,Complete,Incomplete,Incomplete,2 blocks missing,2 blocks missing,2 blocks missing,Incomplete,Incomplete,Incomplete,2 blocks missing,Incomplete,Incomplete,Incomplete,Incomplete,Incomplete,Incomplete,Complete,Incomplete,Incomplete,Incomplete,Incomplete,Incomplete,Incomplete,Incomplete,1 block missing,Incomplete,Incomplete,Incomplete,2 blocks missing,Incomplete,2 blocks missing,Incomplete,Incomplete,Incomplete,Incomplete,Incomplete,Incomplete,Incomplete,Incomplete
M00027 | GABA (gamma-Aminobutyrate) shunt,1 block missing,2 blocks missing,2 blocks missing,1 block missing,2 blocks missing,1 block missing,2 blocks missing,Complete,2 blocks missing,2 blocks missing,2 blocks missing,Incomplete,2 blocks missing,1 block missing,2 blocks missing,2 blocks missing,Incomplete,Incomplete,2 blocks missing,2 blocks missing,2 blocks missing,2 blocks missing,2 blocks missing,1 block missing,1 block missing,1 block missing,2 blocks missing,2 blocks missing,1 block missing,1 block missing,Incomplete,1 block missing,Complete,1 block missing,1 block missing,1 block missing,2 blocks missing,2 blocks missing,2 blocks missing,Incomplete,Incomplete,1 block missing,2 blocks missing,2 blocks missing,2 blocks missing,2 blocks missing,Incomplete
"M00028 | Ornithine biosynthesis, glutamate => ornithine",Incomplete,Incomplete,Incomplete,Incomplete,Incomplete,Incomplete,Incomplete,Complete,Complete,Incomplete,Incomplete,Complete,Complete,1 block missing,1 block missing,Incomplete,Incomplete,Complete,Incomplete,Incomplete,Incomplete,Incomplete,Incomplete,Incomplete,Complete,Incomplete,Incomplete,Incomplete,Incomplete,Incomplete,Incomplete,Incomplete,Complete,Complete,Incomplete,Incomplete,Incomplete,Incomplete,1 block missing,Complete,2 blocks missing,Complete,1 block missing,Incomplete,Incomplete,Incomplete,Incomplete
M00029 | Urea cycle,Incomplete,Incomplete,Incomplete,2 blocks missing,Incomplete,2 blocks missing,Incomplete,Incomplete,2 blocks missing,Incomplete,Incomplete,2 blocks missing,2 blocks missing,2 blocks missing,1 block missing,Incomplete,Incomplete,2 blocks missing,Incomplete,Incomplete,Incomplete,2 blocks missing,Incomplete,2 blocks missing,2 blocks missing,Incomplete,Incomplete,Incomplete,Incomplete,Incomplete,Incomplete,2 blocks missing,2 blocks missing,1 block missing,Incomplete,Incomplete,1 block missing,Incomplete,2 blocks missing,Incomplete,Incomplete,1 block missing,2 blocks missing,Incomplete,Incomplete,Incomplete,Incomplete
"M00030 | Lysine biosynthesis, AAA pathway, 2-oxoglutarate => 2-aminoadipate => lysine",Incomplete,Incomplete,Incomplete,Incomplete,Incomplete,Incomplete,Incomplete,Incomplete,Incomplete,Incomplete,Incomplete,Incomplete,Incomplete,Incomplete,Incomplete,Incomplete,Incomplete,Incomplete,Incomplete,Incomplete,Incomplete,Incomplete,Incomplete,Incomplete,Incomplete,Incomplete,Incomplete,Incomplete,Incomplete,Incomplete,Incomplete,Incomplete,Incomplete,Incomplete,Incomplete,Incomplete,Incomplete,Incomplete,Incomplete,Incomplete,Incomplete,Incomplete,Incomplete,Incomplete,Incomplete,Incomplete,Incomplete
"M00031 | Lysine biosynthesis, mediated by LysW, 2-aminoadipate => lysine",Incomplete,Incomplete,Incomplete,Incomplete,Incomplete,2 blocks missing,Incomplete,Incomplete,Incomplete,Incomplete,2 blocks missing,Incomplete,Incomplete,Incomplete,Incomplete,Incomplete,Incomplete,Incomplete,Incomplete,Incomplete,Incomplete,Incomplete,Incomplete,Incomplete,Incomplete,Incomplete,Incomplete,Incomplete,2 blocks missing,Incomplete,Incomplete,1 block missing,Incomplete,Incomplete,Incomplete,Incomplete,Incomplete,Incomplete,Incomplete,Incomplete,Incomplete,Incomplete,Incomplete,Incomplete,Incomplete,Incomplete,Incomplete
"M00032 | Lysine degradation, lysine => saccharopine => acetoacetyl-CoA",Incomplete,Incomplete,Incomplete,Incomplete,Incomplete,Incomplete,Incomplete,Incomplete,Incomplete,Incomplete,Incomplete,Incomplete,Incomplete,Incomplete,Incomplete,Incomplete,Incomplete,Incomplete,Incomplete,Incomplete,Incomplete,Incomplete,Incomplete,Incomplete,Incomplete,Incomplete,Incomplete,Incomplete,Incomplete,Incomplete,Incomplete,Incomplete,Incomplete,Incomplete,Incomplete,Incomplete,Incomplete,Incomplete,Incomplete,Incomplete,Incomplete,Incomplete,Incomplete,Incomplete,Incomplete,Incomplete,Incomplete
"M00033 | Ectoine biosynthesis, aspartate => ectoine",Incomplete,Incomplete,Incomplete,Incomplete,Incomplete,Incomplete,Incomplete,Incomplete,Incomplete,Incomplete,Incomplete,Incomplete,Incomplete,Incomplete,Incomplete,Incomplete,Incomplete,Incomplete,Incomplete,Incomplete,Incomplete,Incomplete,Incomplete,Incomplete,Incomplete,Incomplete,Incomplete,Incomplete,Incomplete,Incomplete,Incomplete,Incomplete,Incomplete,Incomplete,Incomplete,Incomplete,Incomplete,Incomplete,Incomplete,Incomplete,Incomplete,Incomplete,Incomplete,Incomplete,Incomplete,Incomplete,Incomplete
M00034 | Methionine salvage pathway,Incomplete,Incomplete,Incomplete,Incomplete,Incomplete,Incomplete,Incomplete,Incomplete,Incomplete,Incomplete,Incomplete,Incomplete,Incomplete,Incomplete,Incomplete,Incomplete,Incomplete,Incomplete,Incomplete,Incomplete,Incomplete,Incomplete,Incomplete,Incomplete,Incomplete,Incomplete,Incomplete,Incomplete,Incomplete,Incomplete,Incomplete,Incomplete,Incomplete,Incomplete,Incomplete,Incomplete,Incomplete,Incomplete,Incomplete,Incomplete,Incomplete,Incomplete,Incomplete,Incomplete,Incomplete,Incomplete,Incomplete
M00035 | Methionine degradation,1 block missing,2 blocks missing,Incomplete,Incomplete,Incomplete,1 block missing,2 blocks missing,Complete,1 block missing,2 blocks missing,Incomplete,2 blocks missing,2 blocks missing,2 blocks missing,1 block missing,Incomplete,2 blocks missing,1 block missing,1 block missing,2 blocks missing,2 blocks missing,2 blocks missing,2 blocks missing,2 blocks missing,2 blocks missing,2 blocks missing,2 blocks missing,1 block missing,2 blocks missing,2 blocks missing,2 blocks missing,Incomplete,1 block missing,1 block missing,2 blocks missing,1 block missing,2 blocks missing,2 blocks missing,Incomplete,2 blocks missing,2 blocks missing,2 blocks missing,Incomplete,2 blocks missing,Incomplete,2 blocks missing,Incomplete
"M00036 | Leucine degradation, leucine => acetoacetate + acetyl-CoA",Incomplete,Incomplete,Incomplete,Incomplete,Incomplete,Incomplete,Incomplete,Incomplete,1 block missing,Incomplete,Incomplete,Incomplete,Incomplete,Incomplete,Incomplete,Incomplete,Incomplete,Incomplete,Incomplete,Incomplete,Incomplete,Incomplete,Incomplete,Incomplete,2 blocks missing,Incomplete,Incomplete,Incomplete,Incomplete,Incomplete,Incomplete,Incomplete,Incomplete,Incomplete,2 blocks missing,Incomplete,Incomplete,Incomplete,Incomplete,Incomplete,Incomplete,Incomplete,Incomplete,Incomplete,Incomplete,Incomplete,Incomplete
"M00037 | Melatonin biosynthesis, tryptophan => serotonin => melatonin",Incomplete,Incomplete,Incomplete,Incomplete,Incomplete,Incomplete,Incomplete,Incomplete,Incomplete,Incomplete,Incomplete,Incomplete,Incomplete,Incomplete,Incomplete,Incomplete,Incomplete,Incomplete,Incomplete,Incomplete,Incomplete,Incomplete,Incomplete,Incomplete,Incomplete,Incomplete,Incomplete,Incomplete,Incomplete,Incomplete,Incomplete,Incomplete,Incomplete,Incomplete,Incomplete,Incomplete,Incomplete,Incomplete,Incomplete,Incomplete,Incomplete,Incomplete,Incomplete,Incomplete,Incomplete,Incomplete,Incomplete
"M00038 | Tryptophan metabolism, tryptophan => kynurenine => 2-aminomuconate",Incomplete,Incomplete,Incomplete,Incomplete,Incomplete,Incomplete,Incomplete,Incomplete,Incomplete,Incomplete,Incomplete,Incomplete,Incomplete,Incomplete,Incomplete,Incomplete,Incomplete,Incomplete,Incomplete,Incomplete,Incomplete,Incomplete,Incomplete,Incomplete,Incomplete,Incomplete,Incomplete,Incomplete,Incomplete,Incomplete,Incomplete,Incomplete,Incomplete,Incomplete,Incomplete,Incomplete,Incomplete,Incomplete,Incomplete,Incomplete,Incomplete,Incomplete,Incomplete,Incomplete,Incomplete,Incomplete,Incomplete
"M00039 | Monolignol biosynthesis, phenylalanine/tyrosine => monolignol",Incomplete,Incomplete,Incomplete,Incomplete,Incomplete,Incomplete,Incomplete,Incomplete,Incomplete,Incomplete,Incomplete,Incomplete,Incomplete,Incomplete,Incomplete,Incomplete,Incomplete,Incomplete,Incomplete,Incomplete,Incomplete,Incomplete,Incomplete,Incomplete,Incomplete,Incomplete,Incomplete,Incomplete,Incomplete,Incomplete,Incomplete,Incomplete,Incomplete,Incomplete,Incomplete,Incomplete,Incomplete,Incomplete,Incomplete,Incomplete,Incomplete,Incomplete,Incomplete,Incomplete,Incomplete,Incomplete,Incomplete
"M00040 | Tyrosine biosynthesis, prephanate => pretyrosine => tyrosine",Incomplete,2 blocks missing,Incomplete,Incomplete,2 blocks missing,Incomplete,Incomplete,Incomplete,Incomplete,Incomplete,Incomplete,2 blocks missing,2 blocks missing,Incomplete,2 blocks missing,2 blocks missing,Incomplete,2 blocks missing,Incomplete,Incomplete,2 blocks missing,2 blocks missing,2 blocks missing,Incomplete,2 blocks missing,Incomplete,Incomplete,Incomplete,Incomplete,Incomplete,Incomplete,Incomplete,2 blocks missing,Incomplete,2 blocks missing,Incomplete,1 block missing,Incomplete,2 blocks missing,Incomplete,2 blocks missing,Incomplete,Incomplete,Incomplete,Incomplete,Incomplete,Incomplete
"M00042 | Catecholamine biosynthesis, tyrosine => dopamine => noradrenaline => adrenaline",Incomplete,Incomplete,Incomplete,Incomplete,Incomplete,Incomplete,Incomplete,Incomplete,Incomplete,Incomplete,Incomplete,Incomplete,Incomplete,Incomplete,Incomplete,Incomplete,Incomplete,Incomplete,Incomplete,Incomplete,Incomplete,Incomplete,Incomplete,Incomplete,Incomplete,Incomplete,Incomplete,Incomplete,Incomplete,Incomplete,Incomplete,Incomplete,Incomplete,Incomplete,Incomplete,Incomplete,Incomplete,Incomplete,Incomplete,Incomplete,Incomplete,Incomplete,Incomplete,Incomplete,Incomplete,Incomplete,Incomplete
"M00043 | Thyroid hormone biosynthesis, tyrosine => triiodothyronine/thyroxine",1 block missing,1 block missing,1 block missing,1 block missing,1 block missing,1 block missing,1 block missing,1 block missing,1 block missing,1 block missing,1 block missing,1 block missing,1 block missing,1 block missing,1 block missing,1 block missing,1 block missing,1 block missing,1 block missing,1 block missing,1 block missing,1 block missing,1 block missing,1 block missing,1 block missing,1 block missing,1 block missing,1 block missing,1 block missing,1 block missing,1 block missing,1 block missing,1 block missing,1 block missing,1 block missing,1 block missing,1 block missing,1 block missing,1 block missing,1 block missing,1 block missing,1 block missing,1 block missing,1 block missing,1 block missing,1 block missing,1 block missing
"M00044 | Tyrosine degradation, tyrosine => homogentisate",Incomplete,Incomplete,Incomplete,Incomplete,Incomplete,Incomplete,Incomplete,Incomplete,Incomplete,Incomplete,Incomplete,Incomplete,Incomplete,Incomplete,Incomplete,Incomplete,Incomplete,Incomplete,Incomplete,Incomplete,Incomplete,Incomplete,Incomplete,Incomplete,Incomplete,Incomplete,Incomplete,Incomplete,Incomplete,Incomplete,Incomplete,Incomplete,Incomplete,Incomplete,Incomplete,Incomplete,Incomplete,Incomplete,Incomplete,Incomplete,Incomplete,Incomplete,Incomplete,Incomplete,Incomplete,Incomplete,Incomplete
"M00045 | Histidine degradation, histidine => N-formiminoglutamate => glutamate",2 blocks missing,Incomplete,Complete,2 blocks missing,Incomplete,Complete,Complete,2 blocks missing,2 blocks missing,Incomplete,Incomplete,Incomplete,Incomplete,Incomplete,1 block missing,Incomplete,Incomplete,Incomplete,Complete,2 blocks missing,Incomplete,Incomplete,Incomplete,Incomplete,Incomplete,Complete,1 block missing,2 blocks missing,Complete,2 blocks missing,2 blocks missing,Incomplete,Incomplete,Complete,1 block missing,Complete,Incomplete,Complete,Complete,Incomplete,Incomplete,Complete,2 blocks missing,2 blocks missing,Incomplete,Incomplete,Incomplete
"M00046 | Pyrimidine degradation, uracil => beta-alanine, thymine => 3-aminoisobutanoate",Incomplete,Incomplete,Incomplete,1 block missing,Incomplete,Incomplete,Incomplete,1 block missing,Incomplete,Incomplete,Incomplete,Incomplete,Incomplete,1 block missing,Incomplete,Incomplete,Incomplete,Incomplete,Incomplete,Incomplete,Incomplete,Incomplete,Incomplete,Incomplete,Incomplete,2 blocks missing,Incomplete,Incomplete,2 blocks missing,Incomplete,Incomplete,2 blocks missing,Incomplete,Incomplete,Incomplete,Incomplete,Incomplete,Incomplete,Incomplete,Incomplete,Incomplete,1 block missing,2 blocks missing,Incomplete,Incomplete,Incomplete,Incomplete
M00047 | Creatine pathway,Incomplete,Incomplete,Incomplete,Incomplete,Incomplete,Incomplete,Incomplete,Incomplete,Incomplete,Incomplete,Incomplete,Incomplete,Incomplete,Incomplete,Incomplete,Incomplete,Incomplete,Incomplete,Incomplete,Incomplete,Incomplete,Incomplete,Incomplete,Incomplete,Incomplete,Incomplete,Incomplete,Incomplete,Incomplete,Incomplete,Incomplete,Incomplete,Incomplete,Incomplete,Incomplete,Incomplete,Incomplete,Incomplete,Incomplete,Incomplete,Incomplete,Incomplete,Incomplete,Incomplete,Incomplete,Incomplete,Incomplete
"M00048 | Inosine monophosphate biosynthesis, PRPP + glutamine => IMP",1 block missing,Incomplete,Incomplete,1 block missing,Incomplete,Complete,Incomplete,Complete,Complete,Incomplete,Incomplete,1 block missing,Complete,2 blocks missing,Complete,Incomplete,1 block missing,1 block missing,1 block missing,Incomplete,Incomplete,Incomplete,Incomplete,1 block missing,Complete,1 block missing,Incomplete,2 blocks missing,Incomplete,1 block missing,Incomplete,Incomplete,Complete,1 block missing,2 blocks missing,1 block missing,2 blocks missing,Incomplete,1 block missing,Incomplete,Incomplete,Complete,Incomplete,Complete,Incomplete,Incomplete,Incomplete
"M00049 | Adenine ribonucleotide biosynthesis, IMP => ADP,ATP",Complete,2 blocks missing,2 blocks missing,Complete,2 blocks missing,Complete,Complete,1 block missing,Complete,1 block missing,1 block missing,Complete,Complete,Complete,Complete,2 blocks missing,2 blocks missing,Complete,Complete,1 block missing,1 block missing,1 block missing,1 block missing,Complete,Complete,1 block missing,1 block missing,Incomplete,Complete,1 block missing,2 blocks missing,Complete,Complete,Complete,1 block missing,Complete,1 block missing,2 blocks missing,1 block missing,1 block missing,1 block missing,Complete,Incomplete,Complete,2 blocks missing,2 blocks missing,2 blocks missing
"M00050 | Guanine ribonucleotide biosynthesis IMP => GDP,GTP",2 blocks missing,Incomplete,1 block missing,Complete,Incomplete,1 block missing,1 block missing,1 block missing,Complete,2 blocks missing,2 blocks missing,Complete,Complete,1 block missing,1 block missing,Incomplete,2 blocks missing,Complete,2 blocks missing,2 blocks missing,2 blocks missing,2 blocks missing,2 blocks missing,1 block missing,Complete,Complete,Incomplete,2 blocks missing,Complete,Incomplete,2 blocks missing,1 block missing,1 block missing,Complete,1 block missing,1 block missing,1 block missing,Incomplete,Complete,Complete,2 blocks missing,Complete,Complete,Complete,2 blocks missing,2 blocks missing,2 blocks missing
"M00051 | Uridine monophosphate biosynthesis, glutamine (+ PRPP) => UMP",2 blocks missing,Incomplete,2 blocks missing,Incomplete,Incomplete,2 blocks missing,Complete,1 block missing,1 block missing,Incomplete,Incomplete,1 block missing,1 block missing,2 blocks missing,Complete,Incomplete,1 block missing,1 block missing,Complete,Incomplete,Incomplete,2 blocks missing,Incomplete,Incomplete,1 block missing,1 block missing,Incomplete,2 blocks missing,Incomplete,Incomplete,1 block missing,Complete,1 block missing,1 block missing,Incomplete,Complete,Incomplete,1 block missing,2 blocks missing,2 blocks missing,1 block missing,1 block missing,1 block missing,1 block missing,2 blocks missing,Incomplete,Incomplete
"M00052 | Pyrimidine ribonucleotide biosynthesis, UMP => UDP/UTP,CDP/CTP",Complete,2 blocks missing,1 block missing,Incomplete,1 block missing,Complete,1 block missing,2 blocks missing,Complete,1 block missing,2 blocks missing,Complete,Complete,1 block missing,1 block missing,2 blocks missing,Complete,Complete,Complete,1 block missing,1 block missing,2 blocks missing,2 blocks missing,Complete,Complete,Complete,Incomplete,2 blocks missing,Complete,1 block missing,Complete,2 blocks missing,Complete,1 block missing,1 block missing,Complete,1 block missing,Complete,Complete,1 block missing,1 block missing,Complete,1 block missing,Complete,1 block missing,1 block missing,2 blocks missing
"M00053 | Pyrimidine deoxyribonuleotide biosynthesis, CDP/CTP => dCDP/dCTP,dTDP/dTTP",Incomplete,Incomplete,Incomplete,Incomplete,Incomplete,Incomplete,Incomplete,Incomplete,Incomplete,Incomplete,Incomplete,Incomplete,Incomplete,Incomplete,Incomplete,Incomplete,Incomplete,Incomplete,Incomplete,Incomplete,Incomplete,Incomplete,Incomplete,Incomplete,1 block missing,Incomplete,Incomplete,Incomplete,Incomplete,Incomplete,Incomplete,Incomplete,Incomplete,Incomplete,Incomplete,Incomplete,Incomplete,Incomplete,2 blocks missing,Incomplete,Incomplete,Incomplete,Incomplete,Incomplete,Incomplete,Incomplete,Incomplete
M00055 | N-glycan precursor biosynthesis,Incomplete,Incomplete,Incomplete,Incomplete,Incomplete,Incomplete,Incomplete,Incomplete,Incomplete,Incomplete,Incomplete,Incomplete,Incomplete,Incomplete,Incomplete,Incomplete,Incomplete,Incomplete,Incomplete,Incomplete,Incomplete,Incomplete,Incomplete,Incomplete,Incomplete,Incomplete,Incomplete,Incomplete,Incomplete,Incomplete,Incomplete,Incomplete,Incomplete,Incomplete,Incomplete,Incomplete,Incomplete,Incomplete,Incomplete,Incomplete,Incomplete,Incomplete,Incomplete,Incomplete,Incomplete,Incomplete,Incomplete
"M00056 | O-glycan biosynthesis, mucin type core",Incomplete,Incomplete,Incomplete,Incomplete,Incomplete,Incomplete,Incomplete,Incomplete,Incomplete,Incomplete,Incomplete,Incomplete,Incomplete,Incomplete,Incomplete,Incomplete,Incomplete,Incomplete,Incomplete,Incomplete,Incomplete,Incomplete,Incomplete,Incomplete,Incomplete,Incomplete,Incomplete,Incomplete,Incomplete,Incomplete,Incomplete,Incomplete,Incomplete,Incomplete,Incomplete,Incomplete,Incomplete,Incomplete,Incomplete,Incomplete,Incomplete,Incomplete,Incomplete,Incomplete,Incomplete,Incomplete,Incomplete
"M00057 | Glycosaminoglycan biosynthesis, linkage tetrasaccharide",Incomplete,Incomplete,Incomplete,Incomplete,Incomplete,Incomplete,Incomplete,Incomplete,Incomplete,Incomplete,Incomplete,Incomplete,Incomplete,Incomplete,Incomplete,Incomplete,Incomplete,Incomplete,Incomplete,Incomplete,Incomplete,Incomplete,Incomplete,Incomplete,Incomplete,Incomplete,Incomplete,Incomplete,Incomplete,Incomplete,Incomplete,Incomplete,Incomplete,Incomplete,Incomplete,Incomplete,Incomplete,Incomplete,Incomplete,Incomplete,Incomplete,Incomplete,Incomplete,Incomplete,Incomplete,Incomplete,Incomplete
"M00058 | Glycosaminoglycan biosynthesis, chondroitin sulfate backbone",2 blocks missing,2 blocks missing,2 blocks missing,2 blocks missing,2 blocks missing,2 blocks missing,2 blocks missing,2 blocks missing,2 blocks missing,2 blocks missing,2 blocks missing,2 blocks missing,2 blocks missing,2 blocks missing,2 blocks missing,2 blocks missing,2 blocks missing,2 blocks missing,2 blocks missing,2 blocks missing,2 blocks missing,2 blocks missing,2 blocks missing,2 blocks missing,2 blocks missing,2 blocks missing,2 blocks missing,2 blocks missing,2 blocks missing,2 blocks missing,2 blocks missing,2 blocks missing,2 blocks missing,2 blocks missing,2 blocks missing,2 blocks missing,2 blocks missing,2 blocks missing,2 blocks missing,2 blocks missing,2 blocks missing,2 blocks missing,2 blocks missing,2 blocks missing,2 blocks missing,2 blocks missing,2 blocks missing
"M00059 | Glycosaminoglycan biosynthesis, heparan sulfate backbone",Incomplete,Incomplete,Incomplete,Incomplete,Incomplete,Incomplete,Incomplete,Incomplete,Incomplete,Incomplete,Incomplete,Incomplete,Incomplete,Incomplete,Incomplete,Incomplete,Incomplete,Incomplete,Incomplete,Incomplete,Incomplete,Incomplete,Incomplete,Incomplete,Incomplete,Incomplete,Incomplete,Incomplete,Incomplete,Incomplete,Incomplete,Incomplete,Incomplete,Incomplete,Incomplete,Incomplete,Incomplete,Incomplete,Incomplete,Incomplete,Incomplete,Incomplete,Incomplete,Incomplete,Incomplete,Incomplete,Incomplete
"M00060 | KDO2-lipid A biosynthesis, Raetz pathway, LpxL-LpxM type",Incomplete,Incomplete,Incomplete,Incomplete,Incomplete,Incomplete,Incomplete,Incomplete,Incomplete,Incomplete,Incomplete,Incomplete,Incomplete,Incomplete,Incomplete,Incomplete,Incomplete,Incomplete,Incomplete,Incomplete,Incomplete,Incomplete,Incomplete,Incomplete,1 block missing,Incomplete,Incomplete,Incomplete,Incomplete,Incomplete,Incomplete,Incomplete,Incomplete,Incomplete,Incomplete,Incomplete,Incomplete,Incomplete,Incomplete,Incomplete,Incomplete,Incomplete,Incomplete,Incomplete,Incomplete,Incomplete,Incomplete
"M00061 | D-Glucuronate degradation, D-glucuronate => pyruvate + D-glyceraldehyde 3P",Incomplete,Incomplete,Incomplete,Incomplete,Incomplete,Incomplete,Incomplete,Incomplete,Incomplete,Incomplete,Incomplete,Incomplete,Incomplete,Incomplete,Incomplete,Incomplete,Incomplete,Incomplete,Incomplete,Incomplete,Incomplete,Incomplete,Incomplete,Incomplete,Incomplete,Incomplete,Incomplete,Incomplete,Incomplete,Incomplete,Incomplete,Incomplete,Incomplete,Incomplete,Incomplete,Incomplete,Incomplete,Incomplete,Incomplete,Incomplete,Incomplete,Incomplete,Incomplete,Incomplete,Incomplete,Incomplete,Incomplete
M00063 | CMP-KDO biosynthesis,Incomplete,Incomplete,1 block missing,1 block missing,Incomplete,Incomplete,Incomplete,Incomplete,1 block missing,Incomplete,Incomplete,Incomplete,Complete,Incomplete,2 blocks missing,Incomplete,Incomplete,Incomplete,Incomplete,Incomplete,Incomplete,Incomplete,Incomplete,Incomplete,Complete,Complete,Incomplete,Incomplete,Incomplete,Incomplete,Incomplete,Incomplete,Incomplete,1 block missing,Incomplete,Incomplete,Incomplete,Incomplete,Complete,Incomplete,Incomplete,Complete,Incomplete,Complete,Incomplete,Incomplete,Incomplete
M00064 | ADP-L-glycero-D-manno-heptose biosynthesis,Incomplete,Incomplete,1 block missing,Incomplete,Incomplete,Incomplete,Incomplete,Incomplete,Incomplete,Incomplete,Incomplete,Incomplete,1 block missing,Incomplete,2 blocks missing,Incomplete,Incomplete,Incomplete,Incomplete,Incomplete,Incomplete,Incomplete,Incomplete,Incomplete,Complete,1 block missing,Incomplete,Incomplete,Incomplete,Incomplete,Incomplete,Incomplete,Incomplete,1 block missing,Incomplete,Incomplete,Incomplete,Incomplete,1 block missing,Incomplete,Incomplete,2 blocks missing,Incomplete,1 block missing,Incomplete,Incomplete,Incomplete
"M00065 | GPI-anchor biosynthesis, core oligosaccharide",Incomplete,Incomplete,Incomplete,Incomplete,Incomplete,Incomplete,Incomplete,Incomplete,Incomplete,Incomplete,Incomplete,Incomplete,Incomplete,Incomplete,Incomplete,Incomplete,Incomplete,Incomplete,Incomplete,Incomplete,Incomplete,Incomplete,Incomplete,Incomplete,Incomplete,Incomplete,Incomplete,Incomplete,Incomplete,Incomplete,Incomplete,Incomplete,Incomplete,Incomplete,Incomplete,Incomplete,Incomplete,Incomplete,Incomplete,Incomplete,Incomplete,Incomplete,Incomplete,Incomplete,Incomplete,Incomplete,Incomplete
M00066 | Lactosylceramide biosynthesis,2 blocks missing,2 blocks missing,2 blocks missing,2 blocks missing,2 blocks missing,2 blocks missing,2 blocks missing,2 blocks missing,2 blocks missing,2 blocks missing,2 blocks missing,2 blocks missing,2 blocks missing,2 blocks missing,2 blocks missing,2 blocks missing,2 blocks missing,2 blocks missing,2 blocks missing,2 blocks missing,2 blocks missing,2 blocks missing,2 blocks missing,2 blocks missing,2 blocks missing,2 blocks missing,2 blocks missing,2 blocks missing,2 blocks missing,2 blocks missing,2 blocks missing,2 blocks missing,2 blocks missing,2 blocks missing,2 blocks missing,2 blocks missing,2 blocks missing,2 blocks missing,1 block missing,2 blocks missing,2 blocks missing,1 block missing,2 blocks missing,2 blocks missing,2 blocks missing,2 blocks missing,2 blocks missing
"M00067 | Sulfoglycolipids biosynthesis, ceramide/1-alkyl-2-acylglycerol => sulfatide/seminolipid",2 blocks missing,2 blocks missing,2 blocks missing,2 blocks missing,2 blocks missing,2 blocks missing,2 blocks missing,2 blocks missing,2 blocks missing,2 blocks missing,2 blocks missing,2 blocks missing,2 blocks missing,2 blocks missing,2 blocks missing,2 blocks missing,2 blocks missing,2 blocks missing,2 blocks missing,2 blocks missing,2 blocks missing,2 blocks missing,2 blocks missing,2 blocks missing,2 blocks missing,2 blocks missing,2 blocks missing,2 blocks missing,2 blocks missing,2 blocks missing,2 blocks missing,2 blocks missing,2 blocks missing,2 blocks missing,2 blocks missing,2 blocks missing,2 blocks missing,2 blocks missing,2 blocks missing,2 blocks missing,2 blocks missing,2 blocks missing,2 blocks missing,2 blocks missing,2 blocks missing,2 blocks missing,2 blocks missing
"M00068 | Glycosphingolipid biosynthesis, globo-series, LacCer => Gb4Cer",2 blocks missing,2 blocks missing,2 blocks missing,2 blocks missing,2 blocks missing,2 blocks missing,2 blocks missing,2 blocks missing,2 blocks missing,2 blocks missing,2 blocks missing,2 blocks missing,2 blocks missing,2 blocks missing,2 blocks missing,2 blocks missing,2 blocks missing,2 blocks missing,2 blocks missing,2 blocks missing,2 blocks missing,2 blocks missing,2 blocks missing,2 blocks missing,2 blocks missing,2 blocks missing,2 blocks missing,2 blocks missing,2 blocks missing,2 blocks missing,2 blocks missing,2 blocks missing,2 blocks missing,2 blocks missing,2 blocks missing,2 blocks missing,2 blocks missing,2 blocks missing,2 blocks missing,2 blocks missing,2 blocks missing,2 blocks missing,2 blocks missing,2 blocks missing,2 blocks missing,2 blocks missing,2 blocks missing
"M00069 | Glycosphingolipid biosynthesis, ganglio series, LacCer => GT3",2 blocks missing,2 blocks missing,2 blocks missing,2 blocks missing,2 blocks missing,2 blocks missing,2 blocks missing,2 blocks missing,2 blocks missing,2 blocks missing,2 blocks missing,2 blocks missing,2 blocks missing,2 blocks missing,2 blocks missing,2 blocks missing,2 blocks missing,2 blocks missing,2 blocks missing,2 blocks missing,2 blocks missing,2 blocks missing,2 blocks missing,2 blocks missing,2 blocks missing,2 blocks missing,2 blocks missing,2 blocks missing,2 blocks missing,2 blocks missing,2 blocks missing,2 blocks missing,2 blocks missing,2 blocks missing,2 blocks missing,2 blocks missing,2 blocks missing,2 blocks missing,2 blocks missing,2 blocks missing,2 blocks missing,2 blocks missing,2 blocks missing,2 blocks missing,2 blocks missing,2 blocks missing,2 blocks missing
"M00070 | Glycosphingolipid biosynthesis, lacto-series, LacCer => Lc4Cer",2 blocks missing,2 blocks missing,2 blocks missing,2 blocks missing,2 blocks missing,2 blocks missing,2 blocks missing,2 blocks missing,2 blocks missing,2 blocks missing,2 blocks missing,2 blocks missing,2 blocks missing,2 blocks missing,2 blocks missing,2 blocks missing,2 blocks missing,2 blocks missing,2 blocks missing,2 blocks missing,2 blocks missing,2 blocks missing,2 blocks missing,2 blocks missing,2 blocks missing,2 blocks missing,2 blocks missing,2 blocks missing,2 blocks missing,2 blocks missing,2 blocks missing,2 blocks missing,2 blocks missing,2 blocks missing,2 blocks missing,2 blocks missing,2 blocks missing,2 blocks missing,2 blocks missing,2 blocks missing,2 blocks missing,2 blocks missing,2 blocks missing,2 blocks missing,2 blocks missing,2 blocks missing,2 blocks missing
"M00071 | Glycosphingolipid biosynthesis, neolacto-series, LacCer => nLc4Cer",2 blocks missing,2 blocks missing,2 blocks missing,2 blocks missing,2 blocks missing,2 blocks missing,2 blocks missing,2 blocks missing,2 blocks missing,2 blocks missing,2 blocks missing,2 blocks missing,2 blocks missing,2 blocks missing,2 blocks missing,2 blocks missing,2 blocks missing,2 blocks missing,2 blocks missing,2 blocks missing,2 blocks missing,2 blocks missing,2 blocks missing,2 blocks missing,2 blocks missing,2 blocks missing,2 blocks missing,2 blocks missing,2 blocks missing,2 blocks missing,2 blocks missing,2 blocks missing,2 blocks missing,2 blocks missing,2 blocks missing,2 blocks missing,2 blocks missing,2 blocks missing,2 blocks missing,2 blocks missing,2 blocks missing,2 blocks missing,2 blocks missing,2 blocks missing,2 blocks missing,2 blocks missing,2 blocks missing
M00072 | N-glycosylation by oligosaccharyltransferase,1 block missing,1 block missing,1 block missing,1 block missing,1 block missing,1 block missing,1 block missing,1 block missing,1 block missing,1 block missing,1 block missing,1 block missing,1 block missing,1 block missing,1 block missing,1 block missing,1 block missing,1 block missing,1 block missing,1 block missing,1 block missing,1 block missing,1 block missing,1 block missing,1 block missing,1 block missing,1 block missing,1 block missing,1 block missing,1 block missing,1 block missing,1 block missing,1 block missing,1 block missing,1 block missing,1 block missing,1 block missing,1 block missing,1 block missing,1 block missing,1 block missing,1 block missing,1 block missing,1 block missing,1 block missing,1 block missing,1 block missing
M00073 | N-glycan precursor trimming,Incomplete,Incomplete,Incomplete,Incomplete,Incomplete,Incomplete,Incomplete,Incomplete,Incomplete,Incomplete,Incomplete,Incomplete,Incomplete,Incomplete,Incomplete,Incomplete,Incomplete,Incomplete,Incomplete,Incomplete,Incomplete,Incomplete,Incomplete,Incomplete,Incomplete,Incomplete,Incomplete,Incomplete,Incomplete,Incomplete,Incomplete,Incomplete,Incomplete,Incomplete,Incomplete,Incomplete,Incomplete,Incomplete,Incomplete,Incomplete,Incomplete,Incomplete,Incomplete,Incomplete,Incomplete,Incomplete,Incomplete
"M00074 | N-glycan biosynthesis, high-mannose type",Incomplete,Incomplete,Incomplete,Incomplete,Incomplete,Incomplete,Incomplete,Incomplete,Incomplete,Incomplete,Incomplete,Incomplete,Incomplete,Incomplete,Incomplete,Incomplete,Incomplete,Incomplete,Incomplete,Incomplete,Incomplete,Incomplete,Incomplete,Incomplete,Incomplete,Incomplete,Incomplete,Incomplete,Incomplete,Incomplete,Incomplete,Incomplete,Incomplete,Incomplete,Incomplete,Incomplete,Incomplete,Incomplete,Incomplete,Incomplete,Incomplete,Incomplete,Incomplete,Incomplete,Incomplete,Incomplete,Incomplete
"M00075 | N-glycan biosynthesis, complex type",Incomplete,Incomplete,Incomplete,Incomplete,Incomplete,Incomplete,Incomplete,Incomplete,Incomplete,Incomplete,Incomplete,Incomplete,Incomplete,Incomplete,Incomplete,Incomplete,Incomplete,Incomplete,Incomplete,Incomplete,Incomplete,Incomplete,Incomplete,Incomplete,Incomplete,Incomplete,Incomplete,Incomplete,Incomplete,Incomplete,Incomplete,Incomplete,Incomplete,Incomplete,Incomplete,Incomplete,Incomplete,Incomplete,Incomplete,Incomplete,Incomplete,Incomplete,Incomplete,Incomplete,Incomplete,Incomplete,Incomplete
M00076 | Dermatan sulfate degradation,Incomplete,Incomplete,Incomplete,Incomplete,Incomplete,Incomplete,Incomplete,Incomplete,Incomplete,Incomplete,Incomplete,Incomplete,Incomplete,Incomplete,Incomplete,Incomplete,Incomplete,Incomplete,Incomplete,Incomplete,Incomplete,Incomplete,Incomplete,Incomplete,Incomplete,Incomplete,Incomplete,Incomplete,Incomplete,Incomplete,Incomplete,Incomplete,Incomplete,Incomplete,Incomplete,Incomplete,Incomplete,Incomplete,Incomplete,Incomplete,Incomplete,Incomplete,Incomplete,Incomplete,Incomplete,Incomplete,Incomplete
M00077 | Chondroitin sulfate degradation,Incomplete,Incomplete,Incomplete,Incomplete,Incomplete,Incomplete,Incomplete,Incomplete,Incomplete,Incomplete,Incomplete,Incomplete,Incomplete,Incomplete,Incomplete,Incomplete,Incomplete,Incomplete,Incomplete,Incomplete,Incomplete,Incomplete,Incomplete,Incomplete,Incomplete,Incomplete,Incomplete,Incomplete,Incomplete,Incomplete,Incomplete,Incomplete,Incomplete,Incomplete,Incomplete,Incomplete,Incomplete,Incomplete,Incomplete,Incomplete,Incomplete,Incomplete,Incomplete,Incomplete,Incomplete,Incomplete,Incomplete
M00078 | Heparan sulfate degradation,Incomplete,Incomplete,Incomplete,Incomplete,Incomplete,Incomplete,Incomplete,Incomplete,Incomplete,Incomplete,Incomplete,Incomplete,Incomplete,Incomplete,Incomplete,Incomplete,Incomplete,Incomplete,Incomplete,Incomplete,Incomplete,Incomplete,Incomplete,Incomplete,Incomplete,Incomplete,Incomplete,Incomplete,Incomplete,Incomplete,Incomplete,Incomplete,Incomplete,Incomplete,Incomplete,Incomplete,Incomplete,Incomplete,Incomplete,Incomplete,Incomplete,Incomplete,Incomplete,Incomplete,Incomplete,Incomplete,Incomplete
M00079 | Keratan sulfate degradation,Incomplete,Incomplete,Incomplete,Incomplete,Incomplete,Incomplete,Incomplete,Incomplete,Incomplete,Incomplete,Incomplete,Incomplete,Incomplete,Incomplete,Incomplete,Incomplete,Incomplete,Incomplete,Incomplete,Incomplete,Incomplete,Incomplete,Incomplete,Incomplete,Incomplete,Incomplete,Incomplete,Incomplete,Incomplete,Incomplete,Incomplete,Incomplete,Incomplete,Incomplete,Incomplete,Incomplete,Incomplete,Incomplete,Incomplete,Incomplete,Incomplete,Incomplete,Incomplete,Incomplete,Incomplete,Incomplete,Incomplete
M00081 | Pectin degradation,Incomplete,Incomplete,Incomplete,Incomplete,Incomplete,Incomplete,Incomplete,Incomplete,Incomplete,Incomplete,Incomplete,Incomplete,Incomplete,Incomplete,Incomplete,Incomplete,Incomplete,Incomplete,Incomplete,Incomplete,Incomplete,Incomplete,Incomplete,Incomplete,Incomplete,Incomplete,Incomplete,Incomplete,Incomplete,Incomplete,Incomplete,Incomplete,Incomplete,Incomplete,Incomplete,Incomplete,Incomplete,Incomplete,Incomplete,Incomplete,Incomplete,Incomplete,Incomplete,Incomplete,Incomplete,Incomplete,Incomplete
"M00082 | Fatty acid biosynthesis, initiation",Incomplete,Incomplete,1 block missing,1 block missing,Incomplete,Incomplete,Incomplete,Complete,Complete,Incomplete,Incomplete,1 block missing,1 block missing,1 block missing,Complete,Incomplete,Incomplete,1 block missing,Incomplete,Incomplete,Incomplete,Incomplete,Incomplete,Incomplete,1 block missing,Complete,Incomplete,2 blocks missing,1 block missing,Incomplete,Incomplete,1 block missing,Complete,1 block missing,Incomplete,Incomplete,Incomplete,Incomplete,1 block missing,2 blocks missing,Incomplete,Complete,1 block missing,Complete,Incomplete,Incomplete,Incomplete
"M00083 | Fatty acid biosynthesis, elongation",Incomplete,Incomplete,1 block missing,Complete,Incomplete,2 blocks missing,Incomplete,2 blocks missing,1 block missing,Incomplete,Incomplete,2 blocks missing,Complete,2 blocks missing,Complete,Incomplete,Incomplete,Complete,Incomplete,Incomplete,Incomplete,2 blocks missing,Incomplete,Incomplete,Complete,1 block missing,Incomplete,2 blocks missing,1 block missing,Incomplete,Incomplete,1 block missing,Complete,1 block missing,Incomplete,Incomplete,Incomplete,Incomplete,Complete,1 block missing,2 blocks missing,Complete,2 blocks missing,1 block missing,Incomplete,2 blocks missing,Incomplete
M00085 | Fatty acid elongation in mitochondria,Incomplete,Incomplete,Incomplete,Incomplete,Incomplete,Incomplete,Incomplete,Incomplete,Incomplete,Incomplete,Incomplete,Incomplete,Incomplete,Incomplete,Incomplete,Incomplete,Incomplete,Incomplete,Incomplete,Incomplete,Incomplete,Incomplete,Incomplete,Incomplete,Incomplete,Incomplete,Incomplete,Incomplete,Incomplete,Incomplete,Incomplete,Incomplete,Incomplete,Incomplete,Incomplete,Incomplete,Incomplete,Incomplete,1 block missing,Incomplete,Incomplete,Incomplete,Incomplete,Incomplete,Incomplete,Incomplete,Incomplete
"M00086 | beta-Oxidation, acyl-CoA synthesis",Complete,Complete,Complete,1 block missing,1 block missing,1 block missing,Complete,Complete,Complete,1 block missing,1 block missing,Complete,Complete,Complete,Complete,1 block missing,1 block missing,Complete,Complete,Complete,Complete,Complete,1 block missing,1 block missing,Complete,Complete,Complete,Complete,Complete,Complete,Complete,Complete,Complete,1 block missing,Complete,Complete,Complete,Complete,Complete,Complete,Complete,1 block missing,Complete,Complete,Complete,Complete,Complete
M00087 | beta-Oxidation,2 blocks missing,Incomplete,Incomplete,Complete,2 blocks missing,2 blocks missing,Incomplete,2 blocks missing,Complete,2 blocks missing,Incomplete,1 block missing,Incomplete,Incomplete,Incomplete,Incomplete,Incomplete,Complete,2 blocks missing,2 blocks missing,Incomplete,Incomplete,2 blocks missing,Incomplete,Complete,2 blocks missing,Incomplete,Incomplete,1 block missing,2 blocks missing,1 block missing,1 block missing,Incomplete,Complete,Incomplete,Incomplete,Incomplete,2 blocks missing,Complete,1 block missing,Incomplete,1 block missing,Complete,Incomplete,Incomplete,2 blocks missing,2 blocks missing
"M00088 | Ketone body biosynthesis, acetyl-CoA => acetoacetate/3-hydroxybutyrate/acetone",Incomplete,Incomplete,Incomplete,Incomplete,Incomplete,Incomplete,Incomplete,1 block missing,2 blocks missing,Incomplete,Incomplete,Incomplete,Incomplete,Incomplete,2 blocks missing,Incomplete,Incomplete,Incomplete,2 blocks missing,Incomplete,Incomplete,Incomplete,Incomplete,Incomplete,Incomplete,Incomplete,Incomplete,Incomplete,1 block missing,Incomplete,Incomplete,Incomplete,2 blocks missing,2 blocks missing,Incomplete,Incomplete,Incomplete,Incomplete,Incomplete,Incomplete,Incomplete,Incomplete,Incomplete,Incomplete,Incomplete,Incomplete,Incomplete
M00089 | Triacylglycerol biosynthesis,Incomplete,Incomplete,Incomplete,Incomplete,Incomplete,Incomplete,Incomplete,Incomplete,Incomplete,Incomplete,Incomplete,Incomplete,Incomplete,Incomplete,Incomplete,Incomplete,Incomplete,Incomplete,Incomplete,Incomplete,Incomplete,Incomplete,Incomplete,Incomplete,Incomplete,Incomplete,Incomplete,Incomplete,Incomplete,Incomplete,Incomplete,Incomplete,Incomplete,Incomplete,Incomplete,Incomplete,Incomplete,Incomplete,Incomplete,Incomplete,Incomplete,Incomplete,Incomplete,Incomplete,Incomplete,Incomplete,Incomplete
"M00090 | Phosphatidylcholine (PC) biosynthesis, choline => PC",Incomplete,Incomplete,Incomplete,Incomplete,Incomplete,Incomplete,Incomplete,Incomplete,Incomplete,Incomplete,Incomplete,Incomplete,Incomplete,Incomplete,Incomplete,Incomplete,Incomplete,Incomplete,Incomplete,Incomplete,Incomplete,Incomplete,Incomplete,Incomplete,Incomplete,Incomplete,Incomplete,Incomplete,Incomplete,Incomplete,Incomplete,Incomplete,Incomplete,Incomplete,Incomplete,Incomplete,Incomplete,Incomplete,Incomplete,Incomplete,Incomplete,Incomplete,Incomplete,Incomplete,Incomplete,Incomplete,Incomplete
"M00091 | Phosphatidylcholine (PC) biosynthesis, PE => PC",2 blocks missing,2 blocks missing,2 blocks missing,2 blocks missing,2 blocks missing,2 blocks missing,2 blocks missing,2 blocks missing,2 blocks missing,2 blocks missing,2 blocks missing,2 blocks missing,2 blocks missing,2 blocks missing,2 blocks missing,2 blocks missing,2 blocks missing,2 blocks missing,2 blocks missing,2 blocks missing,2 blocks missing,2 blocks missing,2 blocks missing,2 blocks missing,2 blocks missing,2 blocks missing,2 blocks missing,2 blocks missing,2 blocks missing,2 blocks missing,2 blocks missing,2 blocks missing,2 blocks missing,2 blocks missing,2 blocks missing,2 blocks missing,2 blocks missing,2 blocks missing,2 blocks missing,2 blocks missing,2 blocks missing,2 blocks missing,2 blocks missing,2 blocks missing,2 blocks missing,2 blocks missing,2 blocks missing
"M00092 | Phosphatidylethanolamine (PE) biosynthesis, ethanolamine => PE",Incomplete,Incomplete,Incomplete,Incomplete,Incomplete,Incomplete,Incomplete,Incomplete,Incomplete,Incomplete,Incomplete,Incomplete,Incomplete,Incomplete,Incomplete,Incomplete,Incomplete,Incomplete,Incomplete,Incomplete,Incomplete,Incomplete,Incomplete,Incomplete,Incomplete,Incomplete,Incomplete,Incomplete,Incomplete,Incomplete,Incomplete,Incomplete,Incomplete,2 blocks missing,Incomplete,Incomplete,Incomplete,Incomplete,Incomplete,Incomplete,Incomplete,Incomplete,Incomplete,2 blocks missing,Incomplete,Incomplete,Incomplete
"M00093 | Phosphatidylethanolamine (PE) biosynthesis, PA => PS => PE",Incomplete,1 block missing,2 blocks missing,2 blocks missing,Incomplete,Incomplete,Incomplete,2 blocks missing,1 block missing,Incomplete,Incomplete,2 blocks missing,Complete,1 block missing,1 block missing,Incomplete,2 blocks missing,2 blocks missing,Incomplete,Incomplete,Incomplete,Incomplete,Incomplete,Incomplete,Complete,2 blocks missing,Incomplete,Incomplete,2 blocks missing,Incomplete,Incomplete,Incomplete,2 blocks missing,1 block missing,Incomplete,Incomplete,Incomplete,2 blocks missing,Complete,2 blocks missing,2 blocks missing,Complete,2 blocks missing,Complete,Incomplete,Incomplete,Incomplete
M00094 | Ceramide biosynthesis,Incomplete,Incomplete,Incomplete,Incomplete,Incomplete,Incomplete,Incomplete,Incomplete,2 blocks missing,Incomplete,Incomplete,Incomplete,Incomplete,Incomplete,Incomplete,Incomplete,Incomplete,Incomplete,Incomplete,Incomplete,Incomplete,Incomplete,Incomplete,Incomplete,Incomplete,Incomplete,Incomplete,Incomplete,Incomplete,Incomplete,Incomplete,Incomplete,2 blocks missing,Incomplete,Incomplete,Incomplete,Incomplete,Incomplete,Incomplete,Incomplete,Incomplete,Incomplete,Incomplete,Incomplete,Incomplete,Incomplete,Incomplete
"M00095 | C5 isoprenoid biosynthesis, mevalonate pathway",Incomplete,Incomplete,Incomplete,Incomplete,Incomplete,Incomplete,Incomplete,Incomplete,Incomplete,Incomplete,Incomplete,Incomplete,Incomplete,Incomplete,Incomplete,Incomplete,Incomplete,Incomplete,Incomplete,Incomplete,Incomplete,Incomplete,Incomplete,Incomplete,Incomplete,Incomplete,Incomplete,Incomplete,Incomplete,Incomplete,Incomplete,Incomplete,Incomplete,Incomplete,Incomplete,Incomplete,Incomplete,Incomplete,Incomplete,Incomplete,Incomplete,Incomplete,Incomplete,Incomplete,Incomplete,Incomplete,Incomplete
"M00096 | C5 isoprenoid biosynthesis, non-mevalonate pathway",Incomplete,Incomplete,2 blocks missing,Incomplete,Incomplete,Incomplete,Incomplete,2 blocks missing,2 blocks missing,Incomplete,Incomplete,1 block missing,1 block missing,Incomplete,1 block missing,Incomplete,Incomplete,1 block missing,Incomplete,Incomplete,Incomplete,Incomplete,Incomplete,Incomplete,1 block missing,Incomplete,Incomplete,Incomplete,Incomplete,Incomplete,Incomplete,Incomplete,Complete,2 blocks missing,Incomplete,Incomplete,Incomplete,Incomplete,1 block missing,2 blocks missing,2 blocks missing,2 blocks missing,Incomplete,1 block missing,Incomplete,Incomplete,Incomplete
"M00097 | beta-Carotene biosynthesis, GGAP => beta-carotene",Incomplete,Incomplete,Incomplete,Incomplete,Incomplete,Incomplete,Incomplete,Incomplete,Incomplete,Incomplete,Incomplete,Incomplete,Incomplete,Incomplete,Incomplete,Incomplete,Incomplete,Incomplete,Incomplete,Incomplete,Incomplete,Incomplete,Incomplete,Incomplete,Incomplete,Incomplete,Incomplete,Incomplete,Incomplete,Incomplete,Incomplete,Incomplete,1 block missing,Incomplete,Incomplete,Incomplete,Incomplete,Incomplete,Incomplete,Incomplete,Incomplete,Incomplete,Incomplete,Incomplete,Incomplete,Incomplete,Incomplete
M00098 | Acylglycerol degradation,2 blocks missing,2 blocks missing,2 blocks missing,2 blocks missing,2 blocks missing,2 blocks missing,2 blocks missing,2 blocks missing,2 blocks missing,2 blocks missing,2 blocks missing,2 blocks missing,2 blocks missing,1 block missing,2 blocks missing,2 blocks missing,2 blocks missing,1 block missing,2 blocks missing,2 blocks missing,2 blocks missing,2 blocks missing,2 blocks missing,2 blocks missing,2 blocks missing,2 blocks missing,2 blocks missing,2 blocks missing,2 blocks missing,2 blocks missing,2 blocks missing,2 blocks missing,1 block missing,2 blocks missing,2 blocks missing,2 blocks missing,2 blocks missing,2 blocks missing,2 blocks missing,2 blocks missing,2 blocks missing,2 blocks missing,2 blocks missing,2 blocks missing,2 blocks missing,2 blocks missing,2 blocks missing
M00099 | Sphingosine biosynthesis,Incomplete,Incomplete,Incomplete,Incomplete,Incomplete,Incomplete,Incomplete,Incomplete,Incomplete,Incomplete,Incomplete,Incomplete,Incomplete,Incomplete,Incomplete,Incomplete,Incomplete,Incomplete,Incomplete,Incomplete,Incomplete,Incomplete,Incomplete,Incomplete,Incomplete,Incomplete,Incomplete,Incomplete,Incomplete,Incomplete,Incomplete,Incomplete,Incomplete,Incomplete,Incomplete,Incomplete,Incomplete,Incomplete,Incomplete,Incomplete,Incomplete,Incomplete,Incomplete,Incomplete,Incomplete,Incomplete,Incomplete
M00100 | Sphingosine degradation,2 blocks missing,2 blocks missing,2 blocks missing,2 blocks missing,2 blocks missing,2 blocks missing,2 blocks missing,1 block missing,1 block missing,2 blocks missing,2 blocks missing,2 blocks missing,2 blocks missing,2 blocks missing,2 blocks missing,2 blocks missing,2 blocks missing,2 blocks missing,2 blocks missing,2 blocks missing,2 blocks missing,2 blocks missing,2 blocks missing,2 blocks missing,2 blocks missing,1 block missing,2 blocks missing,2 blocks missing,1 block missing,2 blocks missing,2 blocks missing,2 blocks missing,1 block missing,2 blocks missing,2 blocks missing,2 blocks missing,2 blocks missing,2 blocks missing,2 blocks missing,2 blocks missing,2 blocks missing,2 blocks missing,1 block missing,2 blocks missing,2 blocks missing,2 blocks missing,2 blocks missing
"M00101 | Cholesterol biosynthesis, squalene 2,3-epoxide => cholesterol",Incomplete,Incomplete,Incomplete,Incomplete,Incomplete,Incomplete,Incomplete,Incomplete,Incomplete,Incomplete,Incomplete,Incomplete,Incomplete,Incomplete,Incomplete,Incomplete,Incomplete,Incomplete,Incomplete,Incomplete,Incomplete,Incomplete,Incomplete,Incomplete,Incomplete,Incomplete,Incomplete,Incomplete,Incomplete,Incomplete,Incomplete,Incomplete,Incomplete,Incomplete,Incomplete,Incomplete,Incomplete,Incomplete,Incomplete,Incomplete,Incomplete,Incomplete,Incomplete,Incomplete,Incomplete,Incomplete,Incomplete
M00102 | Ergocalciferol biosynthesis,Incomplete,Incomplete,Incomplete,Incomplete,Incomplete,Incomplete,Incomplete,Incomplete,Incomplete,Incomplete,Incomplete,Incomplete,Incomplete,Incomplete,Incomplete,Incomplete,Incomplete,Incomplete,Incomplete,Incomplete,Incomplete,Incomplete,Incomplete,Incomplete,Incomplete,Incomplete,Incomplete,Incomplete,Incomplete,Incomplete,Incomplete,Incomplete,Incomplete,Incomplete,Incomplete,Incomplete,Incomplete,Incomplete,Incomplete,Incomplete,Incomplete,Incomplete,Incomplete,Incomplete,Incomplete,Incomplete,Incomplete
M00103 | Cholecalciferol biosynthesis,2 blocks missing,2 blocks missing,2 blocks missing,2 blocks missing,2 blocks missing,2 blocks missing,2 blocks missing,2 blocks missing,2 blocks missing,2 blocks missing,2 blocks missing,2 blocks missing,2 blocks missing,2 blocks missing,2 blocks missing,2 blocks missing,2 blocks missing,2 blocks missing,2 blocks missing,2 blocks missing,2 blocks missing,2 blocks missing,2 blocks missing,2 blocks missing,2 blocks missing,2 blocks missing,2 blocks missing,2 blocks missing,2 blocks missing,2 blocks missing,2 blocks missing,2 blocks missing,2 blocks missing,2 blocks missing,2 blocks missing,2 blocks missing,2 blocks missing,2 blocks missing,2 blocks missing,2 blocks missing,2 blocks missing,2 blocks missing,2 blocks missing,2 blocks missing,2 blocks missing,2 blocks missing,2 blocks missing
"M00104 | Bile acid biosynthesis, cholesterol => cholate/chenodeoxycholate",Incomplete,Incomplete,Incomplete,Incomplete,Incomplete,Incomplete,Incomplete,Incomplete,Incomplete,Incomplete,Incomplete,Incomplete,Incomplete,Incomplete,Incomplete,Incomplete,Incomplete,Incomplete,Incomplete,Incomplete,Incomplete,Incomplete,Incomplete,Incomplete,Incomplete,Incomplete,Incomplete,Incomplete,Incomplete,Incomplete,Incomplete,Incomplete,Incomplete,Incomplete,Incomplete,Incomplete,Incomplete,Incomplete,Incomplete,Incomplete,Incomplete,Incomplete,Incomplete,Incomplete,Incomplete,Incomplete,Incomplete
"M00106 | Conjugated bile acid biosynthesis, cholate => taurocholate/glycocholate",2 blocks missing,2 blocks missing,2 blocks missing,2 blocks missing,2 blocks missing,2 blocks missing,2 blocks missing,2 blocks missing,2 blocks missing,2 blocks missing,2 blocks missing,2 blocks missing,2 blocks missing,2 blocks missing,2 blocks missing,2 blocks missing,2 blocks missing,2 blocks missing,2 blocks missing,2 blocks missing,2 blocks missing,2 blocks missing,2 blocks missing,2 blocks missing,2 blocks missing,2 blocks missing,2 blocks missing,2 blocks missing,2 blocks missing,2 blocks missing,2 blocks missing,2 blocks missing,2 blocks missing,2 blocks missing,2 blocks missing,2 blocks missing,2 blocks missing,2 blocks missing,2 blocks missing,2 blocks missing,2 blocks missing,2 blocks missing,2 blocks missing,2 blocks missing,2 blocks missing,2 blocks missing,2 blocks missing
"M00107 | Steroid hormone biosynthesis, cholesterol => prognenolone => progesterone",2 blocks missing,2 blocks missing,2 blocks missing,2 blocks missing,2 blocks missing,2 blocks missing,2 blocks missing,2 blocks missing,2 blocks missing,2 blocks missing,2 blocks missing,2 blocks missing,2 blocks missing,2 blocks missing,2 blocks missing,2 blocks missing,2 blocks missing,2 blocks missing,2 blocks missing,2 blocks missing,2 blocks missing,2 blocks missing,2 blocks missing,2 blocks missing,2 blocks missing,2 blocks missing,2 blocks missing,2 blocks missing,2 blocks missing,2 blocks missing,2 blocks missing,2 blocks missing,2 blocks missing,2 blocks missing,2 blocks missing,2 blocks missing,2 blocks missing,2 blocks missing,2 blocks missing,2 blocks missing,2 blocks missing,2 blocks missing,2 blocks missing,2 blocks missing,2 blocks missing,2 blocks missing,2 blocks missing
"M00108 | C21-Steroid hormone biosynthesis, progesterone => corticosterone/aldosterone",Incomplete,Incomplete,Incomplete,Incomplete,Incomplete,Incomplete,Incomplete,Incomplete,Incomplete,Incomplete,Incomplete,Incomplete,Incomplete,Incomplete,Incomplete,Incomplete,Incomplete,Incomplete,Incomplete,Incomplete,Incomplete,Incomplete,Incomplete,Incomplete,Incomplete,Incomplete,Incomplete,Incomplete,Incomplete,Incomplete,Incomplete,Incomplete,Incomplete,Incomplete,Incomplete,Incomplete,Incomplete,Incomplete,Incomplete,Incomplete,Incomplete,Incomplete,Incomplete,Incomplete,Incomplete,Incomplete,Incomplete
"M00109 | C21-Steroid hormone biosynthesis, progesterone => cortisol/cortisone",Incomplete,Incomplete,Incomplete,Incomplete,Incomplete,Incomplete,Incomplete,Incomplete,Incomplete,Incomplete,Incomplete,Incomplete,Incomplete,Incomplete,Incomplete,Incomplete,Incomplete,Incomplete,Incomplete,Incomplete,Incomplete,Incomplete,Incomplete,Incomplete,Incomplete,Incomplete,Incomplete,Incomplete,Incomplete,Incomplete,Incomplete,Incomplete,Incomplete,Incomplete,Incomplete,Incomplete,Incomplete,Incomplete,Incomplete,Incomplete,Incomplete,Incomplete,Incomplete,Incomplete,Incomplete,Incomplete,Incomplete
"M00110 | C19/C18-Steroid hormone biosynthesis, pregnenolone => androstenedione => estrone",Incomplete,Incomplete,Incomplete,Incomplete,Incomplete,Incomplete,Incomplete,Incomplete,Incomplete,Incomplete,Incomplete,Incomplete,Incomplete,Incomplete,Incomplete,Incomplete,Incomplete,Incomplete,Incomplete,Incomplete,Incomplete,Incomplete,Incomplete,Incomplete,Incomplete,Incomplete,Incomplete,Incomplete,Incomplete,Incomplete,Incomplete,Incomplete,Incomplete,Incomplete,Incomplete,Incomplete,Incomplete,Incomplete,Incomplete,Incomplete,Incomplete,Incomplete,Incomplete,Incomplete,Incomplete,Incomplete,Incomplete
M00112 | Tocopherol/tocotorienol biosynthesis,Incomplete,Incomplete,Incomplete,Incomplete,Incomplete,Incomplete,Incomplete,Incomplete,Incomplete,Incomplete,Incomplete,Incomplete,Incomplete,Incomplete,Incomplete,Incomplete,Incomplete,Incomplete,Incomplete,Incomplete,Incomplete,Incomplete,Incomplete,Incomplete,Incomplete,Incomplete,Incomplete,Incomplete,Incomplete,Incomplete,Incomplete,Incomplete,1 block missing,Incomplete,Incomplete,Incomplete,Incomplete,Incomplete,Incomplete,Incomplete,Incomplete,Incomplete,Incomplete,Incomplete,Incomplete,Incomplete,Incomplete
M00113 | Jasmonic acid biosynthesis,Incomplete,Incomplete,Incomplete,Incomplete,Incomplete,Incomplete,Incomplete,Incomplete,Incomplete,Incomplete,Incomplete,Incomplete,Incomplete,Incomplete,Incomplete,Incomplete,Incomplete,Incomplete,Incomplete,Incomplete,Incomplete,Incomplete,Incomplete,Incomplete,Incomplete,Incomplete,Incomplete,Incomplete,Incomplete,Incomplete,Incomplete,Incomplete,Incomplete,Incomplete,Incomplete,Incomplete,Incomplete,Incomplete,Incomplete,Incomplete,Incomplete,Incomplete,Incomplete,Incomplete,Incomplete,Incomplete,Incomplete
"M00114 | Ascorbate biosynthesis, plants, glucose-6P => ascorbate",Incomplete,Incomplete,Incomplete,Incomplete,Incomplete,Incomplete,Incomplete,Incomplete,Incomplete,Incomplete,Incomplete,Incomplete,Incomplete,Incomplete,Incomplete,Incomplete,Incomplete,Incomplete,Incomplete,Incomplete,Incomplete,Incomplete,Incomplete,Incomplete,Incomplete,Incomplete,Incomplete,Incomplete,Incomplete,Incomplete,Incomplete,Incomplete,Incomplete,Incomplete,Incomplete,Incomplete,Incomplete,Incomplete,Incomplete,Incomplete,Incomplete,Incomplete,Incomplete,Incomplete,Incomplete,Incomplete,Incomplete
"M00115 | NAD biosynthesis, aspartate => NAD",Incomplete,Incomplete,Complete,2 blocks missing,Incomplete,2 blocks missing,2 blocks missing,Incomplete,1 block missing,2 blocks missing,2 blocks missing,Complete,Complete,Incomplete,2 blocks missing,Incomplete,Incomplete,Complete,Incomplete,2 blocks missing,2 blocks missing,Incomplete,Incomplete,Incomplete,Incomplete,2 blocks missing,Incomplete,1 block missing,Complete,Incomplete,Incomplete,1 block missing,Complete,1 block missing,Incomplete,Incomplete,Incomplete,2 blocks missing,Incomplete,1 block missing,Incomplete,1 block missing,Incomplete,2 blocks missing,Incomplete,Incomplete,Incomplete
"M00116 | Menaquinone biosynthesis, chorismate => menaquinol",Incomplete,Incomplete,Incomplete,Incomplete,Incomplete,Incomplete,Incomplete,2 blocks missing,Incomplete,Incomplete,Incomplete,Incomplete,Incomplete,Incomplete,Incomplete,Incomplete,Incomplete,Incomplete,Incomplete,Incomplete,Incomplete,Incomplete,Incomplete,Incomplete,Incomplete,Incomplete,Incomplete,Incomplete,Incomplete,Incomplete,Incomplete,Incomplete,1 block missing,Incomplete,Incomplete,Incomplete,Incomplete,Incomplete,Incomplete,Incomplete,Incomplete,Incomplete,Incomplete,Incomplete,Incomplete,Incomplete,Incomplete
"M00117 | Ubiquinone biosynthesis, prokaryotes, chorismate => ubiquinone",Incomplete,Incomplete,Incomplete,Incomplete,Incomplete,Incomplete,Incomplete,Incomplete,Incomplete,Incomplete,Incomplete,Incomplete,Incomplete,Incomplete,Incomplete,Incomplete,Incomplete,Incomplete,Incomplete,Incomplete,Incomplete,Incomplete,Incomplete,Incomplete,Incomplete,Incomplete,Incomplete,Incomplete,Incomplete,Incomplete,Incomplete,Incomplete,Incomplete,Incomplete,Incomplete,Incomplete,Incomplete,Incomplete,Incomplete,Incomplete,Incomplete,Incomplete,Incomplete,Incomplete,Incomplete,Incomplete,Incomplete
"M00118 | Glutathione biosynthesis, glutamate => glutathione",2 blocks missing,2 blocks missing,2 blocks missing,2 blocks missing,2 blocks missing,2 blocks missing,2 blocks missing,1 block missing,1 block missing,2 blocks missing,2 blocks missing,2 blocks missing,2 blocks missing,2 blocks missing,2 blocks missing,2 blocks missing,2 blocks missing,2 blocks missing,2 blocks missing,2 blocks missing,2 blocks missing,2 blocks missing,2 blocks missing,2 blocks missing,Complete,1 block missing,2 blocks missing,2 blocks missing,2 blocks missing,2 blocks missing,2 blocks missing,2 blocks missing,1 block missing,2 blocks missing,2 blocks missing,2 blocks missing,2 blocks missing,1 block missing,2 blocks missing,2 blocks missing,2 blocks missing,2 blocks missing,2 blocks missing,2 blocks missing,2 blocks missing,2 blocks missing,2 blocks missing
"M00119 | Pantothenate biosynthesis, valine/L-aspartate => pantothenate",Incomplete,Incomplete,Incomplete,Incomplete,Incomplete,1 block missing,Incomplete,2 blocks missing,2 blocks missing,Incomplete,Incomplete,Complete,Complete,Incomplete,1 block missing,Incomplete,Incomplete,1 block missing,Incomplete,Incomplete,Incomplete,Incomplete,Incomplete,Incomplete,2 blocks missing,2 blocks missing,Incomplete,2 blocks missing,1 block missing,Incomplete,Incomplete,Incomplete,1 block missing,2 blocks missing,Incomplete,Incomplete,Incomplete,Incomplete,2 blocks missing,2 blocks missing,2 blocks missing,2 blocks missing,Incomplete,1 block missing,Incomplete,Incomplete,Incomplete
"M00120 | Coenzyme A biosynthesis, pantothenate => CoA",2 blocks missing,Incomplete,1 block missing,1 block missing,Incomplete,2 blocks missing,Incomplete,Complete,1 block missing,2 blocks missing,Incomplete,Complete,Complete,Incomplete,Incomplete,Incomplete,2 blocks missing,Complete,Incomplete,Incomplete,Incomplete,Incomplete,Incomplete,2 blocks missing,1 block missing,1 block missing,Incomplete,1 block missing,Complete,Incomplete,Incomplete,Incomplete,1 block missing,Complete,Incomplete,Incomplete,Incomplete,2 blocks missing,Complete,Incomplete,1 block missing,1 block missing,2 blocks missing,Complete,Incomplete,Incomplete,Incomplete
"M00121 | Heme biosynthesis, plants and bacteria, glutamate => heme",Incomplete,Incomplete,Incomplete,Incomplete,Incomplete,Incomplete,Incomplete,2 blocks missing,1 block missing,Incomplete,Incomplete,Incomplete,2 blocks missing,Incomplete,Incomplete,Incomplete,Incomplete,Incomplete,Incomplete,Incomplete,Incomplete,Incomplete,Incomplete,Incomplete,1 block missing,Incomplete,Incomplete,Incomplete,Incomplete,Incomplete,Incomplete,2 blocks missing,1 block missing,2 blocks missing,Incomplete,2 blocks missing,Incomplete,Incomplete,Incomplete,Incomplete,Incomplete,2 blocks missing,Incomplete,Incomplete,Incomplete,Incomplete,Incomplete
"M00122 | Cobalamin biosynthesis, cobinamide => cobalamin",Incomplete,Incomplete,Incomplete,Incomplete,Incomplete,Incomplete,Incomplete,Incomplete,Incomplete,Incomplete,Incomplete,Incomplete,Incomplete,Incomplete,Incomplete,Incomplete,Incomplete,Incomplete,Incomplete,Incomplete,Incomplete,Incomplete,Incomplete,Incomplete,Incomplete,Incomplete,Incomplete,Incomplete,Incomplete,Incomplete,Incomplete,Incomplete,2 blocks missing,Incomplete,Incomplete,Incomplete,Incomplete,Incomplete,1 block missing,Incomplete,Incomplete,Incomplete,Incomplete,Incomplete,Incomplete,Incomplete,Incomplete
"M00123 | Biotin biosynthesis, pimeloyl-ACP/CoA => biotin",Incomplete,Incomplete,Incomplete,Complete,Incomplete,Incomplete,Incomplete,Incomplete,2 blocks missing,Incomplete,Incomplete,Incomplete,Complete,Incomplete,Incomplete,Incomplete,Incomplete,Incomplete,Incomplete,Incomplete,Incomplete,Incomplete,Incomplete,Complete,Complete,Incomplete,Incomplete,Incomplete,Incomplete,Incomplete,Incomplete,Incomplete,1 block missing,1 block missing,Incomplete,Incomplete,Incomplete,Incomplete,2 blocks missing,Incomplete,Incomplete,Incomplete,Incomplete,Incomplete,Incomplete,Incomplete,Incomplete
"M00124 | Pyridoxal biosynthesis, erythrose-4P => pyridoxal-5P",Incomplete,Incomplete,Incomplete,Incomplete,Incomplete,Incomplete,Incomplete,Incomplete,Incomplete,Incomplete,Incomplete,Incomplete,Incomplete,Incomplete,Incomplete,Incomplete,Incomplete,Incomplete,Incomplete,Incomplete,Incomplete,Incomplete,Incomplete,Incomplete,2 blocks missing,Incomplete,Incomplete,Incomplete,Incomplete,Incomplete,Incomplete,Incomplete,Incomplete,Incomplete,Incomplete,Incomplete,Incomplete,Incomplete,Incomplete,Incomplete,Incomplete,Incomplete,Incomplete,Incomplete,Incomplete,Incomplete,Incomplete
"M00125 | Riboflavin biosynthesis, GTP => riboflavin/FMN/FAD",Incomplete,Incomplete,Incomplete,Incomplete,Incomplete,Incomplete,Incomplete,2 blocks missing,1 block missing,Incomplete,Incomplete,1 block missing,1 block missing,Incomplete,Incomplete,Incomplete,Incomplete,1 block missing,Incomplete,Incomplete,Incomplete,Incomplete,Incomplete,Incomplete,1 block missing,2 blocks missing,Incomplete,Incomplete,Incomplete,Incomplete,Incomplete,Incomplete,1 block missing,Incomplete,Incomplete,Incomplete,Incomplete,Incomplete,Incomplete,1 block missing,1 block missing,Incomplete,Incomplete,1 block missing,Incomplete,Incomplete,Incomplete
"M00126 | Tetrahydrofolate biosynthesis, GTP => THF",Incomplete,Incomplete,Incomplete,Incomplete,Incomplete,Incomplete,Incomplete,Incomplete,Incomplete,Incomplete,Incomplete,Incomplete,Incomplete,Incomplete,Incomplete,Incomplete,Incomplete,Incomplete,Incomplete,Incomplete,Incomplete,Incomplete,Incomplete,Incomplete,2 blocks missing,Incomplete,Incomplete,Incomplete,Incomplete,Incomplete,Incomplete,Incomplete,Incomplete,Incomplete,Incomplete,Incomplete,Incomplete,Incomplete,Incomplete,Incomplete,Incomplete,Incomplete,Incomplete,Incomplete,Incomplete,Incomplete,Incomplete
"M00127 | Thiamine biosynthesis, AIR => thiamine-P/thiamine-2P",Incomplete,Incomplete,Incomplete,Incomplete,Incomplete,Incomplete,Incomplete,Incomplete,Incomplete,Incomplete,Incomplete,Incomplete,Incomplete,Incomplete,Incomplete,Incomplete,Incomplete,Incomplete,Incomplete,Incomplete,Incomplete,Incomplete,Incomplete,Incomplete,Incomplete,Incomplete,Incomplete,Incomplete,Incomplete,Incomplete,Incomplete,Incomplete,Incomplete,Incomplete,Incomplete,Incomplete,Incomplete,Incomplete,Incomplete,Incomplete,Incomplete,2 blocks missing,Incomplete,Incomplete,Incomplete,Incomplete,Incomplete
"M00128 | Ubiquinone biosynthesis, eukaryotes, 4-hydroxybenzoate => ubiquinone",Incomplete,Incomplete,Incomplete,Incomplete,Incomplete,Incomplete,Incomplete,Incomplete,Incomplete,Incomplete,Incomplete,Incomplete,Incomplete,Incomplete,Incomplete,Incomplete,Incomplete,Incomplete,Incomplete,Incomplete,Incomplete,Incomplete,Incomplete,Incomplete,Incomplete,Incomplete,Incomplete,Incomplete,Incomplete,Incomplete,Incomplete,Incomplete,Incomplete,Incomplete,Incomplete,Incomplete,Incomplete,Incomplete,Incomplete,Incomplete,Incomplete,Incomplete,Incomplete,Incomplete,Incomplete,Incomplete,Incomplete
"M00129 | Ascorbate biosynthesis, animals, glucose-1P => ascorbate",Incomplete,Incomplete,Incomplete,Incomplete,Incomplete,Incomplete,Incomplete,Incomplete,Incomplete,Incomplete,Incomplete,Incomplete,Incomplete,Incomplete,Incomplete,Incomplete,Incomplete,Incomplete,Incomplete,Incomplete,Incomplete,Incomplete,Incomplete,Incomplete,Incomplete,Incomplete,Incomplete,Incomplete,Incomplete,Incomplete,Incomplete,Incomplete,Incomplete,Incomplete,Incomplete,Incomplete,Incomplete,Incomplete,Incomplete,Incomplete,Incomplete,Incomplete,Incomplete,Incomplete,Incomplete,Incomplete,Incomplete
"M00130 | Inositol phosphate metabolism, PI=> PIP2 => Ins(1,4,5)P3 => Ins(1,3,4,5)P4",Incomplete,Incomplete,Incomplete,Incomplete,Incomplete,Incomplete,Incomplete,Incomplete,Incomplete,Incomplete,Incomplete,Incomplete,Incomplete,Incomplete,Incomplete,Incomplete,Incomplete,Incomplete,Incomplete,Incomplete,Incomplete,Incomplete,Incomplete,Incomplete,Incomplete,Incomplete,Incomplete,Incomplete,Incomplete,Incomplete,Incomplete,Incomplete,Incomplete,Incomplete,Incomplete,Incomplete,Incomplete,Incomplete,Incomplete,Incomplete,Incomplete,Incomplete,Incomplete,Incomplete,Incomplete,Incomplete,Incomplete
"M00131 | Inositol phosphate metabolism, Ins(1,3,4,5)P4 => Ins(1,3,4)P3 => myo-inositol",Incomplete,Incomplete,Incomplete,Incomplete,Incomplete,Incomplete,Incomplete,Incomplete,Incomplete,Incomplete,Incomplete,Incomplete,Incomplete,Incomplete,Incomplete,Incomplete,Incomplete,Incomplete,Incomplete,Incomplete,Incomplete,Incomplete,Incomplete,Incomplete,Incomplete,Incomplete,Incomplete,Incomplete,Incomplete,Incomplete,Incomplete,Incomplete,Incomplete,Incomplete,Incomplete,Incomplete,Incomplete,Incomplete,2 blocks missing,Incomplete,Incomplete,Incomplete,Incomplete,Incomplete,Incomplete,Incomplete,Incomplete
"M00132 | Inositol phosphate metabolism, Ins(1,3,4)P3 => phytate",Incomplete,Incomplete,Incomplete,Incomplete,Incomplete,Incomplete,Incomplete,Incomplete,Incomplete,Incomplete,Incomplete,Incomplete,Incomplete,Incomplete,Incomplete,Incomplete,Incomplete,Incomplete,Incomplete,Incomplete,Incomplete,Incomplete,Incomplete,Incomplete,Incomplete,Incomplete,Incomplete,Incomplete,Incomplete,Incomplete,Incomplete,Incomplete,Incomplete,Incomplete,Incomplete,Incomplete,Incomplete,Incomplete,Incomplete,Incomplete,Incomplete,Incomplete,Incomplete,Incomplete,Incomplete,Incomplete,Incomplete
"M00133 | Polyamine biosynthesis, arginine => agmatine => putrescine => spermidine",Incomplete,Incomplete,Incomplete,2 blocks missing,Incomplete,Incomplete,Incomplete,Incomplete,Incomplete,Incomplete,Incomplete,2 blocks missing,2 blocks missing,Incomplete,Incomplete,Incomplete,Incomplete,1 block missing,Incomplete,Incomplete,Incomplete,Incomplete,Incomplete,Incomplete,1 block missing,2 blocks missing,Incomplete,Incomplete,Incomplete,Incomplete,Incomplete,Incomplete,2 blocks missing,Incomplete,Incomplete,Incomplete,Incomplete,Incomplete,2 blocks missing,1 block missing,Incomplete,Incomplete,Incomplete,2 blocks missing,Incomplete,Incomplete,Incomplete
"M00134 | Polyamine biosynthesis, arginine => ornithine => putrescine",2 blocks missing,1 block missing,1 block missing,2 blocks missing,2 blocks missing,2 blocks missing,2 blocks missing,2 blocks missing,2 blocks missing,2 blocks missing,2 blocks missing,1 block missing,2 blocks missing,2 blocks missing,Complete,2 blocks missing,2 blocks missing,2 blocks missing,2 blocks missing,2 blocks missing,2 blocks missing,1 block missing,2 blocks missing,2 blocks missing,2 blocks missing,2 blocks missing,2 blocks missing,1 block missing,2 blocks missing,2 blocks missing,2 blocks missing,2 blocks missing,2 blocks missing,1 block missing,2 blocks missing,2 blocks missing,1 block missing,2 blocks missing,2 blocks missing,2 blocks missing,1 block missing,1 block missing,2 blocks missing,2 blocks missing,2 blocks missing,2 blocks missing,2 blocks missing
"M00135 | GABA biosynthesis, eukaryotes, putrescine => GABA",2 blocks missing,2 blocks missing,2 blocks missing,Incomplete,Incomplete,2 blocks missing,Incomplete,Complete,2 blocks missing,2 blocks missing,Incomplete,2 blocks missing,Incomplete,Incomplete,1 block missing,Incomplete,2 blocks missing,Incomplete,2 blocks missing,2 blocks missing,Incomplete,Incomplete,Incomplete,Incomplete,2 blocks missing,2 blocks missing,Incomplete,Incomplete,2 blocks missing,2 blocks missing,Incomplete,2 blocks missing,2 blocks missing,2 blocks missing,2 blocks missing,2 blocks missing,Incomplete,Incomplete,2 blocks missing,Incomplete,Incomplete,2 blocks missing,Incomplete,Incomplete,Incomplete,Incomplete,Incomplete
"M00136 | GABA biosynthesis, prokaryotes, putrescine => GABA",Incomplete,Incomplete,Incomplete,Incomplete,Incomplete,Incomplete,Incomplete,Incomplete,Incomplete,Incomplete,Incomplete,Incomplete,Incomplete,Incomplete,Incomplete,Incomplete,Incomplete,Incomplete,Incomplete,Incomplete,Incomplete,Incomplete,Incomplete,Incomplete,Complete,Incomplete,Incomplete,Incomplete,Incomplete,Incomplete,Incomplete,Incomplete,Incomplete,Incomplete,Incomplete,Incomplete,Incomplete,Incomplete,Incomplete,Incomplete,Incomplete,Incomplete,Incomplete,Incomplete,Incomplete,Incomplete,Incomplete
"M00137 | Flavanone biosynthesis, phenylalanine => naringenin",Incomplete,Incomplete,Incomplete,Incomplete,Incomplete,Incomplete,Incomplete,Incomplete,Incomplete,Incomplete,Incomplete,Incomplete,Incomplete,Incomplete,Incomplete,Incomplete,Incomplete,Incomplete,Incomplete,Incomplete,Incomplete,Incomplete,Incomplete,Incomplete,Incomplete,Incomplete,Incomplete,Incomplete,Incomplete,Incomplete,Incomplete,Incomplete,Incomplete,Incomplete,Incomplete,Incomplete,Incomplete,Incomplete,Incomplete,Incomplete,Incomplete,Incomplete,Incomplete,Incomplete,Incomplete,Incomplete,Incomplete
"M00138 | Flavonoid biosynthesis, naringenin => pelargonidin",Incomplete,Incomplete,Incomplete,Incomplete,Incomplete,Incomplete,Incomplete,Incomplete,Incomplete,Incomplete,Incomplete,Incomplete,Incomplete,Incomplete,Incomplete,Incomplete,Incomplete,Incomplete,Incomplete,Incomplete,Incomplete,Incomplete,Incomplete,Incomplete,Incomplete,Incomplete,Incomplete,Incomplete,Incomplete,Incomplete,Incomplete,Incomplete,Incomplete,Incomplete,Incomplete,Incomplete,Incomplete,Incomplete,Incomplete,Incomplete,Incomplete,Incomplete,Incomplete,Incomplete,Incomplete,Incomplete,Incomplete
"M00140 | C1-unit interconversion, prokaryotes",1 block missing,2 blocks missing,Complete,1 block missing,Incomplete,Complete,Incomplete,Complete,Complete,Incomplete,1 block missing,Incomplete,1 block missing,1 block missing,1 block missing,Incomplete,Complete,1 block missing,Complete,Incomplete,Incomplete,Incomplete,Incomplete,2 blocks missing,2 blocks missing,1 block missing,Incomplete,Complete,1 block missing,Complete,Incomplete,Incomplete,1 block missing,Complete,Incomplete,Complete,1 block missing,Incomplete,2 blocks missing,Complete,2 blocks missing,Complete,2 blocks missing,1 block missing,Incomplete,Incomplete,Incomplete
"M00141 | C1-unit interconversion, eukaryotes",2 blocks missing,Incomplete,2 blocks missing,2 blocks missing,2 blocks missing,2 blocks missing,2 blocks missing,Complete,2 blocks missing,2 blocks missing,2 blocks missing,Complete,Complete,Complete,2 blocks missing,2 blocks missing,2 blocks missing,Complete,2 blocks missing,2 blocks missing,2 blocks missing,2 blocks missing,2 blocks missing,Incomplete,2 blocks missing,2 blocks missing,2 blocks missing,2 blocks missing,Complete,2 blocks missing,2 blocks missing,Complete,2 blocks missing,2 blocks missing,2 blocks missing,2 blocks missing,2 blocks missing,2 blocks missing,Incomplete,2 blocks missing,2 blocks missing,2 blocks missing,2 blocks missing,Incomplete,2 blocks missing,2 blocks missing,2 blocks missing
"M00142 | NADH:ubiquinone oxidoreductase, mitochondria",1 block missing,1 block missing,1 block missing,1 block missing,1 block missing,1 block missing,1 block missing,1 block missing,1 block missing,1 block missing,1 block missing,1 block missing,1 block missing,1 block missing,1 block missing,1 block missing,1 block missing,1 block missing,1 block missing,1 block missing,1 block missing,1 block missing,1 block missing,1 block missing,1 block missing,1 block missing,1 block missing,1 block missing,1 block missing,1 block missing,1 block missing,1 block missing,1 block missing,1 block missing,1 block missing,1 block missing,1 block missing,1 block missing,1 block missing,1 block missing,1 block missing,1 block missing,1 block missing,1 block missing,1 block missing,1 block missing,1 block missing
"M00143 | NADH dehydrogenase (ubiquinone) Fe-S protein/flavoprotein complex, mitochondria",1 block missing,1 block missing,1 block missing,1 block missing,1 block missing,1 block missing,1 block missing,1 block missing,1 block missing,1 block missing,1 block missing,1 block missing,1 block missing,1 block missing,1 block missing,1 block missing,1 block missing,1 block missing,1 block missing,1 block missing,1 block missing,1 block missing,1 block missing,1 block missing,1 block missing,1 block missing,1 block missing,1 block missing,1 block missing,1 block missing,1 block missing,1 block missing,1 block missing,1 block missing,1 block missing,1 block missing,1 block missing,1 block missing,1 block missing,1 block missing,1 block missing,1 block missing,1 block missing,1 block missing,1 block missing,1 block missing,1 block missing
"M00144 | NADH:quinone oxidoreductase, prokaryotes",1 block missing,1 block missing,1 block missing,1 block missing,1 block missing,1 block missing,1 block missing,Complete,1 block missing,1 block missing,1 block missing,1 block missing,Complete,1 block missing,1 block missing,1 block missing,1 block missing,1 block missing,1 block missing,1 block missing,1 block missing,1 block missing,1 block missing,1 block missing,Complete,1 block missing,1 block missing,1 block missing,1 block missing,1 block missing,1 block missing,1 block missing,1 block missing,1 block missing,1 block missing,1 block missing,1 block missing,1 block missing,1 block missing,1 block missing,1 block missing,1 block missing,1 block missing,1 block missing,1 block missing,1 block missing,1 block missing
"M00145 | NAD(P)H:quinone oxidoreductase, chloroplasts and cyanobacteria",1 block missing,1 block missing,1 block missing,1 block missing,1 block missing,1 block missing,1 block missing,1 block missing,1 block missing,1 block missing,1 block missing,1 block missing,1 block missing,1 block missing,1 block missing,1 block missing,1 block missing,1 block missing,1 block missing,1 block missing,1 block missing,1 block missing,1 block missing,1 block missing,1 block missing,1 block missing,1 block missing,1 block missing,1 block missing,1 block missing,1 block missing,1 block missing,Complete,1 block missing,1 block missing,1 block missing,1 block missing,1 block missing,1 block missing,1 block missing,1 block missing,1 block missing,1 block missing,1 block missing,1 block missing,1 block missing,1 block missing
M00146 | NADH dehydrogenase (ubiquinone) 1 alpha subcomplex,1 block missing,1 block missing,1 block missing,1 block missing,1 block missing,1 block missing,1 block missing,1 block missing,1 block missing,1 block missing,1 block missing,1 block missing,1 block missing,1 block missing,1 block missing,1 block missing,1 block missing,1 block missing,1 block missing,1 block missing,1 block missing,1 block missing,1 block missing,1 block missing,1 block missing,1 block missing,1 block missing,1 block missing,1 block missing,1 block missing,1 block missing,1 block missing,1 block missing,1 block missing,1 block missing,1 block missing,1 block missing,1 block missing,1 block missing,1 block missing,1 block missing,1 block missing,1 block missing,1 block missing,1 block missing,1 block missing,1 block missing
M00147 | NADH dehydrogenase (ubiquinone) 1 beta subcomplex,1 block missing,1 block missing,1 block missing,1 block missing,1 block missing,1 block missing,1 block missing,1 block missing,1 block missing,1 block missing,1 block missing,1 block missing,1 block missing,1 block missing,1 block missing,1 block missing,1 block missing,1 block missing,1 block missing,1 block missing,1 block missing,1 block missing,1 block missing,1 block missing,1 block missing,1 block missing,1 block missing,1 block missing,1 block missing,1 block missing,1 block missing,1 block missing,1 block missing,1 block missing,1 block missing,1 block missing,1 block missing,1 block missing,1 block missing,1 block missing,1 block missing,1 block missing,1 block missing,1 block missing,1 block missing,1 block missing,1 block missing
M00148 | Succinate dehydrogenase (ubiquinone),1 block missing,1 block missing,1 block missing,1 block missing,1 block missing,1 block missing,1 block missing,1 block missing,1 block missing,1 block missing,1 block missing,1 block missing,1 block missing,1 block missing,1 block missing,1 block missing,1 block missing,1 block missing,1 block missing,1 block missing,1 block missing,1 block missing,1 block missing,1 block missing,1 block missing,1 block missing,1 block missing,1 block missing,1 block missing,1 block missing,1 block missing,1 block missing,1 block missing,1 block missing,1 block missing,1 block missing,1 block missing,1 block missing,1 block missing,1 block missing,1 block missing,1 block missing,1 block missing,1 block missing,1 block missing,1 block missing,1 block missing
"M00149 | Succinate dehydrogenase, prokaryotes",1 block missing,1 block missing,1 block missing,1 block missing,1 block missing,1 block missing,1 block missing,1 block missing,1 block missing,1 block missing,1 block missing,1 block missing,1 block missing,1 block missing,1 block missing,1 block missing,1 block missing,1 block missing,1 block missing,1 block missing,1 block missing,1 block missing,1 block missing,1 block missing,1 block missing,1 block missing,1 block missing,1 block missing,1 block missing,1 block missing,1 block missing,1 block missing,1 block missing,1 block missing,1 block missing,1 block missing,1 block missing,1 block missing,1 block missing,1 block missing,1 block missing,1 block missing,1 block missing,1 block missing,1 block missing,1 block missing,1 block missing
"M00150 | Fumarate reductase, prokaryotes",1 block missing,1 block missing,1 block missing,1 block missing,1 block missing,1 block missing,1 block missing,1 block missing,1 block missing,1 block missing,1 block missing,1 block missing,1 block missing,1 block missing,1 block missing,1 block missing,1 block missing,1 block missing,1 block missing,1 block missing,1 block missing,1 block missing,1 block missing,1 block missing,1 block missing,1 block missing,1 block missing,1 block missing,1 block missing,1 block missing,1 block missing,1 block missing,1 block missing,1 block missing,1 block missing,1 block missing,1 block missing,1 block missing,1 block missing,1 block missing,1 block missing,1 block missing,1 block missing,1 block missing,1 block missing,1 block missing,1 block missing
M00151 | Cytochrome bc1 complex respiratory unit,1 block missing,1 block missing,1 block missing,1 block missing,1 block missing,1 block missing,1 block missing,1 block missing,1 block missing,1 block missing,1 block missing,1 block missing,1 block missing,1 block missing,1 block missing,1 block missing,1 block missing,1 block missing,1 block missing,1 block missing,1 block missing,1 block missing,1 block missing,1 block missing,Complete,1 block missing,1 block missing,1 block missing,1 block missing,1 block missing,1 block missing,1 block missing,1 block missing,1 block missing,1 block missing,1 block missing,1 block missing,1 block missing,1 block missing,1 block missing,1 block missing,1 block missing,1 block missing,1 block missing,1 block missing,1 block missing,1 block missing
M00152 | Cytochrome bc1 complex,1 block missing,1 block missing,1 block missing,1 block missing,1 block missing,1 block missing,1 block missing,1 block missing,1 block missing,1 block missing,1 block missing,1 block missing,1 block missing,1 block missing,1 block missing,1 block missing,1 block missing,1 block missing,1 block missing,1 block missing,1 block missing,1 block missing,1 block missing,1 block missing,1 block missing,1 block missing,1 block missing,1 block missing,1 block missing,1 block missing,1 block missing,1 block missing,1 block missing,1 block missing,1 block missing,1 block missing,1 block missing,1 block missing,1 block missing,1 block missing,1 block missing,1 block missing,1 block missing,1 block missing,1 block missing,1 block missing,1 block missing
M00153 | Cytochrome bd ubiquinol oxidase,1 block missing,1 block missing,1 block missing,1 block missing,1 block missing,1 block missing,1 block missing,1 block missing,1 block missing,1 block missing,1 block missing,1 block missing,1 block missing,1 block missing,1 block missing,1 block missing,1 block missing,1 block missing,1 block missing,1 block missing,1 block missing,1 block missing,1 block missing,1 block missing,1 block missing,1 block missing,1 block missing,1 block missing,1 block missing,1 block missing,1 block missing,1 block missing,1 block missing,1 block missing,1 block missing,1 block missing,1 block missing,1 block missing,1 block missing,1 block missing,1 block missing,1 block missing,1 block missing,1 block missing,1 block missing,1 block missing,1 block missing
M00154 | Cytochrome c oxidase,1 block missing,1 block missing,1 block missing,1 block missing,1 block missing,1 block missing,1 block missing,1 block missing,1 block missing,1 block missing,1 block missing,1 block missing,1 block missing,1 block missing,1 block missing,1 block missing,1 block missing,1 block missing,1 block missing,1 block missing,1 block missing,1 block missing,1 block missing,1 block missing,1 block missing,1 block missing,1 block missing,1 block missing,1 block missing,1 block missing,1 block missing,1 block missing,1 block missing,1 block missing,1 block missing,1 block missing,1 block missing,1 block missing,1 block missing,1 block missing,1 block missing,1 block missing,1 block missing,1 block missing,1 block missing,1 block missing,1 block missing
"M00155 | Cytochrome c oxidase, prokaryotes",1 block missing,1 block missing,1 block missing,1 block missing,1 block missing,1 block missing,1 block missing,1 block missing,1 block missing,1 block missing,1 block missing,1 block missing,1 block missing,1 block missing,1 block missing,1 block missing,1 block missing,1 block missing,1 block missing,1 block missing,1 block missing,1 block missing,1 block missing,1 block missing,Complete,1 block missing,1 block missing,1 block missing,1 block missing,1 block missing,1 block missing,1 block missing,Complete,1 block missing,1 block missing,Complete,1 block missing,1 block missing,1 block missing,1 block missing,1 block missing,1 block missing,1 block missing,1 block missing,1 block missing,1 block missing,1 block missing
"M00156 | Cytochrome c oxidase, cbb3-type",1 block missing,1 block missing,1 block missing,1 block missing,1 block missing,1 block missing,1 block missing,1 block missing,1 block missing,1 block missing,1 block missing,1 block missing,1 block missing,1 block missing,1 block missing,1 block missing,1 block missing,1 block missing,1 block missing,1 block missing,1 block missing,1 block missing,1 block missing,1 block missing,1 block missing,1 block missing,1 block missing,1 block missing,1 block missing,1 block missing,1 block missing,1 block missing,1 block missing,1 block missing,1 block missing,1 block missing,1 block missing,1 block missing,1 block missing,1 block missing,1 block missing,1 block missing,1 block missing,1 block missing,1 block missing,1 block missing,1 block missing
"M00157 | F-type ATPase, prokaryotes and chloroplasts",1 block missing,1 block missing,1 block missing,1 block missing,1 block missing,1 block missing,1 block missing,1 block missing,1 block missing,1 block missing,1 block missing,1 block missing,1 block missing,1 block missing,1 block missing,1 block missing,1 block missing,1 block missing,1 block missing,1 block missing,1 block missing,1 block missing,1 block missing,1 block missing,1 block missing,1 block missing,1 block missing,1 block missing,1 block missing,1 block missing,1 block missing,1 block missing,Complete,1 block missing,1 block missing,1 block missing,1 block missing,1 block missing,1 block missing,1 block missing,1 block missing,1 block missing,1 block missing,1 block missing,1 block missing,1 block missing,1 block missing
"M00158 | F-type ATPase, eukaryotes",1 block missing,1 block missing,1 block missing,1 block missing,1 block missing,1 block missing,1 block missing,1 block missing,1 block missing,1 block missing,1 block missing,1 block missing,1 block missing,1 block missing,1 block missing,1 block missing,1 block missing,1 block missing,1 block missing,1 block missing,1 block missing,1 block missing,1 block missing,1 block missing,1 block missing,1 block missing,1 block missing,1 block missing,1 block missing,1 block missing,1 block missing,1 block missing,1 block missing,1 block missing,1 block missing,1 block missing,1 block missing,1 block missing,1 block missing,1 block missing,1 block missing,1 block missing,1 block missing,1 block missing,1 block missing,1 block missing,1 block missing
"M00159 | V/A-type ATPase, prokaryotes",1 block missing,1 block missing,1 block missing,1 block missing,1 block missing,1 block missing,1 block missing,1 block missing,1 block missing,1 block missing,1 block missing,1 block missing,1 block missing,1 block missing,1 block missing,1 block missing,1 block missing,1 block missing,1 block missing,1 block missing,1 block missing,1 block missing,1 block missing,1 block missing,1 block missing,1 block missing,1 block missing,1 block missing,1 block missing,1 block missing,1 block missing,1 block missing,1 block missing,1 block missing,1 block missing,1 block missing,1 block missing,1 block missing,1 block missing,1 block missing,1 block missing,1 block missing,1 block missing,1 block missing,1 block missing,1 block missing,1 block missing
"M00160 | V-type ATPase, eukaryotes",1 block missing,1 block missing,1 block missing,1 block missing,1 block missing,1 block missing,1 block missing,1 block missing,1 block missing,1 block missing,1 block missing,1 block missing,1 block missing,1 block missing,1 block missing,1 block missing,1 block missing,1 block missing,1 block missing,1 block missing,1 block missing,1 block missing,1 block missing,1 block missing,1 block missing,1 block missing,1 block missing,1 block missing,1 block missing,1 block missing,1 block missing,1 block missing,1 block missing,1 block missing,1 block missing,1 block missing,1 block missing,1 block missing,1 block missing,1 block missing,1 block missing,1 block missing,1 block missing,1 block missing,1 block missing,1 block missing,1 block missing
M00161 | Photosystem II,1 block missing,1 block missing,1 block missing,1 block missing,1 block missing,1 block missing,1 block missing,1 block missing,1 block missing,1 block missing,1 block missing,1 block missing,1 block missing,1 block missing,1 block missing,1 block missing,1 block missing,1 block missing,1 block missing,1 block missing,1 block missing,1 block missing,1 block missing,1 block missing,1 block missing,1 block missing,1 block missing,1 block missing,1 block missing,1 block missing,1 block missing,1 block missing,Complete,1 block missing,1 block missing,1 block missing,1 block missing,1 block missing,1 block missing,1 block missing,1 block missing,1 block missing,1 block missing,1 block missing,1 block missing,1 block missing,1 block missing
M00162 | Cytochrome b6f complex,1 block missing,1 block missing,1 block missing,1 block missing,1 block missing,1 block missing,1 block missing,1 block missing,1 block missing,1 block missing,1 block missing,1 block missing,1 block missing,1 block missing,1 block missing,1 block missing,1 block missing,1 block missing,1 block missing,1 block missing,1 block missing,1 block missing,1 block missing,1 block missing,1 block missing,1 block missing,1 block missing,1 block missing,1 block missing,1 block missing,1 block missing,1 block missing,1 block missing,1 block missing,1 block missing,1 block missing,1 block missing,1 block missing,1 block missing,1 block missing,1 block missing,1 block missing,1 block missing,1 block missing,1 block missing,1 block missing,1 block missing
M00163 | Photosystem I,1 block missing,1 block missing,1 block missing,1 block missing,1 block missing,1 block missing,1 block missing,1 block missing,1 block missing,1 block missing,1 block missing,1 block missing,1 block missing,1 block missing,1 block missing,1 block missing,1 block missing,1 block missing,1 block missing,1 block missing,1 block missing,1 block missing,1 block missing,1 block missing,1 block missing,1 block missing,1 block missing,1 block missing,1 block missing,1 block missing,1 block missing,1 block missing,Complete,1 block missing,1 block missing,1 block missing,1 block missing,1 block missing,1 block missing,1 block missing,1 block missing,1 block missing,1 block missing,1 block missing,1 block missing,1 block missing,1 block missing
M00165 | Reductive pentose phosphate cycle (Calvin cycle),Incomplete,Incomplete,Incomplete,Incomplete,Incomplete,Incomplete,Incomplete,1 block missing,Incomplete,Incomplete,Incomplete,Incomplete,Incomplete,Incomplete,Incomplete,Incomplete,Incomplete,Incomplete,Incomplete,Incomplete,Incomplete,Incomplete,Incomplete,Incomplete,2 blocks missing,Incomplete,Incomplete,Incomplete,Incomplete,Incomplete,Incomplete,Incomplete,Complete,Incomplete,Incomplete,Incomplete,Incomplete,Incomplete,Incomplete,Incomplete,Incomplete,Incomplete,Incomplete,Incomplete,Incomplete,Incomplete,Incomplete
"M00166 | Reductive pentose phosphate cycle, ribulose-5P => glyceraldehyde-3P",2 blocks missing,2 blocks missing,2 blocks missing,2 blocks missing,Incomplete,2 blocks missing,2 blocks missing,Complete,Complete,2 blocks missing,2 blocks missing,2 blocks missing,2 blocks missing,Incomplete,2 blocks missing,Incomplete,Incomplete,2 blocks missing,2 blocks missing,2 blocks missing,2 blocks missing,2 blocks missing,Incomplete,Incomplete,1 block missing,2 blocks missing,Incomplete,Incomplete,2 blocks missing,2 blocks missing,1 block missing,Incomplete,Complete,2 blocks missing,2 blocks missing,2 blocks missing,2 blocks missing,2 blocks missing,2 blocks missing,2 blocks missing,Incomplete,2 blocks missing,Incomplete,2 blocks missing,2 blocks missing,1 block missing,Incomplete
"M00167 | Reductive pentose phosphate cycle, glyceraldehyde-3P => ribulose-5P",Incomplete,Incomplete,2 blocks missing,2 blocks missing,Incomplete,Incomplete,Incomplete,1 block missing,Incomplete,Incomplete,Incomplete,Incomplete,Incomplete,2 blocks missing,Incomplete,Incomplete,Incomplete,Incomplete,Incomplete,Incomplete,Incomplete,1 block missing,Incomplete,Incomplete,1 block missing,Incomplete,Incomplete,Incomplete,Incomplete,Incomplete,Incomplete,1 block missing,Complete,Incomplete,Incomplete,Incomplete,Incomplete,Incomplete,2 blocks missing,2 blocks missing,Incomplete,Incomplete,Incomplete,Incomplete,Incomplete,Incomplete,Incomplete
"M00168 | CAM (Crassulacean acid metabolism), dark",2 blocks missing,2 blocks missing,2 blocks missing,2 blocks missing,1 block missing,2 blocks missing,1 block missing,1 block missing,1 block missing,2 blocks missing,2 blocks missing,2 blocks missing,1 block missing,1 block missing,1 block missing,2 blocks missing,2 blocks missing,2 blocks missing,2 blocks missing,2 blocks missing,1 block missing,1 block missing,2 blocks missing,1 block missing,Complete,1 block missing,1 block missing,2 blocks missing,1 block missing,1 block missing,2 blocks missing,1 block missing,Complete,1 block missing,2 blocks missing,1 block missing,1 block missing,2 blocks missing,1 block missing,2 blocks missing,2 blocks missing,2 blocks missing,1 block missing,1 block missing,1 block missing,2 blocks missing,2 blocks missing
"M00169 | CAM (Crassulacean acid metabolism), light",1 block missing,2 blocks missing,1 block missing,2 blocks missing,2 blocks missing,1 block missing,2 blocks missing,1 block missing,Complete,2 blocks missing,2 blocks missing,1 block missing,1 block missing,1 block missing,Complete,2 blocks missing,2 blocks missing,1 block missing,1 block missing,2 blocks missing,2 blocks missing,2 blocks missing,2 blocks missing,1 block missing,Complete,1 block missing,2 blocks missing,1 block missing,1 block missing,2 blocks missing,1 block missing,1 block missing,2 blocks missing,1 block missing,1 block missing,1 block missing,2 blocks missing,1 block missing,1 block missing,1 block missing,Complete,Complete,1 block missing,1 block missing,2 blocks missing,1 block missing,2 blocks missing
"M00170 | C4-dicarboxylic acid cycle, phosphoenolpyruvate carboxykinase type",Incomplete,Incomplete,Incomplete,Incomplete,Incomplete,Incomplete,Incomplete,Incomplete,Incomplete,Incomplete,Incomplete,Incomplete,Incomplete,Incomplete,Incomplete,Incomplete,Incomplete,Incomplete,Incomplete,Incomplete,Incomplete,Incomplete,Incomplete,Incomplete,Incomplete,Incomplete,Incomplete,Incomplete,Incomplete,Incomplete,Incomplete,Incomplete,2 blocks missing,Incomplete,Incomplete,Incomplete,Incomplete,Incomplete,Incomplete,Incomplete,Incomplete,Incomplete,Incomplete,Incomplete,Incomplete,Incomplete,Incomplete
"M00171 | C4-dicarboxylic acid cycle, NAD - malic enzyme type",Incomplete,Incomplete,Incomplete,Incomplete,Incomplete,Incomplete,Incomplete,Incomplete,Incomplete,Incomplete,Incomplete,Incomplete,Incomplete,Incomplete,Incomplete,Incomplete,Incomplete,Incomplete,Incomplete,Incomplete,Incomplete,Incomplete,Incomplete,Incomplete,Incomplete,Incomplete,Incomplete,Incomplete,Incomplete,Incomplete,Incomplete,Incomplete,Incomplete,Incomplete,Incomplete,Incomplete,Incomplete,Incomplete,Incomplete,Incomplete,Incomplete,Incomplete,Incomplete,Incomplete,Incomplete,Incomplete,Incomplete
"M00172 | C4-dicarboxylic acid cycle, NADP - malic enzyme type",Incomplete,Incomplete,Incomplete,Incomplete,Incomplete,Incomplete,Incomplete,Incomplete,2 blocks missing,Incomplete,Incomplete,Incomplete,Incomplete,Incomplete,2 blocks missing,Incomplete,Incomplete,Incomplete,Incomplete,Incomplete,Incomplete,Incomplete,Incomplete,Incomplete,1 block missing,Incomplete,Incomplete,Incomplete,Incomplete,Incomplete,Incomplete,Incomplete,Incomplete,Incomplete,Incomplete,2 blocks missing,Incomplete,Incomplete,Incomplete,Incomplete,2 blocks missing,2 blocks missing,Incomplete,Incomplete,Incomplete,Incomplete,Incomplete
M00173 | Reductive citrate cycle (Arnon-Buchanan cycle),Incomplete,Incomplete,Incomplete,Incomplete,Incomplete,Incomplete,Incomplete,Incomplete,Incomplete,Incomplete,Incomplete,Incomplete,Incomplete,Incomplete,Incomplete,Incomplete,Incomplete,Incomplete,Incomplete,Incomplete,Incomplete,Incomplete,Incomplete,Incomplete,Incomplete,Incomplete,Incomplete,Incomplete,Incomplete,Incomplete,Incomplete,Incomplete,Incomplete,2 blocks missing,Incomplete,Incomplete,Incomplete,Incomplete,Incomplete,Incomplete,Incomplete,Incomplete,Incomplete,Incomplete,Incomplete,Incomplete,Incomplete
"M00174 | Methane oxidation, methanotroph, methane => formaldehyde",2 blocks missing,2 blocks missing,2 blocks missing,2 blocks missing,2 blocks missing,2 blocks missing,2 blocks missing,2 blocks missing,2 blocks missing,2 blocks missing,2 blocks missing,2 blocks missing,2 blocks missing,2 blocks missing,2 blocks missing,2 blocks missing,2 blocks missing,2 blocks missing,2 blocks missing,2 blocks missing,2 blocks missing,2 blocks missing,2 blocks missing,2 blocks missing,2 blocks missing,2 blocks missing,2 blocks missing,2 blocks missing,2 blocks missing,2 blocks missing,2 blocks missing,2 blocks missing,2 blocks missing,2 blocks missing,2 blocks missing,2 blocks missing,2 blocks missing,2 blocks missing,2 blocks missing,2 blocks missing,2 blocks missing,2 blocks missing,2 blocks missing,2 blocks missing,2 blocks missing,2 blocks missing,2 blocks missing
"M00175 | Nitrogen fixation, nitrogen => ammonia",1 block missing,1 block missing,1 block missing,1 block missing,1 block missing,1 block missing,1 block missing,1 block missing,1 block missing,1 block missing,1 block missing,1 block missing,1 block missing,1 block missing,1 block missing,1 block missing,1 block missing,1 block missing,1 block missing,1 block missing,1 block missing,1 block missing,1 block missing,1 block missing,1 block missing,1 block missing,1 block missing,1 block missing,1 block missing,1 block missing,1 block missing,1 block missing,Complete,1 block missing,1 block missing,1 block missing,1 block missing,1 block missing,1 block missing,1 block missing,1 block missing,1 block missing,1 block missing,1 block missing,1 block missing,1 block missing,1 block missing
"M00176 | Assimilatory sulfate reduction, sulfate => H2S",Incomplete,2 blocks missing,2 blocks missing,Incomplete,Incomplete,Incomplete,Incomplete,2 blocks missing,2 blocks missing,Incomplete,Incomplete,Incomplete,2 blocks missing,Incomplete,Incomplete,Incomplete,Incomplete,2 blocks missing,Incomplete,Incomplete,Incomplete,Incomplete,Incomplete,2 blocks missing,2 blocks missing,Incomplete,Incomplete,2 blocks missing,Incomplete,Incomplete,2 blocks missing,2 blocks missing,Complete,Incomplete,Incomplete,Incomplete,Incomplete,2 blocks missing,2 blocks missing,Incomplete,Incomplete,2 blocks missing,Incomplete,2 blocks missing,Incomplete,Incomplete,Incomplete
"M00307 | Pyruvate oxidation, pyruvate => acetyl-CoA",Complete,1 block missing,Complete,Complete,Complete,1 block missing,Complete,Complete,Complete,Complete,1 block missing,Complete,Complete,Complete,Complete,Complete,Complete,Complete,1 block missing,Complete,Complete,Complete,Complete,1 block missing,Complete,Complete,Complete,Complete,Complete,Complete,Complete,Complete,Complete,Complete,Complete,Complete,1 block missing,Complete,Complete,Complete,Complete,1 block missing,Complete,Complete,Complete,Complete,1 block missing
"M00308 | Semi-phosphorylative Entner-Doudoroff pathway, gluconate => glycerate-3P",Incomplete,Incomplete,2 blocks missing,2 blocks missing,Incomplete,Incomplete,Incomplete,Incomplete,Incomplete,Incomplete,Incomplete,Incomplete,Incomplete,Incomplete,Incomplete,Incomplete,Incomplete,Incomplete,Incomplete,Incomplete,Incomplete,Incomplete,Incomplete,Incomplete,Incomplete,Incomplete,Incomplete,Incomplete,1 block missing,Incomplete,Incomplete,Incomplete,2 blocks missing,2 blocks missing,Incomplete,Incomplete,Incomplete,Incomplete,1 block missing,Incomplete,Incomplete,Incomplete,Incomplete,Incomplete,Incomplete,Incomplete,Incomplete
"M00309 | Non-phosphorylative Entner-Doudoroff pathway, gluconate/galactonate => glycerate",2 blocks missing,Incomplete,Incomplete,Incomplete,Incomplete,Incomplete,Incomplete,Incomplete,Incomplete,Incomplete,Incomplete,Incomplete,Incomplete,Incomplete,Incomplete,Incomplete,Incomplete,Incomplete,Incomplete,Incomplete,Incomplete,Incomplete,Incomplete,Incomplete,Incomplete,Incomplete,Incomplete,Incomplete,Incomplete,Incomplete,2 blocks missing,Incomplete,Incomplete,Incomplete,Incomplete,Incomplete,Incomplete,Incomplete,Incomplete,Incomplete,Incomplete,Incomplete,Incomplete,Incomplete,Incomplete,Incomplete,2 blocks missing
"M00338 | Cysteine biosynthesis, homocysteine + serine => cysteine",Complete,1 block missing,2 blocks missing,1 block missing,2 blocks missing,Complete,2 blocks missing,1 block missing,Complete,2 blocks missing,2 blocks missing,2 blocks missing,2 blocks missing,2 blocks missing,Complete,2 blocks missing,2 blocks missing,1 block missing,Complete,2 blocks missing,2 blocks missing,2 blocks missing,2 blocks missing,2 blocks missing,2 blocks missing,1 block missing,2 blocks missing,1 block missing,1 block missing,1 block missing,2 blocks missing,2 blocks missing,2 blocks missing,Complete,2 blocks missing,Complete,1 block missing,2 blocks missing,2 blocks missing,1 block missing,2 blocks missing,1 block missing,1 block missing,2 blocks missing,2 blocks missing,1 block missing,2 blocks missing
"M00344 | Formaldehyde assimilation, xylulose monophosphate pathway",Incomplete,Incomplete,Incomplete,Incomplete,Incomplete,Incomplete,Incomplete,Incomplete,Incomplete,Incomplete,Incomplete,Incomplete,Incomplete,2 blocks missing,Incomplete,Incomplete,Incomplete,Incomplete,Incomplete,Incomplete,Incomplete,2 blocks missing,Incomplete,Incomplete,2 blocks missing,Incomplete,Incomplete,Incomplete,Incomplete,Incomplete,Incomplete,2 blocks missing,2 blocks missing,Incomplete,Incomplete,Incomplete,Incomplete,Incomplete,Incomplete,Incomplete,Incomplete,Incomplete,Incomplete,Incomplete,Incomplete,Incomplete,Incomplete
"M00345 | Formaldehyde assimilation, ribulose monophosphate pathway",Incomplete,2 blocks missing,Incomplete,Incomplete,Incomplete,Incomplete,Complete,Incomplete,Incomplete,Incomplete,1 block missing,Incomplete,Incomplete,Incomplete,Incomplete,Incomplete,2 blocks missing,Incomplete,2 blocks missing,1 block missing,2 blocks missing,Complete,Incomplete,Incomplete,Incomplete,Incomplete,Incomplete,Incomplete,Incomplete,2 blocks missing,2 blocks missing,Incomplete,Incomplete,Incomplete,Incomplete,2 blocks missing,1 block missing,2 blocks missing,2 blocks missing,Incomplete,Incomplete,Incomplete,Incomplete,Incomplete,2 blocks missing,2 blocks missing,Incomplete
"M00346 | Formaldehyde assimilation, serine pathway",Incomplete,Incomplete,Incomplete,Incomplete,Incomplete,Incomplete,Incomplete,Incomplete,Incomplete,Incomplete,Incomplete,Incomplete,Incomplete,Incomplete,Incomplete,Incomplete,Incomplete,Incomplete,Incomplete,Incomplete,Incomplete,Incomplete,Incomplete,Incomplete,2 blocks missing,Incomplete,Incomplete,Incomplete,Incomplete,Incomplete,Incomplete,Incomplete,Incomplete,Incomplete,Incomplete,Incomplete,Incomplete,Incomplete,Incomplete,Incomplete,Incomplete,Incomplete,Incomplete,Incomplete,Incomplete,Incomplete,Incomplete
"M00356 | Methanogenesis, methanol => methane",Incomplete,Incomplete,Incomplete,Incomplete,2 blocks missing,Incomplete,Incomplete,Incomplete,Incomplete,2 blocks missing,Incomplete,Incomplete,Incomplete,Incomplete,Incomplete,Incomplete,Incomplete,Incomplete,Incomplete,Incomplete,2 blocks missing,Incomplete,2 blocks missing,Incomplete,Incomplete,Incomplete,Incomplete,Incomplete,Incomplete,Incomplete,Incomplete,Incomplete,Incomplete,Incomplete,Incomplete,Incomplete,Incomplete,Incomplete,Incomplete,Incomplete,Incomplete,Incomplete,Incomplete,Incomplete,2 blocks missing,Incomplete,Incomplete
"M00357 | Methanogenesis, acetate => methane",Incomplete,Incomplete,Incomplete,Incomplete,Incomplete,Incomplete,Incomplete,Incomplete,Incomplete,2 blocks missing,Incomplete,Incomplete,Incomplete,Incomplete,Incomplete,Incomplete,Incomplete,Incomplete,Incomplete,Incomplete,2 blocks missing,Incomplete,Incomplete,Incomplete,Incomplete,Incomplete,Incomplete,Incomplete,Incomplete,Incomplete,Incomplete,Incomplete,Incomplete,Incomplete,Incomplete,Incomplete,Incomplete,Incomplete,Incomplete,Incomplete,Incomplete,Incomplete,Incomplete,Incomplete,Incomplete,Incomplete,Incomplete
M00358 | Coenzyme M biosynthesis,Incomplete,Incomplete,Incomplete,Incomplete,Incomplete,Incomplete,Incomplete,Incomplete,Incomplete,Incomplete,Incomplete,Incomplete,Incomplete,Incomplete,Incomplete,Incomplete,Incomplete,Incomplete,Incomplete,Incomplete,Incomplete,Incomplete,Incomplete,Incomplete,Incomplete,Incomplete,Incomplete,Incomplete,Incomplete,Incomplete,Incomplete,Incomplete,Incomplete,Incomplete,Incomplete,Incomplete,Incomplete,Incomplete,Incomplete,Incomplete,Incomplete,Incomplete,Incomplete,Incomplete,Incomplete,2 blocks missing,Incomplete
"M00363 | EHEC pathogenicity signature, Shiga toxin",2 blocks missing,2 blocks missing,2 blocks missing,2 blocks missing,2 blocks missing,2 blocks missing,2 blocks missing,2 blocks missing,2 blocks missing,2 blocks missing,2 blocks missing,2 blocks missing,2 blocks missing,2 blocks missing,2 blocks missing,2 blocks missing,2 blocks missing,2 blocks missing,2 blocks missing,2 blocks missing,2 blocks missing,2 blocks missing,2 blocks missing,2 blocks missing,2 blocks missing,2 blocks missing,2 blocks missing,2 blocks missing,2 blocks missing,2 blocks missing,2 blocks missing,2 blocks missing,2 blocks missing,2 blocks missing,2 blocks missing,2 blocks missing,2 blocks missing,2 blocks missing,2 blocks missing,2 blocks missing,2 blocks missing,2 blocks missing,2 blocks missing,2 blocks missing,2 blocks missing,2 blocks missing,2 blocks missing
"M00364 | C10-C20 isoprenoid biosynthesis, bacteria",1 block missing,1 block missing,2 blocks missing,1 block missing,1 block missing,Complete,1 block missing,1 block missing,1 block missing,Complete,2 blocks missing,1 block missing,1 block missing,1 block missing,Complete,1 block missing,Complete,1 block missing,Complete,1 block missing,Complete,Complete,2 blocks missing,1 block missing,1 block missing,Complete,2 blocks missing,2 blocks missing,Complete,1 block missing,1 block missing,Complete,Complete,1 block missing,1 block missing,1 block missing,1 block missing,1 block missing,1 block missing,1 block missing,1 block missing,1 block missing,1 block missing,1 block missing,Complete,1 block missing,1 block missing
"M00365 | C10-C20 isoprenoid biosynthesis, archaea",1 block missing,1 block missing,2 blocks missing,2 blocks missing,1 block missing,Complete,1 block missing,1 block missing,2 blocks missing,Complete,2 blocks missing,1 block missing,2 blocks missing,1 block missing,1 block missing,1 block missing,Complete,1 block missing,Complete,1 block missing,Complete,1 block missing,2 blocks missing,1 block missing,2 blocks missing,1 block missing,2 blocks missing,2 blocks missing,Complete,1 block missing,1 block missing,Complete,1 block missing,2 blocks missing,1 block missing,1 block missing,1 block missing,1 block missing,2 blocks missing,1 block missing,1 block missing,2 blocks missing,1 block missing,2 blocks missing,Complete,1 block missing,1 block missing
"M00366 | C10-C20 isoprenoid biosynthesis, plants",Incomplete,Incomplete,Incomplete,Incomplete,Incomplete,Incomplete,Incomplete,Incomplete,Incomplete,Incomplete,Incomplete,Incomplete,Incomplete,Incomplete,2 blocks missing,Incomplete,Incomplete,Incomplete,Incomplete,Incomplete,Incomplete,2 blocks missing,Incomplete,Incomplete,Incomplete,2 blocks missing,Incomplete,Incomplete,Incomplete,Incomplete,Incomplete,Incomplete,2 blocks missing,Incomplete,Incomplete,Incomplete,Incomplete,Incomplete,Incomplete,Incomplete,Incomplete,Incomplete,Incomplete,Incomplete,Incomplete,Incomplete,Incomplete
"M00367 | C10-C20 isoprenoid biosynthesis, non-plant eukaryotes",2 blocks missing,Incomplete,Incomplete,Incomplete,2 blocks missing,2 blocks missing,2 blocks missing,Incomplete,Incomplete,2 blocks missing,Incomplete,Incomplete,Incomplete,2 blocks missing,2 blocks missing,2 blocks missing,2 blocks missing,Incomplete,2 blocks missing,2 blocks missing,2 blocks missing,2 blocks missing,Incomplete,Incomplete,Incomplete,2 blocks missing,Incomplete,Incomplete,2 blocks missing,2 blocks missing,2 blocks missing,2 blocks missing,2 blocks missing,Incomplete,Incomplete,2 blocks missing,2 blocks missing,2 blocks missing,Incomplete,Incomplete,Incomplete,Incomplete,Incomplete,Incomplete,2 blocks missing,2 blocks missing,Incomplete
"M00368 | Ethylene biosynthesis, methionine => ethylene",2 blocks missing,2 blocks missing,2 blocks missing,Incomplete,2 blocks missing,2 blocks missing,2 blocks missing,2 blocks missing,2 blocks missing,2 blocks missing,2 blocks missing,2 blocks missing,2 blocks missing,2 blocks missing,2 blocks missing,Incomplete,2 blocks missing,2 blocks missing,2 blocks missing,2 blocks missing,2 blocks missing,2 blocks missing,2 blocks missing,2 blocks missing,2 blocks missing,2 blocks missing,2 blocks missing,2 blocks missing,2 blocks missing,2 blocks missing,2 blocks missing,Incomplete,2 blocks missing,2 blocks missing,2 blocks missing,2 blocks missing,2 blocks missing,2 blocks missing,Incomplete,2 blocks missing,2 blocks missing,2 blocks missing,Incomplete,2 blocks missing,Incomplete,2 blocks missing,Incomplete
"M00369 | Cyanogenic glycoside biosynthesis, tyrosine => dhurrin",Incomplete,Incomplete,Incomplete,Incomplete,Incomplete,Incomplete,Incomplete,Incomplete,Incomplete,Incomplete,Incomplete,Incomplete,Incomplete,Incomplete,Incomplete,Incomplete,Incomplete,Incomplete,Incomplete,Incomplete,Incomplete,Incomplete,Incomplete,Incomplete,Incomplete,Incomplete,Incomplete,Incomplete,Incomplete,Incomplete,Incomplete,Incomplete,Incomplete,Incomplete,Incomplete,Incomplete,Incomplete,Incomplete,Incomplete,Incomplete,Incomplete,Incomplete,Incomplete,Incomplete,Incomplete,Incomplete,Incomplete
"M00370 | Glucosinolate biosynthesis, tryptophan => glucobrassicin",Incomplete,Incomplete,Incomplete,Incomplete,Incomplete,Incomplete,Incomplete,Incomplete,Incomplete,Incomplete,Incomplete,Incomplete,Incomplete,Incomplete,Incomplete,Incomplete,Incomplete,Incomplete,Incomplete,Incomplete,Incomplete,Incomplete,Incomplete,Incomplete,Incomplete,Incomplete,Incomplete,Incomplete,Incomplete,Incomplete,Incomplete,Incomplete,Incomplete,Incomplete,Incomplete,Incomplete,Incomplete,Incomplete,Incomplete,Incomplete,Incomplete,Incomplete,Incomplete,Incomplete,Incomplete,Incomplete,Incomplete
"M00371 | Castasterone biosynthesis, campesterol => castasterone",Incomplete,Incomplete,Incomplete,Incomplete,Incomplete,Incomplete,Incomplete,Incomplete,Incomplete,Incomplete,Incomplete,Incomplete,Incomplete,Incomplete,Incomplete,Incomplete,Incomplete,Incomplete,Incomplete,Incomplete,Incomplete,Incomplete,Incomplete,Incomplete,Incomplete,Incomplete,Incomplete,Incomplete,Incomplete,Incomplete,Incomplete,Incomplete,Incomplete,Incomplete,Incomplete,Incomplete,Incomplete,Incomplete,Incomplete,Incomplete,Incomplete,Incomplete,Incomplete,Incomplete,Incomplete,Incomplete,Incomplete
"M00372 | Abscisic acid biosynthesis, beta-carotene => abscisic acid",Incomplete,Incomplete,Incomplete,Incomplete,Incomplete,Incomplete,Incomplete,Incomplete,Incomplete,Incomplete,Incomplete,Incomplete,Incomplete,Incomplete,Incomplete,Incomplete,Incomplete,Incomplete,Incomplete,Incomplete,Incomplete,Incomplete,Incomplete,Incomplete,Incomplete,Incomplete,Incomplete,Incomplete,Incomplete,Incomplete,Incomplete,Incomplete,Incomplete,Incomplete,Incomplete,Incomplete,Incomplete,Incomplete,Incomplete,Incomplete,Incomplete,Incomplete,Incomplete,Incomplete,Incomplete,Incomplete,Incomplete
M00373 | Ethylmalonyl pathway,Incomplete,Incomplete,Incomplete,Incomplete,Incomplete,Incomplete,Incomplete,Incomplete,Incomplete,Incomplete,Incomplete,Incomplete,Incomplete,Incomplete,Incomplete,Incomplete,Incomplete,Incomplete,Incomplete,Incomplete,Incomplete,Incomplete,Incomplete,Incomplete,Incomplete,Incomplete,Incomplete,Incomplete,Incomplete,Incomplete,Incomplete,Incomplete,Incomplete,Incomplete,Incomplete,Incomplete,Incomplete,Incomplete,Incomplete,Incomplete,Incomplete,Incomplete,Incomplete,Incomplete,Incomplete,Incomplete,Incomplete
M00374 | Dicarboxylate-hydroxybutyrate cycle,Incomplete,Incomplete,Incomplete,Incomplete,Incomplete,Incomplete,Incomplete,Incomplete,Incomplete,Incomplete,Incomplete,Incomplete,Incomplete,Incomplete,Incomplete,Incomplete,Incomplete,Incomplete,Incomplete,Incomplete,Incomplete,Incomplete,Incomplete,Incomplete,Incomplete,Incomplete,Incomplete,Incomplete,Incomplete,Incomplete,Incomplete,Incomplete,Incomplete,Incomplete,Incomplete,Incomplete,Incomplete,Incomplete,Incomplete,Incomplete,Incomplete,Incomplete,Incomplete,Incomplete,Incomplete,Incomplete,Incomplete
M00375 | Hydroxypropionate-hydroxybutylate cycle,Incomplete,Incomplete,Incomplete,Incomplete,Incomplete,Incomplete,Incomplete,Incomplete,Incomplete,Incomplete,Incomplete,Incomplete,Incomplete,Incomplete,Incomplete,Incomplete,Incomplete,Incomplete,Incomplete,Incomplete,Incomplete,Incomplete,Incomplete,Incomplete,Incomplete,Incomplete,Incomplete,Incomplete,Incomplete,Incomplete,Incomplete,Incomplete,Incomplete,Incomplete,Incomplete,Incomplete,Incomplete,Incomplete,Incomplete,Incomplete,Incomplete,Incomplete,Incomplete,Incomplete,Incomplete,Incomplete,Incomplete
M00376 | 3-Hydroxypropionate bi-cycle,Incomplete,Incomplete,Incomplete,Incomplete,Incomplete,Incomplete,Incomplete,Incomplete,Incomplete,Incomplete,Incomplete,Incomplete,Incomplete,Incomplete,Incomplete,Incomplete,Incomplete,Incomplete,Incomplete,Incomplete,Incomplete,Incomplete,Incomplete,Incomplete,Incomplete,Incomplete,Incomplete,Incomplete,Incomplete,Incomplete,Incomplete,Incomplete,Incomplete,Incomplete,Incomplete,Incomplete,Incomplete,Incomplete,Incomplete,Incomplete,Incomplete,Incomplete,Incomplete,Incomplete,Incomplete,Incomplete,Incomplete
M00377 | Reductive acetyl-CoA pathway (Wood-Ljungdahl pathway),Incomplete,Incomplete,Incomplete,Incomplete,Incomplete,Incomplete,Incomplete,Incomplete,Incomplete,Incomplete,Incomplete,Incomplete,Incomplete,Incomplete,Incomplete,Incomplete,Incomplete,Incomplete,Incomplete,Incomplete,Incomplete,Incomplete,Incomplete,Incomplete,Incomplete,Incomplete,Incomplete,Incomplete,Incomplete,Incomplete,Incomplete,Incomplete,Incomplete,Incomplete,Incomplete,Incomplete,Incomplete,Incomplete,Incomplete,Incomplete,Incomplete,Incomplete,Incomplete,Incomplete,Incomplete,Incomplete,Incomplete
M00378 | F420 biosynthesis,Incomplete,2 blocks missing,Incomplete,1 block missing,Incomplete,2 blocks missing,2 blocks missing,Complete,Incomplete,Incomplete,Incomplete,Incomplete,Incomplete,Incomplete,Incomplete,Incomplete,Incomplete,Incomplete,Incomplete,2 blocks missing,Incomplete,2 blocks missing,Incomplete,2 blocks missing,Incomplete,Incomplete,Incomplete,Incomplete,2 blocks missing,Incomplete,2 blocks missing,Incomplete,Incomplete,1 block missing,2 blocks missing,Incomplete,2 blocks missing,Incomplete,Incomplete,Incomplete,Incomplete,Incomplete,Incomplete,Incomplete,2 blocks missing,Incomplete,Incomplete
M00415 | Fatty acid elongation in endoplasmic reticulum,Incomplete,Incomplete,Incomplete,Incomplete,Incomplete,Incomplete,Incomplete,Incomplete,Incomplete,Incomplete,Incomplete,Incomplete,Incomplete,Incomplete,Incomplete,Incomplete,Incomplete,Incomplete,Incomplete,Incomplete,Incomplete,Incomplete,Incomplete,Incomplete,Incomplete,Incomplete,Incomplete,Incomplete,Incomplete,Incomplete,Incomplete,Incomplete,Incomplete,Incomplete,Incomplete,Incomplete,Incomplete,Incomplete,Incomplete,Incomplete,Incomplete,Incomplete,Incomplete,Incomplete,Incomplete,Incomplete,Incomplete
M00416 | Cytochrome aa3-600 menaquinol oxidase,1 block missing,1 block missing,1 block missing,1 block missing,1 block missing,1 block missing,1 block missing,1 block missing,1 block missing,1 block missing,1 block missing,1 block missing,1 block missing,1 block missing,1 block missing,1 block missing,1 block missing,1 block missing,1 block missing,1 block missing,1 block missing,1 block missing,1 block missing,1 block missing,1 block missing,1 block missing,1 block missing,1 block missing,1 block missing,1 block missing,1 block missing,1 block missing,1 block missing,1 block missing,1 block missing,1 block missing,1 block missing,1 block missing,1 block missing,1 block missing,1 block missing,1 block missing,1 block missing,1 block missing,1 block missing,1 block missing,1 block missing
M00417 | Cytochrome o ubiquinol oxidase,1 block missing,1 block missing,1 block missing,1 block missing,1 block missing,1 block missing,1 block missing,1 block missing,1 block missing,1 block missing,1 block missing,1 block missing,1 block missing,1 block missing,1 block missing,1 block missing,1 block missing,1 block missing,1 block missing,1 block missing,1 block missing,1 block missing,1 block missing,1 block missing,1 block missing,1 block missing,1 block missing,1 block missing,1 block missing,1 block missing,1 block missing,1 block missing,1 block missing,1 block missing,1 block missing,1 block missing,1 block missing,1 block missing,1 block missing,1 block missing,1 block missing,1 block missing,1 block missing,1 block missing,1 block missing,1 block missing,1 block missing
"M00418 | Toluene degradation, anaerobic, toluene => benzoyl-CoA",Incomplete,Incomplete,Incomplete,Incomplete,Incomplete,Incomplete,Incomplete,Incomplete,Incomplete,Incomplete,Incomplete,Incomplete,Incomplete,Incomplete,Incomplete,Incomplete,Incomplete,Incomplete,Incomplete,Incomplete,Incomplete,Incomplete,Incomplete,Incomplete,Incomplete,Incomplete,Incomplete,Incomplete,Incomplete,Incomplete,Incomplete,Incomplete,Incomplete,Incomplete,Incomplete,Incomplete,Incomplete,Incomplete,Incomplete,Incomplete,Incomplete,Incomplete,Incomplete,Incomplete,Incomplete,Incomplete,Incomplete
"M00419 | Cymene degradation, p-cymene => p-cumate",Incomplete,Incomplete,Incomplete,Incomplete,Incomplete,Incomplete,Incomplete,Incomplete,Incomplete,Incomplete,Incomplete,Incomplete,Incomplete,Incomplete,Incomplete,Incomplete,Incomplete,Incomplete,Incomplete,Incomplete,Incomplete,Incomplete,Incomplete,Incomplete,Incomplete,Incomplete,Incomplete,Incomplete,Incomplete,Incomplete,Incomplete,Incomplete,Incomplete,Incomplete,Incomplete,Incomplete,Incomplete,Incomplete,Incomplete,Incomplete,Incomplete,Incomplete,Incomplete,Incomplete,Incomplete,Incomplete,Incomplete
"M00422 | Acetyl-CoA pathway, CO2 => acetyl-CoA",2 blocks missing,2 blocks missing,2 blocks missing,2 blocks missing,2 blocks missing,2 blocks missing,1 block missing,2 blocks missing,2 blocks missing,1 block missing,1 block missing,2 blocks missing,2 blocks missing,2 blocks missing,2 blocks missing,2 blocks missing,2 blocks missing,2 blocks missing,2 blocks missing,1 block missing,1 block missing,2 blocks missing,2 blocks missing,2 blocks missing,2 blocks missing,2 blocks missing,2 blocks missing,2 blocks missing,2 blocks missing,2 blocks missing,2 blocks missing,2 blocks missing,2 blocks missing,2 blocks missing,2 blocks missing,2 blocks missing,2 blocks missing,1 block missing,2 blocks missing,2 blocks missing,2 blocks missing,2 blocks missing,2 blocks missing,2 blocks missing,2 blocks missing,2 blocks missing,2 blocks missing
"M00432 | Leucine biosynthesis, 2-oxoisovalerate => 2-oxoisocaproate",Complete,2 blocks missing,2 blocks missing,Complete,Incomplete,1 block missing,2 blocks missing,Complete,Complete,Incomplete,1 block missing,Complete,Complete,1 block missing,2 blocks missing,Complete,2 blocks missing,Complete,Complete,Incomplete,Incomplete,1 block missing,Incomplete,1 block missing,Complete,2 blocks missing,Incomplete,Incomplete,Incomplete,Complete,2 blocks missing,1 block missing,Complete,1 block missing,Incomplete,Complete,1 block missing,1 block missing,1 block missing,Complete,Incomplete,1 block missing,1 block missing,2 blocks missing,Incomplete,1 block missing,1 block missing
"M00433 | Lysine biosynthesis, 2-oxoglutarate => 2-oxoadipate",Incomplete,Incomplete,Incomplete,Incomplete,Incomplete,Incomplete,Incomplete,Incomplete,Incomplete,Incomplete,Incomplete,Incomplete,Incomplete,Incomplete,Incomplete,Incomplete,Incomplete,Incomplete,Incomplete,Incomplete,Incomplete,Incomplete,Incomplete,Incomplete,Incomplete,Incomplete,Incomplete,Incomplete,Incomplete,2 blocks missing,Incomplete,Incomplete,Incomplete,Incomplete,Incomplete,Incomplete,2 blocks missing,Incomplete,Incomplete,Incomplete,Incomplete,2 blocks missing,Incomplete,Incomplete,Incomplete,Incomplete,Incomplete
"M00525 | Lysine biosynthesis, acetyl-DAP pathway, aspartate => lysine",Incomplete,Incomplete,Incomplete,Incomplete,Incomplete,Incomplete,Incomplete,Incomplete,Incomplete,Incomplete,Incomplete,Incomplete,Incomplete,Incomplete,Incomplete,Incomplete,Incomplete,Incomplete,Incomplete,Incomplete,Incomplete,Incomplete,Incomplete,Incomplete,Incomplete,Incomplete,Incomplete,Incomplete,Incomplete,Incomplete,Incomplete,Incomplete,Incomplete,Incomplete,Incomplete,Incomplete,Incomplete,Incomplete,Incomplete,Incomplete,Incomplete,Incomplete,Incomplete,Incomplete,Incomplete,Incomplete,Incomplete
"M00526 | Lysine biosynthesis, DAP dehydrogenase pathway, aspartate => lysine",Incomplete,1 block missing,Incomplete,Incomplete,Incomplete,Incomplete,Incomplete,1 block missing,1 block missing,Incomplete,Incomplete,1 block missing,1 block missing,2 blocks missing,2 blocks missing,Incomplete,Incomplete,1 block missing,Incomplete,Incomplete,Incomplete,Incomplete,Incomplete,Incomplete,1 block missing,1 block missing,Incomplete,Incomplete,Incomplete,Incomplete,Incomplete,Incomplete,1 block missing,2 blocks missing,Incomplete,Incomplete,Incomplete,Incomplete,1 block missing,1 block missing,1 block missing,Incomplete,Incomplete,Incomplete,Incomplete,Incomplete,Incomplete
"M00527 | Lysine biosynthesis, DAP aminotransferase pathway, aspartate => lysine",Incomplete,1 block missing,Incomplete,Incomplete,Incomplete,Incomplete,Incomplete,2 blocks missing,1 block missing,Incomplete,Incomplete,1 block missing,Complete,2 blocks missing,Incomplete,Incomplete,Incomplete,1 block missing,Incomplete,Incomplete,Incomplete,Incomplete,Incomplete,Incomplete,1 block missing,Complete,Incomplete,Incomplete,Incomplete,Incomplete,Incomplete,Incomplete,Complete,Incomplete,Incomplete,Incomplete,Incomplete,Incomplete,1 block missing,1 block missing,1 block missing,Incomplete,Incomplete,Incomplete,Incomplete,Incomplete,Incomplete
"M00528 | Nitrification, ammonia => nitrite",2 blocks missing,2 blocks missing,2 blocks missing,2 blocks missing,2 blocks missing,2 blocks missing,2 blocks missing,2 blocks missing,2 blocks missing,2 blocks missing,2 blocks missing,2 blocks missing,2 blocks missing,2 blocks missing,2 blocks missing,2 blocks missing,2 blocks missing,2 blocks missing,2 blocks missing,2 blocks missing,2 blocks missing,2 blocks missing,2 blocks missing,2 blocks missing,2 blocks missing,2 blocks missing,2 blocks missing,2 blocks missing,2 blocks missing,2 blocks missing,2 blocks missing,2 blocks missing,2 blocks missing,2 blocks missing,2 blocks missing,2 blocks missing,2 blocks missing,2 blocks missing,2 blocks missing,2 blocks missing,2 blocks missing,2 blocks missing,2 blocks missing,2 blocks missing,2 blocks missing,2 blocks missing,2 blocks missing
"M00529 | Denitrification, nitrate => nitrogen",Incomplete,Incomplete,Incomplete,Incomplete,Incomplete,Incomplete,Incomplete,Incomplete,Incomplete,Incomplete,Incomplete,Incomplete,Incomplete,Incomplete,Incomplete,Incomplete,Incomplete,Incomplete,Incomplete,Incomplete,Incomplete,Incomplete,Incomplete,Incomplete,Incomplete,Incomplete,Incomplete,Incomplete,Incomplete,Incomplete,Incomplete,Incomplete,Incomplete,Incomplete,Incomplete,Incomplete,Incomplete,Incomplete,Incomplete,Incomplete,Incomplete,Incomplete,Incomplete,Incomplete,Incomplete,Incomplete,Incomplete
"M00530 | Dissimilatory nitrate reduction, nitrate => ammonia",2 blocks missing,2 blocks missing,2 blocks missing,2 blocks missing,2 blocks missing,2 blocks missing,2 blocks missing,2 blocks missing,2 blocks missing,2 blocks missing,2 blocks missing,2 blocks missing,2 blocks missing,2 blocks missing,2 blocks missing,2 blocks missing,2 blocks missing,2 blocks missing,2 blocks missing,2 blocks missing,2 blocks missing,2 blocks missing,2 blocks missing,2 blocks missing,2 blocks missing,2 blocks missing,2 blocks missing,2 blocks missing,2 blocks missing,2 blocks missing,2 blocks missing,2 blocks missing,2 blocks missing,1 block missing,2 blocks missing,2 blocks missing,2 blocks missing,2 blocks missing,2 blocks missing,2 blocks missing,2 blocks missing,2 blocks missing,2 blocks missing,2 blocks missing,2 blocks missing,2 blocks missing,2 blocks missing
"M00531 | Assimilatory nitrate reduction, nitrate => ammonia",2 blocks missing,2 blocks missing,2 blocks missing,1 block missing,2 blocks missing,2 blocks missing,2 blocks missing,2 blocks missing,2 blocks missing,2 blocks missing,2 blocks missing,1 block missing,2 blocks missing,2 blocks missing,2 blocks missing,2 blocks missing,2 blocks missing,2 blocks missing,2 blocks missing,2 blocks missing,2 blocks missing,2 blocks missing,2 blocks missing,2 blocks missing,1 block missing,2 blocks missing,2 blocks missing,2 blocks missing,2 blocks missing,2 blocks missing,2 blocks missing,2 blocks missing,2 blocks missing,2 blocks missing,2 blocks missing,2 blocks missing,2 blocks missing,2 blocks missing,1 block missing,2 blocks missing,1 block missing,2 blocks missing,2 blocks missing,2 blocks missing,2 blocks missing,2 blocks missing,2 blocks missing
M00532 | Photorespiration,Incomplete,Incomplete,Incomplete,Incomplete,Incomplete,Incomplete,Incomplete,Incomplete,Incomplete,Incomplete,Incomplete,Incomplete,Incomplete,Incomplete,Incomplete,Incomplete,Incomplete,Incomplete,Incomplete,Incomplete,Incomplete,Incomplete,Incomplete,Incomplete,Incomplete,Incomplete,Incomplete,Incomplete,Incomplete,Incomplete,Incomplete,Incomplete,Incomplete,Incomplete,Incomplete,Incomplete,Incomplete,Incomplete,Incomplete,Incomplete,Incomplete,Incomplete,Incomplete,Incomplete,Incomplete,Incomplete,Incomplete
"M00533 | Homoprotocatechuate degradation, homoprotocatechuate => 2-oxohept-3-enedioate",Incomplete,Incomplete,Incomplete,Incomplete,Incomplete,Incomplete,Incomplete,Incomplete,Incomplete,Incomplete,Incomplete,Incomplete,Incomplete,Incomplete,Incomplete,Incomplete,Incomplete,Incomplete,Incomplete,Incomplete,Incomplete,Incomplete,Incomplete,Incomplete,Incomplete,Incomplete,Incomplete,Incomplete,Incomplete,Incomplete,Incomplete,Incomplete,Incomplete,Incomplete,Incomplete,Incomplete,Incomplete,Incomplete,Incomplete,Incomplete,Incomplete,Incomplete,Incomplete,Incomplete,Incomplete,Incomplete,Incomplete
"M00534 | Naphthalene degradation, naphthalene => salicylate",Incomplete,Incomplete,Incomplete,Incomplete,Incomplete,Incomplete,Incomplete,Incomplete,Incomplete,Incomplete,Incomplete,Incomplete,Incomplete,Incomplete,Incomplete,Incomplete,Incomplete,Incomplete,Incomplete,Incomplete,Incomplete,Incomplete,Incomplete,Incomplete,Incomplete,Incomplete,Incomplete,Incomplete,Incomplete,Incomplete,Incomplete,Incomplete,Incomplete,Incomplete,Incomplete,Incomplete,Incomplete,Incomplete,Incomplete,Incomplete,Incomplete,Incomplete,Incomplete,Incomplete,Incomplete,Incomplete,Incomplete
"M00535 | Isoleucine biosynthesis, pyruvate => 2-oxobutanoate",1 block missing,Incomplete,2 blocks missing,1 block missing,Incomplete,1 block missing,Incomplete,1 block missing,1 block missing,Incomplete,2 blocks missing,1 block missing,1 block missing,2 blocks missing,2 blocks missing,1 block missing,2 blocks missing,1 block missing,1 block missing,Incomplete,Incomplete,2 blocks missing,Incomplete,2 blocks missing,1 block missing,2 blocks missing,Incomplete,Incomplete,Incomplete,1 block missing,2 blocks missing,2 blocks missing,Complete,2 blocks missing,Incomplete,1 block missing,2 blocks missing,2 blocks missing,2 blocks missing,1 block missing,Incomplete,1 block missing,2 blocks missing,2 blocks missing,Incomplete,2 blocks missing,2 blocks missing
"M00537 | Xylene degradation, xylene => methylbenzoate",Incomplete,Incomplete,Incomplete,Incomplete,Incomplete,Incomplete,Incomplete,Incomplete,Incomplete,Incomplete,Incomplete,Incomplete,Incomplete,Incomplete,Incomplete,Incomplete,Incomplete,Incomplete,Incomplete,Incomplete,Incomplete,Incomplete,Incomplete,Incomplete,Incomplete,Incomplete,Incomplete,Incomplete,Incomplete,Incomplete,Incomplete,Incomplete,Incomplete,Incomplete,Incomplete,Incomplete,Incomplete,Incomplete,Incomplete,Incomplete,Incomplete,Incomplete,Incomplete,Incomplete,Incomplete,Incomplete,Incomplete
"M00538 | Toluene degradation, toluene => benzoate",Incomplete,Incomplete,Incomplete,Incomplete,Incomplete,Incomplete,Incomplete,Incomplete,Incomplete,Incomplete,Incomplete,Incomplete,Incomplete,Incomplete,Incomplete,Incomplete,Incomplete,Incomplete,Incomplete,Incomplete,Incomplete,Incomplete,Incomplete,Incomplete,Incomplete,Incomplete,Incomplete,Incomplete,Incomplete,Incomplete,Incomplete,Incomplete,Incomplete,Incomplete,Incomplete,Incomplete,Incomplete,Incomplete,Incomplete,Incomplete,Incomplete,Incomplete,Incomplete,Incomplete,Incomplete,Incomplete,Incomplete
"M00539 | Cumate degradation, p-cumate => 2-oxopent-4-enoate + 2-methylpropanoate",Incomplete,Incomplete,Incomplete,Incomplete,Incomplete,Incomplete,Incomplete,Incomplete,Incomplete,Incomplete,Incomplete,Incomplete,Incomplete,Incomplete,Incomplete,Incomplete,Incomplete,Incomplete,Incomplete,Incomplete,Incomplete,Incomplete,Incomplete,Incomplete,Incomplete,Incomplete,Incomplete,Incomplete,Incomplete,Incomplete,Incomplete,Incomplete,Incomplete,Incomplete,Incomplete,Incomplete,Incomplete,Incomplete,Incomplete,Incomplete,Incomplete,Incomplete,Incomplete,Incomplete,Incomplete,Incomplete,Incomplete
"M00540 | Benzoate degradation, cyclohexanecarboxylic acid =>pimeloyl-CoA",Incomplete,Incomplete,Incomplete,Incomplete,Incomplete,Incomplete,Incomplete,Incomplete,Incomplete,Incomplete,Incomplete,Incomplete,Incomplete,Incomplete,Incomplete,Incomplete,Incomplete,Incomplete,Incomplete,Incomplete,Incomplete,Incomplete,Incomplete,Incomplete,Incomplete,Incomplete,Incomplete,Incomplete,Incomplete,Incomplete,Incomplete,Incomplete,Incomplete,Incomplete,Incomplete,Incomplete,Incomplete,Incomplete,Incomplete,Incomplete,Incomplete,Incomplete,Incomplete,Incomplete,Incomplete,Incomplete,Incomplete
"M00541 | Benzoyl-CoA degradation, benzoyl-CoA => 3-hydroxypimeloyl-CoA",Incomplete,Incomplete,Incomplete,Incomplete,Incomplete,Incomplete,Incomplete,Incomplete,Incomplete,Incomplete,Incomplete,Incomplete,Incomplete,Incomplete,Incomplete,Incomplete,Incomplete,Incomplete,Incomplete,Incomplete,Incomplete,Incomplete,Incomplete,Incomplete,Incomplete,Incomplete,Incomplete,Incomplete,Incomplete,Incomplete,Incomplete,Incomplete,Incomplete,Incomplete,Incomplete,Incomplete,Incomplete,Incomplete,Incomplete,Incomplete,Incomplete,Incomplete,Incomplete,Incomplete,Incomplete,Incomplete,Incomplete
"M00542 | EHEC/EPEC pathogenicity signature, T3SS and effectors",Incomplete,Incomplete,Incomplete,Incomplete,Incomplete,Incomplete,Incomplete,Incomplete,Incomplete,Incomplete,Incomplete,Incomplete,Incomplete,Incomplete,Incomplete,Incomplete,Incomplete,Incomplete,Incomplete,Incomplete,Incomplete,Incomplete,Incomplete,Incomplete,Incomplete,Incomplete,Incomplete,Incomplete,Incomplete,Incomplete,Incomplete,Incomplete,Incomplete,Incomplete,Incomplete,Incomplete,Incomplete,Incomplete,Incomplete,Incomplete,Incomplete,Incomplete,Incomplete,Incomplete,Incomplete,Incomplete,Incomplete
"M00543 | Biphenyl degradation, biphenyl => 2-oxopent-4-enoate + benzoate",Incomplete,Incomplete,Incomplete,Incomplete,Incomplete,Incomplete,Incomplete,Incomplete,Incomplete,Incomplete,Incomplete,Incomplete,Incomplete,Incomplete,Incomplete,Incomplete,Incomplete,Incomplete,Incomplete,Incomplete,Incomplete,Incomplete,Incomplete,Incomplete,Incomplete,Incomplete,Incomplete,Incomplete,Incomplete,Incomplete,Incomplete,Incomplete,Incomplete,Incomplete,Incomplete,Incomplete,Incomplete,Incomplete,Incomplete,Incomplete,Incomplete,Incomplete,Incomplete,Incomplete,Incomplete,Incomplete,Incomplete
"M00544 | Carbazole degradation, carbazole => 2-oxopent-4-enoate + anthranilate",Incomplete,Incomplete,Incomplete,Incomplete,Incomplete,Incomplete,Incomplete,Incomplete,Incomplete,Incomplete,Incomplete,Incomplete,Incomplete,Incomplete,Incomplete,Incomplete,Incomplete,Incomplete,Incomplete,Incomplete,Incomplete,Incomplete,Incomplete,Incomplete,Incomplete,Incomplete,Incomplete,Incomplete,Incomplete,Incomplete,Incomplete,Incomplete,Incomplete,Incomplete,Incomplete,Incomplete,Incomplete,Incomplete,Incomplete,Incomplete,Incomplete,Incomplete,Incomplete,Incomplete,Incomplete,Incomplete,Incomplete
"M00545 | Trans-cinnamate degradation, trans-cinnamate => acetyl-CoA",Incomplete,Incomplete,Incomplete,Incomplete,Incomplete,Incomplete,Incomplete,Incomplete,Incomplete,Incomplete,Incomplete,Incomplete,Incomplete,Incomplete,Incomplete,Incomplete,Incomplete,Incomplete,Incomplete,Incomplete,Incomplete,Incomplete,Incomplete,Incomplete,Incomplete,Incomplete,Incomplete,Incomplete,Incomplete,Incomplete,Incomplete,Incomplete,Incomplete,Incomplete,Incomplete,Incomplete,Incomplete,Incomplete,Incomplete,Incomplete,Incomplete,Incomplete,Incomplete,Incomplete,Incomplete,Incomplete,Incomplete
"M00546 | Purine degradation, xanthine => urea",Incomplete,Incomplete,Incomplete,Incomplete,Incomplete,Incomplete,Incomplete,Incomplete,Incomplete,Incomplete,Incomplete,Incomplete,Incomplete,Incomplete,Incomplete,Incomplete,Incomplete,Incomplete,Incomplete,Incomplete,Incomplete,Incomplete,Incomplete,Incomplete,Incomplete,Incomplete,Incomplete,Incomplete,Incomplete,Incomplete,Incomplete,Incomplete,Incomplete,Incomplete,Incomplete,Incomplete,Incomplete,Incomplete,Incomplete,Incomplete,Incomplete,Incomplete,Incomplete,Incomplete,Incomplete,Incomplete,Incomplete
"M00547 | Benzene/toluene degradation, benzene => catechol / toluene => 3-methylcatechol",2 blocks missing,2 blocks missing,2 blocks missing,2 blocks missing,2 blocks missing,2 blocks missing,2 blocks missing,2 blocks missing,2 blocks missing,2 blocks missing,2 blocks missing,2 blocks missing,2 blocks missing,2 blocks missing,2 blocks missing,2 blocks missing,2 blocks missing,2 blocks missing,2 blocks missing,2 blocks missing,2 blocks missing,2 blocks missing,2 blocks missing,2 blocks missing,2 blocks missing,2 blocks missing,2 blocks missing,2 blocks missing,2 blocks missing,2 blocks missing,2 blocks missing,2 blocks missing,2 blocks missing,2 blocks missing,2 blocks missing,2 blocks missing,2 blocks missing,2 blocks missing,2 blocks missing,2 blocks missing,2 blocks missing,2 blocks missing,2 blocks missing,2 blocks missing,2 blocks missing,2 blocks missing,2 blocks missing
"M00548 | Benzene degradation, benzene => catechol",1 block missing,1 block missing,1 block missing,1 block missing,1 block missing,1 block missing,1 block missing,1 block missing,1 block missing,1 block missing,1 block missing,1 block missing,1 block missing,1 block missing,1 block missing,1 block missing,1 block missing,1 block missing,1 block missing,1 block missing,1 block missing,1 block missing,1 block missing,1 block missing,1 block missing,1 block missing,1 block missing,1 block missing,1 block missing,1 block missing,1 block missing,1 block missing,1 block missing,1 block missing,1 block missing,1 block missing,1 block missing,1 block missing,1 block missing,1 block missing,1 block missing,1 block missing,1 block missing,1 block missing,1 block missing,1 block missing,1 block missing
"M00549 | Nucleotide sugar biosynthesis, glucose => UDP-glucose",2 blocks missing,Incomplete,1 block missing,2 blocks missing,Incomplete,Incomplete,1 block missing,Complete,1 block missing,Incomplete,2 blocks missing,1 block missing,1 block missing,2 blocks missing,Incomplete,2 blocks missing,1 block missing,2 blocks missing,1 block missing,2 blocks missing,2 blocks missing,2 blocks missing,Incomplete,2 blocks missing,Complete,Incomplete,Incomplete,1 block missing,2 blocks missing,2 blocks missing,Incomplete,1 block missing,Complete,1 block missing,2 blocks missing,1 block missing,2 blocks missing,2 blocks missing,1 block missing,2 blocks missing,Incomplete,1 block missing,1 block missing,Complete,Incomplete,Incomplete,Incomplete
"M00550 | Ascorbate degradation, ascorbate => D-xylulose-5P",Incomplete,Incomplete,Incomplete,Incomplete,Incomplete,Incomplete,Incomplete,Incomplete,Incomplete,Incomplete,Incomplete,Incomplete,Incomplete,Incomplete,Incomplete,Incomplete,Incomplete,Incomplete,Incomplete,Incomplete,Incomplete,Incomplete,Incomplete,Incomplete,Incomplete,Incomplete,Incomplete,Incomplete,Incomplete,Incomplete,Incomplete,2 blocks missing,Incomplete,Incomplete,Incomplete,Incomplete,Incomplete,Incomplete,Incomplete,Incomplete,Incomplete,Incomplete,2 blocks missing,Incomplete,Incomplete,Incomplete,Incomplete
"M00551 | Benzoate degradation, benzoate => catechol / methylbenzoate => methylcatechol",2 blocks missing,2 blocks missing,2 blocks missing,2 blocks missing,2 blocks missing,2 blocks missing,2 blocks missing,2 blocks missing,2 blocks missing,2 blocks missing,2 blocks missing,2 blocks missing,2 blocks missing,2 blocks missing,2 blocks missing,2 blocks missing,2 blocks missing,2 blocks missing,2 blocks missing,2 blocks missing,2 blocks missing,2 blocks missing,2 blocks missing,2 blocks missing,2 blocks missing,2 blocks missing,2 blocks missing,2 blocks missing,2 blocks missing,2 blocks missing,2 blocks missing,2 blocks missing,2 blocks missing,2 blocks missing,2 blocks missing,2 blocks missing,2 blocks missing,2 blocks missing,2 blocks missing,2 blocks missing,2 blocks missing,2 blocks missing,2 blocks missing,2 blocks missing,2 blocks missing,2 blocks missing,2 blocks missing
"M00552 | D-galactonate degradation, De Ley-Doudoroff pathway, D-galactonate => glycerate-3P",Incomplete,Incomplete,Incomplete,Incomplete,Incomplete,Incomplete,Incomplete,Incomplete,Incomplete,Incomplete,Incomplete,Incomplete,Incomplete,Incomplete,Incomplete,Incomplete,Incomplete,Incomplete,Incomplete,Incomplete,Incomplete,Incomplete,Incomplete,Incomplete,Incomplete,Incomplete,Incomplete,Incomplete,Incomplete,Incomplete,Incomplete,Incomplete,Incomplete,Incomplete,Incomplete,Incomplete,Incomplete,Incomplete,Incomplete,Incomplete,Incomplete,Incomplete,Incomplete,Incomplete,Incomplete,Incomplete,Incomplete
"M00554 | Nucleotide sugar biosynthesis, galactose => UDP-galactose",2 blocks missing,2 blocks missing,Complete,2 blocks missing,2 blocks missing,2 blocks missing,2 blocks missing,1 block missing,1 block missing,2 blocks missing,2 blocks missing,2 blocks missing,1 block missing,1 block missing,1 block missing,2 blocks missing,2 blocks missing,2 blocks missing,2 blocks missing,2 blocks missing,2 blocks missing,2 blocks missing,2 blocks missing,2 blocks missing,2 blocks missing,Complete,2 blocks missing,1 block missing,Complete,2 blocks missing,2 blocks missing,1 block missing,2 blocks missing,Complete,2 blocks missing,1 block missing,1 block missing,2 blocks missing,1 block missing,1 block missing,2 blocks missing,Complete,1 block missing,Complete,2 blocks missing,2 blocks missing,2 blocks missing
"M00555 | Betaine biosynthesis, choline => betaine",2 blocks missing,1 block missing,1 block missing,2 blocks missing,2 blocks missing,2 blocks missing,2 blocks missing,1 block missing,1 block missing,2 blocks missing,2 blocks missing,2 blocks missing,2 blocks missing,2 blocks missing,2 blocks missing,2 blocks missing,2 blocks missing,2 blocks missing,1 block missing,2 blocks missing,2 blocks missing,2 blocks missing,2 blocks missing,2 blocks missing,2 blocks missing,1 block missing,2 blocks missing,2 blocks missing,Complete,1 block missing,2 blocks missing,1 block missing,2 blocks missing,Complete,1 block missing,1 block missing,2 blocks missing,2 blocks missing,2 blocks missing,2 blocks missing,2 blocks missing,2 blocks missing,2 blocks missing,2 blocks missing,2 blocks missing,2 blocks missing,2 blocks missing
"M00563 | Methanogenesis, methylamine/dimethylamine/trimethylamine => methane",Incomplete,Incomplete,Incomplete,Incomplete,Incomplete,Incomplete,Incomplete,Incomplete,Incomplete,Incomplete,Incomplete,Incomplete,Incomplete,Incomplete,Incomplete,Incomplete,Incomplete,Incomplete,Incomplete,Incomplete,Incomplete,Incomplete,Incomplete,Incomplete,Incomplete,Incomplete,Incomplete,Incomplete,Incomplete,Incomplete,Incomplete,Incomplete,Incomplete,Incomplete,Incomplete,Incomplete,Incomplete,Incomplete,Incomplete,Incomplete,Incomplete,Incomplete,Incomplete,Incomplete,Incomplete,Incomplete,Incomplete
"M00564 | Helicobacter pylori pathogenicity signature, cagA pathogenicity island",Incomplete,Incomplete,Incomplete,Incomplete,Incomplete,Incomplete,Incomplete,Incomplete,Incomplete,Incomplete,Incomplete,Incomplete,Incomplete,Incomplete,Incomplete,Incomplete,Incomplete,Incomplete,Incomplete,Incomplete,Incomplete,Incomplete,Incomplete,Incomplete,Incomplete,Incomplete,Incomplete,Incomplete,Incomplete,Incomplete,Incomplete,Incomplete,Incomplete,Incomplete,Incomplete,Incomplete,Incomplete,Incomplete,Incomplete,Incomplete,Incomplete,Incomplete,Incomplete,Incomplete,Incomplete,Incomplete,Incomplete
"M00565 | Trehalose biosynthesis, D-glucose 1P => trehalose",Incomplete,Incomplete,Incomplete,Incomplete,Incomplete,Incomplete,Incomplete,2 blocks missing,2 blocks missing,Incomplete,Incomplete,Incomplete,Incomplete,Incomplete,Incomplete,Incomplete,Incomplete,Incomplete,Incomplete,Incomplete,Incomplete,Incomplete,Incomplete,Incomplete,Incomplete,Incomplete,Incomplete,Incomplete,Incomplete,Incomplete,Incomplete,Incomplete,2 blocks missing,Incomplete,Incomplete,Incomplete,Incomplete,Incomplete,Incomplete,Incomplete,Incomplete,Incomplete,Incomplete,Incomplete,Incomplete,Incomplete,Incomplete
"M00567 | Methanogenesis, CO2 => methane",Incomplete,Incomplete,Incomplete,Incomplete,Incomplete,Incomplete,Incomplete,Incomplete,Incomplete,Incomplete,Incomplete,Incomplete,Incomplete,Incomplete,Incomplete,Incomplete,Incomplete,Incomplete,Incomplete,Incomplete,Incomplete,Incomplete,Incomplete,Incomplete,Incomplete,Incomplete,Incomplete,Incomplete,Incomplete,Incomplete,Incomplete,Incomplete,Incomplete,Incomplete,Incomplete,Incomplete,Incomplete,Incomplete,Incomplete,Incomplete,Incomplete,Incomplete,Incomplete,Incomplete,Incomplete,Incomplete,Incomplete
"M00568 | Catechol ortho-cleavage, catechol => 3-oxoadipate",Incomplete,Incomplete,Incomplete,Incomplete,Incomplete,Incomplete,Incomplete,Incomplete,Incomplete,Incomplete,Incomplete,Incomplete,Incomplete,Incomplete,Incomplete,Incomplete,Incomplete,Incomplete,Incomplete,Incomplete,Incomplete,Incomplete,Incomplete,Incomplete,Incomplete,Incomplete,Incomplete,Incomplete,Incomplete,Incomplete,Incomplete,Incomplete,Incomplete,Incomplete,Incomplete,Incomplete,Incomplete,Incomplete,Incomplete,Incomplete,Incomplete,Incomplete,Incomplete,Incomplete,Incomplete,Incomplete,Incomplete
"M00569 | Catechol meta-cleavage, catechol => acetyl-CoA / 4-methylcatechol => propanoyl-CoA",Incomplete,Incomplete,Incomplete,Incomplete,Incomplete,Incomplete,Incomplete,Incomplete,Incomplete,Incomplete,Incomplete,Incomplete,Incomplete,Incomplete,Incomplete,Incomplete,Incomplete,Incomplete,Incomplete,Incomplete,Incomplete,Incomplete,Incomplete,Incomplete,Incomplete,Incomplete,Incomplete,Incomplete,Incomplete,Incomplete,Incomplete,Incomplete,Incomplete,Incomplete,Incomplete,Incomplete,Incomplete,Incomplete,Incomplete,Incomplete,Incomplete,Incomplete,Incomplete,Incomplete,Incomplete,Incomplete,Incomplete
"M00570 | Isoleucine biosynthesis, threonine => 2-oxobutanoate => isoleucine",Incomplete,2 blocks missing,Incomplete,Incomplete,Incomplete,Incomplete,Incomplete,Complete,2 blocks missing,Incomplete,2 blocks missing,1 block missing,1 block missing,2 blocks missing,Incomplete,Incomplete,Incomplete,1 block missing,Incomplete,Incomplete,Incomplete,2 blocks missing,Incomplete,Complete,Complete,Incomplete,Incomplete,Incomplete,Incomplete,Incomplete,Incomplete,Complete,1 block missing,Complete,Incomplete,Incomplete,2 blocks missing,Incomplete,Complete,2 blocks missing,Incomplete,Incomplete,2 blocks missing,Incomplete,Incomplete,Incomplete,Incomplete
"M00572 | Pimeloyl-ACP biosynthesis, BioC-BioH pathway, malonyl-ACP => pimeloyl-ACP",Incomplete,Incomplete,Incomplete,Incomplete,Incomplete,Incomplete,Incomplete,Incomplete,Incomplete,Incomplete,Incomplete,Incomplete,Incomplete,Incomplete,Incomplete,Incomplete,Incomplete,2 blocks missing,Incomplete,Incomplete,Incomplete,Incomplete,Incomplete,Incomplete,2 blocks missing,Incomplete,Incomplete,Incomplete,Incomplete,Incomplete,Incomplete,Incomplete,2 blocks missing,Incomplete,Incomplete,Incomplete,Incomplete,Incomplete,Incomplete,Incomplete,Incomplete,2 blocks missing,Incomplete,Incomplete,Incomplete,Incomplete,Incomplete
"M00573 | Biotin biosynthesis, BioI pathway, long-chain-acyl-ACP => pimeloyl-ACP => biotin",Incomplete,Incomplete,Incomplete,2 blocks missing,Incomplete,Incomplete,Incomplete,Incomplete,Incomplete,Incomplete,Incomplete,Incomplete,2 blocks missing,Incomplete,Incomplete,Incomplete,Incomplete,Incomplete,Incomplete,Incomplete,Incomplete,Incomplete,Incomplete,2 blocks missing,2 blocks missing,Incomplete,Incomplete,Incomplete,Incomplete,Incomplete,Incomplete,Incomplete,2 blocks missing,Incomplete,Incomplete,Incomplete,Incomplete,Incomplete,Incomplete,Incomplete,Incomplete,Incomplete,Incomplete,Incomplete,Incomplete,Incomplete,Incomplete
"M00574 | Pertussis pathogenicity signature, pertussis toxin",Incomplete,Incomplete,Incomplete,Incomplete,Incomplete,Incomplete,Incomplete,Incomplete,Incomplete,Incomplete,Incomplete,Incomplete,Incomplete,Incomplete,Incomplete,Incomplete,Incomplete,Incomplete,Incomplete,Incomplete,Incomplete,Incomplete,Incomplete,Incomplete,Incomplete,Incomplete,Incomplete,Incomplete,Incomplete,Incomplete,Incomplete,Incomplete,Incomplete,Incomplete,Incomplete,Incomplete,Incomplete,Incomplete,Incomplete,Incomplete,Incomplete,Incomplete,Incomplete,Incomplete,Incomplete,Incomplete,Incomplete
"M00575 | Pertussis pathogenicity signature, T1SS",Incomplete,Incomplete,Incomplete,Incomplete,Incomplete,Incomplete,Incomplete,Incomplete,Incomplete,Incomplete,Incomplete,Incomplete,Incomplete,Incomplete,Incomplete,Incomplete,Incomplete,Incomplete,Incomplete,Incomplete,Incomplete,Incomplete,Incomplete,Incomplete,Incomplete,Incomplete,Incomplete,Incomplete,Incomplete,Incomplete,Incomplete,Incomplete,Incomplete,Incomplete,Incomplete,Incomplete,Incomplete,Incomplete,Incomplete,Incomplete,Incomplete,Incomplete,Incomplete,Incomplete,Incomplete,Incomplete,Incomplete
"M00576 | ETEC pathogenicity signature, heat-labile and heat-stable enterotoxins",2 blocks missing,2 blocks missing,2 blocks missing,2 blocks missing,2 blocks missing,2 blocks missing,2 blocks missing,2 blocks missing,2 blocks missing,2 blocks missing,2 blocks missing,2 blocks missing,2 blocks missing,2 blocks missing,2 blocks missing,2 blocks missing,2 blocks missing,2 blocks missing,2 blocks missing,2 blocks missing,2 blocks missing,2 blocks missing,2 blocks missing,2 blocks missing,2 blocks missing,2 blocks missing,2 blocks missing,2 blocks missing,2 blocks missing,2 blocks missing,2 blocks missing,2 blocks missing,2 blocks missing,2 blocks missing,2 blocks missing,2 blocks missing,2 blocks missing,2 blocks missing,2 blocks missing,2 blocks missing,2 blocks missing,2 blocks missing,2 blocks missing,2 blocks missing,2 blocks missing,2 blocks missing,2 blocks missing
"M00577 | Biotin biosynthesis, BioW pathway, pimelate => pimeloyl-CoA => biotin",Incomplete,Incomplete,Incomplete,1 block missing,Incomplete,Incomplete,Incomplete,Incomplete,Incomplete,Incomplete,Incomplete,Incomplete,Complete,Incomplete,Incomplete,Incomplete,Incomplete,Incomplete,Incomplete,Incomplete,Incomplete,Incomplete,Incomplete,1 block missing,1 block missing,Incomplete,Incomplete,Incomplete,Incomplete,Incomplete,Incomplete,Incomplete,2 blocks missing,2 blocks missing,Incomplete,Incomplete,Incomplete,Incomplete,Incomplete,Incomplete,Incomplete,Incomplete,Incomplete,Incomplete,Incomplete,Incomplete,Incomplete
"M00579 | Phosphate acetyltransferase-acetate kinase pathway, acetyl-CoA => acetate",2 blocks missing,2 blocks missing,2 blocks missing,2 blocks missing,2 blocks missing,2 blocks missing,2 blocks missing,1 block missing,2 blocks missing,2 blocks missing,1 block missing,2 blocks missing,2 blocks missing,Complete,Complete,2 blocks missing,2 blocks missing,2 blocks missing,2 blocks missing,2 blocks missing,2 blocks missing,2 blocks missing,2 blocks missing,2 blocks missing,2 blocks missing,1 block missing,2 blocks missing,2 blocks missing,2 blocks missing,2 blocks missing,2 blocks missing,2 blocks missing,Complete,2 blocks missing,2 blocks missing,2 blocks missing,2 blocks missing,2 blocks missing,Complete,2 blocks missing,2 blocks missing,2 blocks missing,2 blocks missing,2 blocks missing,2 blocks missing,2 blocks missing,2 blocks missing
"M00580 | Pentose phosphate pathway, archaea, fructose 6P => ribose 5P",2 blocks missing,Complete,Incomplete,Incomplete,2 blocks missing,1 block missing,Complete,Incomplete,Incomplete,2 blocks missing,1 block missing,Incomplete,Incomplete,2 blocks missing,Incomplete,2 blocks missing,Complete,Incomplete,Complete,1 block missing,2 blocks missing,Complete,2 blocks missing,2 blocks missing,2 blocks missing,Incomplete,1 block missing,Incomplete,Incomplete,Complete,1 block missing,Incomplete,2 blocks missing,Incomplete,2 blocks missing,Complete,1 block missing,Complete,Incomplete,Incomplete,Incomplete,Incomplete,Incomplete,Incomplete,1 block missing,1 block missing,2 blocks missing
"M00595 | Thiosulfate oxidation by SOX complex, thiosulfate => sulfate",1 block missing,1 block missing,1 block missing,1 block missing,1 block missing,1 block missing,1 block missing,1 block missing,1 block missing,1 block missing,1 block missing,1 block missing,1 block missing,1 block missing,1 block missing,1 block missing,1 block missing,1 block missing,1 block missing,1 block missing,1 block missing,1 block missing,1 block missing,1 block missing,1 block missing,1 block missing,1 block missing,1 block missing,1 block missing,1 block missing,1 block missing,1 block missing,1 block missing,1 block missing,1 block missing,1 block missing,1 block missing,1 block missing,1 block missing,1 block missing,1 block missing,1 block missing,1 block missing,1 block missing,1 block missing,1 block missing,1 block missing
"M00596 | Dissimilatory sulfate reduction, sulfate => H2S",Incomplete,2 blocks missing,2 blocks missing,Incomplete,Incomplete,Incomplete,Incomplete,Incomplete,2 blocks missing,Incomplete,Incomplete,Incomplete,2 blocks missing,Incomplete,2 blocks missing,Incomplete,Incomplete,2 blocks missing,Incomplete,Incomplete,Incomplete,Incomplete,Incomplete,2 blocks missing,2 blocks missing,Incomplete,Incomplete,2 blocks missing,2 blocks missing,Incomplete,Incomplete,2 blocks missing,2 blocks missing,Incomplete,Incomplete,Incomplete,Incomplete,Incomplete,Incomplete,Incomplete,Incomplete,2 blocks missing,Incomplete,2 blocks missing,Incomplete,Incomplete,Incomplete
M00597 | Anoxygenic photosystem II,1 block missing,1 block missing,1 block missing,1 block missing,1 block missing,1 block missing,1 block missing,1 block missing,1 block missing,1 block missing,1 block missing,1 block missing,1 block missing,1 block missing,1 block missing,1 block missing,1 block missing,1 block missing,1 block missing,1 block missing,1 block missing,1 block missing,1 block missing,1 block missing,1 block missing,1 block missing,1 block missing,1 block missing,1 block missing,1 block missing,1 block missing,1 block missing,1 block missing,1 block missing,1 block missing,1 block missing,1 block missing,1 block missing,1 block missing,1 block missing,1 block missing,1 block missing,1 block missing,1 block missing,1 block missing,1 block missing,1 block missing
M00598 | Anoxygenic photosystem I,1 block missing,1 block missing,1 block missing,1 block missing,1 block missing,1 block missing,1 block missing,1 block missing,1 block missing,1 block missing,1 block missing,1 block missing,1 block missing,1 block missing,1 block missing,1 block missing,1 block missing,1 block missing,1 block missing,1 block missing,1 block missing,1 block missing,1 block missing,1 block missing,1 block missing,1 block missing,1 block missing,1 block missing,1 block missing,1 block missing,1 block missing,1 block missing,1 block missing,1 block missing,1 block missing,1 block missing,1 block missing,1 block missing,1 block missing,1 block missing,1 block missing,1 block missing,1 block missing,1 block missing,1 block missing,1 block missing,1 block missing
"M00608 | 2-Oxocarboxylic acid chain extension, 2-oxoglutarate => 2-oxoadipate => 2-oxopimelate => 2-oxosuberate",Incomplete,Incomplete,2 blocks missing,Incomplete,Incomplete,Incomplete,Incomplete,Incomplete,Incomplete,Incomplete,Incomplete,Incomplete,Incomplete,Incomplete,Incomplete,Incomplete,Incomplete,Incomplete,Incomplete,Incomplete,Incomplete,Incomplete,Incomplete,Incomplete,Incomplete,Incomplete,Incomplete,Incomplete,2 blocks missing,2 blocks missing,Incomplete,2 blocks missing,Incomplete,1 block missing,Incomplete,Incomplete,2 blocks missing,Incomplete,Incomplete,Incomplete,Incomplete,Incomplete,Incomplete,Incomplete,Incomplete,Incomplete,Incomplete
"M00609 | Cysteine biosynthesis, methionine => cysteine",Incomplete,Incomplete,Incomplete,Incomplete,Incomplete,Incomplete,Incomplete,Incomplete,Incomplete,Incomplete,Incomplete,Incomplete,Incomplete,Incomplete,Incomplete,Incomplete,Incomplete,Incomplete,Incomplete,Incomplete,Incomplete,Incomplete,Incomplete,Incomplete,Incomplete,Incomplete,Incomplete,Incomplete,Incomplete,Incomplete,Incomplete,Incomplete,Incomplete,Incomplete,Incomplete,Incomplete,Incomplete,Incomplete,Incomplete,Incomplete,Incomplete,Incomplete,Incomplete,Incomplete,Incomplete,Incomplete,Incomplete
M00611 | Oxygenic_photosynthesis_in_plants_and_cyanobacteria,Incomplete,Incomplete,Incomplete,Incomplete,Incomplete,Incomplete,Incomplete,2 blocks missing,Incomplete,Incomplete,Incomplete,Incomplete,Incomplete,Incomplete,Incomplete,Incomplete,Incomplete,Incomplete,Incomplete,Incomplete,Incomplete,Incomplete,Incomplete,Incomplete,Incomplete,Incomplete,Incomplete,Incomplete,Incomplete,Incomplete,Incomplete,Incomplete,Complete,Incomplete,Incomplete,Incomplete,Incomplete,Incomplete,Incomplete,Incomplete,Incomplete,Incomplete,Incomplete,Incomplete,Incomplete,Incomplete,Incomplete
M00612 | Anoxygenic_photosynthesis_in_purple_bacteria,Incomplete,Incomplete,Incomplete,Incomplete,Incomplete,Incomplete,Incomplete,2 blocks missing,Incomplete,Incomplete,Incomplete,Incomplete,Incomplete,Incomplete,Incomplete,Incomplete,Incomplete,Incomplete,Incomplete,Incomplete,Incomplete,Incomplete,Incomplete,Incomplete,Incomplete,Incomplete,Incomplete,Incomplete,Incomplete,Incomplete,Incomplete,Incomplete,1 block missing,Incomplete,Incomplete,Incomplete,Incomplete,Incomplete,Incomplete,Incomplete,Incomplete,Incomplete,Incomplete,Incomplete,Incomplete,Incomplete,Incomplete
M00613 | Anoxygenic_photosynthesis_in_green_nonsulfur_bacteria,Incomplete,Incomplete,Incomplete,Incomplete,Incomplete,Incomplete,Incomplete,Incomplete,Incomplete,Incomplete,Incomplete,Incomplete,Incomplete,Incomplete,Incomplete,Incomplete,Incomplete,Incomplete,Incomplete,Incomplete,Incomplete,Incomplete,Incomplete,Incomplete,Incomplete,Incomplete,Incomplete,Incomplete,Incomplete,Incomplete,Incomplete,Incomplete,Incomplete,Incomplete,Incomplete,Incomplete,Incomplete,Incomplete,Incomplete,Incomplete,Incomplete,Incomplete,Incomplete,Incomplete,Incomplete,Incomplete,Incomplete
M00614 | Anoxygenic_photosynthesis_in_green_sulfur_bacteria,Incomplete,Incomplete,Incomplete,Incomplete,Incomplete,Incomplete,Incomplete,Incomplete,Incomplete,Incomplete,Incomplete,Incomplete,Incomplete,Incomplete,Incomplete,Incomplete,Incomplete,Incomplete,Incomplete,Incomplete,Incomplete,Incomplete,Incomplete,Incomplete,Incomplete,Incomplete,Incomplete,Incomplete,Incomplete,Incomplete,Incomplete,Incomplete,Incomplete,Incomplete,Incomplete,Incomplete,Incomplete,Incomplete,Incomplete,Incomplete,Incomplete,Incomplete,Incomplete,Incomplete,Incomplete,Incomplete,Incomplete
M00615 | Nitrate_assimilation,Incomplete,Incomplete,Incomplete,Incomplete,Incomplete,Incomplete,Incomplete,Incomplete,Incomplete,Incomplete,Incomplete,Incomplete,Incomplete,Incomplete,Incomplete,Incomplete,Incomplete,Incomplete,Incomplete,Incomplete,Incomplete,Incomplete,Incomplete,Incomplete,Incomplete,Incomplete,Incomplete,Incomplete,Incomplete,Incomplete,Incomplete,Incomplete,Incomplete,Incomplete,Incomplete,Incomplete,Incomplete,Incomplete,Incomplete,Incomplete,Incomplete,Incomplete,Incomplete,Incomplete,Incomplete,Incomplete,Incomplete
M00616 | Sulfate-sulfur_assimilation,Incomplete,Incomplete,Incomplete,Incomplete,Incomplete,Incomplete,Incomplete,Incomplete,Incomplete,Incomplete,Incomplete,Incomplete,Incomplete,Incomplete,Incomplete,Incomplete,Incomplete,Incomplete,Incomplete,Incomplete,Incomplete,Incomplete,Incomplete,Incomplete,Incomplete,Incomplete,Incomplete,Incomplete,Incomplete,Incomplete,Incomplete,Incomplete,Complete,Incomplete,Incomplete,Incomplete,Incomplete,Incomplete,Incomplete,Incomplete,Incomplete,Incomplete,Incomplete,Incomplete,Incomplete,Incomplete,Incomplete
M00617 | Methanogen,Incomplete,Incomplete,Incomplete,Incomplete,Incomplete,Incomplete,Incomplete,Incomplete,Incomplete,2 blocks missing,Incomplete,Incomplete,Incomplete,Incomplete,Incomplete,Incomplete,Incomplete,Incomplete,Incomplete,Incomplete,2 blocks missing,Incomplete,Incomplete,Incomplete,Incomplete,Incomplete,Incomplete,Incomplete,Incomplete,Incomplete,Incomplete,Incomplete,Incomplete,Incomplete,Incomplete,Incomplete,Incomplete,Incomplete,Incomplete,Incomplete,Incomplete,Incomplete,Incomplete,Incomplete,Incomplete,Incomplete,Incomplete
M00618 | Acetogen,Incomplete,Incomplete,Incomplete,Incomplete,Incomplete,Incomplete,Incomplete,Incomplete,Incomplete,Incomplete,Incomplete,Incomplete,Incomplete,Incomplete,Incomplete,Incomplete,Incomplete,Incomplete,Incomplete,Incomplete,Incomplete,Incomplete,Incomplete,Incomplete,Incomplete,Incomplete,Incomplete,Incomplete,Incomplete,Incomplete,Incomplete,Incomplete,Incomplete,Incomplete,Incomplete,Incomplete,Incomplete,Incomplete,Incomplete,Incomplete,Incomplete,Incomplete,Incomplete,Incomplete,Incomplete,Incomplete,Incomplete
"M00620 | Incomplete reductive citrate cycle, acetyl-CoA => oxoglutarate",Incomplete,Incomplete,Incomplete,Incomplete,Incomplete,Incomplete,Incomplete,Incomplete,Incomplete,Incomplete,Incomplete,Incomplete,Incomplete,Incomplete,Incomplete,Incomplete,Incomplete,Incomplete,Incomplete,Incomplete,Incomplete,Incomplete,Incomplete,Incomplete,Incomplete,Incomplete,Incomplete,Incomplete,Incomplete,Incomplete,Incomplete,Incomplete,Incomplete,Incomplete,Incomplete,Incomplete,Incomplete,Incomplete,Incomplete,Incomplete,Incomplete,Incomplete,Incomplete,Incomplete,Incomplete,Incomplete,Incomplete
"M00622 | Nicotinate degradation, nicotinate => fumarate",Incomplete,Incomplete,Incomplete,Incomplete,Incomplete,Incomplete,Incomplete,Incomplete,Incomplete,Incomplete,Incomplete,Incomplete,Incomplete,Incomplete,Incomplete,Incomplete,Incomplete,Incomplete,Incomplete,Incomplete,Incomplete,Incomplete,Incomplete,Incomplete,Incomplete,Incomplete,Incomplete,Incomplete,Incomplete,Incomplete,Incomplete,Incomplete,Incomplete,Incomplete,Incomplete,Incomplete,Incomplete,Incomplete,Incomplete,Incomplete,Incomplete,Incomplete,Incomplete,Incomplete,Incomplete,Incomplete,Incomplete
"M00623 | Phthalate degradation, phthalate => protocatechuate",Incomplete,Incomplete,Incomplete,Incomplete,Incomplete,Incomplete,Incomplete,Incomplete,Incomplete,Incomplete,Incomplete,Incomplete,Incomplete,Incomplete,Incomplete,Incomplete,Incomplete,Incomplete,Incomplete,Incomplete,Incomplete,Incomplete,Incomplete,Incomplete,Incomplete,Incomplete,Incomplete,Incomplete,Incomplete,Incomplete,Incomplete,Incomplete,Incomplete,Incomplete,Incomplete,Incomplete,Incomplete,Incomplete,Incomplete,Incomplete,Incomplete,Incomplete,Incomplete,Incomplete,Incomplete,Incomplete,Incomplete
"M00624 | Terephthalate degradation, terephthalate => 3,4-dihydroxybenzoate",2 blocks missing,2 blocks missing,2 blocks missing,2 blocks missing,2 blocks missing,2 blocks missing,2 blocks missing,2 blocks missing,2 blocks missing,2 blocks missing,2 blocks missing,2 blocks missing,2 blocks missing,2 blocks missing,2 blocks missing,2 blocks missing,2 blocks missing,2 blocks missing,2 blocks missing,2 blocks missing,2 blocks missing,2 blocks missing,2 blocks missing,2 blocks missing,2 blocks missing,2 blocks missing,2 blocks missing,2 blocks missing,2 blocks missing,2 blocks missing,2 blocks missing,2 blocks missing,2 blocks missing,2 blocks missing,2 blocks missing,2 blocks missing,2 blocks missing,2 blocks missing,2 blocks missing,2 blocks missing,2 blocks missing,2 blocks missing,2 blocks missing,2 blocks missing,2 blocks missing,2 blocks missing,2 blocks missing
M00625 | Methicillin resistance,Incomplete,Incomplete,Incomplete,Incomplete,Incomplete,Incomplete,Incomplete,Incomplete,Incomplete,Incomplete,Incomplete,Incomplete,Incomplete,Incomplete,Incomplete,Incomplete,Incomplete,Incomplete,Incomplete,Incomplete,Incomplete,Incomplete,Incomplete,Incomplete,Incomplete,Incomplete,Incomplete,Incomplete,Incomplete,Incomplete,Incomplete,Incomplete,Incomplete,Incomplete,Incomplete,Incomplete,Incomplete,Incomplete,Incomplete,Incomplete,Incomplete,Incomplete,Incomplete,Incomplete,Incomplete,Incomplete,Incomplete
"M00627 | beta-Lactam resistance, Bla system",Incomplete,Incomplete,Incomplete,Incomplete,Incomplete,Incomplete,Incomplete,Incomplete,Incomplete,Incomplete,Incomplete,Incomplete,Incomplete,Incomplete,Incomplete,Incomplete,Incomplete,Incomplete,Incomplete,Incomplete,Incomplete,Incomplete,Incomplete,Incomplete,Incomplete,Incomplete,Incomplete,Incomplete,Incomplete,Incomplete,Incomplete,Incomplete,2 blocks missing,Incomplete,Incomplete,Incomplete,Incomplete,Incomplete,Incomplete,Incomplete,Incomplete,2 blocks missing,Incomplete,Incomplete,Incomplete,Incomplete,Incomplete
"M00630 | D-Galacturonate degradation (fungi), D-galacturonate => glycerol",Incomplete,Incomplete,Incomplete,Incomplete,Incomplete,Incomplete,Incomplete,Incomplete,Incomplete,Incomplete,Incomplete,Incomplete,Incomplete,Incomplete,Incomplete,Incomplete,Incomplete,Incomplete,Incomplete,Incomplete,Incomplete,Incomplete,Incomplete,Incomplete,Incomplete,Incomplete,Incomplete,Incomplete,Incomplete,Incomplete,Incomplete,Incomplete,Incomplete,Incomplete,Incomplete,Incomplete,Incomplete,Incomplete,Incomplete,Incomplete,Incomplete,Incomplete,Incomplete,Incomplete,Incomplete,Incomplete,Incomplete
"M00631 | D-Galacturonate degradation (bacteria), D-galacturonate => pyruvate + D-glyceraldehyde 3P",Incomplete,Incomplete,Incomplete,Incomplete,Incomplete,Incomplete,Incomplete,Incomplete,Incomplete,Incomplete,Incomplete,Incomplete,Incomplete,Incomplete,Incomplete,Incomplete,Incomplete,Incomplete,Incomplete,Incomplete,Incomplete,Incomplete,Incomplete,Incomplete,Incomplete,Incomplete,Incomplete,Incomplete,Incomplete,Incomplete,Incomplete,Incomplete,Incomplete,Incomplete,Incomplete,Incomplete,Incomplete,Incomplete,2 blocks missing,Incomplete,Incomplete,Incomplete,Incomplete,Incomplete,Incomplete,Incomplete,Incomplete
"M00632 | Galactose degradation, Leloir pathway, galactose => alpha-D-glucose-1P",Incomplete,Incomplete,1 block missing,Incomplete,Incomplete,Incomplete,Incomplete,1 block missing,2 blocks missing,Incomplete,Incomplete,Incomplete,2 blocks missing,1 block missing,2 blocks missing,Incomplete,Incomplete,Incomplete,Incomplete,Incomplete,Incomplete,Incomplete,Incomplete,Incomplete,Incomplete,1 block missing,Incomplete,1 block missing,1 block missing,Incomplete,2 blocks missing,2 blocks missing,Incomplete,Complete,Incomplete,2 blocks missing,2 blocks missing,Incomplete,2 blocks missing,Incomplete,Incomplete,1 block missing,2 blocks missing,1 block missing,Incomplete,Incomplete,Incomplete
"M00633 | Semi-phosphorylative Entner-Doudoroff pathway, gluconate/galactonate => glycerate-3P",Incomplete,Incomplete,Incomplete,Incomplete,Incomplete,Incomplete,Incomplete,Incomplete,Incomplete,Incomplete,Incomplete,Incomplete,Incomplete,Incomplete,Incomplete,Incomplete,Incomplete,Incomplete,Incomplete,Incomplete,Incomplete,Incomplete,Incomplete,Incomplete,Incomplete,Incomplete,Incomplete,Incomplete,Incomplete,Incomplete,Incomplete,Incomplete,Incomplete,Incomplete,Incomplete,Incomplete,Incomplete,Incomplete,Incomplete,Incomplete,Incomplete,Incomplete,Incomplete,Incomplete,Incomplete,Incomplete,Incomplete
"M00636 | Phthalate degradation, phthalate => protocatechuate",Incomplete,Incomplete,Incomplete,Incomplete,Incomplete,Incomplete,Incomplete,Incomplete,Incomplete,Incomplete,Incomplete,Incomplete,Incomplete,Incomplete,Incomplete,Incomplete,Incomplete,Incomplete,Incomplete,Incomplete,Incomplete,Incomplete,Incomplete,Incomplete,Incomplete,Incomplete,Incomplete,Incomplete,Incomplete,Incomplete,Incomplete,Incomplete,Incomplete,Incomplete,Incomplete,Incomplete,Incomplete,Incomplete,Incomplete,Incomplete,Incomplete,Incomplete,Incomplete,Incomplete,Incomplete,Incomplete,Incomplete
"M00637 | Anthranilate degradation, anthranilate => catechol",1 block missing,1 block missing,1 block missing,1 block missing,1 block missing,1 block missing,1 block missing,1 block missing,1 block missing,1 block missing,1 block missing,1 block missing,1 block missing,1 block missing,1 block missing,1 block missing,1 block missing,1 block missing,1 block missing,1 block missing,1 block missing,1 block missing,1 block missing,1 block missing,1 block missing,1 block missing,1 block missing,1 block missing,1 block missing,1 block missing,1 block missing,1 block missing,1 block missing,1 block missing,1 block missing,1 block missing,1 block missing,1 block missing,1 block missing,1 block missing,1 block missing,1 block missing,1 block missing,1 block missing,1 block missing,1 block missing,1 block missing
"M00638 | Salicylate degradation, salicylate => gentisate",1 block missing,1 block missing,1 block missing,1 block missing,1 block missing,1 block missing,1 block missing,1 block missing,1 block missing,1 block missing,1 block missing,1 block missing,1 block missing,1 block missing,1 block missing,1 block missing,1 block missing,1 block missing,1 block missing,1 block missing,1 block missing,1 block missing,1 block missing,1 block missing,1 block missing,1 block missing,1 block missing,1 block missing,1 block missing,1 block missing,1 block missing,1 block missing,1 block missing,1 block missing,1 block missing,1 block missing,1 block missing,1 block missing,1 block missing,1 block missing,1 block missing,1 block missing,1 block missing,1 block missing,1 block missing,1 block missing,1 block missing
"M00639 | Multidrug resistance, efflux pump MexCD-OprJ",2 blocks missing,2 blocks missing,2 blocks missing,2 blocks missing,2 blocks missing,2 blocks missing,2 blocks missing,2 blocks missing,2 blocks missing,2 blocks missing,2 blocks missing,2 blocks missing,2 blocks missing,2 blocks missing,2 blocks missing,2 blocks missing,2 blocks missing,2 blocks missing,2 blocks missing,2 blocks missing,2 blocks missing,2 blocks missing,2 blocks missing,2 blocks missing,2 blocks missing,2 blocks missing,2 blocks missing,2 blocks missing,2 blocks missing,2 blocks missing,2 blocks missing,2 blocks missing,2 blocks missing,2 blocks missing,2 blocks missing,2 blocks missing,2 blocks missing,2 blocks missing,2 blocks missing,2 blocks missing,2 blocks missing,2 blocks missing,2 blocks missing,2 blocks missing,2 blocks missing,2 blocks missing,2 blocks missing
"M00641 | Multidrug resistance, efflux pump MexEF-OprN",2 blocks missing,2 blocks missing,2 blocks missing,2 blocks missing,2 blocks missing,2 blocks missing,2 blocks missing,2 blocks missing,2 blocks missing,2 blocks missing,2 blocks missing,2 blocks missing,2 blocks missing,2 blocks missing,2 blocks missing,2 blocks missing,2 blocks missing,2 blocks missing,2 blocks missing,2 blocks missing,2 blocks missing,2 blocks missing,2 blocks missing,2 blocks missing,2 blocks missing,2 blocks missing,2 blocks missing,2 blocks missing,2 blocks missing,2 blocks missing,2 blocks missing,2 blocks missing,2 blocks missing,2 blocks missing,2 blocks missing,2 blocks missing,2 blocks missing,2 blocks missing,2 blocks missing,2 blocks missing,2 blocks missing,2 blocks missing,2 blocks missing,2 blocks missing,2 blocks missing,2 blocks missing,2 blocks missing
"M00642 | Multidrug resistance, efflux pump MexJK-OprM",2 blocks missing,2 blocks missing,2 blocks missing,2 blocks missing,2 blocks missing,2 blocks missing,2 blocks missing,2 blocks missing,2 blocks missing,2 blocks missing,2 blocks missing,2 blocks missing,2 blocks missing,2 blocks missing,2 blocks missing,2 blocks missing,2 blocks missing,2 blocks missing,2 blocks missing,2 blocks missing,2 blocks missing,2 blocks missing,2 blocks missing,2 blocks missing,2 blocks missing,2 blocks missing,2 blocks missing,2 blocks missing,2 blocks missing,2 blocks missing,2 blocks missing,2 blocks missing,2 blocks missing,2 blocks missing,2 blocks missing,2 blocks missing,2 blocks missing,2 blocks missing,2 blocks missing,2 blocks missing,2 blocks missing,2 blocks missing,2 blocks missing,2 blocks missing,2 blocks missing,2 blocks missing,2 blocks missing
"M00643 | Multidrug resistance, efflux pump MexXY-OprM",2 blocks missing,2 blocks missing,2 blocks missing,2 blocks missing,2 blocks missing,2 blocks missing,2 blocks missing,2 blocks missing,2 blocks missing,2 blocks missing,2 blocks missing,2 blocks missing,2 blocks missing,2 blocks missing,2 blocks missing,2 blocks missing,2 blocks missing,2 blocks missing,2 blocks missing,2 blocks missing,2 blocks missing,2 blocks missing,2 blocks missing,2 blocks missing,2 blocks missing,2 blocks missing,2 blocks missing,2 blocks missing,2 blocks missing,2 blocks missing,2 blocks missing,2 blocks missing,2 blocks missing,2 blocks missing,2 blocks missing,2 blocks missing,2 blocks missing,2 blocks missing,2 blocks missing,2 blocks missing,2 blocks missing,2 blocks missing,2 blocks missing,2 blocks missing,2 blocks missing,2 blocks missing,2 blocks missing
"M00649 | Multidrug resistance, efflux pump AdeABC",Incomplete,Incomplete,Incomplete,Incomplete,Incomplete,Incomplete,Incomplete,Incomplete,Incomplete,Incomplete,Incomplete,Incomplete,Incomplete,Incomplete,Incomplete,Incomplete,Incomplete,Incomplete,Incomplete,Incomplete,Incomplete,Incomplete,Incomplete,Incomplete,Incomplete,Incomplete,Incomplete,Incomplete,Incomplete,Incomplete,Incomplete,Incomplete,Incomplete,Incomplete,Incomplete,Incomplete,Incomplete,Incomplete,Incomplete,Incomplete,Incomplete,Incomplete,Incomplete,Incomplete,Incomplete,Incomplete,Incomplete
"M00651 | Vancomycin resistance, D-Ala-D-Lac type",Incomplete,Incomplete,Incomplete,Incomplete,Incomplete,Incomplete,Incomplete,Incomplete,Incomplete,Incomplete,Incomplete,Incomplete,Incomplete,Incomplete,Incomplete,Incomplete,Incomplete,Incomplete,Incomplete,Incomplete,Incomplete,Incomplete,Incomplete,Incomplete,Incomplete,Incomplete,Incomplete,Incomplete,Incomplete,Incomplete,Incomplete,Incomplete,Incomplete,Incomplete,Incomplete,Incomplete,Incomplete,Incomplete,Incomplete,Incomplete,Incomplete,Incomplete,Incomplete,Incomplete,Incomplete,Incomplete,Incomplete
"M00652 | Vancomycin resistance, D-Ala-D-Ser type",Incomplete,Incomplete,Incomplete,Incomplete,Incomplete,Incomplete,Incomplete,Incomplete,Incomplete,Incomplete,Incomplete,Incomplete,Incomplete,Incomplete,Incomplete,Incomplete,Incomplete,Incomplete,Incomplete,Incomplete,Incomplete,Incomplete,Incomplete,Incomplete,Incomplete,Incomplete,Incomplete,Incomplete,Incomplete,Incomplete,Incomplete,Incomplete,Incomplete,Incomplete,Incomplete,Incomplete,Incomplete,Incomplete,Incomplete,Incomplete,Incomplete,Incomplete,Incomplete,Incomplete,Incomplete,Incomplete,Incomplete
"M00660 | Xanthomonas spp. pathogenicity signature, T3SS and effectors",Incomplete,Incomplete,Incomplete,Incomplete,Incomplete,Incomplete,Incomplete,Incomplete,Incomplete,Incomplete,Incomplete,Incomplete,Incomplete,Incomplete,Incomplete,Incomplete,Incomplete,Incomplete,Incomplete,Incomplete,Incomplete,Incomplete,Incomplete,Incomplete,Incomplete,Incomplete,Incomplete,Incomplete,Incomplete,Incomplete,Incomplete,Incomplete,Incomplete,Incomplete,Incomplete,Incomplete,Incomplete,Incomplete,Incomplete,Incomplete,Incomplete,Incomplete,Incomplete,Incomplete,Incomplete,Incomplete,Incomplete
"M00661 | Paspaline biosynthesis, geranylgeranyl-PP + indoleglycerol phosphate => paspaline",Incomplete,Incomplete,Incomplete,Incomplete,Incomplete,Incomplete,Incomplete,Incomplete,Incomplete,Incomplete,Incomplete,Incomplete,Incomplete,Incomplete,Incomplete,Incomplete,Incomplete,Incomplete,Incomplete,Incomplete,Incomplete,Incomplete,Incomplete,Incomplete,Incomplete,Incomplete,Incomplete,Incomplete,Incomplete,Incomplete,Incomplete,Incomplete,Incomplete,Incomplete,Incomplete,Incomplete,Incomplete,Incomplete,Incomplete,Incomplete,Incomplete,Incomplete,Incomplete,Incomplete,Incomplete,Incomplete,Incomplete
M00664 | Nodulation,Incomplete,Incomplete,Incomplete,Incomplete,Incomplete,Incomplete,Incomplete,Incomplete,Incomplete,Incomplete,Incomplete,Incomplete,Incomplete,Incomplete,Incomplete,Incomplete,Incomplete,Incomplete,Incomplete,Incomplete,Incomplete,Incomplete,Incomplete,Incomplete,Incomplete,Incomplete,Incomplete,Incomplete,Incomplete,Incomplete,Incomplete,Incomplete,Incomplete,Incomplete,Incomplete,Incomplete,Incomplete,Incomplete,Incomplete,Incomplete,Incomplete,Incomplete,Incomplete,Incomplete,Incomplete,Incomplete,Incomplete
"M00672 | Penicillin biosynthesis, aminoadipate + cycteine + valine => penicillin",Incomplete,Incomplete,Incomplete,Incomplete,Incomplete,Incomplete,Incomplete,Incomplete,Incomplete,Incomplete,Incomplete,Incomplete,Incomplete,Incomplete,Incomplete,Incomplete,Incomplete,Incomplete,Incomplete,Incomplete,Incomplete,Incomplete,Incomplete,Incomplete,Incomplete,Incomplete,Incomplete,Incomplete,Incomplete,Incomplete,Incomplete,Incomplete,Incomplete,Incomplete,Incomplete,Incomplete,Incomplete,Incomplete,Incomplete,Incomplete,Incomplete,Incomplete,Incomplete,Incomplete,Incomplete,Incomplete,Incomplete
"M00673 | Cephamycin C biosynthesis, aminoadipate + cycteine + valine => cephamycin C",Incomplete,Incomplete,Incomplete,Incomplete,Incomplete,Incomplete,Incomplete,Incomplete,Incomplete,Incomplete,Incomplete,Incomplete,Incomplete,Incomplete,Incomplete,Incomplete,Incomplete,Incomplete,Incomplete,Incomplete,Incomplete,Incomplete,Incomplete,Incomplete,Incomplete,Incomplete,Incomplete,Incomplete,Incomplete,Incomplete,Incomplete,Incomplete,Incomplete,Incomplete,Incomplete,Incomplete,Incomplete,Incomplete,Incomplete,Incomplete,Incomplete,Incomplete,Incomplete,Incomplete,Incomplete,Incomplete,Incomplete
"M00674 | Clavaminate biosynthesis, arginine + glyceraldehyde-3P => clavaminate",Incomplete,Incomplete,Incomplete,Incomplete,Incomplete,Incomplete,Incomplete,Incomplete,Incomplete,Incomplete,Incomplete,Incomplete,Incomplete,Incomplete,Incomplete,Incomplete,Incomplete,Incomplete,Incomplete,Incomplete,Incomplete,Incomplete,Incomplete,Incomplete,Incomplete,Incomplete,Incomplete,Incomplete,Incomplete,Incomplete,Incomplete,Incomplete,Incomplete,Incomplete,Incomplete,Incomplete,Incomplete,Incomplete,Incomplete,Incomplete,Incomplete,Incomplete,Incomplete,Incomplete,Incomplete,Incomplete,Incomplete
"M00675 | Carbapenem-3-carboxylate biosynthesis, pyrroline-5-carboxylate + malonyl-CoA => carbapenem-3-carboxylate",Incomplete,Incomplete,Incomplete,Incomplete,Incomplete,Incomplete,Incomplete,Incomplete,Incomplete,Incomplete,Incomplete,Incomplete,Incomplete,Incomplete,Incomplete,Incomplete,Incomplete,Incomplete,Incomplete,Incomplete,Incomplete,Incomplete,Incomplete,Incomplete,Incomplete,Incomplete,Incomplete,Incomplete,Incomplete,Incomplete,Incomplete,Incomplete,Incomplete,Incomplete,Incomplete,Incomplete,Incomplete,Incomplete,Incomplete,Incomplete,Incomplete,Incomplete,Incomplete,Incomplete,Incomplete,Incomplete,Incomplete
"M00696 | Multidrug resistance, efflux pump AcrEF-TolC",2 blocks missing,2 blocks missing,2 blocks missing,2 blocks missing,2 blocks missing,2 blocks missing,2 blocks missing,2 blocks missing,2 blocks missing,2 blocks missing,2 blocks missing,2 blocks missing,2 blocks missing,2 blocks missing,2 blocks missing,2 blocks missing,2 blocks missing,2 blocks missing,2 blocks missing,2 blocks missing,2 blocks missing,2 blocks missing,2 blocks missing,2 blocks missing,2 blocks missing,2 blocks missing,2 blocks missing,2 blocks missing,2 blocks missing,2 blocks missing,2 blocks missing,2 blocks missing,2 blocks missing,2 blocks missing,2 blocks missing,2 blocks missing,2 blocks missing,2 blocks missing,2 blocks missing,2 blocks missing,2 blocks missing,2 blocks missing,2 blocks missing,2 blocks missing,2 blocks missing,2 blocks missing,2 blocks missing
"M00697 | Multidrug resistance, efflux pump MdtEF-TolC",2 blocks missing,2 blocks missing,2 blocks missing,2 blocks missing,2 blocks missing,2 blocks missing,2 blocks missing,2 blocks missing,2 blocks missing,2 blocks missing,2 blocks missing,2 blocks missing,2 blocks missing,2 blocks missing,2 blocks missing,2 blocks missing,2 blocks missing,2 blocks missing,2 blocks missing,2 blocks missing,2 blocks missing,2 blocks missing,2 blocks missing,2 blocks missing,2 blocks missing,2 blocks missing,2 blocks missing,2 blocks missing,2 blocks missing,2 blocks missing,2 blocks missing,2 blocks missing,2 blocks missing,2 blocks missing,2 blocks missing,2 blocks missing,2 blocks missing,2 blocks missing,2 blocks missing,2 blocks missing,2 blocks missing,2 blocks missing,2 blocks missing,2 blocks missing,2 blocks missing,2 blocks missing,2 blocks missing
"M00698 | Multidrug resistance, efflux pump BpeEF-OprC",2 blocks missing,2 blocks missing,2 blocks missing,2 blocks missing,2 blocks missing,2 blocks missing,2 blocks missing,2 blocks missing,2 blocks missing,2 blocks missing,2 blocks missing,2 blocks missing,2 blocks missing,2 blocks missing,2 blocks missing,2 blocks missing,2 blocks missing,2 blocks missing,2 blocks missing,2 blocks missing,2 blocks missing,2 blocks missing,2 blocks missing,2 blocks missing,2 blocks missing,2 blocks missing,2 blocks missing,2 blocks missing,2 blocks missing,2 blocks missing,2 blocks missing,2 blocks missing,2 blocks missing,2 blocks missing,2 blocks missing,2 blocks missing,2 blocks missing,2 blocks missing,2 blocks missing,2 blocks missing,2 blocks missing,2 blocks missing,2 blocks missing,2 blocks missing,2 blocks missing,2 blocks missing,2 blocks missing
"M00700 | Multidrug resistance, efflux pump AbcA",2 blocks missing,2 blocks missing,2 blocks missing,2 blocks missing,2 blocks missing,2 blocks missing,2 blocks missing,2 blocks missing,2 blocks missing,2 blocks missing,2 blocks missing,2 blocks missing,2 blocks missing,2 blocks missing,2 blocks missing,2 blocks missing,2 blocks missing,2 blocks missing,2 blocks missing,2 blocks missing,2 blocks missing,2 blocks missing,2 blocks missing,2 blocks missing,2 blocks missing,2 blocks missing,2 blocks missing,2 blocks missing,2 blocks missing,2 blocks missing,2 blocks missing,2 blocks missing,2 blocks missing,2 blocks missing,2 blocks missing,2 blocks missing,2 blocks missing,2 blocks missing,2 blocks missing,2 blocks missing,2 blocks missing,2 blocks missing,2 blocks missing,2 blocks missing,2 blocks missing,2 blocks missing,2 blocks missing
"M00702 | Multidrug resistance, efflux pump NorB",2 blocks missing,2 blocks missing,2 blocks missing,2 blocks missing,2 blocks missing,2 blocks missing,2 blocks missing,2 blocks missing,2 blocks missing,2 blocks missing,2 blocks missing,2 blocks missing,2 blocks missing,2 blocks missing,2 blocks missing,2 blocks missing,2 blocks missing,2 blocks missing,2 blocks missing,2 blocks missing,2 blocks missing,2 blocks missing,2 blocks missing,2 blocks missing,2 blocks missing,2 blocks missing,2 blocks missing,2 blocks missing,2 blocks missing,2 blocks missing,2 blocks missing,2 blocks missing,2 blocks missing,2 blocks missing,2 blocks missing,2 blocks missing,2 blocks missing,2 blocks missing,2 blocks missing,2 blocks missing,2 blocks missing,2 blocks missing,2 blocks missing,2 blocks missing,2 blocks missing,2 blocks missing,2 blocks missing
"M00704 | Tetracycline resistance, efflux pump Tet38",2 blocks missing,2 blocks missing,2 blocks missing,2 blocks missing,2 blocks missing,2 blocks missing,2 blocks missing,2 blocks missing,2 blocks missing,2 blocks missing,2 blocks missing,2 blocks missing,2 blocks missing,2 blocks missing,2 blocks missing,2 blocks missing,2 blocks missing,2 blocks missing,2 blocks missing,2 blocks missing,2 blocks missing,2 blocks missing,2 blocks missing,2 blocks missing,2 blocks missing,2 blocks missing,2 blocks missing,2 blocks missing,2 blocks missing,2 blocks missing,2 blocks missing,2 blocks missing,2 blocks missing,2 blocks missing,2 blocks missing,2 blocks missing,2 blocks missing,2 blocks missing,2 blocks missing,2 blocks missing,2 blocks missing,2 blocks missing,2 blocks missing,2 blocks missing,2 blocks missing,2 blocks missing,2 blocks missing
"M00705 | Multidrug resistance, efflux pump MepA",2 blocks missing,2 blocks missing,2 blocks missing,2 blocks missing,2 blocks missing,2 blocks missing,2 blocks missing,2 blocks missing,2 blocks missing,2 blocks missing,2 blocks missing,2 blocks missing,2 blocks missing,2 blocks missing,2 blocks missing,2 blocks missing,2 blocks missing,2 blocks missing,2 blocks missing,2 blocks missing,2 blocks missing,2 blocks missing,2 blocks missing,2 blocks missing,2 blocks missing,2 blocks missing,2 blocks missing,2 blocks missing,2 blocks missing,2 blocks missing,2 blocks missing,2 blocks missing,2 blocks missing,2 blocks missing,2 blocks missing,2 blocks missing,2 blocks missing,2 blocks missing,2 blocks missing,2 blocks missing,2 blocks missing,2 blocks missing,2 blocks missing,2 blocks missing,2 blocks missing,2 blocks missing,2 blocks missing
"M00714 | Multidrug resistance, efflux pump QacA",2 blocks missing,2 blocks missing,2 blocks missing,2 blocks missing,2 blocks missing,2 blocks missing,2 blocks missing,2 blocks missing,2 blocks missing,2 blocks missing,2 blocks missing,2 blocks missing,2 blocks missing,2 blocks missing,2 blocks missing,2 blocks missing,2 blocks missing,2 blocks missing,2 blocks missing,2 blocks missing,2 blocks missing,2 blocks missing,2 blocks missing,2 blocks missing,2 blocks missing,2 blocks missing,2 blocks missing,2 blocks missing,2 blocks missing,2 blocks missing,2 blocks missing,2 blocks missing,2 blocks missing,2 blocks missing,2 blocks missing,2 blocks missing,2 blocks missing,2 blocks missing,2 blocks missing,2 blocks missing,2 blocks missing,2 blocks missing,2 blocks missing,2 blocks missing,2 blocks missing,2 blocks missing,2 blocks missing
"M00718 | Multidrug resistance, efflux pump MexAB-OprM",2 blocks missing,2 blocks missing,2 blocks missing,2 blocks missing,2 blocks missing,2 blocks missing,2 blocks missing,2 blocks missing,1 block missing,2 blocks missing,2 blocks missing,2 blocks missing,1 block missing,2 blocks missing,2 blocks missing,2 blocks missing,2 blocks missing,2 blocks missing,2 blocks missing,2 blocks missing,2 blocks missing,2 blocks missing,2 blocks missing,2 blocks missing,2 blocks missing,2 blocks missing,2 blocks missing,2 blocks missing,2 blocks missing,2 blocks missing,2 blocks missing,2 blocks missing,2 blocks missing,2 blocks missing,2 blocks missing,2 blocks missing,2 blocks missing,2 blocks missing,2 blocks missing,2 blocks missing,2 blocks missing,2 blocks missing,2 blocks missing,2 blocks missing,2 blocks missing,2 blocks missing,2 blocks missing
"M00725 | Cationic antimicrobial peptide (CAMP) resistance, dltABCD operon",Incomplete,Incomplete,Incomplete,Incomplete,Incomplete,Incomplete,Incomplete,Incomplete,Incomplete,Incomplete,Incomplete,Incomplete,Incomplete,Incomplete,Incomplete,Incomplete,Incomplete,Incomplete,Incomplete,Incomplete,Incomplete,Incomplete,Incomplete,Incomplete,Incomplete,Incomplete,Incomplete,Incomplete,Incomplete,Incomplete,Incomplete,Incomplete,Incomplete,Incomplete,Incomplete,Incomplete,Incomplete,Incomplete,Incomplete,Incomplete,Incomplete,Incomplete,Incomplete,Incomplete,Incomplete,Incomplete,Incomplete
"M00726 | Cationic antimicrobial peptide (CAMP) resistance, lysyl-phosphatidylglycerol (L-PG) synthase MprF",Incomplete,Incomplete,Incomplete,Incomplete,Incomplete,Incomplete,Incomplete,Incomplete,Incomplete,Incomplete,Incomplete,Incomplete,Incomplete,Incomplete,Incomplete,Incomplete,Incomplete,Incomplete,Incomplete,Incomplete,Incomplete,Incomplete,Incomplete,Incomplete,Incomplete,Incomplete,Incomplete,Incomplete,Incomplete,Incomplete,Incomplete,Incomplete,Incomplete,Incomplete,Incomplete,Incomplete,Incomplete,Incomplete,Incomplete,Incomplete,Incomplete,Incomplete,Incomplete,Incomplete,Incomplete,Incomplete,Incomplete
"M00730 | Cationic antimicrobial peptide (CAMP) resistance, VraFG transporter",Incomplete,Incomplete,Incomplete,Incomplete,Incomplete,Incomplete,Incomplete,Incomplete,Incomplete,Incomplete,Incomplete,Incomplete,Incomplete,Incomplete,Incomplete,Incomplete,Incomplete,Incomplete,Incomplete,Incomplete,Incomplete,Incomplete,Incomplete,Incomplete,Incomplete,Incomplete,Incomplete,Incomplete,Incomplete,Incomplete,Incomplete,Incomplete,Incomplete,Incomplete,Incomplete,Incomplete,Incomplete,Incomplete,Incomplete,Incomplete,Incomplete,Incomplete,Incomplete,Incomplete,Incomplete,Incomplete,Incomplete
"M00736 | Nocardicin A biosynthesis, L-pHPG + arginine + serine => nocardicin A",Incomplete,Incomplete,Incomplete,Incomplete,Incomplete,Incomplete,Incomplete,Incomplete,Incomplete,Incomplete,Incomplete,Incomplete,Incomplete,Incomplete,Incomplete,Incomplete,Incomplete,Incomplete,Incomplete,Incomplete,Incomplete,Incomplete,Incomplete,Incomplete,Incomplete,Incomplete,Incomplete,Incomplete,Incomplete,Incomplete,Incomplete,Incomplete,Incomplete,Incomplete,Incomplete,Incomplete,Incomplete,Incomplete,Incomplete,Incomplete,Incomplete,Incomplete,Incomplete,Incomplete,Incomplete,Incomplete,Incomplete
M00740 | Methylaspartate cycle,Incomplete,Incomplete,Incomplete,Incomplete,Incomplete,Incomplete,Incomplete,Incomplete,Incomplete,Incomplete,Incomplete,Incomplete,Incomplete,Incomplete,Incomplete,Incomplete,Incomplete,Incomplete,Incomplete,Incomplete,Incomplete,Incomplete,Incomplete,Incomplete,Incomplete,Incomplete,Incomplete,Incomplete,Incomplete,Incomplete,Incomplete,Incomplete,Incomplete,Incomplete,Incomplete,Incomplete,Incomplete,Incomplete,Incomplete,Incomplete,Incomplete,Incomplete,Incomplete,Incomplete,Incomplete,Incomplete,Incomplete
"M00741 | Propanoyl-CoA metabolism, propanoyl-CoA => succinyl-CoA",1 block missing,Incomplete,2 blocks missing,Incomplete,2 blocks missing,2 blocks missing,1 block missing,Complete,1 block missing,2 blocks missing,Incomplete,1 block missing,Complete,Incomplete,2 blocks missing,Incomplete,Incomplete,1 block missing,1 block missing,1 block missing,1 block missing,1 block missing,1 block missing,1 block missing,1 block missing,2 blocks missing,1 block missing,1 block missing,1 block missing,1 block missing,1 block missing,2 blocks missing,Incomplete,1 block missing,Incomplete,1 block missing,1 block missing,2 blocks missing,1 block missing,1 block missing,1 block missing,2 blocks missing,1 block missing,2 blocks missing,1 block missing,Incomplete,Incomplete
"M00744 | Cationic antimicrobial peptide (CAMP) resistance, protease PgtE",Incomplete,Incomplete,Incomplete,Incomplete,Incomplete,Incomplete,Incomplete,Incomplete,Incomplete,Incomplete,Incomplete,Incomplete,Incomplete,Incomplete,Incomplete,Incomplete,Incomplete,Incomplete,Incomplete,Incomplete,Incomplete,Incomplete,Incomplete,Incomplete,2 blocks missing,Incomplete,Incomplete,Incomplete,Incomplete,Incomplete,Incomplete,Incomplete,Incomplete,Incomplete,Incomplete,Incomplete,Incomplete,Incomplete,Incomplete,Incomplete,Incomplete,Incomplete,Incomplete,Incomplete,Incomplete,Incomplete,Incomplete
"M00745 | Imipenem resistance, repression of porin OprD",Incomplete,Incomplete,2 blocks missing,Incomplete,Incomplete,Incomplete,Incomplete,Incomplete,Incomplete,Incomplete,Incomplete,2 blocks missing,2 blocks missing,Incomplete,2 blocks missing,Incomplete,Incomplete,Incomplete,Incomplete,Incomplete,Incomplete,Incomplete,Incomplete,Incomplete,Incomplete,1 block missing,Incomplete,2 blocks missing,2 blocks missing,Incomplete,Incomplete,2 blocks missing,Incomplete,2 blocks missing,Incomplete,Incomplete,Incomplete,Incomplete,2 blocks missing,Incomplete,Incomplete,Incomplete,Incomplete,Incomplete,Incomplete,Incomplete,Incomplete
"M00746 | Multidrug resistance, repression of porin OmpF",Incomplete,Incomplete,Incomplete,Incomplete,Incomplete,Incomplete,Incomplete,Incomplete,Incomplete,Incomplete,Incomplete,Incomplete,Incomplete,Incomplete,Incomplete,Incomplete,Incomplete,Incomplete,Incomplete,Incomplete,Incomplete,Incomplete,Incomplete,Incomplete,Incomplete,Incomplete,Incomplete,Incomplete,Incomplete,Incomplete,Incomplete,Incomplete,Incomplete,Incomplete,Incomplete,Incomplete,Incomplete,Incomplete,Incomplete,Incomplete,Incomplete,Incomplete,Incomplete,Incomplete,Incomplete,Incomplete,Incomplete
"M00761 | Undecaprenylphosphate alpha-L-Ara4N biosynthesis, UDP-GlcA => undecaprenyl phosphate alpha-L-Ara4N",Incomplete,Incomplete,Incomplete,Incomplete,Incomplete,Incomplete,Incomplete,Incomplete,Incomplete,Incomplete,Incomplete,Incomplete,Incomplete,Incomplete,Incomplete,Incomplete,Incomplete,Incomplete,Incomplete,Incomplete,Incomplete,Incomplete,Incomplete,Incomplete,Incomplete,Complete,Incomplete,Incomplete,Incomplete,Incomplete,Incomplete,Incomplete,Incomplete,Incomplete,Incomplete,Incomplete,Incomplete,Incomplete,1 block missing,Incomplete,Incomplete,Incomplete,Incomplete,Incomplete,Incomplete,Incomplete,Incomplete
"M00763 | Ornithine biosynthesis, mediated by LysW, glutamate => ornithine",Incomplete,Incomplete,Incomplete,Incomplete,Incomplete,Incomplete,Incomplete,Incomplete,Incomplete,Incomplete,Incomplete,Incomplete,Incomplete,Incomplete,Incomplete,Incomplete,Incomplete,Incomplete,Incomplete,Incomplete,Incomplete,Incomplete,Incomplete,Incomplete,Incomplete,Incomplete,Incomplete,Incomplete,Incomplete,Incomplete,Incomplete,2 blocks missing,Incomplete,Incomplete,Incomplete,Incomplete,Incomplete,Incomplete,Incomplete,Incomplete,Incomplete,Incomplete,Incomplete,Incomplete,Incomplete,Incomplete,Incomplete
"M00769 | Multidrug resistance, efflux pump MexPQ-OpmE",Incomplete,Incomplete,Incomplete,Incomplete,Incomplete,Incomplete,Incomplete,Incomplete,Incomplete,Incomplete,Incomplete,Incomplete,Incomplete,Incomplete,Incomplete,Incomplete,Incomplete,Incomplete,Incomplete,Incomplete,Incomplete,Incomplete,Incomplete,Incomplete,Incomplete,Incomplete,Incomplete,Incomplete,Incomplete,Incomplete,Incomplete,Incomplete,Incomplete,Incomplete,Incomplete,Incomplete,Incomplete,Incomplete,Incomplete,Incomplete,Incomplete,Incomplete,Incomplete,Incomplete,Incomplete,Incomplete,Incomplete
"M00773 | Tylosin biosynthesis, methylmalonyl-CoA + malonyl-CoA => tylactone => tylosin",Incomplete,Incomplete,Incomplete,Incomplete,Incomplete,Incomplete,Incomplete,Incomplete,Incomplete,Incomplete,Incomplete,Incomplete,Incomplete,Incomplete,Incomplete,Incomplete,Incomplete,Incomplete,Incomplete,Incomplete,Incomplete,Incomplete,Incomplete,Incomplete,Incomplete,Incomplete,Incomplete,Incomplete,Incomplete,Incomplete,Incomplete,Incomplete,Incomplete,Incomplete,Incomplete,Incomplete,Incomplete,Incomplete,Incomplete,Incomplete,Incomplete,Incomplete,Incomplete,Incomplete,Incomplete,Incomplete,Incomplete
"M00774 | Erythromycin biosynthesis, propanoyl-CoA + methylmalonyl-CoA => deoxyerythronolide B => erythromycin A/B",Incomplete,Incomplete,Incomplete,Incomplete,Incomplete,Incomplete,Incomplete,Incomplete,Incomplete,Incomplete,Incomplete,Incomplete,Incomplete,Incomplete,Incomplete,Incomplete,Incomplete,Incomplete,Incomplete,Incomplete,Incomplete,Incomplete,Incomplete,Incomplete,Incomplete,Incomplete,Incomplete,Incomplete,Incomplete,Incomplete,Incomplete,Incomplete,Incomplete,Incomplete,Incomplete,Incomplete,Incomplete,Incomplete,Incomplete,Incomplete,Incomplete,Incomplete,Incomplete,Incomplete,Incomplete,Incomplete,Incomplete
"M00775 | Oleandomycin biosynthesis, malonyl-CoA + methylmalonyl-CoA => 8,8a-deoxyoleandolide => oleandomycin",Incomplete,Incomplete,Incomplete,Incomplete,Incomplete,Incomplete,Incomplete,Incomplete,Incomplete,Incomplete,Incomplete,Incomplete,Incomplete,Incomplete,Incomplete,Incomplete,Incomplete,Incomplete,Incomplete,Incomplete,Incomplete,Incomplete,Incomplete,Incomplete,Incomplete,Incomplete,Incomplete,Incomplete,Incomplete,Incomplete,Incomplete,Incomplete,Incomplete,Incomplete,Incomplete,Incomplete,Incomplete,Incomplete,Incomplete,Incomplete,Incomplete,Incomplete,Incomplete,Incomplete,Incomplete,Incomplete,Incomplete
"M00776 | Pikromycin/methymycin biosynthesis, methylmalonyl-CoA + malonyl-CoA => narbonolide/10-deoxymethynolide => pikromycin/methymycin",Incomplete,Incomplete,Incomplete,Incomplete,Incomplete,Incomplete,Incomplete,Incomplete,Incomplete,Incomplete,Incomplete,Incomplete,Incomplete,Incomplete,Incomplete,Incomplete,Incomplete,Incomplete,Incomplete,Incomplete,Incomplete,Incomplete,Incomplete,Incomplete,Incomplete,Incomplete,Incomplete,Incomplete,Incomplete,Incomplete,Incomplete,Incomplete,Incomplete,Incomplete,Incomplete,Incomplete,Incomplete,Incomplete,Incomplete,Incomplete,Incomplete,Incomplete,Incomplete,Incomplete,Incomplete,Incomplete,Incomplete
"M00777 | Avermectin biosynthesis, 2-methylbutanoyl-CoA/isobutyryl-CoA => 6,8a-Seco-6,8a-deoxy-5-oxoavermectin 1a/1b aglycone => avermectin A1a/B1a/A1b/B1b",Incomplete,Incomplete,Incomplete,Incomplete,Incomplete,Incomplete,Incomplete,Incomplete,Incomplete,Incomplete,Incomplete,Incomplete,Incomplete,Incomplete,Incomplete,Incomplete,Incomplete,Incomplete,Incomplete,Incomplete,Incomplete,Incomplete,Incomplete,Incomplete,Incomplete,Incomplete,Incomplete,Incomplete,Incomplete,Incomplete,Incomplete,Incomplete,Incomplete,Incomplete,Incomplete,Incomplete,Incomplete,Incomplete,Incomplete,Incomplete,Incomplete,Incomplete,Incomplete,Incomplete,Incomplete,Incomplete,Incomplete
"M00778 | Type II polyketide backbone biosynthesis, acyl-CoA + malonyl-CoA => polyketide",Incomplete,Incomplete,Incomplete,Incomplete,Incomplete,Incomplete,Incomplete,Incomplete,Incomplete,Incomplete,Incomplete,Incomplete,Incomplete,Incomplete,Incomplete,Incomplete,Incomplete,Incomplete,Incomplete,Incomplete,Incomplete,Incomplete,Incomplete,Incomplete,Incomplete,Incomplete,Incomplete,Incomplete,Incomplete,Incomplete,Incomplete,Incomplete,Incomplete,Incomplete,Incomplete,Incomplete,Incomplete,Incomplete,Incomplete,Incomplete,Incomplete,Incomplete,Incomplete,Incomplete,Incomplete,Incomplete,Incomplete
"M00779 | Dihydrokalafungin biosynthesis, octaketide => dihydrokalafungin",Incomplete,Incomplete,Incomplete,Incomplete,Incomplete,Incomplete,Incomplete,Incomplete,Incomplete,Incomplete,Incomplete,Incomplete,Incomplete,Incomplete,Incomplete,Incomplete,Incomplete,Incomplete,Incomplete,Incomplete,Incomplete,Incomplete,Incomplete,Incomplete,Incomplete,Incomplete,Incomplete,Incomplete,Incomplete,Incomplete,Incomplete,Incomplete,Incomplete,Incomplete,Incomplete,Incomplete,Incomplete,Incomplete,Incomplete,Incomplete,Incomplete,Incomplete,Incomplete,Incomplete,Incomplete,Incomplete,Incomplete
"M00780 | Tetracycline/oxytetracycline biosynthesis, pretetramide => tetracycline/oxytetracycline",Incomplete,Incomplete,Incomplete,Incomplete,Incomplete,Incomplete,Incomplete,Incomplete,Incomplete,Incomplete,Incomplete,Incomplete,Incomplete,Incomplete,Incomplete,Incomplete,Incomplete,Incomplete,Incomplete,Incomplete,Incomplete,Incomplete,Incomplete,Incomplete,Incomplete,Incomplete,Incomplete,Incomplete,Incomplete,Incomplete,Incomplete,Incomplete,Incomplete,Incomplete,Incomplete,Incomplete,Incomplete,Incomplete,Incomplete,Incomplete,Incomplete,Incomplete,Incomplete,Incomplete,Incomplete,Incomplete,Incomplete
"M00781 | Nogalavinone/aklavinone biosynthesis, deoxynogalonate/deoxyaklanonate => nogalavinone/aklavinone",Incomplete,Incomplete,Incomplete,Incomplete,Incomplete,Incomplete,Incomplete,Incomplete,Incomplete,Incomplete,Incomplete,Incomplete,Incomplete,Incomplete,Incomplete,Incomplete,Incomplete,Incomplete,Incomplete,Incomplete,Incomplete,Incomplete,Incomplete,Incomplete,Incomplete,Incomplete,Incomplete,Incomplete,Incomplete,Incomplete,Incomplete,Incomplete,Incomplete,Incomplete,Incomplete,Incomplete,Incomplete,Incomplete,Incomplete,Incomplete,Incomplete,Incomplete,Incomplete,Incomplete,Incomplete,Incomplete,Incomplete
"M00782 | Mithramycin biosynthesis, 4-demethylpremithramycinone => mithramycin",Incomplete,Incomplete,Incomplete,Incomplete,Incomplete,Incomplete,Incomplete,Incomplete,Incomplete,Incomplete,Incomplete,Incomplete,Incomplete,Incomplete,Incomplete,Incomplete,Incomplete,Incomplete,Incomplete,Incomplete,Incomplete,Incomplete,Incomplete,Incomplete,Incomplete,Incomplete,Incomplete,Incomplete,Incomplete,Incomplete,Incomplete,Incomplete,Incomplete,Incomplete,Incomplete,Incomplete,Incomplete,Incomplete,Incomplete,Incomplete,Incomplete,Incomplete,Incomplete,Incomplete,Incomplete,Incomplete,Incomplete
"M00783 | Tetracenomycin C/8-demethyltetracenomycin C biosynthesis, tetracenomycin F2 => tetracenomycin C/8-demethyltetracenomycin C",Incomplete,Incomplete,Incomplete,Incomplete,Incomplete,Incomplete,Incomplete,Incomplete,Incomplete,Incomplete,Incomplete,Incomplete,Incomplete,Incomplete,Incomplete,Incomplete,Incomplete,Incomplete,Incomplete,Incomplete,Incomplete,Incomplete,Incomplete,Incomplete,Incomplete,Incomplete,Incomplete,Incomplete,Incomplete,Incomplete,Incomplete,Incomplete,Incomplete,Incomplete,Incomplete,Incomplete,Incomplete,Incomplete,Incomplete,Incomplete,Incomplete,Incomplete,Incomplete,Incomplete,Incomplete,Incomplete,Incomplete
"M00784 | Elloramycin biosynthesis, 8-demethyltetracenomycin C => elloramycin A",Incomplete,Incomplete,Incomplete,Incomplete,Incomplete,Incomplete,Incomplete,Incomplete,Incomplete,Incomplete,Incomplete,Incomplete,Incomplete,Incomplete,Incomplete,Incomplete,Incomplete,Incomplete,Incomplete,Incomplete,Incomplete,Incomplete,Incomplete,Incomplete,Incomplete,Incomplete,Incomplete,Incomplete,Incomplete,Incomplete,Incomplete,Incomplete,Incomplete,Incomplete,Incomplete,Incomplete,Incomplete,Incomplete,Incomplete,Incomplete,Incomplete,Incomplete,Incomplete,Incomplete,Incomplete,Incomplete,Incomplete
"M00785 | Cycloserine biosynthesis, arginine/serine => cycloserine",Incomplete,Incomplete,Incomplete,Incomplete,Incomplete,Incomplete,Incomplete,Incomplete,Incomplete,Incomplete,Incomplete,Incomplete,Incomplete,Incomplete,Incomplete,Incomplete,Incomplete,Incomplete,Incomplete,Incomplete,Incomplete,Incomplete,Incomplete,Incomplete,Incomplete,Incomplete,Incomplete,Incomplete,Incomplete,Incomplete,Incomplete,Incomplete,Incomplete,Incomplete,Incomplete,Incomplete,Incomplete,Incomplete,Incomplete,Incomplete,Incomplete,Incomplete,Incomplete,Incomplete,Incomplete,Incomplete,Incomplete
"M00786 | Fumitremorgin alkaloid biosynthesis, tryptophan + proline => fumitremorgin C/A",Incomplete,Incomplete,Incomplete,Incomplete,Incomplete,Incomplete,Incomplete,Incomplete,Incomplete,Incomplete,Incomplete,Incomplete,Incomplete,Incomplete,Incomplete,Incomplete,Incomplete,Incomplete,Incomplete,Incomplete,Incomplete,Incomplete,Incomplete,Incomplete,Incomplete,Incomplete,Incomplete,Incomplete,Incomplete,Incomplete,Incomplete,Incomplete,Incomplete,Incomplete,Incomplete,Incomplete,Incomplete,Incomplete,Incomplete,Incomplete,Incomplete,Incomplete,Incomplete,Incomplete,Incomplete,Incomplete,Incomplete
"M00787 | Bacilysin biosynthesis, prephenate => bacilysin",Incomplete,Incomplete,Incomplete,Incomplete,Incomplete,Incomplete,Incomplete,Incomplete,Incomplete,Incomplete,Incomplete,Incomplete,Incomplete,Incomplete,Incomplete,Incomplete,Incomplete,Incomplete,Incomplete,Incomplete,Incomplete,Incomplete,Incomplete,Incomplete,Incomplete,Incomplete,Incomplete,Incomplete,Incomplete,Incomplete,Incomplete,Incomplete,Incomplete,Incomplete,Incomplete,Incomplete,Incomplete,Incomplete,Incomplete,Incomplete,Incomplete,Incomplete,Incomplete,Incomplete,Incomplete,Incomplete,Incomplete
"M00788 | Terpentecin biosynthesis, GGAP => terpentecin",2 blocks missing,2 blocks missing,2 blocks missing,2 blocks missing,2 blocks missing,2 blocks missing,2 blocks missing,2 blocks missing,2 blocks missing,2 blocks missing,2 blocks missing,2 blocks missing,2 blocks missing,2 blocks missing,2 blocks missing,2 blocks missing,2 blocks missing,2 blocks missing,2 blocks missing,2 blocks missing,2 blocks missing,2 blocks missing,2 blocks missing,2 blocks missing,2 blocks missing,2 blocks missing,2 blocks missing,2 blocks missing,2 blocks missing,2 blocks missing,2 blocks missing,2 blocks missing,2 blocks missing,2 blocks missing,2 blocks missing,2 blocks missing,2 blocks missing,2 blocks missing,2 blocks missing,2 blocks missing,2 blocks missing,2 blocks missing,2 blocks missing,2 blocks missing,2 blocks missing,2 blocks missing,2 blocks missing
"M00789 | Rebeccamycin biosynthesis, tryptophan => rebeccamycin",Incomplete,Incomplete,Incomplete,Incomplete,Incomplete,Incomplete,Incomplete,Incomplete,Incomplete,Incomplete,Incomplete,Incomplete,Incomplete,Incomplete,Incomplete,Incomplete,Incomplete,Incomplete,Incomplete,Incomplete,Incomplete,Incomplete,Incomplete,Incomplete,Incomplete,Incomplete,Incomplete,Incomplete,Incomplete,Incomplete,Incomplete,Incomplete,Incomplete,Incomplete,Incomplete,Incomplete,Incomplete,Incomplete,Incomplete,Incomplete,Incomplete,Incomplete,Incomplete,Incomplete,Incomplete,Incomplete,Incomplete
"M00790 | Pyrrolnitrin biosynthesis, tryptophan => pyrrolnitrin",Incomplete,Incomplete,Incomplete,Incomplete,Incomplete,Incomplete,Incomplete,Incomplete,Incomplete,Incomplete,Incomplete,Incomplete,Incomplete,Incomplete,Incomplete,Incomplete,Incomplete,Incomplete,Incomplete,Incomplete,Incomplete,Incomplete,Incomplete,Incomplete,Incomplete,Incomplete,Incomplete,Incomplete,Incomplete,Incomplete,Incomplete,Incomplete,Incomplete,Incomplete,Incomplete,Incomplete,Incomplete,Incomplete,Incomplete,Incomplete,Incomplete,Incomplete,Incomplete,Incomplete,Incomplete,Incomplete,Incomplete
M00793 | dTDP-L-rhamnose biosynthesis,1 block missing,1 block missing,Complete,Incomplete,Incomplete,Complete,Complete,Incomplete,2 blocks missing,Incomplete,Incomplete,Incomplete,1 block missing,Incomplete,Incomplete,Incomplete,Incomplete,2 blocks missing,Complete,2 blocks missing,Incomplete,Incomplete,Incomplete,2 blocks missing,Complete,Complete,Incomplete,Incomplete,1 block missing,Complete,1 block missing,2 blocks missing,Complete,1 block missing,Incomplete,Incomplete,Incomplete,Incomplete,1 block missing,Incomplete,Incomplete,Incomplete,Incomplete,Complete,Incomplete,2 blocks missing,Incomplete
M00794 | dTDP-6-deoxy-D-allose biosynthesis,2 blocks missing,2 blocks missing,2 blocks missing,2 blocks missing,2 blocks missing,2 blocks missing,2 blocks missing,2 blocks missing,2 blocks missing,2 blocks missing,2 blocks missing,2 blocks missing,2 blocks missing,2 blocks missing,2 blocks missing,2 blocks missing,2 blocks missing,2 blocks missing,2 blocks missing,2 blocks missing,2 blocks missing,2 blocks missing,2 blocks missing,2 blocks missing,2 blocks missing,2 blocks missing,2 blocks missing,2 blocks missing,2 blocks missing,2 blocks missing,2 blocks missing,2 blocks missing,2 blocks missing,2 blocks missing,2 blocks missing,2 blocks missing,2 blocks missing,2 blocks missing,2 blocks missing,2 blocks missing,2 blocks missing,2 blocks missing,2 blocks missing,2 blocks missing,2 blocks missing,2 blocks missing,2 blocks missing
M00795 | dTDP-beta-L-noviose biosynthesis,Incomplete,Incomplete,Incomplete,Incomplete,Incomplete,Incomplete,Incomplete,Incomplete,Incomplete,Incomplete,Incomplete,Incomplete,Incomplete,Incomplete,Incomplete,Incomplete,Incomplete,Incomplete,Incomplete,Incomplete,Incomplete,Incomplete,Incomplete,Incomplete,Incomplete,Incomplete,Incomplete,Incomplete,Incomplete,Incomplete,Incomplete,Incomplete,Incomplete,Incomplete,Incomplete,Incomplete,Incomplete,Incomplete,Incomplete,Incomplete,Incomplete,Incomplete,Incomplete,Incomplete,Incomplete,Incomplete,Incomplete
M00796 | dTDP-D-mycaminose biosynthesis,Incomplete,Incomplete,Incomplete,Incomplete,Incomplete,Incomplete,Incomplete,Incomplete,Incomplete,Incomplete,Incomplete,Incomplete,Incomplete,Incomplete,Incomplete,Incomplete,Incomplete,Incomplete,Incomplete,Incomplete,Incomplete,Incomplete,Incomplete,Incomplete,Incomplete,Incomplete,Incomplete,Incomplete,Incomplete,Incomplete,Incomplete,Incomplete,Incomplete,Incomplete,Incomplete,Incomplete,Incomplete,Incomplete,Incomplete,Incomplete,Incomplete,Incomplete,Incomplete,Incomplete,Incomplete,Incomplete,Incomplete
M00797 | dTDP-D-desosamine biosynthesis,Incomplete,Incomplete,Incomplete,Incomplete,Incomplete,Incomplete,Incomplete,Incomplete,Incomplete,Incomplete,Incomplete,Incomplete,Incomplete,Incomplete,Incomplete,Incomplete,Incomplete,Incomplete,Incomplete,Incomplete,Incomplete,Incomplete,Incomplete,Incomplete,Incomplete,Incomplete,Incomplete,Incomplete,Incomplete,Incomplete,Incomplete,Incomplete,Incomplete,Incomplete,Incomplete,Incomplete,Incomplete,Incomplete,Incomplete,Incomplete,Incomplete,Incomplete,Incomplete,Incomplete,Incomplete,Incomplete,Incomplete
M00798 | dTDP-L-mycarose biosynthesis,Incomplete,Incomplete,Incomplete,Incomplete,Incomplete,Incomplete,Incomplete,Incomplete,Incomplete,Incomplete,Incomplete,Incomplete,Incomplete,Incomplete,Incomplete,Incomplete,Incomplete,Incomplete,Incomplete,Incomplete,Incomplete,Incomplete,Incomplete,Incomplete,Incomplete,Incomplete,Incomplete,Incomplete,Incomplete,Incomplete,Incomplete,Incomplete,Incomplete,Incomplete,Incomplete,Incomplete,Incomplete,Incomplete,Incomplete,Incomplete,Incomplete,Incomplete,Incomplete,Incomplete,Incomplete,Incomplete,Incomplete
M00799 | dTDP-L-oleandrose biosynthesis,Incomplete,Incomplete,Incomplete,Incomplete,Incomplete,Incomplete,Incomplete,Incomplete,Incomplete,Incomplete,Incomplete,Incomplete,Incomplete,Incomplete,Incomplete,Incomplete,Incomplete,Incomplete,Incomplete,Incomplete,Incomplete,Incomplete,Incomplete,Incomplete,Incomplete,Incomplete,Incomplete,Incomplete,Incomplete,Incomplete,Incomplete,Incomplete,Incomplete,Incomplete,Incomplete,Incomplete,Incomplete,Incomplete,Incomplete,Incomplete,Incomplete,Incomplete,Incomplete,Incomplete,Incomplete,Incomplete,Incomplete
M00800 | dTDP-L-megosamine biosynthesis,Incomplete,Incomplete,Incomplete,Incomplete,Incomplete,Incomplete,Incomplete,Incomplete,Incomplete,Incomplete,Incomplete,Incomplete,Incomplete,Incomplete,Incomplete,Incomplete,Incomplete,Incomplete,Incomplete,Incomplete,Incomplete,Incomplete,Incomplete,Incomplete,Incomplete,Incomplete,Incomplete,Incomplete,Incomplete,Incomplete,Incomplete,Incomplete,Incomplete,Incomplete,Incomplete,Incomplete,Incomplete,Incomplete,Incomplete,Incomplete,Incomplete,Incomplete,Incomplete,Incomplete,Incomplete,Incomplete,Incomplete
M00801 | dTDP-L-olivose biosynthesis,Incomplete,Incomplete,Incomplete,Incomplete,Incomplete,Incomplete,Incomplete,Incomplete,Incomplete,Incomplete,Incomplete,Incomplete,Incomplete,Incomplete,Incomplete,Incomplete,Incomplete,Incomplete,Incomplete,Incomplete,Incomplete,Incomplete,Incomplete,Incomplete,Incomplete,Incomplete,Incomplete,Incomplete,Incomplete,Incomplete,Incomplete,Incomplete,Incomplete,Incomplete,Incomplete,Incomplete,Incomplete,Incomplete,Incomplete,Incomplete,Incomplete,Incomplete,Incomplete,Incomplete,Incomplete,Incomplete,Incomplete
M00802 | dTDP-D-forosamine biosynthesis,Incomplete,Incomplete,Incomplete,Incomplete,Incomplete,Incomplete,Incomplete,Incomplete,Incomplete,Incomplete,Incomplete,Incomplete,Incomplete,Incomplete,Incomplete,Incomplete,Incomplete,Incomplete,Incomplete,Incomplete,Incomplete,Incomplete,Incomplete,Incomplete,Incomplete,Incomplete,Incomplete,Incomplete,Incomplete,Incomplete,Incomplete,Incomplete,Incomplete,Incomplete,Incomplete,Incomplete,Incomplete,Incomplete,Incomplete,Incomplete,Incomplete,Incomplete,Incomplete,Incomplete,Incomplete,Incomplete,Incomplete
M00803 | dTDP-D-angolosamine biosynthesis,Incomplete,Incomplete,Incomplete,Incomplete,Incomplete,Incomplete,Incomplete,Incomplete,Incomplete,Incomplete,Incomplete,Incomplete,Incomplete,Incomplete,Incomplete,Incomplete,Incomplete,Incomplete,Incomplete,Incomplete,Incomplete,Incomplete,Incomplete,Incomplete,Incomplete,Incomplete,Incomplete,Incomplete,Incomplete,Incomplete,Incomplete,Incomplete,Incomplete,Incomplete,Incomplete,Incomplete,Incomplete,Incomplete,Incomplete,Incomplete,Incomplete,Incomplete,Incomplete,Incomplete,Incomplete,Incomplete,Incomplete
"M00804 | Complete nitrification, comammox, ammonia => nitrite => nitrate",Incomplete,Incomplete,Incomplete,2 blocks missing,Incomplete,Incomplete,Incomplete,2 blocks missing,Incomplete,Incomplete,Incomplete,Incomplete,Incomplete,2 blocks missing,Incomplete,Incomplete,Incomplete,Incomplete,Incomplete,Incomplete,Incomplete,Incomplete,Incomplete,Incomplete,Incomplete,Incomplete,Incomplete,Incomplete,Incomplete,Incomplete,Incomplete,Incomplete,Incomplete,2 blocks missing,Incomplete,Incomplete,Incomplete,Incomplete,Incomplete,Incomplete,Incomplete,Incomplete,Incomplete,Incomplete,Incomplete,Incomplete,Incomplete
"M00805 | Staurosporine biosynthesis, tryptophan => staurosporine",Incomplete,Incomplete,Incomplete,Incomplete,Incomplete,Incomplete,Incomplete,Incomplete,Incomplete,Incomplete,Incomplete,Incomplete,Incomplete,Incomplete,Incomplete,Incomplete,Incomplete,Incomplete,Incomplete,Incomplete,Incomplete,Incomplete,Incomplete,Incomplete,Incomplete,Incomplete,Incomplete,Incomplete,Incomplete,Incomplete,Incomplete,Incomplete,Incomplete,Incomplete,Incomplete,Incomplete,Incomplete,Incomplete,Incomplete,Incomplete,Incomplete,Incomplete,Incomplete,Incomplete,Incomplete,Incomplete,Incomplete
"M00808 | Violacein biosynthesis, tryptophan => violacein",Incomplete,Incomplete,Incomplete,Incomplete,Incomplete,Incomplete,Incomplete,Incomplete,Incomplete,Incomplete,Incomplete,Incomplete,Incomplete,Incomplete,Incomplete,Incomplete,Incomplete,Incomplete,Incomplete,Incomplete,Incomplete,Incomplete,Incomplete,Incomplete,Incomplete,Incomplete,Incomplete,Incomplete,Incomplete,Incomplete,Incomplete,Incomplete,Incomplete,Incomplete,Incomplete,Incomplete,Incomplete,Incomplete,Incomplete,Incomplete,Incomplete,Incomplete,Incomplete,Incomplete,Incomplete,Incomplete,Incomplete
"M00810 | Nicotine degradation, pyridine pathway, nicotine => 2,6-dihydroxypyridine/succinate semialdehyde",Incomplete,Incomplete,Incomplete,Incomplete,Incomplete,Incomplete,Incomplete,Incomplete,Incomplete,Incomplete,Incomplete,Incomplete,Incomplete,Incomplete,Incomplete,Incomplete,Incomplete,Incomplete,Incomplete,Incomplete,Incomplete,Incomplete,Incomplete,Incomplete,Incomplete,Incomplete,Incomplete,Incomplete,Incomplete,Incomplete,Incomplete,Incomplete,Incomplete,Incomplete,Incomplete,Incomplete,Incomplete,Incomplete,Incomplete,Incomplete,Incomplete,Incomplete,Incomplete,Incomplete,Incomplete,Incomplete,Incomplete
"M00811 | Nicotine degradation, pyrrolidine pathway, nicotine => succinate semialdehyde",Incomplete,Incomplete,Incomplete,Incomplete,Incomplete,Incomplete,Incomplete,Incomplete,Incomplete,Incomplete,Incomplete,Incomplete,Incomplete,Incomplete,Incomplete,Incomplete,Incomplete,Incomplete,Incomplete,Incomplete,Incomplete,Incomplete,Incomplete,Incomplete,Incomplete,Incomplete,Incomplete,Incomplete,Incomplete,Incomplete,Incomplete,Incomplete,Incomplete,Incomplete,Incomplete,Incomplete,Incomplete,Incomplete,Incomplete,Incomplete,Incomplete,Incomplete,Incomplete,Incomplete,Incomplete,Incomplete,Incomplete
"M00814 | Acarbose biosynthesis, sedoheptulopyranose-7P => acarbose",Incomplete,Incomplete,Incomplete,Incomplete,Incomplete,Incomplete,Incomplete,Incomplete,Incomplete,Incomplete,Incomplete,Incomplete,Incomplete,Incomplete,Incomplete,Incomplete,Incomplete,Incomplete,Incomplete,Incomplete,Incomplete,Incomplete,Incomplete,Incomplete,Incomplete,Incomplete,Incomplete,Incomplete,Incomplete,Incomplete,Incomplete,Incomplete,Incomplete,Incomplete,Incomplete,Incomplete,Incomplete,Incomplete,Incomplete,Incomplete,Incomplete,Incomplete,Incomplete,Incomplete,Incomplete,Incomplete,Incomplete
"M00815 | Validamycin A biosynthesis, sedoheptulopyranose-7P => validamycin A",Incomplete,Incomplete,Incomplete,Incomplete,Incomplete,Incomplete,Incomplete,Incomplete,Incomplete,Incomplete,Incomplete,Incomplete,Incomplete,Incomplete,Incomplete,Incomplete,Incomplete,Incomplete,Incomplete,Incomplete,Incomplete,Incomplete,Incomplete,Incomplete,Incomplete,Incomplete,Incomplete,Incomplete,Incomplete,Incomplete,Incomplete,Incomplete,Incomplete,Incomplete,Incomplete,Incomplete,Incomplete,Incomplete,Incomplete,Incomplete,Incomplete,Incomplete,Incomplete,Incomplete,Incomplete,Incomplete,Incomplete
"M00819 | Pentalenolactone biosynthesis, farnesyl-PP => pentalenolactone",Incomplete,Incomplete,Incomplete,Incomplete,Incomplete,Incomplete,Incomplete,Incomplete,Incomplete,Incomplete,Incomplete,Incomplete,Incomplete,Incomplete,Incomplete,Incomplete,Incomplete,Incomplete,Incomplete,Incomplete,Incomplete,Incomplete,Incomplete,Incomplete,Incomplete,Incomplete,Incomplete,Incomplete,Incomplete,Incomplete,Incomplete,Incomplete,Incomplete,Incomplete,Incomplete,Incomplete,Incomplete,Incomplete,Incomplete,Incomplete,Incomplete,Incomplete,Incomplete,Incomplete,Incomplete,Incomplete,Incomplete
"M00823 | Chlortetracycline biosynthesis, pretetramide => chlortetracycline",Incomplete,Incomplete,Incomplete,Incomplete,Incomplete,Incomplete,Incomplete,Incomplete,Incomplete,Incomplete,Incomplete,Incomplete,Incomplete,Incomplete,Incomplete,Incomplete,Incomplete,Incomplete,Incomplete,Incomplete,Incomplete,Incomplete,Incomplete,Incomplete,Incomplete,Incomplete,Incomplete,Incomplete,Incomplete,Incomplete,Incomplete,Incomplete,Incomplete,Incomplete,Incomplete,Incomplete,Incomplete,Incomplete,Incomplete,Incomplete,Incomplete,Incomplete,Incomplete,Incomplete,Incomplete,Incomplete,Incomplete
"M00824 | 9-membered enediyne core biosynthesis, malonyl-CoA => 3-hydroxyhexadeca-4,6,8,10,12,14-hexaenoyl-ACP => 9-membered enediyne core",2 blocks missing,2 blocks missing,2 blocks missing,2 blocks missing,2 blocks missing,2 blocks missing,2 blocks missing,2 blocks missing,2 blocks missing,2 blocks missing,2 blocks missing,2 blocks missing,2 blocks missing,2 blocks missing,2 blocks missing,2 blocks missing,2 blocks missing,2 blocks missing,2 blocks missing,2 blocks missing,2 blocks missing,2 blocks missing,2 blocks missing,2 blocks missing,2 blocks missing,2 blocks missing,2 blocks missing,2 blocks missing,2 blocks missing,2 blocks missing,2 blocks missing,2 blocks missing,2 blocks missing,2 blocks missing,2 blocks missing,2 blocks missing,2 blocks missing,2 blocks missing,2 blocks missing,2 blocks missing,2 blocks missing,2 blocks missing,2 blocks missing,2 blocks missing,2 blocks missing,2 blocks missing,2 blocks missing
"M00825 | 10-membered enediyne core biosynthesis, malonyl-CoA => 3-hydroxyhexadeca-4,6,8,10,12,14-hexaenoyl-ACP => 10-membered enediyne core",2 blocks missing,2 blocks missing,2 blocks missing,2 blocks missing,2 blocks missing,2 blocks missing,2 blocks missing,2 blocks missing,2 blocks missing,2 blocks missing,2 blocks missing,2 blocks missing,2 blocks missing,2 blocks missing,2 blocks missing,2 blocks missing,2 blocks missing,2 blocks missing,2 blocks missing,2 blocks missing,2 blocks missing,2 blocks missing,2 blocks missing,2 blocks missing,2 blocks missing,2 blocks missing,2 blocks missing,2 blocks missing,2 blocks missing,2 blocks missing,2 blocks missing,2 blocks missing,2 blocks missing,2 blocks missing,2 blocks missing,2 blocks missing,2 blocks missing,2 blocks missing,2 blocks missing,2 blocks missing,2 blocks missing,2 blocks missing,2 blocks missing,2 blocks missing,2 blocks missing,2 blocks missing,2 blocks missing
"M00826 | C-1027 benzoxazolinate moiety biosynthesis, chorismate => benzoxazolinyl-CoA",Incomplete,Incomplete,Incomplete,Incomplete,Incomplete,Incomplete,Incomplete,Incomplete,Incomplete,Incomplete,Incomplete,Incomplete,Incomplete,Incomplete,Incomplete,Incomplete,Incomplete,Incomplete,Incomplete,Incomplete,Incomplete,Incomplete,Incomplete,Incomplete,Incomplete,Incomplete,Incomplete,Incomplete,Incomplete,Incomplete,Incomplete,Incomplete,Incomplete,Incomplete,Incomplete,Incomplete,Incomplete,Incomplete,Incomplete,Incomplete,Incomplete,Incomplete,Incomplete,Incomplete,Incomplete,Incomplete,Incomplete
"M00827 | C-1027 beta-amino acid moiety biosynthesis, tyrosine => 3-chloro-4,5-dihydroxy-beta-phenylalanyl-PCP",Incomplete,Incomplete,Incomplete,Incomplete,Incomplete,Incomplete,Incomplete,Incomplete,Incomplete,Incomplete,Incomplete,Incomplete,Incomplete,Incomplete,Incomplete,Incomplete,Incomplete,Incomplete,Incomplete,Incomplete,Incomplete,Incomplete,Incomplete,Incomplete,Incomplete,Incomplete,Incomplete,Incomplete,Incomplete,Incomplete,Incomplete,Incomplete,Incomplete,Incomplete,Incomplete,Incomplete,Incomplete,Incomplete,Incomplete,Incomplete,Incomplete,Incomplete,Incomplete,Incomplete,Incomplete,Incomplete,Incomplete
"M00828 | Maduropeptin beta-hydroxy acid moiety biosynthesis, tyrosine => 3-(4-hydroxyphenyl)-3-oxopropanoyl-PCP",Incomplete,Incomplete,Incomplete,Incomplete,Incomplete,Incomplete,Incomplete,Incomplete,Incomplete,Incomplete,Incomplete,Incomplete,Incomplete,Incomplete,Incomplete,Incomplete,Incomplete,Incomplete,Incomplete,Incomplete,Incomplete,Incomplete,Incomplete,Incomplete,Incomplete,Incomplete,Incomplete,Incomplete,Incomplete,Incomplete,Incomplete,Incomplete,Incomplete,Incomplete,Incomplete,Incomplete,Incomplete,Incomplete,Incomplete,Incomplete,Incomplete,Incomplete,Incomplete,Incomplete,Incomplete,Incomplete,Incomplete
"M00829 | 3,6-Dimethylsalicylyl-CoA biosynthesis, malonyl-CoA => 6-methylsalicylate => 3,6-dimethylsalicylyl-CoA",Incomplete,Incomplete,Incomplete,Incomplete,Incomplete,Incomplete,Incomplete,Incomplete,Incomplete,Incomplete,Incomplete,Incomplete,Incomplete,Incomplete,Incomplete,Incomplete,Incomplete,Incomplete,Incomplete,Incomplete,Incomplete,Incomplete,Incomplete,Incomplete,Incomplete,Incomplete,Incomplete,Incomplete,Incomplete,Incomplete,Incomplete,Incomplete,Incomplete,Incomplete,Incomplete,Incomplete,Incomplete,Incomplete,Incomplete,Incomplete,Incomplete,Incomplete,Incomplete,Incomplete,Incomplete,Incomplete,Incomplete
"M00830 | Neocarzinostatin naphthoate moiety biosynthesis, malonyl-CoA => 2-hydroxy-5-methyl-1-naphthoate => 2-hydroxy-7-methoxy-5-methyl-1-naphthoyl-CoA",Incomplete,Incomplete,Incomplete,Incomplete,Incomplete,Incomplete,Incomplete,Incomplete,Incomplete,Incomplete,Incomplete,Incomplete,Incomplete,Incomplete,Incomplete,Incomplete,Incomplete,Incomplete,Incomplete,Incomplete,Incomplete,Incomplete,Incomplete,Incomplete,Incomplete,Incomplete,Incomplete,Incomplete,Incomplete,Incomplete,Incomplete,Incomplete,Incomplete,Incomplete,Incomplete,Incomplete,Incomplete,Incomplete,Incomplete,Incomplete,Incomplete,Incomplete,Incomplete,Incomplete,Incomplete,Incomplete,Incomplete
"M00831 | Kedarcidin 2-hydroxynaphthoate moiety biosynthesis, malonyl-CoA => 3,6,8-trihydroxy-2-naphthoate => 3-hydroxy-7,8-dimethoxy-6-isopropoxy-2-naphthoyl-CoA",Incomplete,Incomplete,Incomplete,Incomplete,Incomplete,Incomplete,Incomplete,Incomplete,Incomplete,Incomplete,Incomplete,Incomplete,Incomplete,Incomplete,Incomplete,Incomplete,Incomplete,Incomplete,Incomplete,Incomplete,Incomplete,Incomplete,Incomplete,Incomplete,Incomplete,Incomplete,Incomplete,Incomplete,Incomplete,Incomplete,Incomplete,Incomplete,Incomplete,Incomplete,Incomplete,Incomplete,Incomplete,Incomplete,Incomplete,Incomplete,Incomplete,Incomplete,Incomplete,Incomplete,Incomplete,Incomplete,Incomplete
"M00832 | Kedarcidin 2-aza-3-chloro-beta-tyrosine moiety biosynthesis, azatyrosine => 2-aza-3-chloro-beta-tyrosyl-PCP",Incomplete,Incomplete,Incomplete,Incomplete,Incomplete,Incomplete,Incomplete,Incomplete,Incomplete,Incomplete,Incomplete,Incomplete,Incomplete,Incomplete,Incomplete,Incomplete,Incomplete,Incomplete,Incomplete,Incomplete,Incomplete,Incomplete,Incomplete,Incomplete,Incomplete,Incomplete,Incomplete,Incomplete,Incomplete,Incomplete,Incomplete,Incomplete,Incomplete,Incomplete,Incomplete,Incomplete,Incomplete,Incomplete,Incomplete,Incomplete,Incomplete,Incomplete,Incomplete,Incomplete,Incomplete,Incomplete,Incomplete
"M00833 | Calicheamicin biosynthesis, calicheamicinone => calicheamicin",Incomplete,Incomplete,Incomplete,Incomplete,Incomplete,Incomplete,Incomplete,Incomplete,Incomplete,Incomplete,Incomplete,Incomplete,Incomplete,Incomplete,Incomplete,Incomplete,Incomplete,Incomplete,Incomplete,Incomplete,Incomplete,Incomplete,Incomplete,Incomplete,Incomplete,Incomplete,Incomplete,Incomplete,Incomplete,Incomplete,Incomplete,Incomplete,Incomplete,Incomplete,Incomplete,Incomplete,Incomplete,Incomplete,Incomplete,Incomplete,Incomplete,Incomplete,Incomplete,Incomplete,Incomplete,Incomplete,Incomplete
"M00834 | Calicheamicin orsellinate moiety biosynthesis, malonyl-CoA => orsellinate-ACP => 5-iodo-2,3-dimethoxyorsellinate-ACP",Incomplete,Incomplete,Incomplete,Incomplete,Incomplete,Incomplete,Incomplete,Incomplete,Incomplete,Incomplete,Incomplete,Incomplete,Incomplete,Incomplete,Incomplete,Incomplete,Incomplete,Incomplete,Incomplete,Incomplete,Incomplete,Incomplete,Incomplete,Incomplete,Incomplete,Incomplete,Incomplete,Incomplete,Incomplete,Incomplete,Incomplete,Incomplete,Incomplete,Incomplete,Incomplete,Incomplete,Incomplete,Incomplete,Incomplete,Incomplete,Incomplete,Incomplete,Incomplete,Incomplete,Incomplete,Incomplete,Incomplete
"M00835 | Pyocyanine biosynthesis, chorismate => pyocyanine",Incomplete,Incomplete,Incomplete,Incomplete,Incomplete,Incomplete,Incomplete,Incomplete,Incomplete,Incomplete,Incomplete,Incomplete,Incomplete,Incomplete,Incomplete,Incomplete,Incomplete,Incomplete,Incomplete,Incomplete,Incomplete,Incomplete,Incomplete,Incomplete,Incomplete,Incomplete,Incomplete,Incomplete,Incomplete,Incomplete,Incomplete,Incomplete,Incomplete,Incomplete,Incomplete,Incomplete,Incomplete,Incomplete,Incomplete,Incomplete,Incomplete,Incomplete,Incomplete,Incomplete,Incomplete,Incomplete,Incomplete
"M00836 | Coenzyme F430 biosynthesis, sirohydrochlorin => coenzyme F430",Incomplete,Incomplete,Incomplete,Incomplete,Incomplete,Incomplete,Incomplete,Incomplete,Incomplete,Incomplete,Incomplete,Incomplete,Incomplete,Incomplete,Incomplete,Incomplete,Incomplete,Incomplete,Incomplete,Incomplete,Incomplete,Incomplete,Incomplete,Incomplete,Incomplete,Incomplete,Incomplete,Incomplete,Incomplete,Incomplete,Incomplete,Incomplete,Incomplete,Incomplete,Incomplete,Incomplete,Incomplete,Incomplete,Incomplete,Incomplete,Incomplete,Incomplete,Incomplete,Incomplete,Incomplete,Incomplete,Incomplete
"M00837 | Prodigiosin biosynthesis, L-proline => prodigiosin",Incomplete,Incomplete,Incomplete,Incomplete,Incomplete,Incomplete,Incomplete,Incomplete,Incomplete,Incomplete,Incomplete,Incomplete,Incomplete,Incomplete,Incomplete,Incomplete,Incomplete,Incomplete,Incomplete,Incomplete,Incomplete,Incomplete,Incomplete,Incomplete,Incomplete,Incomplete,Incomplete,Incomplete,Incomplete,Incomplete,Incomplete,Incomplete,Incomplete,Incomplete,Incomplete,Incomplete,Incomplete,Incomplete,Incomplete,Incomplete,Incomplete,Incomplete,Incomplete,Incomplete,Incomplete,Incomplete,Incomplete
"M00838 | Undecylprodigiosin biosynthesis, L-proline => undecylprodigiosin",Incomplete,Incomplete,Incomplete,Incomplete,Incomplete,Incomplete,Incomplete,Incomplete,Incomplete,Incomplete,Incomplete,Incomplete,Incomplete,Incomplete,Incomplete,Incomplete,Incomplete,Incomplete,Incomplete,Incomplete,Incomplete,Incomplete,Incomplete,Incomplete,Incomplete,Incomplete,Incomplete,Incomplete,Incomplete,Incomplete,Incomplete,Incomplete,Incomplete,Incomplete,Incomplete,Incomplete,Incomplete,Incomplete,Incomplete,Incomplete,Incomplete,Incomplete,Incomplete,Incomplete,Incomplete,Incomplete,Incomplete
"M00840 | Tetrahydrofolate biosynthesis, mediated by ribA and trpF, GTP => THF",Incomplete,Incomplete,Incomplete,Incomplete,Incomplete,Incomplete,Incomplete,Incomplete,Incomplete,Incomplete,Incomplete,Incomplete,Incomplete,Incomplete,Incomplete,Incomplete,Incomplete,Incomplete,Incomplete,Incomplete,Incomplete,Incomplete,Incomplete,Incomplete,Incomplete,Incomplete,Incomplete,Incomplete,Incomplete,Incomplete,Incomplete,Incomplete,Incomplete,Incomplete,Incomplete,Incomplete,Incomplete,Incomplete,Incomplete,Incomplete,Incomplete,Incomplete,Incomplete,Incomplete,Incomplete,Incomplete,Incomplete
"M00841 | Tetrahydrofolate biosynthesis, mediated by PTPS, GTP => THF",Incomplete,Incomplete,Incomplete,Incomplete,Incomplete,Incomplete,Incomplete,Incomplete,Incomplete,Incomplete,Incomplete,Incomplete,Incomplete,Incomplete,Incomplete,Incomplete,Incomplete,Incomplete,Incomplete,Incomplete,Incomplete,Incomplete,Incomplete,Incomplete,Incomplete,Incomplete,Incomplete,Incomplete,Incomplete,Incomplete,Incomplete,Incomplete,Incomplete,Incomplete,Incomplete,Incomplete,Incomplete,Incomplete,Incomplete,Incomplete,Incomplete,Incomplete,Incomplete,Incomplete,Incomplete,Incomplete,Incomplete
"M00842 | Tetrahydrobiopterin biosynthesis, GTP => BH4",Incomplete,Incomplete,2 blocks missing,2 blocks missing,Incomplete,Incomplete,Incomplete,2 blocks missing,2 blocks missing,2 blocks missing,Incomplete,1 block missing,1 block missing,Incomplete,1 block missing,Incomplete,Incomplete,1 block missing,Incomplete,Incomplete,Incomplete,1 block missing,Incomplete,2 blocks missing,2 blocks missing,1 block missing,Incomplete,Incomplete,2 blocks missing,Incomplete,Incomplete,Incomplete,1 block missing,1 block missing,Incomplete,Incomplete,Incomplete,Incomplete,2 blocks missing,1 block missing,2 blocks missing,1 block missing,2 blocks missing,1 block missing,Incomplete,Incomplete,Incomplete
"M00843 | L-threo-Tetrahydrobiopterin biosynthesis, GTP => L-threo-BH4",Incomplete,Incomplete,2 blocks missing,2 blocks missing,Incomplete,Incomplete,Incomplete,2 blocks missing,2 blocks missing,2 blocks missing,Incomplete,1 block missing,1 block missing,Incomplete,1 block missing,Incomplete,Incomplete,1 block missing,Incomplete,Incomplete,Incomplete,1 block missing,Incomplete,2 blocks missing,2 blocks missing,1 block missing,Incomplete,Incomplete,2 blocks missing,Incomplete,Incomplete,Incomplete,1 block missing,1 block missing,Incomplete,Incomplete,Incomplete,Incomplete,2 blocks missing,1 block missing,2 blocks missing,1 block missing,2 blocks missing,1 block missing,Incomplete,Incomplete,Incomplete
"M00844 | Arginine biosynthesis, ornithine => arginine",2 blocks missing,1 block missing,2 blocks missing,Complete,Incomplete,Complete,2 blocks missing,1 block missing,Complete,2 blocks missing,1 block missing,Complete,Complete,Complete,Complete,2 blocks missing,2 blocks missing,Complete,2 blocks missing,Incomplete,2 blocks missing,1 block missing,Incomplete,Complete,Complete,1 block missing,2 blocks missing,Incomplete,1 block missing,2 blocks missing,2 blocks missing,Complete,Complete,Complete,2 blocks missing,2 blocks missing,Complete,2 blocks missing,Complete,1 block missing,2 blocks missing,Complete,Complete,2 blocks missing,2 blocks missing,2 blocks missing,2 blocks missing
"M00845 | Arginine biosynthesis, glutamate => acetylcitrulline => arginine",Incomplete,Incomplete,Incomplete,Incomplete,Incomplete,Incomplete,Incomplete,Incomplete,Incomplete,Incomplete,Incomplete,Incomplete,Incomplete,Incomplete,Incomplete,Incomplete,Incomplete,Incomplete,Incomplete,Incomplete,Incomplete,Incomplete,Incomplete,Incomplete,Incomplete,Incomplete,Incomplete,Incomplete,Incomplete,Incomplete,Incomplete,Incomplete,Incomplete,Incomplete,Incomplete,Incomplete,Incomplete,Incomplete,Incomplete,Incomplete,Incomplete,Incomplete,Incomplete,Incomplete,Incomplete,Incomplete,Incomplete
"M00846 | Siroheme biosynthesis, glutamate => siroheme",Incomplete,Incomplete,Incomplete,1 block missing,Incomplete,Incomplete,Incomplete,Incomplete,1 block missing,Incomplete,Incomplete,Incomplete,2 blocks missing,Incomplete,Incomplete,Incomplete,Incomplete,Incomplete,Incomplete,Incomplete,Incomplete,Incomplete,Incomplete,2 blocks missing,1 block missing,Incomplete,Incomplete,Incomplete,Incomplete,Incomplete,Incomplete,2 blocks missing,2 blocks missing,1 block missing,Incomplete,2 blocks missing,Incomplete,Incomplete,1 block missing,Incomplete,Incomplete,2 blocks missing,Incomplete,Incomplete,Incomplete,Incomplete,Incomplete
"M00847 | Heme biosynthesis, archaea, siroheme => heme",Incomplete,Incomplete,Incomplete,Incomplete,Incomplete,Incomplete,Incomplete,Incomplete,Incomplete,Incomplete,Incomplete,Incomplete,Incomplete,Incomplete,Incomplete,Incomplete,Incomplete,Incomplete,Incomplete,Incomplete,Incomplete,Incomplete,Incomplete,Incomplete,Incomplete,Incomplete,Incomplete,Incomplete,Incomplete,Incomplete,Incomplete,Incomplete,Incomplete,Incomplete,Incomplete,Incomplete,Incomplete,Incomplete,Incomplete,Incomplete,Incomplete,Incomplete,Incomplete,Incomplete,Incomplete,Incomplete,Incomplete
"M00848 | Aurachin biosynthesis, anthranilate => aurachin A",Incomplete,Incomplete,Incomplete,Incomplete,Incomplete,Incomplete,Incomplete,Incomplete,Incomplete,Incomplete,Incomplete,Incomplete,Incomplete,Incomplete,Incomplete,Incomplete,Incomplete,Incomplete,Incomplete,Incomplete,Incomplete,Incomplete,Incomplete,Incomplete,Incomplete,Incomplete,Incomplete,Incomplete,Incomplete,Incomplete,Incomplete,Incomplete,Incomplete,Incomplete,Incomplete,Incomplete,Incomplete,Incomplete,Incomplete,Incomplete,Incomplete,Incomplete,Incomplete,Incomplete,Incomplete,Incomplete,Incomplete
"M00849 | C5 isoprenoid biosynthesis, mevalonate pathway, archaea",Incomplete,Incomplete,Incomplete,Incomplete,2 blocks missing,2 blocks missing,2 blocks missing,Incomplete,Incomplete,2 blocks missing,Incomplete,Incomplete,Incomplete,Incomplete,Incomplete,Incomplete,2 blocks missing,Incomplete,Incomplete,Incomplete,Incomplete,Incomplete,Incomplete,Incomplete,Incomplete,Incomplete,Incomplete,Incomplete,Incomplete,Incomplete,Incomplete,Incomplete,Incomplete,Incomplete,Incomplete,Incomplete,Incomplete,Incomplete,Incomplete,Incomplete,Incomplete,Incomplete,Incomplete,Incomplete,Incomplete,Incomplete,Incomplete
"M00850 | Vibrio cholerae pathogenicity signature, cholera toxins",Incomplete,Incomplete,Incomplete,Incomplete,Incomplete,Incomplete,Incomplete,Incomplete,Incomplete,Incomplete,Incomplete,Incomplete,Incomplete,Incomplete,Incomplete,Incomplete,Incomplete,Incomplete,Incomplete,Incomplete,Incomplete,Incomplete,Incomplete,Incomplete,Incomplete,Incomplete,Incomplete,Incomplete,Incomplete,Incomplete,Incomplete,Incomplete,Incomplete,Incomplete,Incomplete,Incomplete,Incomplete,Incomplete,Incomplete,Incomplete,Incomplete,Incomplete,Incomplete,Incomplete,Incomplete,Incomplete,Incomplete
M00851 | Carbapenem resistance,1 block missing,1 block missing,1 block missing,1 block missing,1 block missing,1 block missing,1 block missing,1 block missing,1 block missing,1 block missing,1 block missing,1 block missing,1 block missing,1 block missing,1 block missing,1 block missing,1 block missing,1 block missing,1 block missing,1 block missing,1 block missing,1 block missing,1 block missing,1 block missing,1 block missing,1 block missing,1 block missing,1 block missing,1 block missing,1 block missing,1 block missing,1 block missing,1 block missing,1 block missing,1 block missing,1 block missing,1 block missing,1 block missing,1 block missing,1 block missing,1 block missing,1 block missing,1 block missing,1 block missing,1 block missing,1 block missing,1 block missing
"M00852 | Vibrio cholerae pathogenicity signature, toxin coregulated pilus",Incomplete,Incomplete,Incomplete,Incomplete,Incomplete,Incomplete,Incomplete,Incomplete,Incomplete,Incomplete,Incomplete,Incomplete,Incomplete,Incomplete,Incomplete,Incomplete,Incomplete,Incomplete,Incomplete,Incomplete,Incomplete,Incomplete,Incomplete,Incomplete,Incomplete,Incomplete,Incomplete,Incomplete,Incomplete,Incomplete,Incomplete,Incomplete,Incomplete,Incomplete,Incomplete,Incomplete,Incomplete,Incomplete,Incomplete,Incomplete,Incomplete,Incomplete,Incomplete,Incomplete,Incomplete,Incomplete,Incomplete
"M00853 | ETEC pathogenicity signature, colonization factors",Incomplete,Incomplete,Incomplete,Incomplete,Incomplete,Incomplete,Incomplete,Incomplete,Incomplete,Incomplete,Incomplete,Incomplete,Incomplete,Incomplete,Incomplete,Incomplete,Incomplete,Incomplete,Incomplete,Incomplete,Incomplete,Incomplete,Incomplete,Incomplete,Incomplete,Incomplete,Incomplete,Incomplete,Incomplete,Incomplete,Incomplete,Incomplete,Incomplete,Incomplete,Incomplete,Incomplete,Incomplete,Incomplete,Incomplete,Incomplete,Incomplete,Incomplete,Incomplete,Incomplete,Incomplete,Incomplete,Incomplete
"M00854 | Glycogen biosynthesis, glucose-1P => glycogen/starch",Incomplete,Incomplete,1 block missing,1 block missing,Incomplete,Incomplete,2 blocks missing,Complete,Complete,Incomplete,2 blocks missing,Complete,Complete,1 block missing,Complete,2 blocks missing,2 blocks missing,Complete,2 blocks missing,Incomplete,2 blocks missing,Incomplete,Incomplete,Incomplete,Complete,1 block missing,Incomplete,1 block missing,1 block missing,Incomplete,Incomplete,2 blocks missing,Complete,Complete,Incomplete,2 blocks missing,Incomplete,Incomplete,1 block missing,Incomplete,1 block missing,Complete,Complete,1 block missing,Incomplete,Incomplete,Incomplete
"M00855 | Glycogen degradation, glycogen => glucose-6P",2 blocks missing,Incomplete,2 blocks missing,2 blocks missing,Incomplete,Incomplete,2 blocks missing,Complete,Complete,Incomplete,Incomplete,2 blocks missing,Complete,1 block missing,2 blocks missing,2 blocks missing,1 block missing,1 block missing,2 blocks missing,2 blocks missing,Incomplete,2 blocks missing,Incomplete,2 blocks missing,Complete,1 block missing,Incomplete,2 blocks missing,1 block missing,2 blocks missing,Incomplete,Complete,Complete,2 blocks missing,2 blocks missing,2 blocks missing,2 blocks missing,2 blocks missing,1 block missing,Incomplete,2 blocks missing,2 blocks missing,Complete,2 blocks missing,Incomplete,Incomplete,Incomplete
"M00856 | Salmonella enterica pathogenicity signature, typhoid toxin",Incomplete,Incomplete,Incomplete,Incomplete,Incomplete,Incomplete,Incomplete,Incomplete,Incomplete,Incomplete,Incomplete,Incomplete,Incomplete,Incomplete,Incomplete,Incomplete,Incomplete,Incomplete,Incomplete,Incomplete,Incomplete,Incomplete,Incomplete,Incomplete,Incomplete,Incomplete,Incomplete,Incomplete,Incomplete,Incomplete,Incomplete,Incomplete,Incomplete,Incomplete,Incomplete,Incomplete,Incomplete,Incomplete,Incomplete,Incomplete,Incomplete,Incomplete,Incomplete,Incomplete,Incomplete,Incomplete,Incomplete
"M00857 | Salmonella enterica pathogenicity signature, Vi antigen",Incomplete,Incomplete,Incomplete,Incomplete,Incomplete,Incomplete,Incomplete,Incomplete,Incomplete,Incomplete,Incomplete,Incomplete,Incomplete,Incomplete,Incomplete,Incomplete,Incomplete,Incomplete,Incomplete,Incomplete,Incomplete,Incomplete,Incomplete,Incomplete,Incomplete,Incomplete,Incomplete,Incomplete,Incomplete,Incomplete,Incomplete,Incomplete,Incomplete,Incomplete,Incomplete,Incomplete,Incomplete,Incomplete,Incomplete,Incomplete,Incomplete,Incomplete,Incomplete,Incomplete,Incomplete,Incomplete,Incomplete
"M00859 | Bacillus anthracis pathogenicity signature, anthrax toxin",Incomplete,Incomplete,Incomplete,Incomplete,Incomplete,Incomplete,Incomplete,Incomplete,Incomplete,Incomplete,Incomplete,Incomplete,Incomplete,Incomplete,Incomplete,Incomplete,Incomplete,Incomplete,Incomplete,Incomplete,Incomplete,Incomplete,Incomplete,Incomplete,Incomplete,Incomplete,Incomplete,Incomplete,Incomplete,Incomplete,Incomplete,Incomplete,Incomplete,Incomplete,Incomplete,Incomplete,Incomplete,Incomplete,Incomplete,Incomplete,Incomplete,Incomplete,Incomplete,Incomplete,Incomplete,Incomplete,Incomplete
"M00860 | Bacillus anthracis pathogenicity signature, polyglutamic acid capsule biosynthesis",Incomplete,Incomplete,Incomplete,Incomplete,Incomplete,Incomplete,Incomplete,Incomplete,Incomplete,Incomplete,Incomplete,Incomplete,Incomplete,Incomplete,Incomplete,Incomplete,Incomplete,Incomplete,Incomplete,Incomplete,Incomplete,Incomplete,Incomplete,Incomplete,Incomplete,Incomplete,Incomplete,Incomplete,Incomplete,Incomplete,Incomplete,Incomplete,Incomplete,Incomplete,Incomplete,Incomplete,Incomplete,Incomplete,Incomplete,Incomplete,Incomplete,Incomplete,Incomplete,Incomplete,Incomplete,Incomplete,Incomplete
"M00861 | beta-Oxidation, peroxisome, VLCFA",Incomplete,Incomplete,Incomplete,Incomplete,Incomplete,Incomplete,Incomplete,Incomplete,2 blocks missing,Incomplete,Incomplete,2 blocks missing,Incomplete,Incomplete,Incomplete,Incomplete,Incomplete,2 blocks missing,Incomplete,Incomplete,Incomplete,Incomplete,Incomplete,Incomplete,Incomplete,Incomplete,Incomplete,2 blocks missing,Incomplete,Incomplete,2 blocks missing,Incomplete,Incomplete,Incomplete,Incomplete,Incomplete,Incomplete,Incomplete,1 block missing,1 block missing,2 blocks missing,Incomplete,Incomplete,Incomplete,Incomplete,Incomplete,Incomplete
"M00862 | beta-Oxidation, peroxisome, tri/dihydroxycholestanoyl-CoA => choloyl/chenodeoxycholoyl-CoA",Incomplete,Incomplete,Incomplete,Incomplete,Incomplete,Incomplete,Incomplete,Incomplete,2 blocks missing,Incomplete,Incomplete,2 blocks missing,Incomplete,Incomplete,Incomplete,Incomplete,Incomplete,2 blocks missing,Incomplete,Incomplete,Incomplete,Incomplete,Incomplete,Incomplete,Incomplete,Incomplete,Incomplete,2 blocks missing,Incomplete,Incomplete,Incomplete,Incomplete,Incomplete,Incomplete,Incomplete,Incomplete,Incomplete,Incomplete,1 block missing,1 block missing,2 blocks missing,Incomplete,Incomplete,Incomplete,Incomplete,Incomplete,Incomplete
"M00866 | KDO2-lipid A biosynthesis, Raetz pathway, non-LpxL-LpxM type",Incomplete,Incomplete,Incomplete,Incomplete,Incomplete,Incomplete,Incomplete,Incomplete,Incomplete,Incomplete,Incomplete,Incomplete,2 blocks missing,Incomplete,Incomplete,Incomplete,Incomplete,Incomplete,Incomplete,Incomplete,Incomplete,Incomplete,Incomplete,Incomplete,1 block missing,Incomplete,Incomplete,Incomplete,Incomplete,Incomplete,Incomplete,Incomplete,Incomplete,Incomplete,Incomplete,Incomplete,Incomplete,Incomplete,Incomplete,Incomplete,Incomplete,Incomplete,Incomplete,Incomplete,Incomplete,Incomplete,Incomplete
M00867 | KDO2-lipid A modification pathway,Incomplete,Incomplete,Incomplete,Incomplete,Incomplete,Incomplete,Incomplete,Incomplete,Incomplete,Incomplete,Incomplete,Incomplete,Incomplete,Incomplete,Incomplete,Incomplete,Incomplete,Incomplete,Incomplete,Incomplete,Incomplete,Incomplete,Incomplete,Incomplete,Incomplete,Incomplete,Incomplete,Incomplete,Incomplete,Incomplete,Incomplete,Incomplete,Incomplete,Incomplete,Incomplete,Incomplete,Incomplete,Incomplete,Incomplete,Incomplete,Incomplete,Incomplete,Incomplete,Incomplete,Incomplete,Incomplete,Incomplete
"M00868 | Heme biosynthesis, animals and fungi, glycine => heme",Incomplete,Incomplete,Incomplete,Incomplete,Incomplete,Incomplete,Incomplete,Incomplete,Incomplete,Incomplete,Incomplete,Incomplete,Incomplete,Incomplete,Incomplete,Incomplete,Incomplete,Incomplete,Incomplete,Incomplete,Incomplete,Incomplete,Incomplete,Incomplete,Incomplete,Incomplete,Incomplete,Incomplete,Incomplete,Incomplete,Incomplete,Incomplete,Incomplete,Incomplete,Incomplete,Incomplete,Incomplete,Incomplete,Incomplete,Incomplete,Incomplete,Incomplete,Incomplete,Incomplete,Incomplete,Incomplete,Incomplete
"M00872 | O-glycan biosynthesis, mannose type (core M3)",Incomplete,Incomplete,Incomplete,Incomplete,Incomplete,Incomplete,Incomplete,Incomplete,Incomplete,Incomplete,Incomplete,Incomplete,Incomplete,Incomplete,Incomplete,Incomplete,Incomplete,Incomplete,Incomplete,Incomplete,Incomplete,Incomplete,Incomplete,Incomplete,Incomplete,Incomplete,Incomplete,Incomplete,Incomplete,Incomplete,Incomplete,Incomplete,Incomplete,Incomplete,Incomplete,Incomplete,Incomplete,Incomplete,Incomplete,Incomplete,Incomplete,Incomplete,Incomplete,Incomplete,Incomplete,Incomplete,Incomplete
"M00873 | Fatty acid biosynthesis in mitochondria, animals",Incomplete,Incomplete,Incomplete,Incomplete,Incomplete,Incomplete,Incomplete,Incomplete,Incomplete,Incomplete,Incomplete,Incomplete,Incomplete,Incomplete,Incomplete,Incomplete,Incomplete,Incomplete,Incomplete,Incomplete,Incomplete,Incomplete,Incomplete,Incomplete,Incomplete,Incomplete,Incomplete,Incomplete,Incomplete,Incomplete,Incomplete,Incomplete,Incomplete,Incomplete,Incomplete,Incomplete,Incomplete,Incomplete,Incomplete,Incomplete,Incomplete,Incomplete,Incomplete,Incomplete,Incomplete,Incomplete,Incomplete
"M00874 | Fatty acid biosynthesis in mitochondria, fungi",Incomplete,Incomplete,Incomplete,Incomplete,Incomplete,Incomplete,Incomplete,Incomplete,Incomplete,Incomplete,Incomplete,Incomplete,Incomplete,Incomplete,Incomplete,Incomplete,Incomplete,Incomplete,Incomplete,Incomplete,Incomplete,Incomplete,Incomplete,Incomplete,Incomplete,Incomplete,Incomplete,Incomplete,Incomplete,Incomplete,Incomplete,Incomplete,Incomplete,Incomplete,Incomplete,Incomplete,Incomplete,Incomplete,Incomplete,Incomplete,Incomplete,Incomplete,Incomplete,Incomplete,Incomplete,Incomplete,Incomplete
"M00875 | Staphyloferrin B biosynthesis, L-serine => staphyloferrin B",Incomplete,Incomplete,Incomplete,Incomplete,Incomplete,Incomplete,Incomplete,Incomplete,Incomplete,Incomplete,Incomplete,Incomplete,Incomplete,Incomplete,Incomplete,Incomplete,Incomplete,Incomplete,Incomplete,Incomplete,Incomplete,Incomplete,Incomplete,Incomplete,Incomplete,Incomplete,Incomplete,Incomplete,Incomplete,Incomplete,Incomplete,Incomplete,Incomplete,Incomplete,Incomplete,Incomplete,Incomplete,Incomplete,Incomplete,Incomplete,Incomplete,Incomplete,Incomplete,Incomplete,Incomplete,Incomplete,Incomplete
"M00876 | Staphyloferrin A biosynthesis, L-ornithine => staphyloferrin A",Incomplete,Incomplete,Incomplete,Incomplete,Incomplete,Incomplete,Incomplete,Incomplete,Incomplete,Incomplete,Incomplete,Incomplete,Incomplete,Incomplete,Incomplete,Incomplete,Incomplete,Incomplete,Incomplete,Incomplete,Incomplete,Incomplete,Incomplete,Incomplete,Incomplete,Incomplete,Incomplete,Incomplete,Incomplete,Incomplete,Incomplete,Incomplete,Incomplete,Incomplete,Incomplete,Incomplete,Incomplete,Incomplete,Incomplete,Incomplete,Incomplete,Incomplete,Incomplete,Incomplete,Incomplete,Incomplete,Incomplete
"M00877 | Kanosamine biosynthesis, glucose 6-phosphate => kanosamine",Incomplete,Incomplete,Incomplete,Incomplete,Incomplete,Incomplete,Incomplete,Incomplete,Incomplete,Incomplete,Incomplete,Incomplete,Incomplete,Incomplete,Incomplete,Incomplete,Incomplete,Incomplete,Incomplete,Incomplete,Incomplete,Incomplete,Incomplete,Incomplete,Incomplete,Incomplete,Incomplete,Incomplete,Incomplete,Incomplete,Incomplete,Incomplete,Incomplete,Incomplete,Incomplete,Incomplete,Incomplete,Incomplete,Incomplete,Incomplete,Incomplete,Incomplete,Incomplete,Incomplete,Incomplete,Incomplete,Incomplete
"M00878 | Phenylacetate degradation, phenylaxetate => acetyl-CoA/succinyl-CoA",Incomplete,Incomplete,Incomplete,Incomplete,Incomplete,Incomplete,Incomplete,Incomplete,Incomplete,Incomplete,Incomplete,2 blocks missing,Incomplete,Incomplete,Incomplete,Incomplete,Incomplete,2 blocks missing,Incomplete,Incomplete,Incomplete,Incomplete,Incomplete,Incomplete,Incomplete,Incomplete,Incomplete,Incomplete,Incomplete,Incomplete,Incomplete,Incomplete,Incomplete,2 blocks missing,Incomplete,Incomplete,Incomplete,Incomplete,Incomplete,Incomplete,Incomplete,Incomplete,Incomplete,Incomplete,Incomplete,Incomplete,Incomplete
"M00879 | Arginine succinyltransferase pathway, arginine => glutamate",Incomplete,Incomplete,Incomplete,Incomplete,Incomplete,Incomplete,Incomplete,Incomplete,Incomplete,Incomplete,Incomplete,Incomplete,Incomplete,Incomplete,Incomplete,Incomplete,Incomplete,Incomplete,Incomplete,Incomplete,Incomplete,Incomplete,Incomplete,Incomplete,Incomplete,Incomplete,Incomplete,Incomplete,Incomplete,Incomplete,Incomplete,Incomplete,Incomplete,Incomplete,Incomplete,Incomplete,Incomplete,Incomplete,Incomplete,Incomplete,Incomplete,Incomplete,Incomplete,Incomplete,Incomplete,Incomplete,Incomplete
"M00880 | Molybdenum cofactor biosynthesis, GTP => molybdenum cofactor",1 block missing,2 blocks missing,Incomplete,Complete,Incomplete,Incomplete,Complete,1 block missing,1 block missing,1 block missing,Incomplete,1 block missing,1 block missing,1 block missing,Incomplete,Incomplete,Incomplete,Complete,2 blocks missing,1 block missing,1 block missing,Incomplete,1 block missing,Incomplete,Complete,1 block missing,Incomplete,Incomplete,Complete,1 block missing,Incomplete,2 blocks missing,Complete,1 block missing,Incomplete,1 block missing,2 blocks missing,Incomplete,Incomplete,1 block missing,Incomplete,1 block missing,Complete,Incomplete,1 block missing,Incomplete,Incomplete
"M00889 | Puromycin biosynthesis, ATP => puromycin",Incomplete,Incomplete,Incomplete,Incomplete,Incomplete,Incomplete,Incomplete,Incomplete,Incomplete,Incomplete,Incomplete,Incomplete,Incomplete,Incomplete,Incomplete,Incomplete,Incomplete,Incomplete,Incomplete,Incomplete,Incomplete,Incomplete,Incomplete,Incomplete,Incomplete,Incomplete,Incomplete,Incomplete,Incomplete,Incomplete,Incomplete,Incomplete,Incomplete,Incomplete,Incomplete,Incomplete,Incomplete,Incomplete,Incomplete,Incomplete,Incomplete,Incomplete,Incomplete,Incomplete,Incomplete,Incomplete,Incomplete
"M00890 | Roseoflavin biosynthesis, FMN => roseoflavin",2 blocks missing,2 blocks missing,2 blocks missing,2 blocks missing,2 blocks missing,2 blocks missing,2 blocks missing,2 blocks missing,2 blocks missing,2 blocks missing,2 blocks missing,2 blocks missing,2 blocks missing,2 blocks missing,2 blocks missing,2 blocks missing,2 blocks missing,2 blocks missing,2 blocks missing,2 blocks missing,2 blocks missing,2 blocks missing,2 blocks missing,2 blocks missing,2 blocks missing,2 blocks missing,2 blocks missing,2 blocks missing,2 blocks missing,2 blocks missing,2 blocks missing,2 blocks missing,2 blocks missing,2 blocks missing,2 blocks missing,2 blocks missing,2 blocks missing,2 blocks missing,2 blocks missing,2 blocks missing,2 blocks missing,2 blocks missing,2 blocks missing,2 blocks missing,2 blocks missing,2 blocks missing,2 blocks missing
"M00891 | Ditryptophenaline biosynthesis, tryptophan + phenylalanine => ditryptophenaline",Incomplete,Incomplete,Incomplete,Incomplete,Incomplete,Incomplete,Incomplete,Incomplete,Incomplete,Incomplete,Incomplete,Incomplete,Incomplete,Incomplete,Incomplete,Incomplete,Incomplete,Incomplete,Incomplete,Incomplete,Incomplete,Incomplete,Incomplete,Incomplete,Incomplete,Incomplete,Incomplete,Incomplete,Incomplete,Incomplete,Incomplete,Incomplete,Incomplete,Incomplete,Incomplete,Incomplete,Incomplete,Incomplete,Incomplete,Incomplete,Incomplete,Incomplete,Incomplete,Incomplete,Incomplete,Incomplete,Incomplete
"M00892 | UDP-N-acetyl-D-glucosamine biosynthesis, eukaryotes, glucose => UDP-GlcNAc",Incomplete,Incomplete,Incomplete,Incomplete,Incomplete,Incomplete,Incomplete,Incomplete,Incomplete,Incomplete,Incomplete,Incomplete,Incomplete,Incomplete,Incomplete,Incomplete,Incomplete,Incomplete,Incomplete,Incomplete,Incomplete,Incomplete,Incomplete,Incomplete,Incomplete,Incomplete,Incomplete,Incomplete,Incomplete,Incomplete,Incomplete,Incomplete,Incomplete,Incomplete,Incomplete,Incomplete,Incomplete,Incomplete,Incomplete,Incomplete,Incomplete,Incomplete,Incomplete,Incomplete,Incomplete,Incomplete,Incomplete
"M00893 | Lovastatin biosynthesis, malonyl-CoA => lovastatin acid",Incomplete,Incomplete,Incomplete,Incomplete,Incomplete,Incomplete,Incomplete,Incomplete,Incomplete,Incomplete,Incomplete,Incomplete,Incomplete,Incomplete,Incomplete,Incomplete,Incomplete,Incomplete,Incomplete,Incomplete,Incomplete,Incomplete,Incomplete,Incomplete,Incomplete,Incomplete,Incomplete,Incomplete,Incomplete,Incomplete,Incomplete,Incomplete,Incomplete,Incomplete,Incomplete,Incomplete,Incomplete,Incomplete,Incomplete,Incomplete,Incomplete,Incomplete,Incomplete,Incomplete,Incomplete,Incomplete,Incomplete
"M00894 | Cannabidiol biosynthesis, malonyl-CoA => cannabidiol/dronabinol",Incomplete,Incomplete,Incomplete,Incomplete,Incomplete,Incomplete,Incomplete,Incomplete,Incomplete,Incomplete,Incomplete,Incomplete,Incomplete,Incomplete,Incomplete,Incomplete,Incomplete,Incomplete,Incomplete,Incomplete,Incomplete,Incomplete,Incomplete,Incomplete,Incomplete,Incomplete,Incomplete,Incomplete,Incomplete,Incomplete,Incomplete,Incomplete,Incomplete,Incomplete,Incomplete,Incomplete,Incomplete,Incomplete,Incomplete,Incomplete,Incomplete,Incomplete,Incomplete,Incomplete,Incomplete,Incomplete,Incomplete
"M00900 | Crocin biosynthesis, crocetin => crocin",2 blocks missing,2 blocks missing,2 blocks missing,2 blocks missing,2 blocks missing,2 blocks missing,2 blocks missing,2 blocks missing,2 blocks missing,2 blocks missing,2 blocks missing,2 blocks missing,2 blocks missing,2 blocks missing,2 blocks missing,2 blocks missing,2 blocks missing,2 blocks missing,2 blocks missing,2 blocks missing,2 blocks missing,2 blocks missing,2 blocks missing,2 blocks missing,2 blocks missing,2 blocks missing,2 blocks missing,2 blocks missing,2 blocks missing,2 blocks missing,2 blocks missing,2 blocks missing,2 blocks missing,2 blocks missing,2 blocks missing,2 blocks missing,2 blocks missing,2 blocks missing,2 blocks missing,2 blocks missing,2 blocks missing,2 blocks missing,2 blocks missing,2 blocks missing,2 blocks missing,2 blocks missing,2 blocks missing
"M00901 | Fumiquinazoline biosynthesis, tryptophan + alanine + anthranilate => fumiquinazoline",Incomplete,Incomplete,Incomplete,Incomplete,Incomplete,Incomplete,Incomplete,Incomplete,Incomplete,Incomplete,Incomplete,Incomplete,Incomplete,Incomplete,Incomplete,Incomplete,Incomplete,Incomplete,Incomplete,Incomplete,Incomplete,Incomplete,Incomplete,Incomplete,Incomplete,Incomplete,Incomplete,Incomplete,Incomplete,Incomplete,Incomplete,Incomplete,Incomplete,Incomplete,Incomplete,Incomplete,Incomplete,Incomplete,Incomplete,Incomplete,Incomplete,Incomplete,Incomplete,Incomplete,Incomplete,Incomplete,Incomplete
"M00902 | Podophyllotoxin biosynthesis, coniferyl alcohol => podophyllotoxin",Incomplete,Incomplete,Incomplete,Incomplete,Incomplete,Incomplete,Incomplete,Incomplete,Incomplete,Incomplete,Incomplete,Incomplete,Incomplete,Incomplete,Incomplete,Incomplete,Incomplete,Incomplete,Incomplete,Incomplete,Incomplete,Incomplete,Incomplete,Incomplete,Incomplete,Incomplete,Incomplete,Incomplete,Incomplete,Incomplete,Incomplete,Incomplete,Incomplete,Incomplete,Incomplete,Incomplete,Incomplete,Incomplete,Incomplete,Incomplete,Incomplete,Incomplete,Incomplete,Incomplete,Incomplete,Incomplete,Incomplete
"M00903 | Fosfomycin biosynthesis, phosphoenolpyruvate => fosfomycin",Incomplete,Incomplete,Incomplete,Incomplete,Incomplete,Incomplete,Incomplete,Incomplete,Incomplete,Incomplete,Incomplete,Incomplete,Incomplete,Incomplete,Incomplete,Incomplete,Incomplete,Incomplete,Incomplete,Incomplete,Incomplete,Incomplete,Incomplete,Incomplete,Incomplete,Incomplete,Incomplete,Incomplete,Incomplete,Incomplete,Incomplete,Incomplete,Incomplete,Incomplete,Incomplete,Incomplete,Incomplete,Incomplete,Incomplete,Incomplete,Incomplete,Incomplete,Incomplete,Incomplete,Incomplete,Incomplete,Incomplete
"M00904 | Dapdiamides biosynthesis, L-2,3-diaminopropanoate => dapdiamide A/B/C",Incomplete,Incomplete,Incomplete,Incomplete,Incomplete,Incomplete,Incomplete,Incomplete,Incomplete,Incomplete,Incomplete,Incomplete,Incomplete,Incomplete,Incomplete,Incomplete,Incomplete,Incomplete,Incomplete,Incomplete,Incomplete,Incomplete,Incomplete,Incomplete,Incomplete,Incomplete,Incomplete,Incomplete,Incomplete,Incomplete,Incomplete,Incomplete,Incomplete,Incomplete,Incomplete,Incomplete,Incomplete,Incomplete,Incomplete,Incomplete,Incomplete,Incomplete,Incomplete,Incomplete,Incomplete,Incomplete,Incomplete
"M00905 | Grixazone biosynthesis, aspartate 4-semialdehyde => grixazone B",Incomplete,Incomplete,Incomplete,Incomplete,Incomplete,Incomplete,Incomplete,Incomplete,Incomplete,Incomplete,Incomplete,Incomplete,Incomplete,Incomplete,Incomplete,Incomplete,Incomplete,Incomplete,Incomplete,Incomplete,Incomplete,Incomplete,Incomplete,Incomplete,Incomplete,Incomplete,Incomplete,Incomplete,Incomplete,Incomplete,Incomplete,Incomplete,Incomplete,Incomplete,Incomplete,Incomplete,Incomplete,Incomplete,Incomplete,Incomplete,Incomplete,Incomplete,Incomplete,Incomplete,Incomplete,Incomplete,Incomplete
"M00906 | Ethynylserine biosynthesis, lysine => ethynylserine",Incomplete,Incomplete,Incomplete,Incomplete,Incomplete,Incomplete,Incomplete,Incomplete,Incomplete,Incomplete,Incomplete,Incomplete,Incomplete,Incomplete,Incomplete,Incomplete,Incomplete,Incomplete,Incomplete,Incomplete,Incomplete,Incomplete,Incomplete,Incomplete,Incomplete,Incomplete,Incomplete,Incomplete,Incomplete,Incomplete,Incomplete,Incomplete,Incomplete,Incomplete,Incomplete,Incomplete,Incomplete,Incomplete,Incomplete,Incomplete,Incomplete,Incomplete,Incomplete,Incomplete,Incomplete,Incomplete,Incomplete
"M00909 | UDP-N-acetyl-D-glucosamine biosynthesis, prokaryotes, glucose => UDP-GlcNAc",2 blocks missing,2 blocks missing,2 blocks missing,Incomplete,Incomplete,Incomplete,2 blocks missing,1 block missing,1 block missing,Incomplete,Incomplete,1 block missing,1 block missing,Incomplete,Incomplete,Incomplete,Incomplete,Incomplete,2 blocks missing,2 blocks missing,Incomplete,Incomplete,Incomplete,Incomplete,Complete,2 blocks missing,Incomplete,2 blocks missing,2 blocks missing,Incomplete,Incomplete,2 blocks missing,Complete,1 block missing,Incomplete,2 blocks missing,Incomplete,Incomplete,1 block missing,2 blocks missing,Incomplete,1 block missing,Incomplete,1 block missing,Incomplete,Incomplete,Incomplete
M00910 | Phenylalanine_biosynthesis,Incomplete,Incomplete,Incomplete,Incomplete,2 blocks missing,Incomplete,Incomplete,Incomplete,Incomplete,Incomplete,Incomplete,Incomplete,Incomplete,Incomplete,1 block missing,Incomplete,Incomplete,Incomplete,Incomplete,Incomplete,2 blocks missing,Incomplete,2 blocks missing,Incomplete,Incomplete,Incomplete,Incomplete,Incomplete,Incomplete,Incomplete,Incomplete,2 blocks missing,Incomplete,2 blocks missing,Incomplete,Incomplete,2 blocks missing,Incomplete,Incomplete,2 blocks missing,Incomplete,Incomplete,Incomplete,Incomplete,Incomplete,Incomplete,Incomplete
M00911 | Riboflavin_biosynthesis_fungi,Incomplete,Incomplete,Incomplete,Incomplete,Incomplete,Incomplete,Incomplete,Incomplete,Incomplete,Incomplete,Incomplete,Incomplete,Incomplete,Incomplete,Incomplete,Incomplete,Incomplete,Incomplete,Incomplete,Incomplete,Incomplete,Incomplete,Incomplete,Incomplete,Incomplete,Incomplete,Incomplete,Incomplete,Incomplete,Incomplete,Incomplete,Incomplete,Incomplete,Incomplete,Incomplete,Incomplete,Incomplete,Incomplete,Incomplete,Incomplete,Incomplete,Incomplete,Incomplete,Incomplete,Incomplete,Incomplete,Incomplete
M00912 | NAD_biosynthesis,Incomplete,Incomplete,Incomplete,Incomplete,Incomplete,Incomplete,Incomplete,Incomplete,Incomplete,Incomplete,Incomplete,Incomplete,Incomplete,Incomplete,Incomplete,Incomplete,Incomplete,Incomplete,Incomplete,Incomplete,Incomplete,Incomplete,Incomplete,Incomplete,Incomplete,Incomplete,Incomplete,Incomplete,Incomplete,Incomplete,Incomplete,Incomplete,Incomplete,Incomplete,Incomplete,Incomplete,Incomplete,Incomplete,Incomplete,Incomplete,Incomplete,Incomplete,Incomplete,Incomplete,Incomplete,Incomplete,Incomplete
M00913 | Pantothenate_biosynthesis,Incomplete,Incomplete,Incomplete,Incomplete,Incomplete,2 blocks missing,Incomplete,2 blocks missing,Incomplete,Incomplete,Incomplete,1 block missing,2 blocks missing,Incomplete,2 blocks missing,Incomplete,Incomplete,Incomplete,Incomplete,Incomplete,Incomplete,Incomplete,Incomplete,Incomplete,2 blocks missing,Incomplete,Incomplete,Incomplete,Incomplete,Incomplete,Incomplete,Incomplete,Incomplete,2 blocks missing,Incomplete,Incomplete,Incomplete,Incomplete,2 blocks missing,Incomplete,Incomplete,2 blocks missing,Incomplete,Incomplete,Incomplete,Incomplete,Incomplete
M00914 | Coenzyme_A_biosynthesis_archaea,Incomplete,Incomplete,Incomplete,Incomplete,Incomplete,2 blocks missing,Incomplete,Incomplete,Incomplete,Incomplete,Incomplete,Incomplete,Incomplete,Incomplete,Incomplete,Incomplete,Incomplete,Incomplete,Incomplete,Incomplete,Incomplete,Incomplete,Incomplete,2 blocks missing,Incomplete,Incomplete,Incomplete,Incomplete,Incomplete,Incomplete,Incomplete,Incomplete,Incomplete,Incomplete,Incomplete,Incomplete,Incomplete,Incomplete,Incomplete,Incomplete,Incomplete,Incomplete,Incomplete,Incomplete,Incomplete,Incomplete,Incomplete
M00915 | Caffeine_degradation,Incomplete,Incomplete,Incomplete,Incomplete,Incomplete,Incomplete,Incomplete,Incomplete,Incomplete,Incomplete,Incomplete,Incomplete,Incomplete,Incomplete,Incomplete,Incomplete,Incomplete,Incomplete,Incomplete,Incomplete,Incomplete,Incomplete,Incomplete,Incomplete,Incomplete,Incomplete,Incomplete,Incomplete,Incomplete,Incomplete,Incomplete,Incomplete,Incomplete,Incomplete,Incomplete,Incomplete,Incomplete,Incomplete,Incomplete,Incomplete,Incomplete,Incomplete,Incomplete,Incomplete,Incomplete,Incomplete,Incomplete
M00916 | Pyridoxal-P_biosynthesis,Complete,1 block missing,1 block missing,Complete,1 block missing,1 block missing,1 block missing,1 block missing,1 block missing,1 block missing,1 block missing,Complete,1 block missing,1 block missing,1 block missing,1 block missing,1 block missing,Complete,Complete,1 block missing,1 block missing,1 block missing,1 block missing,Complete,1 block missing,Complete,1 block missing,1 block missing,Complete,Complete,1 block missing,Complete,1 block missing,Complete,1 block missing,Complete,1 block missing,1 block missing,1 block missing,1 block missing,1 block missing,Complete,1 block missing,1 block missing,1 block missing,1 block missing,1 block missing
M00917 | Phytosterol_biosynthesis_squalene_2,Incomplete,Incomplete,Incomplete,Incomplete,Incomplete,Incomplete,Incomplete,Incomplete,Incomplete,Incomplete,Incomplete,Incomplete,Incomplete,Incomplete,Incomplete,Incomplete,Incomplete,Incomplete,Incomplete,Incomplete,Incomplete,Incomplete,Incomplete,Incomplete,Incomplete,Incomplete,Incomplete,Incomplete,Incomplete,Incomplete,Incomplete,Incomplete,Incomplete,Incomplete,Incomplete,Incomplete,Incomplete,Incomplete,Incomplete,Incomplete,Incomplete,Incomplete,Incomplete,Incomplete,Incomplete,Incomplete,Incomplete
M00918 | Aerobactin_biosynthesis,Incomplete,Incomplete,Incomplete,Incomplete,Incomplete,Incomplete,Incomplete,Incomplete,Incomplete,Incomplete,Incomplete,Incomplete,Incomplete,Incomplete,Incomplete,Incomplete,Incomplete,Incomplete,Incomplete,Incomplete,Incomplete,Incomplete,Incomplete,Incomplete,Incomplete,Incomplete,Incomplete,Incomplete,Incomplete,Incomplete,Incomplete,Incomplete,Incomplete,Incomplete,Incomplete,Incomplete,Incomplete,Incomplete,Incomplete,Incomplete,Incomplete,Incomplete,Incomplete,Incomplete,Incomplete,Incomplete,Incomplete
M00919 | Ectoine_degradation,Incomplete,Incomplete,Incomplete,Incomplete,Incomplete,Incomplete,Incomplete,Incomplete,Incomplete,Incomplete,Incomplete,Incomplete,Incomplete,Incomplete,Incomplete,Incomplete,Incomplete,Incomplete,Incomplete,Incomplete,Incomplete,Incomplete,Incomplete,Incomplete,Incomplete,Incomplete,Incomplete,Incomplete,Incomplete,Incomplete,Incomplete,Incomplete,Incomplete,Incomplete,Incomplete,Incomplete,Incomplete,Incomplete,Incomplete,Incomplete,Incomplete,Incomplete,Incomplete,Incomplete,Incomplete,Incomplete,Incomplete
M00921 | Cyclooctatin_biosynthesis,Incomplete,Incomplete,Incomplete,Incomplete,Incomplete,Incomplete,Incomplete,Incomplete,Incomplete,Incomplete,Incomplete,Incomplete,Incomplete,Incomplete,Incomplete,Incomplete,Incomplete,Incomplete,Incomplete,Incomplete,Incomplete,Incomplete,Incomplete,Incomplete,Incomplete,Incomplete,Incomplete,Incomplete,Incomplete,Incomplete,Incomplete,Incomplete,Incomplete,Incomplete,Incomplete,Incomplete,Incomplete,Incomplete,Incomplete,Incomplete,Incomplete,Incomplete,Incomplete,Incomplete,Incomplete,Incomplete,Incomplete
M00922 | CMP-Neu5Ac_biosynthesis,Incomplete,Incomplete,Incomplete,Incomplete,Incomplete,Incomplete,Incomplete,Incomplete,Incomplete,Incomplete,Incomplete,Incomplete,Incomplete,Incomplete,Incomplete,Incomplete,2 blocks missing,Incomplete,Incomplete,Incomplete,Incomplete,Incomplete,Incomplete,Incomplete,Incomplete,Incomplete,2 blocks missing,Incomplete,Incomplete,Incomplete,Incomplete,Incomplete,Incomplete,Incomplete,Incomplete,Incomplete,Incomplete,Incomplete,Incomplete,Incomplete,Incomplete,Incomplete,Incomplete,Incomplete,Incomplete,Incomplete,Incomplete
M00923 | UDP-L-FucNAm_biosynthesis,Incomplete,Incomplete,Incomplete,Incomplete,Incomplete,Incomplete,Incomplete,Incomplete,Incomplete,Incomplete,Incomplete,Incomplete,Incomplete,Incomplete,Incomplete,Incomplete,Incomplete,Incomplete,Incomplete,Incomplete,Incomplete,Incomplete,Incomplete,Incomplete,Incomplete,Incomplete,Incomplete,Incomplete,Incomplete,Incomplete,Incomplete,Incomplete,Incomplete,Incomplete,Incomplete,Incomplete,Incomplete,Incomplete,Incomplete,Incomplete,Incomplete,Incomplete,Incomplete,Incomplete,Incomplete,Incomplete,Incomplete
M00924 | Cobalamin_biosynthesis_anaerobicc-diamide,Incomplete,Incomplete,Incomplete,Incomplete,Incomplete,Incomplete,Incomplete,Incomplete,Incomplete,Incomplete,Incomplete,Incomplete,Incomplete,Incomplete,Incomplete,Incomplete,Incomplete,Incomplete,Incomplete,Incomplete,Incomplete,Incomplete,Incomplete,Incomplete,Incomplete,Incomplete,Incomplete,Incomplete,Incomplete,Incomplete,Incomplete,Incomplete,2 blocks missing,Incomplete,Incomplete,Incomplete,Incomplete,Incomplete,Incomplete,Incomplete,Incomplete,Incomplete,Incomplete,Incomplete,Incomplete,Incomplete,Incomplete
M00925 | Cobalamin_biosynthesis_aerobicc-diamide,Incomplete,Incomplete,Incomplete,Incomplete,Incomplete,Incomplete,Incomplete,Incomplete,Incomplete,Incomplete,Incomplete,Incomplete,Incomplete,Incomplete,Incomplete,Incomplete,Incomplete,Incomplete,Incomplete,Incomplete,Incomplete,Incomplete,Incomplete,Incomplete,Incomplete,Incomplete,Incomplete,Incomplete,Incomplete,Incomplete,Incomplete,Incomplete,Incomplete,Incomplete,Incomplete,Incomplete,Incomplete,Incomplete,Incomplete,Incomplete,Incomplete,Incomplete,Incomplete,Incomplete,Incomplete,Incomplete,Incomplete
M00926 | Heme_biosynthesis_bacteria,Incomplete,Incomplete,Incomplete,Incomplete,Incomplete,Incomplete,Incomplete,2 blocks missing,2 blocks missing,Incomplete,Incomplete,Incomplete,2 blocks missing,Incomplete,Incomplete,Incomplete,Incomplete,Incomplete,Incomplete,Incomplete,Incomplete,Incomplete,Incomplete,Incomplete,2 blocks missing,Incomplete,Incomplete,Incomplete,Incomplete,Incomplete,Incomplete,2 blocks missing,2 blocks missing,2 blocks missing,Incomplete,2 blocks missing,Incomplete,Incomplete,Incomplete,Incomplete,Incomplete,1 block missing,Incomplete,Incomplete,Incomplete,Incomplete,Incomplete
M00927 | Gibberellin_A12_biosynthesis,Incomplete,Incomplete,Incomplete,Incomplete,Incomplete,Incomplete,Incomplete,Incomplete,Incomplete,Incomplete,Incomplete,Incomplete,Incomplete,Incomplete,Incomplete,Incomplete,Incomplete,Incomplete,Incomplete,Incomplete,Incomplete,Incomplete,Incomplete,Incomplete,Incomplete,Incomplete,Incomplete,Incomplete,Incomplete,Incomplete,Incomplete,Incomplete,Incomplete,Incomplete,Incomplete,Incomplete,Incomplete,Incomplete,Incomplete,Incomplete,Incomplete,Incomplete,Incomplete,Incomplete,Incomplete,Incomplete,Incomplete
M00928 | Gibberellin_A4--A1_biosynthesis,2 blocks missing,2 blocks missing,2 blocks missing,2 blocks missing,2 blocks missing,2 blocks missing,2 blocks missing,2 blocks missing,2 blocks missing,2 blocks missing,2 blocks missing,2 blocks missing,2 blocks missing,2 blocks missing,2 blocks missing,2 blocks missing,2 blocks missing,2 blocks missing,2 blocks missing,2 blocks missing,2 blocks missing,2 blocks missing,2 blocks missing,2 blocks missing,2 blocks missing,2 blocks missing,2 blocks missing,2 blocks missing,2 blocks missing,2 blocks missing,2 blocks missing,2 blocks missing,2 blocks missing,2 blocks missing,2 blocks missing,2 blocks missing,2 blocks missing,2 blocks missing,2 blocks missing,2 blocks missing,2 blocks missing,2 blocks missing,2 blocks missing,2 blocks missing,2 blocks missing,2 blocks missing,2 blocks missing
M00929 | Gibberellin_A1_biosynthesis,Incomplete,Incomplete,Incomplete,Incomplete,Incomplete,Incomplete,Incomplete,Incomplete,Incomplete,Incomplete,Incomplete,Incomplete,Incomplete,Incomplete,Incomplete,Incomplete,Incomplete,Incomplete,Incomplete,Incomplete,Incomplete,Incomplete,Incomplete,Incomplete,Incomplete,Incomplete,Incomplete,Incomplete,Incomplete,Incomplete,Incomplete,Incomplete,Incomplete,Incomplete,Incomplete,Incomplete,Incomplete,Incomplete,Incomplete,Incomplete,Incomplete,Incomplete,Incomplete,Incomplete,Incomplete,Incomplete,Incomplete
M00930 | Menaquinone_biosynthesis_futalosine_pathway,Incomplete,Incomplete,Incomplete,Incomplete,Incomplete,Incomplete,Incomplete,Incomplete,Incomplete,Incomplete,Incomplete,Incomplete,Incomplete,Incomplete,Incomplete,Incomplete,Incomplete,Incomplete,Incomplete,Incomplete,Incomplete,Incomplete,Incomplete,Incomplete,Incomplete,Incomplete,Incomplete,Incomplete,Incomplete,Incomplete,Incomplete,Incomplete,Incomplete,Incomplete,Incomplete,Incomplete,Incomplete,Incomplete,Incomplete,Incomplete,Incomplete,Incomplete,Incomplete,Incomplete,Incomplete,Incomplete,Incomplete
M00931 | Menaquinone_biosynthesis_modified_futalosine_pathway,Incomplete,Incomplete,Incomplete,Incomplete,Incomplete,Incomplete,Incomplete,Incomplete,2 blocks missing,Incomplete,Incomplete,Incomplete,2 blocks missing,Incomplete,Incomplete,Incomplete,Incomplete,Incomplete,Incomplete,Incomplete,Incomplete,Incomplete,Incomplete,Incomplete,Incomplete,Incomplete,Incomplete,Incomplete,Incomplete,Incomplete,Incomplete,Incomplete,Incomplete,2 blocks missing,Incomplete,Incomplete,Incomplete,Incomplete,Incomplete,Incomplete,Incomplete,2 blocks missing,Incomplete,Incomplete,Incomplete,Incomplete,Incomplete
M00932 | Phylloquinone_biosynthesis,Incomplete,Incomplete,Incomplete,Incomplete,Incomplete,Incomplete,Incomplete,Incomplete,Incomplete,Incomplete,Incomplete,Incomplete,Incomplete,Incomplete,Incomplete,Incomplete,Incomplete,Incomplete,Incomplete,Incomplete,Incomplete,Incomplete,Incomplete,Incomplete,Incomplete,Incomplete,Incomplete,Incomplete,Incomplete,Incomplete,Incomplete,Incomplete,Incomplete,Incomplete,Incomplete,Incomplete,Incomplete,Incomplete,Incomplete,Incomplete,Incomplete,Incomplete,Incomplete,Incomplete,Incomplete,Incomplete,Incomplete
M00933 | Plastoquinone_biosynthesis,2 blocks missing,2 blocks missing,2 blocks missing,2 blocks missing,2 blocks missing,2 blocks missing,2 blocks missing,2 blocks missing,2 blocks missing,2 blocks missing,2 blocks missing,2 blocks missing,2 blocks missing,2 blocks missing,2 blocks missing,2 blocks missing,2 blocks missing,2 blocks missing,2 blocks missing,2 blocks missing,2 blocks missing,2 blocks missing,2 blocks missing,2 blocks missing,2 blocks missing,2 blocks missing,2 blocks missing,2 blocks missing,2 blocks missing,2 blocks missing,2 blocks missing,2 blocks missing,2 blocks missing,2 blocks missing,2 blocks missing,2 blocks missing,2 blocks missing,2 blocks missing,2 blocks missing,2 blocks missing,2 blocks missing,2 blocks missing,2 blocks missing,2 blocks missing,2 blocks missing,2 blocks missing,2 blocks missing
M00934 | Mycinamicin_biosynthesis,Incomplete,Incomplete,Incomplete,Incomplete,Incomplete,Incomplete,Incomplete,Incomplete,Incomplete,Incomplete,Incomplete,Incomplete,Incomplete,Incomplete,Incomplete,Incomplete,Incomplete,Incomplete,Incomplete,Incomplete,Incomplete,Incomplete,Incomplete,Incomplete,Incomplete,Incomplete,Incomplete,Incomplete,Incomplete,Incomplete,Incomplete,Incomplete,Incomplete,Incomplete,Incomplete,Incomplete,Incomplete,Incomplete,Incomplete,Incomplete,Incomplete,Incomplete,Incomplete,Incomplete,Incomplete,Incomplete,Incomplete
M00935 | Methanofuran_biosynthesis,Incomplete,Incomplete,Incomplete,Incomplete,Incomplete,Incomplete,Incomplete,Incomplete,Incomplete,Incomplete,Incomplete,Incomplete,Incomplete,Incomplete,Incomplete,Incomplete,Incomplete,Incomplete,Incomplete,Incomplete,Incomplete,Incomplete,Incomplete,Incomplete,Incomplete,Incomplete,Incomplete,Incomplete,Incomplete,Incomplete,Incomplete,Incomplete,Incomplete,Incomplete,Incomplete,Incomplete,Incomplete,Incomplete,Incomplete,Incomplete,Incomplete,Incomplete,Incomplete,Incomplete,Incomplete,Incomplete,Incomplete
M00936 | Melatonin_biosynthesis_plants,Incomplete,Incomplete,Incomplete,Incomplete,Incomplete,Incomplete,Incomplete,Incomplete,Incomplete,Incomplete,Incomplete,Incomplete,Incomplete,Incomplete,Incomplete,Incomplete,Incomplete,Incomplete,Incomplete,Incomplete,Incomplete,Incomplete,Incomplete,Incomplete,Incomplete,Incomplete,Incomplete,Incomplete,Incomplete,Incomplete,Incomplete,Incomplete,Incomplete,Incomplete,Incomplete,Incomplete,Incomplete,Incomplete,Incomplete,Incomplete,Incomplete,Incomplete,Incomplete,Incomplete,Incomplete,Incomplete,Incomplete
M00937 | Aflatoxin_biosynthesis,Incomplete,Incomplete,Incomplete,Incomplete,Incomplete,Incomplete,Incomplete,Incomplete,Incomplete,Incomplete,Incomplete,Incomplete,Incomplete,Incomplete,Incomplete,Incomplete,Incomplete,Incomplete,Incomplete,Incomplete,Incomplete,Incomplete,Incomplete,Incomplete,Incomplete,Incomplete,Incomplete,Incomplete,Incomplete,Incomplete,Incomplete,Incomplete,Incomplete,Incomplete,Incomplete,Incomplete,Incomplete,Incomplete,Incomplete,Incomplete,Incomplete,Incomplete,Incomplete,Incomplete,Incomplete,Incomplete,Incomplete
M00938 | Pyrimidine_deoxyribonucleotide_biosynthesis,Incomplete,Incomplete,Incomplete,Incomplete,Incomplete,Incomplete,2 blocks missing,2 blocks missing,2 blocks missing,Incomplete,Incomplete,1 block missing,2 blocks missing,Incomplete,2 blocks missing,Incomplete,Incomplete,2 blocks missing,Incomplete,Incomplete,Incomplete,Incomplete,Incomplete,Incomplete,Complete,Incomplete,Incomplete,Incomplete,Incomplete,Incomplete,Incomplete,Incomplete,2 blocks missing,Incomplete,Incomplete,2 blocks missing,Incomplete,2 blocks missing,2 blocks missing,Incomplete,Incomplete,Incomplete,2 blocks missing,2 blocks missing,Incomplete,Incomplete,Incomplete
M00939 | Pyrimidine_degradation,Incomplete,Incomplete,Incomplete,Incomplete,Incomplete,Incomplete,Incomplete,Incomplete,Incomplete,Incomplete,Incomplete,Incomplete,Incomplete,Incomplete,Incomplete,Incomplete,Incomplete,Incomplete,Incomplete,Incomplete,Incomplete,Incomplete,Incomplete,Incomplete,Incomplete,Incomplete,Incomplete,Incomplete,Incomplete,Incomplete,Incomplete,Incomplete,Incomplete,Incomplete,Incomplete,Incomplete,Incomplete,Incomplete,Incomplete,Incomplete,Incomplete,Incomplete,Incomplete,Incomplete,Incomplete,Incomplete,Incomplete
M00940 | Flavanone_biosynthesis,2 blocks missing,2 blocks missing,2 blocks missing,2 blocks missing,2 blocks missing,2 blocks missing,2 blocks missing,2 blocks missing,2 blocks missing,2 blocks missing,2 blocks missing,2 blocks missing,2 blocks missing,2 blocks missing,2 blocks missing,2 blocks missing,2 blocks missing,2 blocks missing,2 blocks missing,2 blocks missing,2 blocks missing,2 blocks missing,2 blocks missing,2 blocks missing,2 blocks missing,2 blocks missing,2 blocks missing,2 blocks missing,2 blocks missing,2 blocks missing,2 blocks missing,2 blocks missing,2 blocks missing,2 blocks missing,2 blocks missing,2 blocks missing,2 blocks missing,2 blocks missing,2 blocks missing,2 blocks missing,2 blocks missing,2 blocks missing,2 blocks missing,2 blocks missing,2 blocks missing,2 blocks missing,2 blocks missing
M00941 | Isoflavone_biosynthesis,2 blocks missing,2 blocks missing,2 blocks missing,2 blocks missing,2 blocks missing,2 blocks missing,2 blocks missing,2 blocks missing,2 blocks missing,2 blocks missing,2 blocks missing,2 blocks missing,2 blocks missing,2 blocks missing,2 blocks missing,2 blocks missing,2 blocks missing,2 blocks missing,2 blocks missing,2 blocks missing,2 blocks missing,2 blocks missing,2 blocks missing,2 blocks missing,2 blocks missing,2 blocks missing,2 blocks missing,2 blocks missing,2 blocks missing,2 blocks missing,2 blocks missing,2 blocks missing,2 blocks missing,2 blocks missing,2 blocks missing,2 blocks missing,2 blocks missing,2 blocks missing,2 blocks missing,2 blocks missing,2 blocks missing,2 blocks missing,2 blocks missing,2 blocks missing,2 blocks missing,2 blocks missing,2 blocks missing
M00942 | Pterocarpan_biosynthesis,Incomplete,Incomplete,Incomplete,Incomplete,Incomplete,Incomplete,Incomplete,Incomplete,Incomplete,Incomplete,Incomplete,Incomplete,Incomplete,Incomplete,Incomplete,Incomplete,Incomplete,Incomplete,Incomplete,Incomplete,Incomplete,Incomplete,Incomplete,Incomplete,Incomplete,Incomplete,Incomplete,Incomplete,Incomplete,Incomplete,Incomplete,Incomplete,Incomplete,Incomplete,Incomplete,Incomplete,Incomplete,Incomplete,Incomplete,Incomplete,Incomplete,Incomplete,Incomplete,Incomplete,Incomplete,Incomplete,Incomplete
M00943 | Reticuline_biosynthesis,Incomplete,Incomplete,Incomplete,Incomplete,Incomplete,Incomplete,Incomplete,Incomplete,Incomplete,Incomplete,Incomplete,Incomplete,Incomplete,Incomplete,Incomplete,Incomplete,Incomplete,Incomplete,Incomplete,Incomplete,Incomplete,Incomplete,Incomplete,Incomplete,Incomplete,Incomplete,Incomplete,Incomplete,Incomplete,Incomplete,Incomplete,Incomplete,Incomplete,Incomplete,Incomplete,Incomplete,Incomplete,Incomplete,Incomplete,Incomplete,Incomplete,Incomplete,Incomplete,Incomplete,Incomplete,Incomplete,Incomplete
M00944 | Morphine_biosynthesis,Incomplete,Incomplete,Incomplete,Incomplete,Incomplete,Incomplete,Incomplete,Incomplete,Incomplete,Incomplete,Incomplete,Incomplete,Incomplete,Incomplete,Incomplete,Incomplete,Incomplete,Incomplete,Incomplete,Incomplete,Incomplete,Incomplete,Incomplete,Incomplete,Incomplete,Incomplete,Incomplete,Incomplete,Incomplete,Incomplete,Incomplete,Incomplete,Incomplete,Incomplete,Incomplete,Incomplete,Incomplete,Incomplete,Incomplete,Incomplete,Incomplete,Incomplete,Incomplete,Incomplete,Incomplete,Incomplete,Incomplete
M00945 | Sanguinarine_biosynthesis,Incomplete,Incomplete,Incomplete,Incomplete,Incomplete,Incomplete,Incomplete,Incomplete,Incomplete,Incomplete,Incomplete,Incomplete,Incomplete,Incomplete,Incomplete,Incomplete,Incomplete,Incomplete,Incomplete,Incomplete,Incomplete,Incomplete,Incomplete,Incomplete,Incomplete,Incomplete,Incomplete,Incomplete,Incomplete,Incomplete,Incomplete,Incomplete,Incomplete,Incomplete,Incomplete,Incomplete,Incomplete,Incomplete,Incomplete,Incomplete,Incomplete,Incomplete,Incomplete,Incomplete,Incomplete,Incomplete,Incomplete
M00946 | Noscapine_biosynthesis,Incomplete,Incomplete,Incomplete,Incomplete,Incomplete,Incomplete,Incomplete,Incomplete,Incomplete,Incomplete,Incomplete,Incomplete,Incomplete,Incomplete,Incomplete,Incomplete,Incomplete,Incomplete,Incomplete,Incomplete,Incomplete,Incomplete,Incomplete,Incomplete,Incomplete,Incomplete,Incomplete,Incomplete,Incomplete,Incomplete,Incomplete,Incomplete,Incomplete,Incomplete,Incomplete,Incomplete,Incomplete,Incomplete,Incomplete,Incomplete,Incomplete,Incomplete,Incomplete,Incomplete,Incomplete,Incomplete,Incomplete
M00947 | D-Arginine_racemization,2 blocks missing,2 blocks missing,2 blocks missing,2 blocks missing,2 blocks missing,2 blocks missing,2 blocks missing,2 blocks missing,2 blocks missing,2 blocks missing,2 blocks missing,2 blocks missing,2 blocks missing,2 blocks missing,2 blocks missing,2 blocks missing,2 blocks missing,2 blocks missing,2 blocks missing,2 blocks missing,2 blocks missing,2 blocks missing,2 blocks missing,2 blocks missing,2 blocks missing,2 blocks missing,2 blocks missing,2 blocks missing,2 blocks missing,2 blocks missing,2 blocks missing,2 blocks missing,2 blocks missing,2 blocks missing,2 blocks missing,2 blocks missing,2 blocks missing,2 blocks missing,2 blocks missing,2 blocks missing,2 blocks missing,2 blocks missing,2 blocks missing,2 blocks missing,2 blocks missing,2 blocks missing,2 blocks missing
M00948 | Hydroxyproline_degradation,Incomplete,Incomplete,Incomplete,Incomplete,Incomplete,Incomplete,Incomplete,Incomplete,Incomplete,Incomplete,Incomplete,Incomplete,Incomplete,Incomplete,Incomplete,Incomplete,Incomplete,Incomplete,Incomplete,Incomplete,Incomplete,Incomplete,Incomplete,Incomplete,Incomplete,Incomplete,Incomplete,Incomplete,Incomplete,Incomplete,Incomplete,Incomplete,Incomplete,Incomplete,Incomplete,Incomplete,Incomplete,Incomplete,Incomplete,Incomplete,Incomplete,Incomplete,Incomplete,Incomplete,Incomplete,Incomplete,Incomplete
M00949 | Staphylopine_biosynthesis,Incomplete,Incomplete,Incomplete,Incomplete,Incomplete,Incomplete,Incomplete,Incomplete,Incomplete,Incomplete,Incomplete,Incomplete,Incomplete,Incomplete,Incomplete,Incomplete,Incomplete,Incomplete,Incomplete,Incomplete,Incomplete,Incomplete,Incomplete,Incomplete,Incomplete,Incomplete,Incomplete,Incomplete,Incomplete,Incomplete,Incomplete,Incomplete,Incomplete,Incomplete,Incomplete,Incomplete,Incomplete,Incomplete,Incomplete,Incomplete,Incomplete,Incomplete,Incomplete,Incomplete,Incomplete,Incomplete,Incomplete
M00950 | Biotin_biosynthesis_BioU_pathway,Incomplete,Incomplete,Incomplete,1 block missing,Incomplete,Incomplete,Incomplete,Incomplete,2 blocks missing,Incomplete,Incomplete,Incomplete,1 block missing,Incomplete,Incomplete,Incomplete,Incomplete,Incomplete,Incomplete,Incomplete,Incomplete,Incomplete,Incomplete,1 block missing,1 block missing,Incomplete,Incomplete,Incomplete,Incomplete,Incomplete,Incomplete,Incomplete,1 block missing,2 blocks missing,Incomplete,Incomplete,Incomplete,Incomplete,2 blocks missing,Incomplete,Incomplete,Incomplete,Incomplete,Incomplete,Incomplete,Incomplete,Incomplete
