record_type	figure_id	module_row_index	module	sample_or_record	environmental_group	original_column_index	grouped_column_index	original_value	grouped_value_after_identifier_match	identical
summary	S40							"{""source_matrix"": ""data/module_figure_inputs/SupplementaryFigure40_ST8_external_iron_rich_module_completeness_KEMET_style_3state_heatmap_thematic_status.csv"", ""source_matrix_sha256"": ""8a2c1bbdc72be3a9ba251a4ed9328be66c4d2696fa3efff7774ccb38908c1836"", ""metadata_table"": ""data/module_figure_inputs/st8_metadata_curated.csv"", ""metadata_table_sha256"": ""c08a79c9cddfc95062aeb57873cbab24a5fe2be46c228828b764179eba548701"", ""final_figure_policy"": ""environmental-group only; original order retained only as an audit reference"", ""dimensions"": ""35 x 67"", ""counts"": {""Complete"": 497, ""1 block missing"": 253, ""Incomplete"": 1595, ""Missing"": 0}, ""column_order"": [""Acid mine drainage 3300038494"", ""Lab enriched acid 3300038413"", ""Acid mine drainage 3300008567"", ""Acid mine drainage 3300030091"", ""Hydrotherm Fe rich 3300023310"", ""Metatransc of lab 3300046014"", ""Metatransc of lab 3300055056"", ""Freshwater sediment microbial 3300010391"", ""Freshwater sediment microbial 3300031898"", ""Freshwater microbial communitie 3300024300"", ""Metatransc of lab 3300055061"", ""Hydrotherm Fe rich 3300023368"", ""Acid mine drainage 3300038487"", ""Freshwater sediment microbial 3300031593"", ""Acid mine drainage 3300030082"", ""Freshwater sediment microbial 3300031604"", ""Freshwater sediment microbial 3300021518"", ""Acid mine drainage 3300030398"", ""Acid mine drainage 3300030242"", ""Hydrotherm Fe rich 3300023439"", ""Freshwater microbial communitie 3300024333"", ""Lab enriched sediment 3300039027"", ""Acid mine drainage 3300039205"", ""Freshwater microbial communitie 3300043827"", ""Lab enriched acid 3300038471"", ""Acid mine drainage 3300030335"", ""Freshwater microbial communitie 3300028737"", ""Lab enriched acid 3300038411"", ""Freshwater sediment microbial 3300031877"", ""Acid mine drainage 3300038731"", ""Acid mine drainage 3300038979"", ""Hydrotherm Fe rich 3300023548"", ""Metatransc of freshwater 3300061576"", ""Acid mine drainage 3300038486"", ""Freshwater sediment microbial 3300031587"", ""Acid Mine Drainage 3300005360"", ""Acid mine drainage 3300008723"", ""Acid mine drainage 3300038493"", ""Freshwater sediment microbial 3300036045"", ""Metatransc of lab 3300046013"", ""Acid mine drainage 3300038729"", ""Acid mine drainage 3300030413"", ""Lab enriched acid 3300038412"", ""Freshwater sediment microbial 3300031806"", ""Metatransc of lab 3300055057"", ""Hydrotherm Fe rich 3300023440"", ""Lab enriched sediment 3300039028"", ""Acid mine drainage 3300008566"", ""Freshwater microbial communitie 3300024341"", ""Freshwater sediment microbial 3300021517"", ""Metatransc of lab 3300055062"", ""Hydrotherm Fe rich 3300023442"", ""Freshwater sediment microbial 3300036046"", ""Hydrotherm Fe rich 3300023313"", ""Acid mine drainage 3300039211"", ""Acid mine drainage 3300008721"", ""Pink biofilm microbial 3300003104"", ""Acid mine drainage 3300038681"", ""Acid mine drainage 3300030228"", ""Metatransc of lab 3300055069"", ""Acid Mine Drainage 2010484004"", ""Hydrotherm Fe rich 3300023307"", ""Freshwater sediment microbial 3300031876"", ""Freshwater microbial communitie 3300023177"", ""Biofilm microbial communitie 3300021476"", ""Acid Mine Drainage 3300003083"", ""Hydrotherm Fe rich 3300023444""]}"	"{""dimensions"": ""35 x 67"", ""counts"": {""Complete"": 497, ""1 block missing"": 253, ""Incomplete"": 1595, ""Missing"": 0}, ""column_order"": [""Metatransc of lab 3300055056"", ""Metatransc of lab 3300055062"", ""Metatransc of lab 3300055061"", ""Metatransc of lab 3300055069"", ""Lab enriched acid 3300038471"", ""Lab enriched acid 3300038411"", ""Metatransc of lab 3300046014"", ""Lab enriched acid 3300038412"", ""Metatransc of lab 3300046013"", ""Lab enriched acid 3300038413"", ""Metatransc of lab 3300055057"", ""Lab enriched sediment 3300039027"", ""Lab enriched sediment 3300039028"", ""Hydrotherm Fe rich 3300023307"", ""Hydrotherm Fe rich 3300023310"", ""Hydrotherm Fe rich 3300023442"", ""Hydrotherm Fe rich 3300023313"", ""Hydrotherm Fe rich 3300023368"", ""Hydrotherm Fe rich 3300023444"", ""Hydrotherm Fe rich 3300023440"", ""Hydrotherm Fe rich 3300023439"", ""Hydrotherm Fe rich 3300023548"", ""Freshwater microbial communitie 3300023177"", ""Freshwater microbial communitie 3300024300"", ""Freshwater microbial communitie 3300024333"", ""Freshwater microbial communitie 3300024341"", ""Freshwater microbial communitie 3300028737"", ""Freshwater microbial communitie 3300043827"", ""Metatransc of freshwater 3300061576"", ""Freshwater sediment microbial 3300010391"", ""Freshwater sediment microbial 3300031604"", ""Freshwater sediment microbial 3300021518"", ""Freshwater sediment microbial 3300031593"", ""Freshwater sediment microbial 3300031877"", ""Freshwater sediment microbial 3300036046"", ""Freshwater sediment microbial 3300036045"", ""Freshwater sediment microbial 3300021517"", ""Freshwater sediment microbial 3300031898"", ""Freshwater sediment microbial 3300031876"", ""Freshwater sediment microbial 3300031587"", ""Freshwater sediment microbial 3300031806"", ""Biofilm microbial communitie 3300021476"", ""Acid mine drainage 3300038731"", ""Acid mine drainage 3300038487"", ""Acid mine drainage 3300030091"", ""Acid mine drainage 3300030335"", ""Acid Mine Drainage 2010484004"", ""Acid mine drainage 3300008723"", ""Acid mine drainage 3300008567"", ""Pink biofilm microbial 3300003104"", ""Acid mine drainage 3300030228"", ""Acid mine drainage 3300030082"", ""Acid mine drainage 3300038729"", ""Acid mine drainage 3300038979"", ""Acid Mine Drainage 3300005360"", ""Acid mine drainage 3300039205"", ""Acid Mine Drainage 3300003083"", ""Acid mine drainage 3300008566"", ""Acid mine drainage 3300008721"", ""Acid mine drainage 3300030242"", ""Acid mine drainage 3300039211"", ""Acid mine drainage 3300038493"", ""Acid mine drainage 3300038486"", ""Acid mine drainage 3300030398"", ""Acid mine drainage 3300038494"", ""Acid mine drainage 3300030413"", ""Acid mine drainage 3300038681""]}"	True
summary	S67							"{""source_matrix"": ""data/module_figure_inputs/SupplementaryFigure67_lagoon_plus_external_iron_rich_module_completeness_KEMET_style_3state_heatmap_thematic_status.csv"", ""source_matrix_sha256"": ""d677c13b27890eda3538548392d582b57bdc7e15890778d68105eaf106390655"", ""metadata_table"": ""data/module_figure_inputs/st8_metadata_curated.csv"", ""metadata_table_sha256"": ""c08a79c9cddfc95062aeb57873cbab24a5fe2be46c228828b764179eba548701"", ""final_figure_policy"": ""original and environmental-group layouts retained"", ""dimensions"": ""39 x 87"", ""counts"": {""Complete"": 670, ""1 block missing"": 572, ""Incomplete"": 2151, ""Missing"": 0}, ""column_order"": [""AM.P1.D"", ""AM.P1.R"", ""AM.P2.D"", ""AM.P2.R"", ""TIA.P1.D"", ""TIA.P1.R"", ""TIA.P2.D"", ""TIA.P2.R"", ""TI.P1.D"", ""TI.P1.R"", ""TI.P2.D"", ""TI.P2.R"", ""TI.P3.D"", ""TI.P3.R"", ""TI.P4.D"", ""TI.P4.R"", ""VI.P1.D"", ""VI.P1.R"", ""VI.P2.D"", ""VI.P2.R"", ""Acid mine drainage 3300038494"", ""Lab enriched acid 3300038413"", ""Acid mine drainage 3300008567"", ""Acid mine drainage 3300030091"", ""Hydrotherm Fe rich 3300023310"", ""Metatransc of lab 3300046014"", ""Metatransc of lab 3300055056"", ""Freshwater sediment microbial 3300010391"", ""Freshwater sediment microbial 3300031898"", ""Freshwater microbial communitie 3300024300"", ""Metatransc of lab 3300055061"", ""Hydrotherm Fe rich 3300023368"", ""Acid mine drainage 3300038487"", ""Freshwater sediment microbial 3300031593"", ""Acid mine drainage 3300030082"", ""Freshwater sediment microbial 3300031604"", ""Freshwater sediment microbial 3300021518"", ""Acid mine drainage 3300030398"", ""Acid mine drainage 3300030242"", ""Hydrotherm Fe rich 3300023439"", ""Freshwater microbial communitie 3300024333"", ""Lab enriched sediment 3300039027"", ""Acid mine drainage 3300039205"", ""Freshwater microbial communitie 3300043827"", ""Lab enriched acid 3300038471"", ""Acid mine drainage 3300030335"", ""Freshwater microbial communitie 3300028737"", ""Lab enriched acid 3300038411"", ""Freshwater sediment microbial 3300031877"", ""Acid mine drainage 3300038731"", ""Acid mine drainage 3300038979"", ""Hydrotherm Fe rich 3300023548"", ""Metatransc of freshwater 3300061576"", ""Acid mine drainage 3300038486"", ""Freshwater sediment microbial 3300031587"", ""Acid Mine Drainage 3300005360"", ""Acid mine drainage 3300008723"", ""Acid mine drainage 3300038493"", ""Freshwater sediment microbial 3300036045"", ""Metatransc of lab 3300046013"", ""Acid mine drainage 3300038729"", ""Acid mine drainage 3300030413"", ""Lab enriched acid 3300038412"", ""Freshwater sediment microbial 3300031806"", ""Metatransc of lab 3300055057"", ""Hydrotherm Fe rich 3300023440"", ""Lab enriched sediment 3300039028"", ""Acid mine drainage 3300008566"", ""Freshwater microbial communitie 3300024341"", ""Freshwater sediment microbial 3300021517"", ""Metatransc of lab 3300055062"", ""Hydrotherm Fe rich 3300023442"", ""Freshwater sediment microbial 3300036046"", ""Hydrotherm Fe rich 3300023313"", ""Acid mine drainage 3300039211"", ""Acid mine drainage 3300008721"", ""Pink biofilm microbial 3300003104"", ""Acid mine drainage 3300038681"", ""Acid mine drainage 3300030228"", ""Metatransc of lab 3300055069"", ""Acid Mine Drainage 2010484004"", ""Hydrotherm Fe rich 3300023307"", ""Freshwater sediment microbial 3300031876"", ""Freshwater microbial communitie 3300023177"", ""Biofilm microbial communitie 3300021476"", ""Acid Mine Drainage 3300003083"", ""Hydrotherm Fe rich 3300023444""]}"	"{""dimensions"": ""39 x 87"", ""counts"": {""Complete"": 670, ""1 block missing"": 572, ""Incomplete"": 2151, ""Missing"": 0}, ""column_order"": [""AM.P1.D"", ""AM.P1.R"", ""AM.P2.D"", ""AM.P2.R"", ""TIA.P1.D"", ""TIA.P1.R"", ""TIA.P2.D"", ""TIA.P2.R"", ""TI.P1.D"", ""TI.P1.R"", ""TI.P2.D"", ""TI.P2.R"", ""TI.P3.D"", ""TI.P3.R"", ""TI.P4.D"", ""TI.P4.R"", ""VI.P1.D"", ""VI.P1.R"", ""VI.P2.D"", ""VI.P2.R"", ""Metatransc of lab 3300055056"", ""Metatransc of lab 3300055062"", ""Metatransc of lab 3300055061"", ""Metatransc of lab 3300055069"", ""Lab enriched acid 3300038471"", ""Lab enriched acid 3300038411"", ""Metatransc of lab 3300046014"", ""Lab enriched acid 3300038412"", ""Metatransc of lab 3300046013"", ""Lab enriched acid 3300038413"", ""Metatransc of lab 3300055057"", ""Lab enriched sediment 3300039027"", ""Lab enriched sediment 3300039028"", ""Hydrotherm Fe rich 3300023307"", ""Hydrotherm Fe rich 3300023310"", ""Hydrotherm Fe rich 3300023442"", ""Hydrotherm Fe rich 3300023313"", ""Hydrotherm Fe rich 3300023368"", ""Hydrotherm Fe rich 3300023444"", ""Hydrotherm Fe rich 3300023440"", ""Hydrotherm Fe rich 3300023439"", ""Hydrotherm Fe rich 3300023548"", ""Freshwater microbial communitie 3300023177"", ""Freshwater microbial communitie 3300024300"", ""Freshwater microbial communitie 3300024333"", ""Freshwater microbial communitie 3300024341"", ""Freshwater microbial communitie 3300028737"", ""Freshwater microbial communitie 3300043827"", ""Metatransc of freshwater 3300061576"", ""Freshwater sediment microbial 3300010391"", ""Freshwater sediment microbial 3300031604"", ""Freshwater sediment microbial 3300021518"", ""Freshwater sediment microbial 3300031593"", ""Freshwater sediment microbial 3300031877"", ""Freshwater sediment microbial 3300036046"", ""Freshwater sediment microbial 3300036045"", ""Freshwater sediment microbial 3300021517"", ""Freshwater sediment microbial 3300031898"", ""Freshwater sediment microbial 3300031876"", ""Freshwater sediment microbial 3300031587"", ""Freshwater sediment microbial 3300031806"", ""Biofilm microbial communitie 3300021476"", ""Acid mine drainage 3300038731"", ""Acid mine drainage 3300038487"", ""Acid mine drainage 3300030091"", ""Acid mine drainage 3300030335"", ""Acid Mine Drainage 2010484004"", ""Acid mine drainage 3300008723"", ""Acid mine drainage 3300008567"", ""Pink biofilm microbial 3300003104"", ""Acid mine drainage 3300030228"", ""Acid mine drainage 3300030082"", ""Acid mine drainage 3300038729"", ""Acid mine drainage 3300038979"", ""Acid Mine Drainage 3300005360"", ""Acid mine drainage 3300039205"", ""Acid Mine Drainage 3300003083"", ""Acid mine drainage 3300008566"", ""Acid mine drainage 3300008721"", ""Acid mine drainage 3300030242"", ""Acid mine drainage 3300039211"", ""Acid mine drainage 3300038493"", ""Acid mine drainage 3300038486"", ""Acid mine drainage 3300030398"", ""Acid mine drainage 3300038494"", ""Acid mine drainage 3300030413"", ""Acid mine drainage 3300038681""]}"	True
cell_comparison	S40	0	M00528 | Nitrification, ammonia -> nitrite	Acid mine drainage 3300038494	Richmond-AMD	0	64	Incomplete	Incomplete	True
cell_comparison	S40	0	M00528 | Nitrification, ammonia -> nitrite	Lab enriched acid 3300038413	Akron-AMD	1	9	Complete	Complete	True
cell_comparison	S40	0	M00528 | Nitrification, ammonia -> nitrite	Acid mine drainage 3300008567	Richmond-AMD	2	48	Incomplete	Incomplete	True
cell_comparison	S40	0	M00528 | Nitrification, ammonia -> nitrite	Acid mine drainage 3300030091	Richmond-AMD	3	44	Incomplete	Incomplete	True
cell_comparison	S40	0	M00528 | Nitrification, ammonia -> nitrite	Hydrotherm Fe rich 3300023310	Hydrothermal-Fe-mats	4	14	1 block missing	1 block missing	True
cell_comparison	S40	0	M00528 | Nitrification, ammonia -> nitrite	Metatransc of lab 3300046014	Akron-AMD	5	6	Complete	Complete	True
cell_comparison	S40	0	M00528 | Nitrification, ammonia -> nitrite	Metatransc of lab 3300055056	Akron-AMD	6	0	1 block missing	1 block missing	True
cell_comparison	S40	0	M00528 | Nitrification, ammonia -> nitrite	Freshwater sediment microbial 3300010391	Lake-Superior	7	29	Complete	Complete	True
cell_comparison	S40	0	M00528 | Nitrification, ammonia -> nitrite	Freshwater sediment microbial 3300031898	Lake-Towuti	8	37	Incomplete	Incomplete	True
cell_comparison	S40	0	M00528 | Nitrification, ammonia -> nitrite	Freshwater microbial communitie 3300024300	Lake-Matano	9	23	Complete	Complete	True
cell_comparison	S40	0	M00528 | Nitrification, ammonia -> nitrite	Metatransc of lab 3300055061	Akron-AMD	10	2	1 block missing	1 block missing	True
cell_comparison	S40	0	M00528 | Nitrification, ammonia -> nitrite	Hydrotherm Fe rich 3300023368	Hydrothermal-Fe-mats	11	17	Complete	Complete	True
cell_comparison	S40	0	M00528 | Nitrification, ammonia -> nitrite	Acid mine drainage 3300038487	Richmond-AMD	12	43	Incomplete	Incomplete	True
cell_comparison	S40	0	M00528 | Nitrification, ammonia -> nitrite	Freshwater sediment microbial 3300031593	Lake-Towuti	13	32	Incomplete	Incomplete	True
cell_comparison	S40	0	M00528 | Nitrification, ammonia -> nitrite	Acid mine drainage 3300030082	Richmond-AMD	14	51	Incomplete	Incomplete	True
cell_comparison	S40	0	M00528 | Nitrification, ammonia -> nitrite	Freshwater sediment microbial 3300031604	Lake-Towuti	15	30	Incomplete	Incomplete	True
cell_comparison	S40	0	M00528 | Nitrification, ammonia -> nitrite	Freshwater sediment microbial 3300021518	Lake-Towuti	16	31	Incomplete	Incomplete	True
cell_comparison	S40	0	M00528 | Nitrification, ammonia -> nitrite	Acid mine drainage 3300030398	Richmond-AMD	17	63	Incomplete	Incomplete	True
cell_comparison	S40	0	M00528 | Nitrification, ammonia -> nitrite	Acid mine drainage 3300030242	Richmond-AMD	18	59	Incomplete	Incomplete	True
cell_comparison	S40	0	M00528 | Nitrification, ammonia -> nitrite	Hydrotherm Fe rich 3300023439	Hydrothermal-Fe-mats	19	20	Complete	Complete	True
cell_comparison	S40	0	M00528 | Nitrification, ammonia -> nitrite	Freshwater microbial communitie 3300024333	Lake-Matano	20	24	Complete	Complete	True
cell_comparison	S40	0	M00528 | Nitrification, ammonia -> nitrite	Lab enriched sediment 3300039027	Burr-Oak-BO4	21	11	1 block missing	1 block missing	True
cell_comparison	S40	0	M00528 | Nitrification, ammonia -> nitrite	Acid mine drainage 3300039205	Richmond-AMD	22	55	Incomplete	Incomplete	True
cell_comparison	S40	0	M00528 | Nitrification, ammonia -> nitrite	Freshwater microbial communitie 3300043827	Lake-Matano	23	27	1 block missing	1 block missing	True
cell_comparison	S40	0	M00528 | Nitrification, ammonia -> nitrite	Lab enriched acid 3300038471	Akron-AMD	24	4	Complete	Complete	True
cell_comparison	S40	0	M00528 | Nitrification, ammonia -> nitrite	Acid mine drainage 3300030335	Richmond-AMD	25	45	Incomplete	Incomplete	True
cell_comparison	S40	0	M00528 | Nitrification, ammonia -> nitrite	Freshwater microbial communitie 3300028737	Lake-Matano	26	26	Complete	Complete	True
cell_comparison	S40	0	M00528 | Nitrification, ammonia -> nitrite	Lab enriched acid 3300038411	Akron-AMD	27	5	Complete	Complete	True
cell_comparison	S40	0	M00528 | Nitrification, ammonia -> nitrite	Freshwater sediment microbial 3300031877	Lake-Towuti	28	33	Incomplete	Incomplete	True
cell_comparison	S40	0	M00528 | Nitrification, ammonia -> nitrite	Acid mine drainage 3300038731	Richmond-AMD	29	42	Incomplete	Incomplete	True
cell_comparison	S40	0	M00528 | Nitrification, ammonia -> nitrite	Acid mine drainage 3300038979	Richmond-AMD	30	53	Incomplete	Incomplete	True
cell_comparison	S40	0	M00528 | Nitrification, ammonia -> nitrite	Hydrotherm Fe rich 3300023548	Hydrothermal-Fe-mats	31	21	1 block missing	1 block missing	True
cell_comparison	S40	0	M00528 | Nitrification, ammonia -> nitrite	Metatransc of freshwater 3300061576	Lake-Superior	32	28	Complete	Complete	True
cell_comparison	S40	0	M00528 | Nitrification, ammonia -> nitrite	Acid mine drainage 3300038486	Richmond-AMD	33	62	Incomplete	Incomplete	True
cell_comparison	S40	0	M00528 | Nitrification, ammonia -> nitrite	Freshwater sediment microbial 3300031587	Lake-Towuti	34	39	Incomplete	Incomplete	True
cell_comparison	S40	0	M00528 | Nitrification, ammonia -> nitrite	Acid Mine Drainage 3300005360	Richmond-AMD	35	54	Incomplete	Incomplete	True
cell_comparison	S40	0	M00528 | Nitrification, ammonia -> nitrite	Acid mine drainage 3300008723	Richmond-AMD	36	47	Incomplete	Incomplete	True
cell_comparison	S40	0	M00528 | Nitrification, ammonia -> nitrite	Acid mine drainage 3300038493	Richmond-AMD	37	61	Incomplete	Incomplete	True
cell_comparison	S40	0	M00528 | Nitrification, ammonia -> nitrite	Freshwater sediment microbial 3300036045	Lake-Towuti	38	35	Complete	Complete	True
cell_comparison	S40	0	M00528 | Nitrification, ammonia -> nitrite	Metatransc of lab 3300046013	Akron-AMD	39	8	1 block missing	1 block missing	True
cell_comparison	S40	0	M00528 | Nitrification, ammonia -> nitrite	Acid mine drainage 3300038729	Richmond-AMD	40	52	Incomplete	Incomplete	True
cell_comparison	S40	0	M00528 | Nitrification, ammonia -> nitrite	Acid mine drainage 3300030413	Richmond-AMD	41	65	Incomplete	Incomplete	True
cell_comparison	S40	0	M00528 | Nitrification, ammonia -> nitrite	Lab enriched acid 3300038412	Akron-AMD	42	7	Complete	Complete	True
cell_comparison	S40	0	M00528 | Nitrification, ammonia -> nitrite	Freshwater sediment microbial 3300031806	Lake-Towuti	43	40	Incomplete	Incomplete	True
cell_comparison	S40	0	M00528 | Nitrification, ammonia -> nitrite	Metatransc of lab 3300055057	Akron-AMD	44	10	1 block missing	1 block missing	True
cell_comparison	S40	0	M00528 | Nitrification, ammonia -> nitrite	Hydrotherm Fe rich 3300023440	Hydrothermal-Fe-mats	45	19	Complete	Complete	True
cell_comparison	S40	0	M00528 | Nitrification, ammonia -> nitrite	Lab enriched sediment 3300039028	Burr-Oak-BO4	46	12	1 block missing	1 block missing	True
cell_comparison	S40	0	M00528 | Nitrification, ammonia -> nitrite	Acid mine drainage 3300008566	Richmond-AMD	47	57	Incomplete	Incomplete	True
cell_comparison	S40	0	M00528 | Nitrification, ammonia -> nitrite	Freshwater microbial communitie 3300024341	Lake-Matano	48	25	Complete	Complete	True
cell_comparison	S40	0	M00528 | Nitrification, ammonia -> nitrite	Freshwater sediment microbial 3300021517	Lake-Towuti	49	36	Incomplete	Incomplete	True
cell_comparison	S40	0	M00528 | Nitrification, ammonia -> nitrite	Metatransc of lab 3300055062	Akron-AMD	50	1	Incomplete	Incomplete	True
cell_comparison	S40	0	M00528 | Nitrification, ammonia -> nitrite	Hydrotherm Fe rich 3300023442	Hydrothermal-Fe-mats	51	15	Complete	Complete	True
cell_comparison	S40	0	M00528 | Nitrification, ammonia -> nitrite	Freshwater sediment microbial 3300036046	Lake-Towuti	52	34	Complete	Complete	True
cell_comparison	S40	0	M00528 | Nitrification, ammonia -> nitrite	Hydrotherm Fe rich 3300023313	Hydrothermal-Fe-mats	53	16	Complete	Complete	True
cell_comparison	S40	0	M00528 | Nitrification, ammonia -> nitrite	Acid mine drainage 3300039211	Richmond-AMD	54	60	Incomplete	Incomplete	True
cell_comparison	S40	0	M00528 | Nitrification, ammonia -> nitrite	Acid mine drainage 3300008721	Richmond-AMD	55	58	Incomplete	Incomplete	True
cell_comparison	S40	0	M00528 | Nitrification, ammonia -> nitrite	Pink biofilm microbial 3300003104	Richmond-AMD	56	49	Incomplete	Incomplete	True
cell_comparison	S40	0	M00528 | Nitrification, ammonia -> nitrite	Acid mine drainage 3300038681	Richmond-AMD	57	66	Incomplete	Incomplete	True
cell_comparison	S40	0	M00528 | Nitrification, ammonia -> nitrite	Acid mine drainage 3300030228	Richmond-AMD	58	50	Incomplete	Incomplete	True
cell_comparison	S40	0	M00528 | Nitrification, ammonia -> nitrite	Metatransc of lab 3300055069	Akron-AMD	59	3	Complete	Complete	True
cell_comparison	S40	0	M00528 | Nitrification, ammonia -> nitrite	Acid Mine Drainage 2010484004	Richmond-AMD	60	46	Incomplete	Incomplete	True
cell_comparison	S40	0	M00528 | Nitrification, ammonia -> nitrite	Hydrotherm Fe rich 3300023307	Hydrothermal-Fe-mats	61	13	1 block missing	1 block missing	True
cell_comparison	S40	0	M00528 | Nitrification, ammonia -> nitrite	Freshwater sediment microbial 3300031876	Lake-Towuti	62	38	Incomplete	Incomplete	True
cell_comparison	S40	0	M00528 | Nitrification, ammonia -> nitrite	Freshwater microbial communitie 3300023177	Lake-Matano	63	22	Complete	Complete	True
cell_comparison	S40	0	M00528 | Nitrification, ammonia -> nitrite	Biofilm microbial communitie 3300021476	Other-Fe	64	41	1 block missing	1 block missing	True
cell_comparison	S40	0	M00528 | Nitrification, ammonia -> nitrite	Acid Mine Drainage 3300003083	Richmond-AMD	65	56	Incomplete	Incomplete	True
cell_comparison	S40	0	M00528 | Nitrification, ammonia -> nitrite	Hydrotherm Fe rich 3300023444	Hydrothermal-Fe-mats	66	18	Complete	Complete	True
cell_comparison	S40	1	M00529 | Denitrification, nitrate -> nitrogen	Acid mine drainage 3300038494	Richmond-AMD	0	64	Incomplete	Incomplete	True
cell_comparison	S40	1	M00529 | Denitrification, nitrate -> nitrogen	Lab enriched acid 3300038413	Akron-AMD	1	9	Complete	Complete	True
cell_comparison	S40	1	M00529 | Denitrification, nitrate -> nitrogen	Acid mine drainage 3300008567	Richmond-AMD	2	48	Incomplete	Incomplete	True
cell_comparison	S40	1	M00529 | Denitrification, nitrate -> nitrogen	Acid mine drainage 3300030091	Richmond-AMD	3	44	Incomplete	Incomplete	True
cell_comparison	S40	1	M00529 | Denitrification, nitrate -> nitrogen	Hydrotherm Fe rich 3300023310	Hydrothermal-Fe-mats	4	14	Complete	Complete	True
cell_comparison	S40	1	M00529 | Denitrification, nitrate -> nitrogen	Metatransc of lab 3300046014	Akron-AMD	5	6	Incomplete	Incomplete	True
cell_comparison	S40	1	M00529 | Denitrification, nitrate -> nitrogen	Metatransc of lab 3300055056	Akron-AMD	6	0	Incomplete	Incomplete	True
cell_comparison	S40	1	M00529 | Denitrification, nitrate -> nitrogen	Freshwater sediment microbial 3300010391	Lake-Superior	7	29	Complete	Complete	True
cell_comparison	S40	1	M00529 | Denitrification, nitrate -> nitrogen	Freshwater sediment microbial 3300031898	Lake-Towuti	8	37	1 block missing	1 block missing	True
cell_comparison	S40	1	M00529 | Denitrification, nitrate -> nitrogen	Freshwater microbial communitie 3300024300	Lake-Matano	9	23	Complete	Complete	True
cell_comparison	S40	1	M00529 | Denitrification, nitrate -> nitrogen	Metatransc of lab 3300055061	Akron-AMD	10	2	Incomplete	Incomplete	True
cell_comparison	S40	1	M00529 | Denitrification, nitrate -> nitrogen	Hydrotherm Fe rich 3300023368	Hydrothermal-Fe-mats	11	17	Complete	Complete	True
cell_comparison	S40	1	M00529 | Denitrification, nitrate -> nitrogen	Acid mine drainage 3300038487	Richmond-AMD	12	43	Incomplete	Incomplete	True
cell_comparison	S40	1	M00529 | Denitrification, nitrate -> nitrogen	Freshwater sediment microbial 3300031593	Lake-Towuti	13	32	Incomplete	Incomplete	True
cell_comparison	S40	1	M00529 | Denitrification, nitrate -> nitrogen	Acid mine drainage 3300030082	Richmond-AMD	14	51	Incomplete	Incomplete	True
cell_comparison	S40	1	M00529 | Denitrification, nitrate -> nitrogen	Freshwater sediment microbial 3300031604	Lake-Towuti	15	30	Incomplete	Incomplete	True
cell_comparison	S40	1	M00529 | Denitrification, nitrate -> nitrogen	Freshwater sediment microbial 3300021518	Lake-Towuti	16	31	Complete	Complete	True
cell_comparison	S40	1	M00529 | Denitrification, nitrate -> nitrogen	Acid mine drainage 3300030398	Richmond-AMD	17	63	Incomplete	Incomplete	True
cell_comparison	S40	1	M00529 | Denitrification, nitrate -> nitrogen	Acid mine drainage 3300030242	Richmond-AMD	18	59	Incomplete	Incomplete	True
cell_comparison	S40	1	M00529 | Denitrification, nitrate -> nitrogen	Hydrotherm Fe rich 3300023439	Hydrothermal-Fe-mats	19	20	Complete	Complete	True
cell_comparison	S40	1	M00529 | Denitrification, nitrate -> nitrogen	Freshwater microbial communitie 3300024333	Lake-Matano	20	24	Complete	Complete	True
cell_comparison	S40	1	M00529 | Denitrification, nitrate -> nitrogen	Lab enriched sediment 3300039027	Burr-Oak-BO4	21	11	1 block missing	1 block missing	True
cell_comparison	S40	1	M00529 | Denitrification, nitrate -> nitrogen	Acid mine drainage 3300039205	Richmond-AMD	22	55	Incomplete	Incomplete	True
cell_comparison	S40	1	M00529 | Denitrification, nitrate -> nitrogen	Freshwater microbial communitie 3300043827	Lake-Matano	23	27	Incomplete	Incomplete	True
cell_comparison	S40	1	M00529 | Denitrification, nitrate -> nitrogen	Lab enriched acid 3300038471	Akron-AMD	24	4	Complete	Complete	True
cell_comparison	S40	1	M00529 | Denitrification, nitrate -> nitrogen	Acid mine drainage 3300030335	Richmond-AMD	25	45	Incomplete	Incomplete	True
cell_comparison	S40	1	M00529 | Denitrification, nitrate -> nitrogen	Freshwater microbial communitie 3300028737	Lake-Matano	26	26	Complete	Complete	True
cell_comparison	S40	1	M00529 | Denitrification, nitrate -> nitrogen	Lab enriched acid 3300038411	Akron-AMD	27	5	Complete	Complete	True
cell_comparison	S40	1	M00529 | Denitrification, nitrate -> nitrogen	Freshwater sediment microbial 3300031877	Lake-Towuti	28	33	Incomplete	Incomplete	True
cell_comparison	S40	1	M00529 | Denitrification, nitrate -> nitrogen	Acid mine drainage 3300038731	Richmond-AMD	29	42	Incomplete	Incomplete	True
cell_comparison	S40	1	M00529 | Denitrification, nitrate -> nitrogen	Acid mine drainage 3300038979	Richmond-AMD	30	53	Incomplete	Incomplete	True
cell_comparison	S40	1	M00529 | Denitrification, nitrate -> nitrogen	Hydrotherm Fe rich 3300023548	Hydrothermal-Fe-mats	31	21	Complete	Complete	True
cell_comparison	S40	1	M00529 | Denitrification, nitrate -> nitrogen	Metatransc of freshwater 3300061576	Lake-Superior	32	28	Incomplete	Incomplete	True
cell_comparison	S40	1	M00529 | Denitrification, nitrate -> nitrogen	Acid mine drainage 3300038486	Richmond-AMD	33	62	Incomplete	Incomplete	True
cell_comparison	S40	1	M00529 | Denitrification, nitrate -> nitrogen	Freshwater sediment microbial 3300031587	Lake-Towuti	34	39	Incomplete	Incomplete	True
cell_comparison	S40	1	M00529 | Denitrification, nitrate -> nitrogen	Acid Mine Drainage 3300005360	Richmond-AMD	35	54	Incomplete	Incomplete	True
cell_comparison	S40	1	M00529 | Denitrification, nitrate -> nitrogen	Acid mine drainage 3300008723	Richmond-AMD	36	47	Incomplete	Incomplete	True
cell_comparison	S40	1	M00529 | Denitrification, nitrate -> nitrogen	Acid mine drainage 3300038493	Richmond-AMD	37	61	Incomplete	Incomplete	True
cell_comparison	S40	1	M00529 | Denitrification, nitrate -> nitrogen	Freshwater sediment microbial 3300036045	Lake-Towuti	38	35	Complete	Complete	True
cell_comparison	S40	1	M00529 | Denitrification, nitrate -> nitrogen	Metatransc of lab 3300046013	Akron-AMD	39	8	Incomplete	Incomplete	True
cell_comparison	S40	1	M00529 | Denitrification, nitrate -> nitrogen	Acid mine drainage 3300038729	Richmond-AMD	40	52	Incomplete	Incomplete	True
cell_comparison	S40	1	M00529 | Denitrification, nitrate -> nitrogen	Acid mine drainage 3300030413	Richmond-AMD	41	65	Incomplete	Incomplete	True
cell_comparison	S40	1	M00529 | Denitrification, nitrate -> nitrogen	Lab enriched acid 3300038412	Akron-AMD	42	7	Complete	Complete	True
cell_comparison	S40	1	M00529 | Denitrification, nitrate -> nitrogen	Freshwater sediment microbial 3300031806	Lake-Towuti	43	40	Incomplete	Incomplete	True
cell_comparison	S40	1	M00529 | Denitrification, nitrate -> nitrogen	Metatransc of lab 3300055057	Akron-AMD	44	10	Incomplete	Incomplete	True
cell_comparison	S40	1	M00529 | Denitrification, nitrate -> nitrogen	Hydrotherm Fe rich 3300023440	Hydrothermal-Fe-mats	45	19	Complete	Complete	True
cell_comparison	S40	1	M00529 | Denitrification, nitrate -> nitrogen	Lab enriched sediment 3300039028	Burr-Oak-BO4	46	12	Complete	Complete	True
cell_comparison	S40	1	M00529 | Denitrification, nitrate -> nitrogen	Acid mine drainage 3300008566	Richmond-AMD	47	57	Incomplete	Incomplete	True
cell_comparison	S40	1	M00529 | Denitrification, nitrate -> nitrogen	Freshwater microbial communitie 3300024341	Lake-Matano	48	25	Complete	Complete	True
cell_comparison	S40	1	M00529 | Denitrification, nitrate -> nitrogen	Freshwater sediment microbial 3300021517	Lake-Towuti	49	36	Complete	Complete	True
cell_comparison	S40	1	M00529 | Denitrification, nitrate -> nitrogen	Metatransc of lab 3300055062	Akron-AMD	50	1	Incomplete	Incomplete	True
cell_comparison	S40	1	M00529 | Denitrification, nitrate -> nitrogen	Hydrotherm Fe rich 3300023442	Hydrothermal-Fe-mats	51	15	Complete	Complete	True
cell_comparison	S40	1	M00529 | Denitrification, nitrate -> nitrogen	Freshwater sediment microbial 3300036046	Lake-Towuti	52	34	Complete	Complete	True
cell_comparison	S40	1	M00529 | Denitrification, nitrate -> nitrogen	Hydrotherm Fe rich 3300023313	Hydrothermal-Fe-mats	53	16	Complete	Complete	True
cell_comparison	S40	1	M00529 | Denitrification, nitrate -> nitrogen	Acid mine drainage 3300039211	Richmond-AMD	54	60	Incomplete	Incomplete	True
cell_comparison	S40	1	M00529 | Denitrification, nitrate -> nitrogen	Acid mine drainage 3300008721	Richmond-AMD	55	58	Incomplete	Incomplete	True
cell_comparison	S40	1	M00529 | Denitrification, nitrate -> nitrogen	Pink biofilm microbial 3300003104	Richmond-AMD	56	49	Incomplete	Incomplete	True
cell_comparison	S40	1	M00529 | Denitrification, nitrate -> nitrogen	Acid mine drainage 3300038681	Richmond-AMD	57	66	Incomplete	Incomplete	True
cell_comparison	S40	1	M00529 | Denitrification, nitrate -> nitrogen	Acid mine drainage 3300030228	Richmond-AMD	58	50	Incomplete	Incomplete	True
cell_comparison	S40	1	M00529 | Denitrification, nitrate -> nitrogen	Metatransc of lab 3300055069	Akron-AMD	59	3	Incomplete	Incomplete	True
cell_comparison	S40	1	M00529 | Denitrification, nitrate -> nitrogen	Acid Mine Drainage 2010484004	Richmond-AMD	60	46	Incomplete	Incomplete	True
cell_comparison	S40	1	M00529 | Denitrification, nitrate -> nitrogen	Hydrotherm Fe rich 3300023307	Hydrothermal-Fe-mats	61	13	Incomplete	Incomplete	True
cell_comparison	S40	1	M00529 | Denitrification, nitrate -> nitrogen	Freshwater sediment microbial 3300031876	Lake-Towuti	62	38	Incomplete	Incomplete	True
cell_comparison	S40	1	M00529 | Denitrification, nitrate -> nitrogen	Freshwater microbial communitie 3300023177	Lake-Matano	63	22	Complete	Complete	True
cell_comparison	S40	1	M00529 | Denitrification, nitrate -> nitrogen	Biofilm microbial communitie 3300021476	Other-Fe	64	41	Complete	Complete	True
cell_comparison	S40	1	M00529 | Denitrification, nitrate -> nitrogen	Acid Mine Drainage 3300003083	Richmond-AMD	65	56	Incomplete	Incomplete	True
cell_comparison	S40	1	M00529 | Denitrification, nitrate -> nitrogen	Hydrotherm Fe rich 3300023444	Hydrothermal-Fe-mats	66	18	Complete	Complete	True
cell_comparison	S40	2	M00530 | Dissimilatory nitrate reduction, nitrate -> ammonia	Acid mine drainage 3300038494	Richmond-AMD	0	64	Incomplete	Incomplete	True
cell_comparison	S40	2	M00530 | Dissimilatory nitrate reduction, nitrate -> ammonia	Lab enriched acid 3300038413	Akron-AMD	1	9	Complete	Complete	True
cell_comparison	S40	2	M00530 | Dissimilatory nitrate reduction, nitrate -> ammonia	Acid mine drainage 3300008567	Richmond-AMD	2	48	Incomplete	Incomplete	True
cell_comparison	S40	2	M00530 | Dissimilatory nitrate reduction, nitrate -> ammonia	Acid mine drainage 3300030091	Richmond-AMD	3	44	Incomplete	Incomplete	True
cell_comparison	S40	2	M00530 | Dissimilatory nitrate reduction, nitrate -> ammonia	Hydrotherm Fe rich 3300023310	Hydrothermal-Fe-mats	4	14	Incomplete	Incomplete	True
cell_comparison	S40	2	M00530 | Dissimilatory nitrate reduction, nitrate -> ammonia	Metatransc of lab 3300046014	Akron-AMD	5	6	Incomplete	Incomplete	True
cell_comparison	S40	2	M00530 | Dissimilatory nitrate reduction, nitrate -> ammonia	Metatransc of lab 3300055056	Akron-AMD	6	0	Incomplete	Incomplete	True
cell_comparison	S40	2	M00530 | Dissimilatory nitrate reduction, nitrate -> ammonia	Freshwater sediment microbial 3300010391	Lake-Superior	7	29	Complete	Complete	True
cell_comparison	S40	2	M00530 | Dissimilatory nitrate reduction, nitrate -> ammonia	Freshwater sediment microbial 3300031898	Lake-Towuti	8	37	Complete	Complete	True
cell_comparison	S40	2	M00530 | Dissimilatory nitrate reduction, nitrate -> ammonia	Freshwater microbial communitie 3300024300	Lake-Matano	9	23	Complete	Complete	True
cell_comparison	S40	2	M00530 | Dissimilatory nitrate reduction, nitrate -> ammonia	Metatransc of lab 3300055061	Akron-AMD	10	2	Incomplete	Incomplete	True
cell_comparison	S40	2	M00530 | Dissimilatory nitrate reduction, nitrate -> ammonia	Hydrotherm Fe rich 3300023368	Hydrothermal-Fe-mats	11	17	Complete	Complete	True
cell_comparison	S40	2	M00530 | Dissimilatory nitrate reduction, nitrate -> ammonia	Acid mine drainage 3300038487	Richmond-AMD	12	43	Incomplete	Incomplete	True
cell_comparison	S40	2	M00530 | Dissimilatory nitrate reduction, nitrate -> ammonia	Freshwater sediment microbial 3300031593	Lake-Towuti	13	32	Incomplete	Incomplete	True
cell_comparison	S40	2	M00530 | Dissimilatory nitrate reduction, nitrate -> ammonia	Acid mine drainage 3300030082	Richmond-AMD	14	51	Incomplete	Incomplete	True
cell_comparison	S40	2	M00530 | Dissimilatory nitrate reduction, nitrate -> ammonia	Freshwater sediment microbial 3300031604	Lake-Towuti	15	30	Incomplete	Incomplete	True
cell_comparison	S40	2	M00530 | Dissimilatory nitrate reduction, nitrate -> ammonia	Freshwater sediment microbial 3300021518	Lake-Towuti	16	31	Complete	Complete	True
cell_comparison	S40	2	M00530 | Dissimilatory nitrate reduction, nitrate -> ammonia	Acid mine drainage 3300030398	Richmond-AMD	17	63	Incomplete	Incomplete	True
cell_comparison	S40	2	M00530 | Dissimilatory nitrate reduction, nitrate -> ammonia	Acid mine drainage 3300030242	Richmond-AMD	18	59	Incomplete	Incomplete	True
cell_comparison	S40	2	M00530 | Dissimilatory nitrate reduction, nitrate -> ammonia	Hydrotherm Fe rich 3300023439	Hydrothermal-Fe-mats	19	20	Incomplete	Incomplete	True
cell_comparison	S40	2	M00530 | Dissimilatory nitrate reduction, nitrate -> ammonia	Freshwater microbial communitie 3300024333	Lake-Matano	20	24	Complete	Complete	True
cell_comparison	S40	2	M00530 | Dissimilatory nitrate reduction, nitrate -> ammonia	Lab enriched sediment 3300039027	Burr-Oak-BO4	21	11	Incomplete	Incomplete	True
cell_comparison	S40	2	M00530 | Dissimilatory nitrate reduction, nitrate -> ammonia	Acid mine drainage 3300039205	Richmond-AMD	22	55	Incomplete	Incomplete	True
cell_comparison	S40	2	M00530 | Dissimilatory nitrate reduction, nitrate -> ammonia	Freshwater microbial communitie 3300043827	Lake-Matano	23	27	Incomplete	Incomplete	True
cell_comparison	S40	2	M00530 | Dissimilatory nitrate reduction, nitrate -> ammonia	Lab enriched acid 3300038471	Akron-AMD	24	4	Complete	Complete	True
cell_comparison	S40	2	M00530 | Dissimilatory nitrate reduction, nitrate -> ammonia	Acid mine drainage 3300030335	Richmond-AMD	25	45	Incomplete	Incomplete	True
cell_comparison	S40	2	M00530 | Dissimilatory nitrate reduction, nitrate -> ammonia	Freshwater microbial communitie 3300028737	Lake-Matano	26	26	Complete	Complete	True
cell_comparison	S40	2	M00530 | Dissimilatory nitrate reduction, nitrate -> ammonia	Lab enriched acid 3300038411	Akron-AMD	27	5	Complete	Complete	True
cell_comparison	S40	2	M00530 | Dissimilatory nitrate reduction, nitrate -> ammonia	Freshwater sediment microbial 3300031877	Lake-Towuti	28	33	1 block missing	1 block missing	True
cell_comparison	S40	2	M00530 | Dissimilatory nitrate reduction, nitrate -> ammonia	Acid mine drainage 3300038731	Richmond-AMD	29	42	Incomplete	Incomplete	True
cell_comparison	S40	2	M00530 | Dissimilatory nitrate reduction, nitrate -> ammonia	Acid mine drainage 3300038979	Richmond-AMD	30	53	Incomplete	Incomplete	True
cell_comparison	S40	2	M00530 | Dissimilatory nitrate reduction, nitrate -> ammonia	Hydrotherm Fe rich 3300023548	Hydrothermal-Fe-mats	31	21	Incomplete	Incomplete	True
cell_comparison	S40	2	M00530 | Dissimilatory nitrate reduction, nitrate -> ammonia	Metatransc of freshwater 3300061576	Lake-Superior	32	28	Incomplete	Incomplete	True
cell_comparison	S40	2	M00530 | Dissimilatory nitrate reduction, nitrate -> ammonia	Acid mine drainage 3300038486	Richmond-AMD	33	62	Incomplete	Incomplete	True
cell_comparison	S40	2	M00530 | Dissimilatory nitrate reduction, nitrate -> ammonia	Freshwater sediment microbial 3300031587	Lake-Towuti	34	39	Incomplete	Incomplete	True
cell_comparison	S40	2	M00530 | Dissimilatory nitrate reduction, nitrate -> ammonia	Acid Mine Drainage 3300005360	Richmond-AMD	35	54	Incomplete	Incomplete	True
cell_comparison	S40	2	M00530 | Dissimilatory nitrate reduction, nitrate -> ammonia	Acid mine drainage 3300008723	Richmond-AMD	36	47	Incomplete	Incomplete	True
cell_comparison	S40	2	M00530 | Dissimilatory nitrate reduction, nitrate -> ammonia	Acid mine drainage 3300038493	Richmond-AMD	37	61	Incomplete	Incomplete	True
cell_comparison	S40	2	M00530 | Dissimilatory nitrate reduction, nitrate -> ammonia	Freshwater sediment microbial 3300036045	Lake-Towuti	38	35	Complete	Complete	True
cell_comparison	S40	2	M00530 | Dissimilatory nitrate reduction, nitrate -> ammonia	Metatransc of lab 3300046013	Akron-AMD	39	8	Incomplete	Incomplete	True
cell_comparison	S40	2	M00530 | Dissimilatory nitrate reduction, nitrate -> ammonia	Acid mine drainage 3300038729	Richmond-AMD	40	52	Incomplete	Incomplete	True
cell_comparison	S40	2	M00530 | Dissimilatory nitrate reduction, nitrate -> ammonia	Acid mine drainage 3300030413	Richmond-AMD	41	65	Incomplete	Incomplete	True
cell_comparison	S40	2	M00530 | Dissimilatory nitrate reduction, nitrate -> ammonia	Lab enriched acid 3300038412	Akron-AMD	42	7	Complete	Complete	True
cell_comparison	S40	2	M00530 | Dissimilatory nitrate reduction, nitrate -> ammonia	Freshwater sediment microbial 3300031806	Lake-Towuti	43	40	Incomplete	Incomplete	True
cell_comparison	S40	2	M00530 | Dissimilatory nitrate reduction, nitrate -> ammonia	Metatransc of lab 3300055057	Akron-AMD	44	10	Incomplete	Incomplete	True
cell_comparison	S40	2	M00530 | Dissimilatory nitrate reduction, nitrate -> ammonia	Hydrotherm Fe rich 3300023440	Hydrothermal-Fe-mats	45	19	1 block missing	1 block missing	True
cell_comparison	S40	2	M00530 | Dissimilatory nitrate reduction, nitrate -> ammonia	Lab enriched sediment 3300039028	Burr-Oak-BO4	46	12	Complete	Complete	True
cell_comparison	S40	2	M00530 | Dissimilatory nitrate reduction, nitrate -> ammonia	Acid mine drainage 3300008566	Richmond-AMD	47	57	Incomplete	Incomplete	True
cell_comparison	S40	2	M00530 | Dissimilatory nitrate reduction, nitrate -> ammonia	Freshwater microbial communitie 3300024341	Lake-Matano	48	25	Complete	Complete	True
cell_comparison	S40	2	M00530 | Dissimilatory nitrate reduction, nitrate -> ammonia	Freshwater sediment microbial 3300021517	Lake-Towuti	49	36	Complete	Complete	True
cell_comparison	S40	2	M00530 | Dissimilatory nitrate reduction, nitrate -> ammonia	Metatransc of lab 3300055062	Akron-AMD	50	1	Incomplete	Incomplete	True
cell_comparison	S40	2	M00530 | Dissimilatory nitrate reduction, nitrate -> ammonia	Hydrotherm Fe rich 3300023442	Hydrothermal-Fe-mats	51	15	Complete	Complete	True
cell_comparison	S40	2	M00530 | Dissimilatory nitrate reduction, nitrate -> ammonia	Freshwater sediment microbial 3300036046	Lake-Towuti	52	34	Complete	Complete	True
cell_comparison	S40	2	M00530 | Dissimilatory nitrate reduction, nitrate -> ammonia	Hydrotherm Fe rich 3300023313	Hydrothermal-Fe-mats	53	16	Incomplete	Incomplete	True
cell_comparison	S40	2	M00530 | Dissimilatory nitrate reduction, nitrate -> ammonia	Acid mine drainage 3300039211	Richmond-AMD	54	60	Incomplete	Incomplete	True
cell_comparison	S40	2	M00530 | Dissimilatory nitrate reduction, nitrate -> ammonia	Acid mine drainage 3300008721	Richmond-AMD	55	58	Incomplete	Incomplete	True
cell_comparison	S40	2	M00530 | Dissimilatory nitrate reduction, nitrate -> ammonia	Pink biofilm microbial 3300003104	Richmond-AMD	56	49	Incomplete	Incomplete	True
cell_comparison	S40	2	M00530 | Dissimilatory nitrate reduction, nitrate -> ammonia	Acid mine drainage 3300038681	Richmond-AMD	57	66	Incomplete	Incomplete	True
cell_comparison	S40	2	M00530 | Dissimilatory nitrate reduction, nitrate -> ammonia	Acid mine drainage 3300030228	Richmond-AMD	58	50	Incomplete	Incomplete	True
cell_comparison	S40	2	M00530 | Dissimilatory nitrate reduction, nitrate -> ammonia	Metatransc of lab 3300055069	Akron-AMD	59	3	Incomplete	Incomplete	True
cell_comparison	S40	2	M00530 | Dissimilatory nitrate reduction, nitrate -> ammonia	Acid Mine Drainage 2010484004	Richmond-AMD	60	46	Incomplete	Incomplete	True
cell_comparison	S40	2	M00530 | Dissimilatory nitrate reduction, nitrate -> ammonia	Hydrotherm Fe rich 3300023307	Hydrothermal-Fe-mats	61	13	Incomplete	Incomplete	True
cell_comparison	S40	2	M00530 | Dissimilatory nitrate reduction, nitrate -> ammonia	Freshwater sediment microbial 3300031876	Lake-Towuti	62	38	Incomplete	Incomplete	True
cell_comparison	S40	2	M00530 | Dissimilatory nitrate reduction, nitrate -> ammonia	Freshwater microbial communitie 3300023177	Lake-Matano	63	22	Complete	Complete	True
cell_comparison	S40	2	M00530 | Dissimilatory nitrate reduction, nitrate -> ammonia	Biofilm microbial communitie 3300021476	Other-Fe	64	41	Complete	Complete	True
cell_comparison	S40	2	M00530 | Dissimilatory nitrate reduction, nitrate -> ammonia	Acid Mine Drainage 3300003083	Richmond-AMD	65	56	Incomplete	Incomplete	True
cell_comparison	S40	2	M00530 | Dissimilatory nitrate reduction, nitrate -> ammonia	Hydrotherm Fe rich 3300023444	Hydrothermal-Fe-mats	66	18	1 block missing	1 block missing	True
cell_comparison	S40	3	M00804 | Complete nitrification, comammox, ammonia -> nitrite -> nitrate	Acid mine drainage 3300038494	Richmond-AMD	0	64	Incomplete	Incomplete	True
cell_comparison	S40	3	M00804 | Complete nitrification, comammox, ammonia -> nitrite -> nitrate	Lab enriched acid 3300038413	Akron-AMD	1	9	Complete	Complete	True
cell_comparison	S40	3	M00804 | Complete nitrification, comammox, ammonia -> nitrite -> nitrate	Acid mine drainage 3300008567	Richmond-AMD	2	48	Incomplete	Incomplete	True
cell_comparison	S40	3	M00804 | Complete nitrification, comammox, ammonia -> nitrite -> nitrate	Acid mine drainage 3300030091	Richmond-AMD	3	44	Incomplete	Incomplete	True
cell_comparison	S40	3	M00804 | Complete nitrification, comammox, ammonia -> nitrite -> nitrate	Hydrotherm Fe rich 3300023310	Hydrothermal-Fe-mats	4	14	1 block missing	1 block missing	True
cell_comparison	S40	3	M00804 | Complete nitrification, comammox, ammonia -> nitrite -> nitrate	Metatransc of lab 3300046014	Akron-AMD	5	6	Complete	Complete	True
cell_comparison	S40	3	M00804 | Complete nitrification, comammox, ammonia -> nitrite -> nitrate	Metatransc of lab 3300055056	Akron-AMD	6	0	1 block missing	1 block missing	True
cell_comparison	S40	3	M00804 | Complete nitrification, comammox, ammonia -> nitrite -> nitrate	Freshwater sediment microbial 3300010391	Lake-Superior	7	29	Complete	Complete	True
cell_comparison	S40	3	M00804 | Complete nitrification, comammox, ammonia -> nitrite -> nitrate	Freshwater sediment microbial 3300031898	Lake-Towuti	8	37	Incomplete	Incomplete	True
cell_comparison	S40	3	M00804 | Complete nitrification, comammox, ammonia -> nitrite -> nitrate	Freshwater microbial communitie 3300024300	Lake-Matano	9	23	Complete	Complete	True
cell_comparison	S40	3	M00804 | Complete nitrification, comammox, ammonia -> nitrite -> nitrate	Metatransc of lab 3300055061	Akron-AMD	10	2	1 block missing	1 block missing	True
cell_comparison	S40	3	M00804 | Complete nitrification, comammox, ammonia -> nitrite -> nitrate	Hydrotherm Fe rich 3300023368	Hydrothermal-Fe-mats	11	17	Complete	Complete	True
cell_comparison	S40	3	M00804 | Complete nitrification, comammox, ammonia -> nitrite -> nitrate	Acid mine drainage 3300038487	Richmond-AMD	12	43	Incomplete	Incomplete	True
cell_comparison	S40	3	M00804 | Complete nitrification, comammox, ammonia -> nitrite -> nitrate	Freshwater sediment microbial 3300031593	Lake-Towuti	13	32	Incomplete	Incomplete	True
cell_comparison	S40	3	M00804 | Complete nitrification, comammox, ammonia -> nitrite -> nitrate	Acid mine drainage 3300030082	Richmond-AMD	14	51	Incomplete	Incomplete	True
cell_comparison	S40	3	M00804 | Complete nitrification, comammox, ammonia -> nitrite -> nitrate	Freshwater sediment microbial 3300031604	Lake-Towuti	15	30	Incomplete	Incomplete	True
cell_comparison	S40	3	M00804 | Complete nitrification, comammox, ammonia -> nitrite -> nitrate	Freshwater sediment microbial 3300021518	Lake-Towuti	16	31	Incomplete	Incomplete	True
cell_comparison	S40	3	M00804 | Complete nitrification, comammox, ammonia -> nitrite -> nitrate	Acid mine drainage 3300030398	Richmond-AMD	17	63	Incomplete	Incomplete	True
cell_comparison	S40	3	M00804 | Complete nitrification, comammox, ammonia -> nitrite -> nitrate	Acid mine drainage 3300030242	Richmond-AMD	18	59	Incomplete	Incomplete	True
cell_comparison	S40	3	M00804 | Complete nitrification, comammox, ammonia -> nitrite -> nitrate	Hydrotherm Fe rich 3300023439	Hydrothermal-Fe-mats	19	20	Complete	Complete	True
cell_comparison	S40	3	M00804 | Complete nitrification, comammox, ammonia -> nitrite -> nitrate	Freshwater microbial communitie 3300024333	Lake-Matano	20	24	Complete	Complete	True
cell_comparison	S40	3	M00804 | Complete nitrification, comammox, ammonia -> nitrite -> nitrate	Lab enriched sediment 3300039027	Burr-Oak-BO4	21	11	1 block missing	1 block missing	True
cell_comparison	S40	3	M00804 | Complete nitrification, comammox, ammonia -> nitrite -> nitrate	Acid mine drainage 3300039205	Richmond-AMD	22	55	Incomplete	Incomplete	True
cell_comparison	S40	3	M00804 | Complete nitrification, comammox, ammonia -> nitrite -> nitrate	Freshwater microbial communitie 3300043827	Lake-Matano	23	27	Incomplete	Incomplete	True
cell_comparison	S40	3	M00804 | Complete nitrification, comammox, ammonia -> nitrite -> nitrate	Lab enriched acid 3300038471	Akron-AMD	24	4	Complete	Complete	True
cell_comparison	S40	3	M00804 | Complete nitrification, comammox, ammonia -> nitrite -> nitrate	Acid mine drainage 3300030335	Richmond-AMD	25	45	Incomplete	Incomplete	True
cell_comparison	S40	3	M00804 | Complete nitrification, comammox, ammonia -> nitrite -> nitrate	Freshwater microbial communitie 3300028737	Lake-Matano	26	26	Complete	Complete	True
cell_comparison	S40	3	M00804 | Complete nitrification, comammox, ammonia -> nitrite -> nitrate	Lab enriched acid 3300038411	Akron-AMD	27	5	Complete	Complete	True
cell_comparison	S40	3	M00804 | Complete nitrification, comammox, ammonia -> nitrite -> nitrate	Freshwater sediment microbial 3300031877	Lake-Towuti	28	33	Incomplete	Incomplete	True
cell_comparison	S40	3	M00804 | Complete nitrification, comammox, ammonia -> nitrite -> nitrate	Acid mine drainage 3300038731	Richmond-AMD	29	42	Incomplete	Incomplete	True
cell_comparison	S40	3	M00804 | Complete nitrification, comammox, ammonia -> nitrite -> nitrate	Acid mine drainage 3300038979	Richmond-AMD	30	53	Incomplete	Incomplete	True
cell_comparison	S40	3	M00804 | Complete nitrification, comammox, ammonia -> nitrite -> nitrate	Hydrotherm Fe rich 3300023548	Hydrothermal-Fe-mats	31	21	1 block missing	1 block missing	True
cell_comparison	S40	3	M00804 | Complete nitrification, comammox, ammonia -> nitrite -> nitrate	Metatransc of freshwater 3300061576	Lake-Superior	32	28	Complete	Complete	True
cell_comparison	S40	3	M00804 | Complete nitrification, comammox, ammonia -> nitrite -> nitrate	Acid mine drainage 3300038486	Richmond-AMD	33	62	Incomplete	Incomplete	True
cell_comparison	S40	3	M00804 | Complete nitrification, comammox, ammonia -> nitrite -> nitrate	Freshwater sediment microbial 3300031587	Lake-Towuti	34	39	Incomplete	Incomplete	True
cell_comparison	S40	3	M00804 | Complete nitrification, comammox, ammonia -> nitrite -> nitrate	Acid Mine Drainage 3300005360	Richmond-AMD	35	54	Incomplete	Incomplete	True
cell_comparison	S40	3	M00804 | Complete nitrification, comammox, ammonia -> nitrite -> nitrate	Acid mine drainage 3300008723	Richmond-AMD	36	47	Incomplete	Incomplete	True
cell_comparison	S40	3	M00804 | Complete nitrification, comammox, ammonia -> nitrite -> nitrate	Acid mine drainage 3300038493	Richmond-AMD	37	61	Incomplete	Incomplete	True
cell_comparison	S40	3	M00804 | Complete nitrification, comammox, ammonia -> nitrite -> nitrate	Freshwater sediment microbial 3300036045	Lake-Towuti	38	35	Complete	Complete	True
cell_comparison	S40	3	M00804 | Complete nitrification, comammox, ammonia -> nitrite -> nitrate	Metatransc of lab 3300046013	Akron-AMD	39	8	1 block missing	1 block missing	True
cell_comparison	S40	3	M00804 | Complete nitrification, comammox, ammonia -> nitrite -> nitrate	Acid mine drainage 3300038729	Richmond-AMD	40	52	Incomplete	Incomplete	True
cell_comparison	S40	3	M00804 | Complete nitrification, comammox, ammonia -> nitrite -> nitrate	Acid mine drainage 3300030413	Richmond-AMD	41	65	Incomplete	Incomplete	True
cell_comparison	S40	3	M00804 | Complete nitrification, comammox, ammonia -> nitrite -> nitrate	Lab enriched acid 3300038412	Akron-AMD	42	7	Complete	Complete	True
cell_comparison	S40	3	M00804 | Complete nitrification, comammox, ammonia -> nitrite -> nitrate	Freshwater sediment microbial 3300031806	Lake-Towuti	43	40	Incomplete	Incomplete	True
cell_comparison	S40	3	M00804 | Complete nitrification, comammox, ammonia -> nitrite -> nitrate	Metatransc of lab 3300055057	Akron-AMD	44	10	1 block missing	1 block missing	True
cell_comparison	S40	3	M00804 | Complete nitrification, comammox, ammonia -> nitrite -> nitrate	Hydrotherm Fe rich 3300023440	Hydrothermal-Fe-mats	45	19	Complete	Complete	True
cell_comparison	S40	3	M00804 | Complete nitrification, comammox, ammonia -> nitrite -> nitrate	Lab enriched sediment 3300039028	Burr-Oak-BO4	46	12	1 block missing	1 block missing	True
cell_comparison	S40	3	M00804 | Complete nitrification, comammox, ammonia -> nitrite -> nitrate	Acid mine drainage 3300008566	Richmond-AMD	47	57	Incomplete	Incomplete	True
cell_comparison	S40	3	M00804 | Complete nitrification, comammox, ammonia -> nitrite -> nitrate	Freshwater microbial communitie 3300024341	Lake-Matano	48	25	Complete	Complete	True
cell_comparison	S40	3	M00804 | Complete nitrification, comammox, ammonia -> nitrite -> nitrate	Freshwater sediment microbial 3300021517	Lake-Towuti	49	36	Incomplete	Incomplete	True
cell_comparison	S40	3	M00804 | Complete nitrification, comammox, ammonia -> nitrite -> nitrate	Metatransc of lab 3300055062	Akron-AMD	50	1	Incomplete	Incomplete	True
cell_comparison	S40	3	M00804 | Complete nitrification, comammox, ammonia -> nitrite -> nitrate	Hydrotherm Fe rich 3300023442	Hydrothermal-Fe-mats	51	15	Complete	Complete	True
cell_comparison	S40	3	M00804 | Complete nitrification, comammox, ammonia -> nitrite -> nitrate	Freshwater sediment microbial 3300036046	Lake-Towuti	52	34	Complete	Complete	True
cell_comparison	S40	3	M00804 | Complete nitrification, comammox, ammonia -> nitrite -> nitrate	Hydrotherm Fe rich 3300023313	Hydrothermal-Fe-mats	53	16	Complete	Complete	True
cell_comparison	S40	3	M00804 | Complete nitrification, comammox, ammonia -> nitrite -> nitrate	Acid mine drainage 3300039211	Richmond-AMD	54	60	Incomplete	Incomplete	True
cell_comparison	S40	3	M00804 | Complete nitrification, comammox, ammonia -> nitrite -> nitrate	Acid mine drainage 3300008721	Richmond-AMD	55	58	Incomplete	Incomplete	True
cell_comparison	S40	3	M00804 | Complete nitrification, comammox, ammonia -> nitrite -> nitrate	Pink biofilm microbial 3300003104	Richmond-AMD	56	49	Incomplete	Incomplete	True
cell_comparison	S40	3	M00804 | Complete nitrification, comammox, ammonia -> nitrite -> nitrate	Acid mine drainage 3300038681	Richmond-AMD	57	66	Incomplete	Incomplete	True
cell_comparison	S40	3	M00804 | Complete nitrification, comammox, ammonia -> nitrite -> nitrate	Acid mine drainage 3300030228	Richmond-AMD	58	50	Incomplete	Incomplete	True
cell_comparison	S40	3	M00804 | Complete nitrification, comammox, ammonia -> nitrite -> nitrate	Metatransc of lab 3300055069	Akron-AMD	59	3	Complete	Complete	True
cell_comparison	S40	3	M00804 | Complete nitrification, comammox, ammonia -> nitrite -> nitrate	Acid Mine Drainage 2010484004	Richmond-AMD	60	46	Incomplete	Incomplete	True
cell_comparison	S40	3	M00804 | Complete nitrification, comammox, ammonia -> nitrite -> nitrate	Hydrotherm Fe rich 3300023307	Hydrothermal-Fe-mats	61	13	1 block missing	1 block missing	True
cell_comparison	S40	3	M00804 | Complete nitrification, comammox, ammonia -> nitrite -> nitrate	Freshwater sediment microbial 3300031876	Lake-Towuti	62	38	Incomplete	Incomplete	True
cell_comparison	S40	3	M00804 | Complete nitrification, comammox, ammonia -> nitrite -> nitrate	Freshwater microbial communitie 3300023177	Lake-Matano	63	22	Complete	Complete	True
cell_comparison	S40	3	M00804 | Complete nitrification, comammox, ammonia -> nitrite -> nitrate	Biofilm microbial communitie 3300021476	Other-Fe	64	41	1 block missing	1 block missing	True
cell_comparison	S40	3	M00804 | Complete nitrification, comammox, ammonia -> nitrite -> nitrate	Acid Mine Drainage 3300003083	Richmond-AMD	65	56	Incomplete	Incomplete	True
cell_comparison	S40	3	M00804 | Complete nitrification, comammox, ammonia -> nitrite -> nitrate	Hydrotherm Fe rich 3300023444	Hydrothermal-Fe-mats	66	18	Complete	Complete	True
cell_comparison	S40	4	M00165 | Reductive pentose phosphate cycle (Calvin cycle)	Acid mine drainage 3300038494	Richmond-AMD	0	64	Incomplete	Incomplete	True
cell_comparison	S40	4	M00165 | Reductive pentose phosphate cycle (Calvin cycle)	Lab enriched acid 3300038413	Akron-AMD	1	9	Incomplete	Incomplete	True
cell_comparison	S40	4	M00165 | Reductive pentose phosphate cycle (Calvin cycle)	Acid mine drainage 3300008567	Richmond-AMD	2	48	Incomplete	Incomplete	True
cell_comparison	S40	4	M00165 | Reductive pentose phosphate cycle (Calvin cycle)	Acid mine drainage 3300030091	Richmond-AMD	3	44	Incomplete	Incomplete	True
cell_comparison	S40	4	M00165 | Reductive pentose phosphate cycle (Calvin cycle)	Hydrotherm Fe rich 3300023310	Hydrothermal-Fe-mats	4	14	Incomplete	Incomplete	True
cell_comparison	S40	4	M00165 | Reductive pentose phosphate cycle (Calvin cycle)	Metatransc of lab 3300046014	Akron-AMD	5	6	Incomplete	Incomplete	True
cell_comparison	S40	4	M00165 | Reductive pentose phosphate cycle (Calvin cycle)	Metatransc of lab 3300055056	Akron-AMD	6	0	Incomplete	Incomplete	True
cell_comparison	S40	4	M00165 | Reductive pentose phosphate cycle (Calvin cycle)	Freshwater sediment microbial 3300010391	Lake-Superior	7	29	Incomplete	Incomplete	True
cell_comparison	S40	4	M00165 | Reductive pentose phosphate cycle (Calvin cycle)	Freshwater sediment microbial 3300031898	Lake-Towuti	8	37	Incomplete	Incomplete	True
cell_comparison	S40	4	M00165 | Reductive pentose phosphate cycle (Calvin cycle)	Freshwater microbial communitie 3300024300	Lake-Matano	9	23	Incomplete	Incomplete	True
cell_comparison	S40	4	M00165 | Reductive pentose phosphate cycle (Calvin cycle)	Metatransc of lab 3300055061	Akron-AMD	10	2	Incomplete	Incomplete	True
cell_comparison	S40	4	M00165 | Reductive pentose phosphate cycle (Calvin cycle)	Hydrotherm Fe rich 3300023368	Hydrothermal-Fe-mats	11	17	Incomplete	Incomplete	True
cell_comparison	S40	4	M00165 | Reductive pentose phosphate cycle (Calvin cycle)	Acid mine drainage 3300038487	Richmond-AMD	12	43	Incomplete	Incomplete	True
cell_comparison	S40	4	M00165 | Reductive pentose phosphate cycle (Calvin cycle)	Freshwater sediment microbial 3300031593	Lake-Towuti	13	32	Incomplete	Incomplete	True
cell_comparison	S40	4	M00165 | Reductive pentose phosphate cycle (Calvin cycle)	Acid mine drainage 3300030082	Richmond-AMD	14	51	Incomplete	Incomplete	True
cell_comparison	S40	4	M00165 | Reductive pentose phosphate cycle (Calvin cycle)	Freshwater sediment microbial 3300031604	Lake-Towuti	15	30	Incomplete	Incomplete	True
cell_comparison	S40	4	M00165 | Reductive pentose phosphate cycle (Calvin cycle)	Freshwater sediment microbial 3300021518	Lake-Towuti	16	31	Incomplete	Incomplete	True
cell_comparison	S40	4	M00165 | Reductive pentose phosphate cycle (Calvin cycle)	Acid mine drainage 3300030398	Richmond-AMD	17	63	Incomplete	Incomplete	True
cell_comparison	S40	4	M00165 | Reductive pentose phosphate cycle (Calvin cycle)	Acid mine drainage 3300030242	Richmond-AMD	18	59	Incomplete	Incomplete	True
cell_comparison	S40	4	M00165 | Reductive pentose phosphate cycle (Calvin cycle)	Hydrotherm Fe rich 3300023439	Hydrothermal-Fe-mats	19	20	Incomplete	Incomplete	True
cell_comparison	S40	4	M00165 | Reductive pentose phosphate cycle (Calvin cycle)	Freshwater microbial communitie 3300024333	Lake-Matano	20	24	1 block missing	1 block missing	True
cell_comparison	S40	4	M00165 | Reductive pentose phosphate cycle (Calvin cycle)	Lab enriched sediment 3300039027	Burr-Oak-BO4	21	11	Incomplete	Incomplete	True
cell_comparison	S40	4	M00165 | Reductive pentose phosphate cycle (Calvin cycle)	Acid mine drainage 3300039205	Richmond-AMD	22	55	Incomplete	Incomplete	True
cell_comparison	S40	4	M00165 | Reductive pentose phosphate cycle (Calvin cycle)	Freshwater microbial communitie 3300043827	Lake-Matano	23	27	Incomplete	Incomplete	True
cell_comparison	S40	4	M00165 | Reductive pentose phosphate cycle (Calvin cycle)	Lab enriched acid 3300038471	Akron-AMD	24	4	Incomplete	Incomplete	True
cell_comparison	S40	4	M00165 | Reductive pentose phosphate cycle (Calvin cycle)	Acid mine drainage 3300030335	Richmond-AMD	25	45	Incomplete	Incomplete	True
cell_comparison	S40	4	M00165 | Reductive pentose phosphate cycle (Calvin cycle)	Freshwater microbial communitie 3300028737	Lake-Matano	26	26	Complete	Complete	True
cell_comparison	S40	4	M00165 | Reductive pentose phosphate cycle (Calvin cycle)	Lab enriched acid 3300038411	Akron-AMD	27	5	Incomplete	Incomplete	True
cell_comparison	S40	4	M00165 | Reductive pentose phosphate cycle (Calvin cycle)	Freshwater sediment microbial 3300031877	Lake-Towuti	28	33	Incomplete	Incomplete	True
cell_comparison	S40	4	M00165 | Reductive pentose phosphate cycle (Calvin cycle)	Acid mine drainage 3300038731	Richmond-AMD	29	42	Incomplete	Incomplete	True
cell_comparison	S40	4	M00165 | Reductive pentose phosphate cycle (Calvin cycle)	Acid mine drainage 3300038979	Richmond-AMD	30	53	Incomplete	Incomplete	True
cell_comparison	S40	4	M00165 | Reductive pentose phosphate cycle (Calvin cycle)	Hydrotherm Fe rich 3300023548	Hydrothermal-Fe-mats	31	21	Incomplete	Incomplete	True
cell_comparison	S40	4	M00165 | Reductive pentose phosphate cycle (Calvin cycle)	Metatransc of freshwater 3300061576	Lake-Superior	32	28	Incomplete	Incomplete	True
cell_comparison	S40	4	M00165 | Reductive pentose phosphate cycle (Calvin cycle)	Acid mine drainage 3300038486	Richmond-AMD	33	62	Incomplete	Incomplete	True
cell_comparison	S40	4	M00165 | Reductive pentose phosphate cycle (Calvin cycle)	Freshwater sediment microbial 3300031587	Lake-Towuti	34	39	Incomplete	Incomplete	True
cell_comparison	S40	4	M00165 | Reductive pentose phosphate cycle (Calvin cycle)	Acid Mine Drainage 3300005360	Richmond-AMD	35	54	Incomplete	Incomplete	True
cell_comparison	S40	4	M00165 | Reductive pentose phosphate cycle (Calvin cycle)	Acid mine drainage 3300008723	Richmond-AMD	36	47	Incomplete	Incomplete	True
cell_comparison	S40	4	M00165 | Reductive pentose phosphate cycle (Calvin cycle)	Acid mine drainage 3300038493	Richmond-AMD	37	61	Incomplete	Incomplete	True
cell_comparison	S40	4	M00165 | Reductive pentose phosphate cycle (Calvin cycle)	Freshwater sediment microbial 3300036045	Lake-Towuti	38	35	Incomplete	Incomplete	True
cell_comparison	S40	4	M00165 | Reductive pentose phosphate cycle (Calvin cycle)	Metatransc of lab 3300046013	Akron-AMD	39	8	Incomplete	Incomplete	True
cell_comparison	S40	4	M00165 | Reductive pentose phosphate cycle (Calvin cycle)	Acid mine drainage 3300038729	Richmond-AMD	40	52	Incomplete	Incomplete	True
cell_comparison	S40	4	M00165 | Reductive pentose phosphate cycle (Calvin cycle)	Acid mine drainage 3300030413	Richmond-AMD	41	65	Incomplete	Incomplete	True
cell_comparison	S40	4	M00165 | Reductive pentose phosphate cycle (Calvin cycle)	Lab enriched acid 3300038412	Akron-AMD	42	7	Incomplete	Incomplete	True
cell_comparison	S40	4	M00165 | Reductive pentose phosphate cycle (Calvin cycle)	Freshwater sediment microbial 3300031806	Lake-Towuti	43	40	Incomplete	Incomplete	True
cell_comparison	S40	4	M00165 | Reductive pentose phosphate cycle (Calvin cycle)	Metatransc of lab 3300055057	Akron-AMD	44	10	Incomplete	Incomplete	True
cell_comparison	S40	4	M00165 | Reductive pentose phosphate cycle (Calvin cycle)	Hydrotherm Fe rich 3300023440	Hydrothermal-Fe-mats	45	19	Incomplete	Incomplete	True
cell_comparison	S40	4	M00165 | Reductive pentose phosphate cycle (Calvin cycle)	Lab enriched sediment 3300039028	Burr-Oak-BO4	46	12	Incomplete	Incomplete	True
cell_comparison	S40	4	M00165 | Reductive pentose phosphate cycle (Calvin cycle)	Acid mine drainage 3300008566	Richmond-AMD	47	57	Incomplete	Incomplete	True
cell_comparison	S40	4	M00165 | Reductive pentose phosphate cycle (Calvin cycle)	Freshwater microbial communitie 3300024341	Lake-Matano	48	25	Complete	Complete	True
cell_comparison	S40	4	M00165 | Reductive pentose phosphate cycle (Calvin cycle)	Freshwater sediment microbial 3300021517	Lake-Towuti	49	36	Incomplete	Incomplete	True
cell_comparison	S40	4	M00165 | Reductive pentose phosphate cycle (Calvin cycle)	Metatransc of lab 3300055062	Akron-AMD	50	1	Incomplete	Incomplete	True
cell_comparison	S40	4	M00165 | Reductive pentose phosphate cycle (Calvin cycle)	Hydrotherm Fe rich 3300023442	Hydrothermal-Fe-mats	51	15	Incomplete	Incomplete	True
cell_comparison	S40	4	M00165 | Reductive pentose phosphate cycle (Calvin cycle)	Freshwater sediment microbial 3300036046	Lake-Towuti	52	34	Complete	Complete	True
cell_comparison	S40	4	M00165 | Reductive pentose phosphate cycle (Calvin cycle)	Hydrotherm Fe rich 3300023313	Hydrothermal-Fe-mats	53	16	Incomplete	Incomplete	True
cell_comparison	S40	4	M00165 | Reductive pentose phosphate cycle (Calvin cycle)	Acid mine drainage 3300039211	Richmond-AMD	54	60	Incomplete	Incomplete	True
cell_comparison	S40	4	M00165 | Reductive pentose phosphate cycle (Calvin cycle)	Acid mine drainage 3300008721	Richmond-AMD	55	58	Incomplete	Incomplete	True
cell_comparison	S40	4	M00165 | Reductive pentose phosphate cycle (Calvin cycle)	Pink biofilm microbial 3300003104	Richmond-AMD	56	49	Incomplete	Incomplete	True
cell_comparison	S40	4	M00165 | Reductive pentose phosphate cycle (Calvin cycle)	Acid mine drainage 3300038681	Richmond-AMD	57	66	Incomplete	Incomplete	True
cell_comparison	S40	4	M00165 | Reductive pentose phosphate cycle (Calvin cycle)	Acid mine drainage 3300030228	Richmond-AMD	58	50	Incomplete	Incomplete	True
cell_comparison	S40	4	M00165 | Reductive pentose phosphate cycle (Calvin cycle)	Metatransc of lab 3300055069	Akron-AMD	59	3	Incomplete	Incomplete	True
cell_comparison	S40	4	M00165 | Reductive pentose phosphate cycle (Calvin cycle)	Acid Mine Drainage 2010484004	Richmond-AMD	60	46	Incomplete	Incomplete	True
cell_comparison	S40	4	M00165 | Reductive pentose phosphate cycle (Calvin cycle)	Hydrotherm Fe rich 3300023307	Hydrothermal-Fe-mats	61	13	Incomplete	Incomplete	True
cell_comparison	S40	4	M00165 | Reductive pentose phosphate cycle (Calvin cycle)	Freshwater sediment microbial 3300031876	Lake-Towuti	62	38	Incomplete	Incomplete	True
cell_comparison	S40	4	M00165 | Reductive pentose phosphate cycle (Calvin cycle)	Freshwater microbial communitie 3300023177	Lake-Matano	63	22	1 block missing	1 block missing	True
cell_comparison	S40	4	M00165 | Reductive pentose phosphate cycle (Calvin cycle)	Biofilm microbial communitie 3300021476	Other-Fe	64	41	Incomplete	Incomplete	True
cell_comparison	S40	4	M00165 | Reductive pentose phosphate cycle (Calvin cycle)	Acid Mine Drainage 3300003083	Richmond-AMD	65	56	Incomplete	Incomplete	True
cell_comparison	S40	4	M00165 | Reductive pentose phosphate cycle (Calvin cycle)	Hydrotherm Fe rich 3300023444	Hydrothermal-Fe-mats	66	18	Incomplete	Incomplete	True
cell_comparison	S40	5	M00166 | Reductive pentose phosphate cycle, ribulose-5P -> glyceraldehyde-3P	Acid mine drainage 3300038494	Richmond-AMD	0	64	Incomplete	Incomplete	True
cell_comparison	S40	5	M00166 | Reductive pentose phosphate cycle, ribulose-5P -> glyceraldehyde-3P	Lab enriched acid 3300038413	Akron-AMD	1	9	1 block missing	1 block missing	True
cell_comparison	S40	5	M00166 | Reductive pentose phosphate cycle, ribulose-5P -> glyceraldehyde-3P	Acid mine drainage 3300008567	Richmond-AMD	2	48	Incomplete	Incomplete	True
cell_comparison	S40	5	M00166 | Reductive pentose phosphate cycle, ribulose-5P -> glyceraldehyde-3P	Acid mine drainage 3300030091	Richmond-AMD	3	44	Incomplete	Incomplete	True
cell_comparison	S40	5	M00166 | Reductive pentose phosphate cycle, ribulose-5P -> glyceraldehyde-3P	Hydrotherm Fe rich 3300023310	Hydrothermal-Fe-mats	4	14	Incomplete	Incomplete	True
cell_comparison	S40	5	M00166 | Reductive pentose phosphate cycle, ribulose-5P -> glyceraldehyde-3P	Metatransc of lab 3300046014	Akron-AMD	5	6	Incomplete	Incomplete	True
cell_comparison	S40	5	M00166 | Reductive pentose phosphate cycle, ribulose-5P -> glyceraldehyde-3P	Metatransc of lab 3300055056	Akron-AMD	6	0	1 block missing	1 block missing	True
cell_comparison	S40	5	M00166 | Reductive pentose phosphate cycle, ribulose-5P -> glyceraldehyde-3P	Freshwater sediment microbial 3300010391	Lake-Superior	7	29	1 block missing	1 block missing	True
cell_comparison	S40	5	M00166 | Reductive pentose phosphate cycle, ribulose-5P -> glyceraldehyde-3P	Freshwater sediment microbial 3300031898	Lake-Towuti	8	37	Incomplete	Incomplete	True
cell_comparison	S40	5	M00166 | Reductive pentose phosphate cycle, ribulose-5P -> glyceraldehyde-3P	Freshwater microbial communitie 3300024300	Lake-Matano	9	23	1 block missing	1 block missing	True
cell_comparison	S40	5	M00166 | Reductive pentose phosphate cycle, ribulose-5P -> glyceraldehyde-3P	Metatransc of lab 3300055061	Akron-AMD	10	2	Incomplete	Incomplete	True
cell_comparison	S40	5	M00166 | Reductive pentose phosphate cycle, ribulose-5P -> glyceraldehyde-3P	Hydrotherm Fe rich 3300023368	Hydrothermal-Fe-mats	11	17	1 block missing	1 block missing	True
cell_comparison	S40	5	M00166 | Reductive pentose phosphate cycle, ribulose-5P -> glyceraldehyde-3P	Acid mine drainage 3300038487	Richmond-AMD	12	43	Incomplete	Incomplete	True
cell_comparison	S40	5	M00166 | Reductive pentose phosphate cycle, ribulose-5P -> glyceraldehyde-3P	Freshwater sediment microbial 3300031593	Lake-Towuti	13	32	Incomplete	Incomplete	True
cell_comparison	S40	5	M00166 | Reductive pentose phosphate cycle, ribulose-5P -> glyceraldehyde-3P	Acid mine drainage 3300030082	Richmond-AMD	14	51	Incomplete	Incomplete	True
cell_comparison	S40	5	M00166 | Reductive pentose phosphate cycle, ribulose-5P -> glyceraldehyde-3P	Freshwater sediment microbial 3300031604	Lake-Towuti	15	30	Incomplete	Incomplete	True
cell_comparison	S40	5	M00166 | Reductive pentose phosphate cycle, ribulose-5P -> glyceraldehyde-3P	Freshwater sediment microbial 3300021518	Lake-Towuti	16	31	1 block missing	1 block missing	True
cell_comparison	S40	5	M00166 | Reductive pentose phosphate cycle, ribulose-5P -> glyceraldehyde-3P	Acid mine drainage 3300030398	Richmond-AMD	17	63	Incomplete	Incomplete	True
cell_comparison	S40	5	M00166 | Reductive pentose phosphate cycle, ribulose-5P -> glyceraldehyde-3P	Acid mine drainage 3300030242	Richmond-AMD	18	59	Incomplete	Incomplete	True
cell_comparison	S40	5	M00166 | Reductive pentose phosphate cycle, ribulose-5P -> glyceraldehyde-3P	Hydrotherm Fe rich 3300023439	Hydrothermal-Fe-mats	19	20	1 block missing	1 block missing	True
cell_comparison	S40	5	M00166 | Reductive pentose phosphate cycle, ribulose-5P -> glyceraldehyde-3P	Freshwater microbial communitie 3300024333	Lake-Matano	20	24	1 block missing	1 block missing	True
cell_comparison	S40	5	M00166 | Reductive pentose phosphate cycle, ribulose-5P -> glyceraldehyde-3P	Lab enriched sediment 3300039027	Burr-Oak-BO4	21	11	Incomplete	Incomplete	True
cell_comparison	S40	5	M00166 | Reductive pentose phosphate cycle, ribulose-5P -> glyceraldehyde-3P	Acid mine drainage 3300039205	Richmond-AMD	22	55	Incomplete	Incomplete	True
cell_comparison	S40	5	M00166 | Reductive pentose phosphate cycle, ribulose-5P -> glyceraldehyde-3P	Freshwater microbial communitie 3300043827	Lake-Matano	23	27	1 block missing	1 block missing	True
cell_comparison	S40	5	M00166 | Reductive pentose phosphate cycle, ribulose-5P -> glyceraldehyde-3P	Lab enriched acid 3300038471	Akron-AMD	24	4	1 block missing	1 block missing	True
cell_comparison	S40	5	M00166 | Reductive pentose phosphate cycle, ribulose-5P -> glyceraldehyde-3P	Acid mine drainage 3300030335	Richmond-AMD	25	45	Incomplete	Incomplete	True
cell_comparison	S40	5	M00166 | Reductive pentose phosphate cycle, ribulose-5P -> glyceraldehyde-3P	Freshwater microbial communitie 3300028737	Lake-Matano	26	26	Complete	Complete	True
cell_comparison	S40	5	M00166 | Reductive pentose phosphate cycle, ribulose-5P -> glyceraldehyde-3P	Lab enriched acid 3300038411	Akron-AMD	27	5	1 block missing	1 block missing	True
cell_comparison	S40	5	M00166 | Reductive pentose phosphate cycle, ribulose-5P -> glyceraldehyde-3P	Freshwater sediment microbial 3300031877	Lake-Towuti	28	33	Incomplete	Incomplete	True
cell_comparison	S40	5	M00166 | Reductive pentose phosphate cycle, ribulose-5P -> glyceraldehyde-3P	Acid mine drainage 3300038731	Richmond-AMD	29	42	Incomplete	Incomplete	True
cell_comparison	S40	5	M00166 | Reductive pentose phosphate cycle, ribulose-5P -> glyceraldehyde-3P	Acid mine drainage 3300038979	Richmond-AMD	30	53	Incomplete	Incomplete	True
cell_comparison	S40	5	M00166 | Reductive pentose phosphate cycle, ribulose-5P -> glyceraldehyde-3P	Hydrotherm Fe rich 3300023548	Hydrothermal-Fe-mats	31	21	Incomplete	Incomplete	True
cell_comparison	S40	5	M00166 | Reductive pentose phosphate cycle, ribulose-5P -> glyceraldehyde-3P	Metatransc of freshwater 3300061576	Lake-Superior	32	28	1 block missing	1 block missing	True
cell_comparison	S40	5	M00166 | Reductive pentose phosphate cycle, ribulose-5P -> glyceraldehyde-3P	Acid mine drainage 3300038486	Richmond-AMD	33	62	Incomplete	Incomplete	True
cell_comparison	S40	5	M00166 | Reductive pentose phosphate cycle, ribulose-5P -> glyceraldehyde-3P	Freshwater sediment microbial 3300031587	Lake-Towuti	34	39	Incomplete	Incomplete	True
cell_comparison	S40	5	M00166 | Reductive pentose phosphate cycle, ribulose-5P -> glyceraldehyde-3P	Acid Mine Drainage 3300005360	Richmond-AMD	35	54	Incomplete	Incomplete	True
cell_comparison	S40	5	M00166 | Reductive pentose phosphate cycle, ribulose-5P -> glyceraldehyde-3P	Acid mine drainage 3300008723	Richmond-AMD	36	47	Incomplete	Incomplete	True
cell_comparison	S40	5	M00166 | Reductive pentose phosphate cycle, ribulose-5P -> glyceraldehyde-3P	Acid mine drainage 3300038493	Richmond-AMD	37	61	Incomplete	Incomplete	True
cell_comparison	S40	5	M00166 | Reductive pentose phosphate cycle, ribulose-5P -> glyceraldehyde-3P	Freshwater sediment microbial 3300036045	Lake-Towuti	38	35	1 block missing	1 block missing	True
cell_comparison	S40	5	M00166 | Reductive pentose phosphate cycle, ribulose-5P -> glyceraldehyde-3P	Metatransc of lab 3300046013	Akron-AMD	39	8	1 block missing	1 block missing	True
cell_comparison	S40	5	M00166 | Reductive pentose phosphate cycle, ribulose-5P -> glyceraldehyde-3P	Acid mine drainage 3300038729	Richmond-AMD	40	52	Incomplete	Incomplete	True
cell_comparison	S40	5	M00166 | Reductive pentose phosphate cycle, ribulose-5P -> glyceraldehyde-3P	Acid mine drainage 3300030413	Richmond-AMD	41	65	Incomplete	Incomplete	True
cell_comparison	S40	5	M00166 | Reductive pentose phosphate cycle, ribulose-5P -> glyceraldehyde-3P	Lab enriched acid 3300038412	Akron-AMD	42	7	1 block missing	1 block missing	True
cell_comparison	S40	5	M00166 | Reductive pentose phosphate cycle, ribulose-5P -> glyceraldehyde-3P	Freshwater sediment microbial 3300031806	Lake-Towuti	43	40	Incomplete	Incomplete	True
cell_comparison	S40	5	M00166 | Reductive pentose phosphate cycle, ribulose-5P -> glyceraldehyde-3P	Metatransc of lab 3300055057	Akron-AMD	44	10	Incomplete	Incomplete	True
cell_comparison	S40	5	M00166 | Reductive pentose phosphate cycle, ribulose-5P -> glyceraldehyde-3P	Hydrotherm Fe rich 3300023440	Hydrothermal-Fe-mats	45	19	1 block missing	1 block missing	True
cell_comparison	S40	5	M00166 | Reductive pentose phosphate cycle, ribulose-5P -> glyceraldehyde-3P	Lab enriched sediment 3300039028	Burr-Oak-BO4	46	12	1 block missing	1 block missing	True
cell_comparison	S40	5	M00166 | Reductive pentose phosphate cycle, ribulose-5P -> glyceraldehyde-3P	Acid mine drainage 3300008566	Richmond-AMD	47	57	Incomplete	Incomplete	True
cell_comparison	S40	5	M00166 | Reductive pentose phosphate cycle, ribulose-5P -> glyceraldehyde-3P	Freshwater microbial communitie 3300024341	Lake-Matano	48	25	Complete	Complete	True
cell_comparison	S40	5	M00166 | Reductive pentose phosphate cycle, ribulose-5P -> glyceraldehyde-3P	Freshwater sediment microbial 3300021517	Lake-Towuti	49	36	1 block missing	1 block missing	True
cell_comparison	S40	5	M00166 | Reductive pentose phosphate cycle, ribulose-5P -> glyceraldehyde-3P	Metatransc of lab 3300055062	Akron-AMD	50	1	1 block missing	1 block missing	True
cell_comparison	S40	5	M00166 | Reductive pentose phosphate cycle, ribulose-5P -> glyceraldehyde-3P	Hydrotherm Fe rich 3300023442	Hydrothermal-Fe-mats	51	15	1 block missing	1 block missing	True
cell_comparison	S40	5	M00166 | Reductive pentose phosphate cycle, ribulose-5P -> glyceraldehyde-3P	Freshwater sediment microbial 3300036046	Lake-Towuti	52	34	Complete	Complete	True
cell_comparison	S40	5	M00166 | Reductive pentose phosphate cycle, ribulose-5P -> glyceraldehyde-3P	Hydrotherm Fe rich 3300023313	Hydrothermal-Fe-mats	53	16	1 block missing	1 block missing	True
cell_comparison	S40	5	M00166 | Reductive pentose phosphate cycle, ribulose-5P -> glyceraldehyde-3P	Acid mine drainage 3300039211	Richmond-AMD	54	60	Incomplete	Incomplete	True
cell_comparison	S40	5	M00166 | Reductive pentose phosphate cycle, ribulose-5P -> glyceraldehyde-3P	Acid mine drainage 3300008721	Richmond-AMD	55	58	Incomplete	Incomplete	True
cell_comparison	S40	5	M00166 | Reductive pentose phosphate cycle, ribulose-5P -> glyceraldehyde-3P	Pink biofilm microbial 3300003104	Richmond-AMD	56	49	Incomplete	Incomplete	True
cell_comparison	S40	5	M00166 | Reductive pentose phosphate cycle, ribulose-5P -> glyceraldehyde-3P	Acid mine drainage 3300038681	Richmond-AMD	57	66	Incomplete	Incomplete	True
cell_comparison	S40	5	M00166 | Reductive pentose phosphate cycle, ribulose-5P -> glyceraldehyde-3P	Acid mine drainage 3300030228	Richmond-AMD	58	50	Incomplete	Incomplete	True
cell_comparison	S40	5	M00166 | Reductive pentose phosphate cycle, ribulose-5P -> glyceraldehyde-3P	Metatransc of lab 3300055069	Akron-AMD	59	3	Incomplete	Incomplete	True
cell_comparison	S40	5	M00166 | Reductive pentose phosphate cycle, ribulose-5P -> glyceraldehyde-3P	Acid Mine Drainage 2010484004	Richmond-AMD	60	46	Incomplete	Incomplete	True
cell_comparison	S40	5	M00166 | Reductive pentose phosphate cycle, ribulose-5P -> glyceraldehyde-3P	Hydrotherm Fe rich 3300023307	Hydrothermal-Fe-mats	61	13	Incomplete	Incomplete	True
cell_comparison	S40	5	M00166 | Reductive pentose phosphate cycle, ribulose-5P -> glyceraldehyde-3P	Freshwater sediment microbial 3300031876	Lake-Towuti	62	38	Incomplete	Incomplete	True
cell_comparison	S40	5	M00166 | Reductive pentose phosphate cycle, ribulose-5P -> glyceraldehyde-3P	Freshwater microbial communitie 3300023177	Lake-Matano	63	22	1 block missing	1 block missing	True
cell_comparison	S40	5	M00166 | Reductive pentose phosphate cycle, ribulose-5P -> glyceraldehyde-3P	Biofilm microbial communitie 3300021476	Other-Fe	64	41	1 block missing	1 block missing	True
cell_comparison	S40	5	M00166 | Reductive pentose phosphate cycle, ribulose-5P -> glyceraldehyde-3P	Acid Mine Drainage 3300003083	Richmond-AMD	65	56	Incomplete	Incomplete	True
cell_comparison	S40	5	M00166 | Reductive pentose phosphate cycle, ribulose-5P -> glyceraldehyde-3P	Hydrotherm Fe rich 3300023444	Hydrothermal-Fe-mats	66	18	Complete	Complete	True
cell_comparison	S40	6	M00376 | 3-Hydroxypropionate bi-cycle	Acid mine drainage 3300038494	Richmond-AMD	0	64	Incomplete	Incomplete	True
cell_comparison	S40	6	M00376 | 3-Hydroxypropionate bi-cycle	Lab enriched acid 3300038413	Akron-AMD	1	9	Complete	Complete	True
cell_comparison	S40	6	M00376 | 3-Hydroxypropionate bi-cycle	Acid mine drainage 3300008567	Richmond-AMD	2	48	Incomplete	Incomplete	True
cell_comparison	S40	6	M00376 | 3-Hydroxypropionate bi-cycle	Acid mine drainage 3300030091	Richmond-AMD	3	44	Incomplete	Incomplete	True
cell_comparison	S40	6	M00376 | 3-Hydroxypropionate bi-cycle	Hydrotherm Fe rich 3300023310	Hydrothermal-Fe-mats	4	14	Incomplete	Incomplete	True
cell_comparison	S40	6	M00376 | 3-Hydroxypropionate bi-cycle	Metatransc of lab 3300046014	Akron-AMD	5	6	Incomplete	Incomplete	True
cell_comparison	S40	6	M00376 | 3-Hydroxypropionate bi-cycle	Metatransc of lab 3300055056	Akron-AMD	6	0	Incomplete	Incomplete	True
cell_comparison	S40	6	M00376 | 3-Hydroxypropionate bi-cycle	Freshwater sediment microbial 3300010391	Lake-Superior	7	29	1 block missing	1 block missing	True
cell_comparison	S40	6	M00376 | 3-Hydroxypropionate bi-cycle	Freshwater sediment microbial 3300031898	Lake-Towuti	8	37	Incomplete	Incomplete	True
cell_comparison	S40	6	M00376 | 3-Hydroxypropionate bi-cycle	Freshwater microbial communitie 3300024300	Lake-Matano	9	23	1 block missing	1 block missing	True
cell_comparison	S40	6	M00376 | 3-Hydroxypropionate bi-cycle	Metatransc of lab 3300055061	Akron-AMD	10	2	Incomplete	Incomplete	True
cell_comparison	S40	6	M00376 | 3-Hydroxypropionate bi-cycle	Hydrotherm Fe rich 3300023368	Hydrothermal-Fe-mats	11	17	Incomplete	Incomplete	True
cell_comparison	S40	6	M00376 | 3-Hydroxypropionate bi-cycle	Acid mine drainage 3300038487	Richmond-AMD	12	43	Incomplete	Incomplete	True
cell_comparison	S40	6	M00376 | 3-Hydroxypropionate bi-cycle	Freshwater sediment microbial 3300031593	Lake-Towuti	13	32	Incomplete	Incomplete	True
cell_comparison	S40	6	M00376 | 3-Hydroxypropionate bi-cycle	Acid mine drainage 3300030082	Richmond-AMD	14	51	Incomplete	Incomplete	True
cell_comparison	S40	6	M00376 | 3-Hydroxypropionate bi-cycle	Freshwater sediment microbial 3300031604	Lake-Towuti	15	30	Incomplete	Incomplete	True
cell_comparison	S40	6	M00376 | 3-Hydroxypropionate bi-cycle	Freshwater sediment microbial 3300021518	Lake-Towuti	16	31	Complete	Complete	True
cell_comparison	S40	6	M00376 | 3-Hydroxypropionate bi-cycle	Acid mine drainage 3300030398	Richmond-AMD	17	63	Incomplete	Incomplete	True
cell_comparison	S40	6	M00376 | 3-Hydroxypropionate bi-cycle	Acid mine drainage 3300030242	Richmond-AMD	18	59	Incomplete	Incomplete	True
cell_comparison	S40	6	M00376 | 3-Hydroxypropionate bi-cycle	Hydrotherm Fe rich 3300023439	Hydrothermal-Fe-mats	19	20	Incomplete	Incomplete	True
cell_comparison	S40	6	M00376 | 3-Hydroxypropionate bi-cycle	Freshwater microbial communitie 3300024333	Lake-Matano	20	24	1 block missing	1 block missing	True
cell_comparison	S40	6	M00376 | 3-Hydroxypropionate bi-cycle	Lab enriched sediment 3300039027	Burr-Oak-BO4	21	11	Incomplete	Incomplete	True
cell_comparison	S40	6	M00376 | 3-Hydroxypropionate bi-cycle	Acid mine drainage 3300039205	Richmond-AMD	22	55	Incomplete	Incomplete	True
cell_comparison	S40	6	M00376 | 3-Hydroxypropionate bi-cycle	Freshwater microbial communitie 3300043827	Lake-Matano	23	27	Incomplete	Incomplete	True
cell_comparison	S40	6	M00376 | 3-Hydroxypropionate bi-cycle	Lab enriched acid 3300038471	Akron-AMD	24	4	Incomplete	Incomplete	True
cell_comparison	S40	6	M00376 | 3-Hydroxypropionate bi-cycle	Acid mine drainage 3300030335	Richmond-AMD	25	45	Incomplete	Incomplete	True
cell_comparison	S40	6	M00376 | 3-Hydroxypropionate bi-cycle	Freshwater microbial communitie 3300028737	Lake-Matano	26	26	Complete	Complete	True
cell_comparison	S40	6	M00376 | 3-Hydroxypropionate bi-cycle	Lab enriched acid 3300038411	Akron-AMD	27	5	1 block missing	1 block missing	True
cell_comparison	S40	6	M00376 | 3-Hydroxypropionate bi-cycle	Freshwater sediment microbial 3300031877	Lake-Towuti	28	33	Incomplete	Incomplete	True
cell_comparison	S40	6	M00376 | 3-Hydroxypropionate bi-cycle	Acid mine drainage 3300038731	Richmond-AMD	29	42	Incomplete	Incomplete	True
cell_comparison	S40	6	M00376 | 3-Hydroxypropionate bi-cycle	Acid mine drainage 3300038979	Richmond-AMD	30	53	Incomplete	Incomplete	True
cell_comparison	S40	6	M00376 | 3-Hydroxypropionate bi-cycle	Hydrotherm Fe rich 3300023548	Hydrothermal-Fe-mats	31	21	Incomplete	Incomplete	True
cell_comparison	S40	6	M00376 | 3-Hydroxypropionate bi-cycle	Metatransc of freshwater 3300061576	Lake-Superior	32	28	Incomplete	Incomplete	True
cell_comparison	S40	6	M00376 | 3-Hydroxypropionate bi-cycle	Acid mine drainage 3300038486	Richmond-AMD	33	62	Incomplete	Incomplete	True
cell_comparison	S40	6	M00376 | 3-Hydroxypropionate bi-cycle	Freshwater sediment microbial 3300031587	Lake-Towuti	34	39	Incomplete	Incomplete	True
cell_comparison	S40	6	M00376 | 3-Hydroxypropionate bi-cycle	Acid Mine Drainage 3300005360	Richmond-AMD	35	54	Incomplete	Incomplete	True
cell_comparison	S40	6	M00376 | 3-Hydroxypropionate bi-cycle	Acid mine drainage 3300008723	Richmond-AMD	36	47	Incomplete	Incomplete	True
cell_comparison	S40	6	M00376 | 3-Hydroxypropionate bi-cycle	Acid mine drainage 3300038493	Richmond-AMD	37	61	Incomplete	Incomplete	True
cell_comparison	S40	6	M00376 | 3-Hydroxypropionate bi-cycle	Freshwater sediment microbial 3300036045	Lake-Towuti	38	35	Complete	Complete	True
cell_comparison	S40	6	M00376 | 3-Hydroxypropionate bi-cycle	Metatransc of lab 3300046013	Akron-AMD	39	8	Incomplete	Incomplete	True
cell_comparison	S40	6	M00376 | 3-Hydroxypropionate bi-cycle	Acid mine drainage 3300038729	Richmond-AMD	40	52	Incomplete	Incomplete	True
cell_comparison	S40	6	M00376 | 3-Hydroxypropionate bi-cycle	Acid mine drainage 3300030413	Richmond-AMD	41	65	Incomplete	Incomplete	True
cell_comparison	S40	6	M00376 | 3-Hydroxypropionate bi-cycle	Lab enriched acid 3300038412	Akron-AMD	42	7	Incomplete	Incomplete	True
cell_comparison	S40	6	M00376 | 3-Hydroxypropionate bi-cycle	Freshwater sediment microbial 3300031806	Lake-Towuti	43	40	Incomplete	Incomplete	True
cell_comparison	S40	6	M00376 | 3-Hydroxypropionate bi-cycle	Metatransc of lab 3300055057	Akron-AMD	44	10	Incomplete	Incomplete	True
cell_comparison	S40	6	M00376 | 3-Hydroxypropionate bi-cycle	Hydrotherm Fe rich 3300023440	Hydrothermal-Fe-mats	45	19	Incomplete	Incomplete	True
cell_comparison	S40	6	M00376 | 3-Hydroxypropionate bi-cycle	Lab enriched sediment 3300039028	Burr-Oak-BO4	46	12	Incomplete	Incomplete	True
cell_comparison	S40	6	M00376 | 3-Hydroxypropionate bi-cycle	Acid mine drainage 3300008566	Richmond-AMD	47	57	Incomplete	Incomplete	True
cell_comparison	S40	6	M00376 | 3-Hydroxypropionate bi-cycle	Freshwater microbial communitie 3300024341	Lake-Matano	48	25	Complete	Complete	True
cell_comparison	S40	6	M00376 | 3-Hydroxypropionate bi-cycle	Freshwater sediment microbial 3300021517	Lake-Towuti	49	36	Complete	Complete	True
cell_comparison	S40	6	M00376 | 3-Hydroxypropionate bi-cycle	Metatransc of lab 3300055062	Akron-AMD	50	1	Incomplete	Incomplete	True
cell_comparison	S40	6	M00376 | 3-Hydroxypropionate bi-cycle	Hydrotherm Fe rich 3300023442	Hydrothermal-Fe-mats	51	15	1 block missing	1 block missing	True
cell_comparison	S40	6	M00376 | 3-Hydroxypropionate bi-cycle	Freshwater sediment microbial 3300036046	Lake-Towuti	52	34	Complete	Complete	True
cell_comparison	S40	6	M00376 | 3-Hydroxypropionate bi-cycle	Hydrotherm Fe rich 3300023313	Hydrothermal-Fe-mats	53	16	Incomplete	Incomplete	True
cell_comparison	S40	6	M00376 | 3-Hydroxypropionate bi-cycle	Acid mine drainage 3300039211	Richmond-AMD	54	60	Incomplete	Incomplete	True
cell_comparison	S40	6	M00376 | 3-Hydroxypropionate bi-cycle	Acid mine drainage 3300008721	Richmond-AMD	55	58	Incomplete	Incomplete	True
cell_comparison	S40	6	M00376 | 3-Hydroxypropionate bi-cycle	Pink biofilm microbial 3300003104	Richmond-AMD	56	49	Incomplete	Incomplete	True
cell_comparison	S40	6	M00376 | 3-Hydroxypropionate bi-cycle	Acid mine drainage 3300038681	Richmond-AMD	57	66	Incomplete	Incomplete	True
cell_comparison	S40	6	M00376 | 3-Hydroxypropionate bi-cycle	Acid mine drainage 3300030228	Richmond-AMD	58	50	Incomplete	Incomplete	True
cell_comparison	S40	6	M00376 | 3-Hydroxypropionate bi-cycle	Metatransc of lab 3300055069	Akron-AMD	59	3	Incomplete	Incomplete	True
cell_comparison	S40	6	M00376 | 3-Hydroxypropionate bi-cycle	Acid Mine Drainage 2010484004	Richmond-AMD	60	46	Incomplete	Incomplete	True
cell_comparison	S40	6	M00376 | 3-Hydroxypropionate bi-cycle	Hydrotherm Fe rich 3300023307	Hydrothermal-Fe-mats	61	13	Incomplete	Incomplete	True
cell_comparison	S40	6	M00376 | 3-Hydroxypropionate bi-cycle	Freshwater sediment microbial 3300031876	Lake-Towuti	62	38	Incomplete	Incomplete	True
cell_comparison	S40	6	M00376 | 3-Hydroxypropionate bi-cycle	Freshwater microbial communitie 3300023177	Lake-Matano	63	22	Complete	Complete	True
cell_comparison	S40	6	M00376 | 3-Hydroxypropionate bi-cycle	Biofilm microbial communitie 3300021476	Other-Fe	64	41	1 block missing	1 block missing	True
cell_comparison	S40	6	M00376 | 3-Hydroxypropionate bi-cycle	Acid Mine Drainage 3300003083	Richmond-AMD	65	56	Incomplete	Incomplete	True
cell_comparison	S40	6	M00376 | 3-Hydroxypropionate bi-cycle	Hydrotherm Fe rich 3300023444	Hydrothermal-Fe-mats	66	18	Incomplete	Incomplete	True
cell_comparison	S40	7	M00377 | Reductive acetyl-CoA pathway (Wood-Ljungdahl pathway)	Acid mine drainage 3300038494	Richmond-AMD	0	64	Incomplete	Incomplete	True
cell_comparison	S40	7	M00377 | Reductive acetyl-CoA pathway (Wood-Ljungdahl pathway)	Lab enriched acid 3300038413	Akron-AMD	1	9	Incomplete	Incomplete	True
cell_comparison	S40	7	M00377 | Reductive acetyl-CoA pathway (Wood-Ljungdahl pathway)	Acid mine drainage 3300008567	Richmond-AMD	2	48	Incomplete	Incomplete	True
cell_comparison	S40	7	M00377 | Reductive acetyl-CoA pathway (Wood-Ljungdahl pathway)	Acid mine drainage 3300030091	Richmond-AMD	3	44	Incomplete	Incomplete	True
cell_comparison	S40	7	M00377 | Reductive acetyl-CoA pathway (Wood-Ljungdahl pathway)	Hydrotherm Fe rich 3300023310	Hydrothermal-Fe-mats	4	14	Incomplete	Incomplete	True
cell_comparison	S40	7	M00377 | Reductive acetyl-CoA pathway (Wood-Ljungdahl pathway)	Metatransc of lab 3300046014	Akron-AMD	5	6	Incomplete	Incomplete	True
cell_comparison	S40	7	M00377 | Reductive acetyl-CoA pathway (Wood-Ljungdahl pathway)	Metatransc of lab 3300055056	Akron-AMD	6	0	Incomplete	Incomplete	True
cell_comparison	S40	7	M00377 | Reductive acetyl-CoA pathway (Wood-Ljungdahl pathway)	Freshwater sediment microbial 3300010391	Lake-Superior	7	29	Complete	Complete	True
cell_comparison	S40	7	M00377 | Reductive acetyl-CoA pathway (Wood-Ljungdahl pathway)	Freshwater sediment microbial 3300031898	Lake-Towuti	8	37	Complete	Complete	True
cell_comparison	S40	7	M00377 | Reductive acetyl-CoA pathway (Wood-Ljungdahl pathway)	Freshwater microbial communitie 3300024300	Lake-Matano	9	23	Complete	Complete	True
cell_comparison	S40	7	M00377 | Reductive acetyl-CoA pathway (Wood-Ljungdahl pathway)	Metatransc of lab 3300055061	Akron-AMD	10	2	Incomplete	Incomplete	True
cell_comparison	S40	7	M00377 | Reductive acetyl-CoA pathway (Wood-Ljungdahl pathway)	Hydrotherm Fe rich 3300023368	Hydrothermal-Fe-mats	11	17	Complete	Complete	True
cell_comparison	S40	7	M00377 | Reductive acetyl-CoA pathway (Wood-Ljungdahl pathway)	Acid mine drainage 3300038487	Richmond-AMD	12	43	Incomplete	Incomplete	True
cell_comparison	S40	7	M00377 | Reductive acetyl-CoA pathway (Wood-Ljungdahl pathway)	Freshwater sediment microbial 3300031593	Lake-Towuti	13	32	Complete	Complete	True
cell_comparison	S40	7	M00377 | Reductive acetyl-CoA pathway (Wood-Ljungdahl pathway)	Acid mine drainage 3300030082	Richmond-AMD	14	51	Incomplete	Incomplete	True
cell_comparison	S40	7	M00377 | Reductive acetyl-CoA pathway (Wood-Ljungdahl pathway)	Freshwater sediment microbial 3300031604	Lake-Towuti	15	30	Complete	Complete	True
cell_comparison	S40	7	M00377 | Reductive acetyl-CoA pathway (Wood-Ljungdahl pathway)	Freshwater sediment microbial 3300021518	Lake-Towuti	16	31	1 block missing	1 block missing	True
cell_comparison	S40	7	M00377 | Reductive acetyl-CoA pathway (Wood-Ljungdahl pathway)	Acid mine drainage 3300030398	Richmond-AMD	17	63	Incomplete	Incomplete	True
cell_comparison	S40	7	M00377 | Reductive acetyl-CoA pathway (Wood-Ljungdahl pathway)	Acid mine drainage 3300030242	Richmond-AMD	18	59	Incomplete	Incomplete	True
cell_comparison	S40	7	M00377 | Reductive acetyl-CoA pathway (Wood-Ljungdahl pathway)	Hydrotherm Fe rich 3300023439	Hydrothermal-Fe-mats	19	20	Complete	Complete	True
cell_comparison	S40	7	M00377 | Reductive acetyl-CoA pathway (Wood-Ljungdahl pathway)	Freshwater microbial communitie 3300024333	Lake-Matano	20	24	Complete	Complete	True
cell_comparison	S40	7	M00377 | Reductive acetyl-CoA pathway (Wood-Ljungdahl pathway)	Lab enriched sediment 3300039027	Burr-Oak-BO4	21	11	Incomplete	Incomplete	True
cell_comparison	S40	7	M00377 | Reductive acetyl-CoA pathway (Wood-Ljungdahl pathway)	Acid mine drainage 3300039205	Richmond-AMD	22	55	Incomplete	Incomplete	True
cell_comparison	S40	7	M00377 | Reductive acetyl-CoA pathway (Wood-Ljungdahl pathway)	Freshwater microbial communitie 3300043827	Lake-Matano	23	27	Incomplete	Incomplete	True
cell_comparison	S40	7	M00377 | Reductive acetyl-CoA pathway (Wood-Ljungdahl pathway)	Lab enriched acid 3300038471	Akron-AMD	24	4	Incomplete	Incomplete	True
cell_comparison	S40	7	M00377 | Reductive acetyl-CoA pathway (Wood-Ljungdahl pathway)	Acid mine drainage 3300030335	Richmond-AMD	25	45	Incomplete	Incomplete	True
cell_comparison	S40	7	M00377 | Reductive acetyl-CoA pathway (Wood-Ljungdahl pathway)	Freshwater microbial communitie 3300028737	Lake-Matano	26	26	Complete	Complete	True
cell_comparison	S40	7	M00377 | Reductive acetyl-CoA pathway (Wood-Ljungdahl pathway)	Lab enriched acid 3300038411	Akron-AMD	27	5	Incomplete	Incomplete	True
cell_comparison	S40	7	M00377 | Reductive acetyl-CoA pathway (Wood-Ljungdahl pathway)	Freshwater sediment microbial 3300031877	Lake-Towuti	28	33	Complete	Complete	True
cell_comparison	S40	7	M00377 | Reductive acetyl-CoA pathway (Wood-Ljungdahl pathway)	Acid mine drainage 3300038731	Richmond-AMD	29	42	Incomplete	Incomplete	True
cell_comparison	S40	7	M00377 | Reductive acetyl-CoA pathway (Wood-Ljungdahl pathway)	Acid mine drainage 3300038979	Richmond-AMD	30	53	Incomplete	Incomplete	True
cell_comparison	S40	7	M00377 | Reductive acetyl-CoA pathway (Wood-Ljungdahl pathway)	Hydrotherm Fe rich 3300023548	Hydrothermal-Fe-mats	31	21	Complete	Complete	True
cell_comparison	S40	7	M00377 | Reductive acetyl-CoA pathway (Wood-Ljungdahl pathway)	Metatransc of freshwater 3300061576	Lake-Superior	32	28	Incomplete	Incomplete	True
cell_comparison	S40	7	M00377 | Reductive acetyl-CoA pathway (Wood-Ljungdahl pathway)	Acid mine drainage 3300038486	Richmond-AMD	33	62	Incomplete	Incomplete	True
cell_comparison	S40	7	M00377 | Reductive acetyl-CoA pathway (Wood-Ljungdahl pathway)	Freshwater sediment microbial 3300031587	Lake-Towuti	34	39	Complete	Complete	True
cell_comparison	S40	7	M00377 | Reductive acetyl-CoA pathway (Wood-Ljungdahl pathway)	Acid Mine Drainage 3300005360	Richmond-AMD	35	54	Incomplete	Incomplete	True
cell_comparison	S40	7	M00377 | Reductive acetyl-CoA pathway (Wood-Ljungdahl pathway)	Acid mine drainage 3300008723	Richmond-AMD	36	47	Incomplete	Incomplete	True
cell_comparison	S40	7	M00377 | Reductive acetyl-CoA pathway (Wood-Ljungdahl pathway)	Acid mine drainage 3300038493	Richmond-AMD	37	61	Incomplete	Incomplete	True
cell_comparison	S40	7	M00377 | Reductive acetyl-CoA pathway (Wood-Ljungdahl pathway)	Freshwater sediment microbial 3300036045	Lake-Towuti	38	35	Complete	Complete	True
cell_comparison	S40	7	M00377 | Reductive acetyl-CoA pathway (Wood-Ljungdahl pathway)	Metatransc of lab 3300046013	Akron-AMD	39	8	Incomplete	Incomplete	True
cell_comparison	S40	7	M00377 | Reductive acetyl-CoA pathway (Wood-Ljungdahl pathway)	Acid mine drainage 3300038729	Richmond-AMD	40	52	Incomplete	Incomplete	True
cell_comparison	S40	7	M00377 | Reductive acetyl-CoA pathway (Wood-Ljungdahl pathway)	Acid mine drainage 3300030413	Richmond-AMD	41	65	Incomplete	Incomplete	True
cell_comparison	S40	7	M00377 | Reductive acetyl-CoA pathway (Wood-Ljungdahl pathway)	Lab enriched acid 3300038412	Akron-AMD	42	7	Incomplete	Incomplete	True
cell_comparison	S40	7	M00377 | Reductive acetyl-CoA pathway (Wood-Ljungdahl pathway)	Freshwater sediment microbial 3300031806	Lake-Towuti	43	40	Complete	Complete	True
cell_comparison	S40	7	M00377 | Reductive acetyl-CoA pathway (Wood-Ljungdahl pathway)	Metatransc of lab 3300055057	Akron-AMD	44	10	Incomplete	Incomplete	True
cell_comparison	S40	7	M00377 | Reductive acetyl-CoA pathway (Wood-Ljungdahl pathway)	Hydrotherm Fe rich 3300023440	Hydrothermal-Fe-mats	45	19	Complete	Complete	True
cell_comparison	S40	7	M00377 | Reductive acetyl-CoA pathway (Wood-Ljungdahl pathway)	Lab enriched sediment 3300039028	Burr-Oak-BO4	46	12	Incomplete	Incomplete	True
cell_comparison	S40	7	M00377 | Reductive acetyl-CoA pathway (Wood-Ljungdahl pathway)	Acid mine drainage 3300008566	Richmond-AMD	47	57	Incomplete	Incomplete	True
cell_comparison	S40	7	M00377 | Reductive acetyl-CoA pathway (Wood-Ljungdahl pathway)	Freshwater microbial communitie 3300024341	Lake-Matano	48	25	Complete	Complete	True
cell_comparison	S40	7	M00377 | Reductive acetyl-CoA pathway (Wood-Ljungdahl pathway)	Freshwater sediment microbial 3300021517	Lake-Towuti	49	36	1 block missing	1 block missing	True
cell_comparison	S40	7	M00377 | Reductive acetyl-CoA pathway (Wood-Ljungdahl pathway)	Metatransc of lab 3300055062	Akron-AMD	50	1	Incomplete	Incomplete	True
cell_comparison	S40	7	M00377 | Reductive acetyl-CoA pathway (Wood-Ljungdahl pathway)	Hydrotherm Fe rich 3300023442	Hydrothermal-Fe-mats	51	15	Complete	Complete	True
cell_comparison	S40	7	M00377 | Reductive acetyl-CoA pathway (Wood-Ljungdahl pathway)	Freshwater sediment microbial 3300036046	Lake-Towuti	52	34	1 block missing	1 block missing	True
cell_comparison	S40	7	M00377 | Reductive acetyl-CoA pathway (Wood-Ljungdahl pathway)	Hydrotherm Fe rich 3300023313	Hydrothermal-Fe-mats	53	16	Incomplete	Incomplete	True
cell_comparison	S40	7	M00377 | Reductive acetyl-CoA pathway (Wood-Ljungdahl pathway)	Acid mine drainage 3300039211	Richmond-AMD	54	60	Incomplete	Incomplete	True
cell_comparison	S40	7	M00377 | Reductive acetyl-CoA pathway (Wood-Ljungdahl pathway)	Acid mine drainage 3300008721	Richmond-AMD	55	58	Incomplete	Incomplete	True
cell_comparison	S40	7	M00377 | Reductive acetyl-CoA pathway (Wood-Ljungdahl pathway)	Pink biofilm microbial 3300003104	Richmond-AMD	56	49	Incomplete	Incomplete	True
cell_comparison	S40	7	M00377 | Reductive acetyl-CoA pathway (Wood-Ljungdahl pathway)	Acid mine drainage 3300038681	Richmond-AMD	57	66	Incomplete	Incomplete	True
cell_comparison	S40	7	M00377 | Reductive acetyl-CoA pathway (Wood-Ljungdahl pathway)	Acid mine drainage 3300030228	Richmond-AMD	58	50	Incomplete	Incomplete	True
cell_comparison	S40	7	M00377 | Reductive acetyl-CoA pathway (Wood-Ljungdahl pathway)	Metatransc of lab 3300055069	Akron-AMD	59	3	Incomplete	Incomplete	True
cell_comparison	S40	7	M00377 | Reductive acetyl-CoA pathway (Wood-Ljungdahl pathway)	Acid Mine Drainage 2010484004	Richmond-AMD	60	46	Incomplete	Incomplete	True
cell_comparison	S40	7	M00377 | Reductive acetyl-CoA pathway (Wood-Ljungdahl pathway)	Hydrotherm Fe rich 3300023307	Hydrothermal-Fe-mats	61	13	Incomplete	Incomplete	True
cell_comparison	S40	7	M00377 | Reductive acetyl-CoA pathway (Wood-Ljungdahl pathway)	Freshwater sediment microbial 3300031876	Lake-Towuti	62	38	Complete	Complete	True
cell_comparison	S40	7	M00377 | Reductive acetyl-CoA pathway (Wood-Ljungdahl pathway)	Freshwater microbial communitie 3300023177	Lake-Matano	63	22	Complete	Complete	True
cell_comparison	S40	7	M00377 | Reductive acetyl-CoA pathway (Wood-Ljungdahl pathway)	Biofilm microbial communitie 3300021476	Other-Fe	64	41	1 block missing	1 block missing	True
cell_comparison	S40	7	M00377 | Reductive acetyl-CoA pathway (Wood-Ljungdahl pathway)	Acid Mine Drainage 3300003083	Richmond-AMD	65	56	Incomplete	Incomplete	True
cell_comparison	S40	7	M00377 | Reductive acetyl-CoA pathway (Wood-Ljungdahl pathway)	Hydrotherm Fe rich 3300023444	Hydrothermal-Fe-mats	66	18	Complete	Complete	True
cell_comparison	S40	8	M00422 | Acetyl-CoA pathway, CO2 -> acetyl-CoA	Acid mine drainage 3300038494	Richmond-AMD	0	64	Incomplete	Incomplete	True
cell_comparison	S40	8	M00422 | Acetyl-CoA pathway, CO2 -> acetyl-CoA	Lab enriched acid 3300038413	Akron-AMD	1	9	Incomplete	Incomplete	True
cell_comparison	S40	8	M00422 | Acetyl-CoA pathway, CO2 -> acetyl-CoA	Acid mine drainage 3300008567	Richmond-AMD	2	48	Incomplete	Incomplete	True
cell_comparison	S40	8	M00422 | Acetyl-CoA pathway, CO2 -> acetyl-CoA	Acid mine drainage 3300030091	Richmond-AMD	3	44	Incomplete	Incomplete	True
cell_comparison	S40	8	M00422 | Acetyl-CoA pathway, CO2 -> acetyl-CoA	Hydrotherm Fe rich 3300023310	Hydrothermal-Fe-mats	4	14	1 block missing	1 block missing	True
cell_comparison	S40	8	M00422 | Acetyl-CoA pathway, CO2 -> acetyl-CoA	Metatransc of lab 3300046014	Akron-AMD	5	6	Incomplete	Incomplete	True
cell_comparison	S40	8	M00422 | Acetyl-CoA pathway, CO2 -> acetyl-CoA	Metatransc of lab 3300055056	Akron-AMD	6	0	Incomplete	Incomplete	True
cell_comparison	S40	8	M00422 | Acetyl-CoA pathway, CO2 -> acetyl-CoA	Freshwater sediment microbial 3300010391	Lake-Superior	7	29	1 block missing	1 block missing	True
cell_comparison	S40	8	M00422 | Acetyl-CoA pathway, CO2 -> acetyl-CoA	Freshwater sediment microbial 3300031898	Lake-Towuti	8	37	Complete	Complete	True
cell_comparison	S40	8	M00422 | Acetyl-CoA pathway, CO2 -> acetyl-CoA	Freshwater microbial communitie 3300024300	Lake-Matano	9	23	Complete	Complete	True
cell_comparison	S40	8	M00422 | Acetyl-CoA pathway, CO2 -> acetyl-CoA	Metatransc of lab 3300055061	Akron-AMD	10	2	Incomplete	Incomplete	True
cell_comparison	S40	8	M00422 | Acetyl-CoA pathway, CO2 -> acetyl-CoA	Hydrotherm Fe rich 3300023368	Hydrothermal-Fe-mats	11	17	Incomplete	Incomplete	True
cell_comparison	S40	8	M00422 | Acetyl-CoA pathway, CO2 -> acetyl-CoA	Acid mine drainage 3300038487	Richmond-AMD	12	43	Incomplete	Incomplete	True
cell_comparison	S40	8	M00422 | Acetyl-CoA pathway, CO2 -> acetyl-CoA	Freshwater sediment microbial 3300031593	Lake-Towuti	13	32	Complete	Complete	True
cell_comparison	S40	8	M00422 | Acetyl-CoA pathway, CO2 -> acetyl-CoA	Acid mine drainage 3300030082	Richmond-AMD	14	51	Incomplete	Incomplete	True
cell_comparison	S40	8	M00422 | Acetyl-CoA pathway, CO2 -> acetyl-CoA	Freshwater sediment microbial 3300031604	Lake-Towuti	15	30	Complete	Complete	True
cell_comparison	S40	8	M00422 | Acetyl-CoA pathway, CO2 -> acetyl-CoA	Freshwater sediment microbial 3300021518	Lake-Towuti	16	31	Incomplete	Incomplete	True
cell_comparison	S40	8	M00422 | Acetyl-CoA pathway, CO2 -> acetyl-CoA	Acid mine drainage 3300030398	Richmond-AMD	17	63	Incomplete	Incomplete	True
cell_comparison	S40	8	M00422 | Acetyl-CoA pathway, CO2 -> acetyl-CoA	Acid mine drainage 3300030242	Richmond-AMD	18	59	Incomplete	Incomplete	True
cell_comparison	S40	8	M00422 | Acetyl-CoA pathway, CO2 -> acetyl-CoA	Hydrotherm Fe rich 3300023439	Hydrothermal-Fe-mats	19	20	Complete	Complete	True
cell_comparison	S40	8	M00422 | Acetyl-CoA pathway, CO2 -> acetyl-CoA	Freshwater microbial communitie 3300024333	Lake-Matano	20	24	Complete	Complete	True
cell_comparison	S40	8	M00422 | Acetyl-CoA pathway, CO2 -> acetyl-CoA	Lab enriched sediment 3300039027	Burr-Oak-BO4	21	11	Incomplete	Incomplete	True
cell_comparison	S40	8	M00422 | Acetyl-CoA pathway, CO2 -> acetyl-CoA	Acid mine drainage 3300039205	Richmond-AMD	22	55	Incomplete	Incomplete	True
cell_comparison	S40	8	M00422 | Acetyl-CoA pathway, CO2 -> acetyl-CoA	Freshwater microbial communitie 3300043827	Lake-Matano	23	27	Incomplete	Incomplete	True
cell_comparison	S40	8	M00422 | Acetyl-CoA pathway, CO2 -> acetyl-CoA	Lab enriched acid 3300038471	Akron-AMD	24	4	Incomplete	Incomplete	True
cell_comparison	S40	8	M00422 | Acetyl-CoA pathway, CO2 -> acetyl-CoA	Acid mine drainage 3300030335	Richmond-AMD	25	45	Incomplete	Incomplete	True
cell_comparison	S40	8	M00422 | Acetyl-CoA pathway, CO2 -> acetyl-CoA	Freshwater microbial communitie 3300028737	Lake-Matano	26	26	1 block missing	1 block missing	True
cell_comparison	S40	8	M00422 | Acetyl-CoA pathway, CO2 -> acetyl-CoA	Lab enriched acid 3300038411	Akron-AMD	27	5	Incomplete	Incomplete	True
cell_comparison	S40	8	M00422 | Acetyl-CoA pathway, CO2 -> acetyl-CoA	Freshwater sediment microbial 3300031877	Lake-Towuti	28	33	Complete	Complete	True
cell_comparison	S40	8	M00422 | Acetyl-CoA pathway, CO2 -> acetyl-CoA	Acid mine drainage 3300038731	Richmond-AMD	29	42	Incomplete	Incomplete	True
cell_comparison	S40	8	M00422 | Acetyl-CoA pathway, CO2 -> acetyl-CoA	Acid mine drainage 3300038979	Richmond-AMD	30	53	Incomplete	Incomplete	True
cell_comparison	S40	8	M00422 | Acetyl-CoA pathway, CO2 -> acetyl-CoA	Hydrotherm Fe rich 3300023548	Hydrothermal-Fe-mats	31	21	Incomplete	Incomplete	True
cell_comparison	S40	8	M00422 | Acetyl-CoA pathway, CO2 -> acetyl-CoA	Metatransc of freshwater 3300061576	Lake-Superior	32	28	Incomplete	Incomplete	True
cell_comparison	S40	8	M00422 | Acetyl-CoA pathway, CO2 -> acetyl-CoA	Acid mine drainage 3300038486	Richmond-AMD	33	62	Incomplete	Incomplete	True
cell_comparison	S40	8	M00422 | Acetyl-CoA pathway, CO2 -> acetyl-CoA	Freshwater sediment microbial 3300031587	Lake-Towuti	34	39	Complete	Complete	True
cell_comparison	S40	8	M00422 | Acetyl-CoA pathway, CO2 -> acetyl-CoA	Acid Mine Drainage 3300005360	Richmond-AMD	35	54	Incomplete	Incomplete	True
cell_comparison	S40	8	M00422 | Acetyl-CoA pathway, CO2 -> acetyl-CoA	Acid mine drainage 3300008723	Richmond-AMD	36	47	Incomplete	Incomplete	True
cell_comparison	S40	8	M00422 | Acetyl-CoA pathway, CO2 -> acetyl-CoA	Acid mine drainage 3300038493	Richmond-AMD	37	61	Incomplete	Incomplete	True
cell_comparison	S40	8	M00422 | Acetyl-CoA pathway, CO2 -> acetyl-CoA	Freshwater sediment microbial 3300036045	Lake-Towuti	38	35	Incomplete	Incomplete	True
cell_comparison	S40	8	M00422 | Acetyl-CoA pathway, CO2 -> acetyl-CoA	Metatransc of lab 3300046013	Akron-AMD	39	8	Incomplete	Incomplete	True
cell_comparison	S40	8	M00422 | Acetyl-CoA pathway, CO2 -> acetyl-CoA	Acid mine drainage 3300038729	Richmond-AMD	40	52	Incomplete	Incomplete	True
cell_comparison	S40	8	M00422 | Acetyl-CoA pathway, CO2 -> acetyl-CoA	Acid mine drainage 3300030413	Richmond-AMD	41	65	Incomplete	Incomplete	True
cell_comparison	S40	8	M00422 | Acetyl-CoA pathway, CO2 -> acetyl-CoA	Lab enriched acid 3300038412	Akron-AMD	42	7	Incomplete	Incomplete	True
cell_comparison	S40	8	M00422 | Acetyl-CoA pathway, CO2 -> acetyl-CoA	Freshwater sediment microbial 3300031806	Lake-Towuti	43	40	Complete	Complete	True
cell_comparison	S40	8	M00422 | Acetyl-CoA pathway, CO2 -> acetyl-CoA	Metatransc of lab 3300055057	Akron-AMD	44	10	Incomplete	Incomplete	True
cell_comparison	S40	8	M00422 | Acetyl-CoA pathway, CO2 -> acetyl-CoA	Hydrotherm Fe rich 3300023440	Hydrothermal-Fe-mats	45	19	Complete	Complete	True
cell_comparison	S40	8	M00422 | Acetyl-CoA pathway, CO2 -> acetyl-CoA	Lab enriched sediment 3300039028	Burr-Oak-BO4	46	12	Incomplete	Incomplete	True
cell_comparison	S40	8	M00422 | Acetyl-CoA pathway, CO2 -> acetyl-CoA	Acid mine drainage 3300008566	Richmond-AMD	47	57	Incomplete	Incomplete	True
cell_comparison	S40	8	M00422 | Acetyl-CoA pathway, CO2 -> acetyl-CoA	Freshwater microbial communitie 3300024341	Lake-Matano	48	25	Complete	Complete	True
cell_comparison	S40	8	M00422 | Acetyl-CoA pathway, CO2 -> acetyl-CoA	Freshwater sediment microbial 3300021517	Lake-Towuti	49	36	Incomplete	Incomplete	True
cell_comparison	S40	8	M00422 | Acetyl-CoA pathway, CO2 -> acetyl-CoA	Metatransc of lab 3300055062	Akron-AMD	50	1	Incomplete	Incomplete	True
cell_comparison	S40	8	M00422 | Acetyl-CoA pathway, CO2 -> acetyl-CoA	Hydrotherm Fe rich 3300023442	Hydrothermal-Fe-mats	51	15	Complete	Complete	True
cell_comparison	S40	8	M00422 | Acetyl-CoA pathway, CO2 -> acetyl-CoA	Freshwater sediment microbial 3300036046	Lake-Towuti	52	34	Incomplete	Incomplete	True
cell_comparison	S40	8	M00422 | Acetyl-CoA pathway, CO2 -> acetyl-CoA	Hydrotherm Fe rich 3300023313	Hydrothermal-Fe-mats	53	16	Incomplete	Incomplete	True
cell_comparison	S40	8	M00422 | Acetyl-CoA pathway, CO2 -> acetyl-CoA	Acid mine drainage 3300039211	Richmond-AMD	54	60	Incomplete	Incomplete	True
cell_comparison	S40	8	M00422 | Acetyl-CoA pathway, CO2 -> acetyl-CoA	Acid mine drainage 3300008721	Richmond-AMD	55	58	Incomplete	Incomplete	True
cell_comparison	S40	8	M00422 | Acetyl-CoA pathway, CO2 -> acetyl-CoA	Pink biofilm microbial 3300003104	Richmond-AMD	56	49	Incomplete	Incomplete	True
cell_comparison	S40	8	M00422 | Acetyl-CoA pathway, CO2 -> acetyl-CoA	Acid mine drainage 3300038681	Richmond-AMD	57	66	Incomplete	Incomplete	True
cell_comparison	S40	8	M00422 | Acetyl-CoA pathway, CO2 -> acetyl-CoA	Acid mine drainage 3300030228	Richmond-AMD	58	50	Incomplete	Incomplete	True
cell_comparison	S40	8	M00422 | Acetyl-CoA pathway, CO2 -> acetyl-CoA	Metatransc of lab 3300055069	Akron-AMD	59	3	Incomplete	Incomplete	True
cell_comparison	S40	8	M00422 | Acetyl-CoA pathway, CO2 -> acetyl-CoA	Acid Mine Drainage 2010484004	Richmond-AMD	60	46	Incomplete	Incomplete	True
cell_comparison	S40	8	M00422 | Acetyl-CoA pathway, CO2 -> acetyl-CoA	Hydrotherm Fe rich 3300023307	Hydrothermal-Fe-mats	61	13	Incomplete	Incomplete	True
cell_comparison	S40	8	M00422 | Acetyl-CoA pathway, CO2 -> acetyl-CoA	Freshwater sediment microbial 3300031876	Lake-Towuti	62	38	Complete	Complete	True
cell_comparison	S40	8	M00422 | Acetyl-CoA pathway, CO2 -> acetyl-CoA	Freshwater microbial communitie 3300023177	Lake-Matano	63	22	Complete	Complete	True
cell_comparison	S40	8	M00422 | Acetyl-CoA pathway, CO2 -> acetyl-CoA	Biofilm microbial communitie 3300021476	Other-Fe	64	41	Incomplete	Incomplete	True
cell_comparison	S40	8	M00422 | Acetyl-CoA pathway, CO2 -> acetyl-CoA	Acid Mine Drainage 3300003083	Richmond-AMD	65	56	Incomplete	Incomplete	True
cell_comparison	S40	8	M00422 | Acetyl-CoA pathway, CO2 -> acetyl-CoA	Hydrotherm Fe rich 3300023444	Hydrothermal-Fe-mats	66	18	Complete	Complete	True
cell_comparison	S40	9	M00579 | Phosphate acetyltransferase-acetate kinase pathway, acetyl-CoA -> acetate	Acid mine drainage 3300038494	Richmond-AMD	0	64	Incomplete	Incomplete	True
cell_comparison	S40	9	M00579 | Phosphate acetyltransferase-acetate kinase pathway, acetyl-CoA -> acetate	Lab enriched acid 3300038413	Akron-AMD	1	9	Complete	Complete	True
cell_comparison	S40	9	M00579 | Phosphate acetyltransferase-acetate kinase pathway, acetyl-CoA -> acetate	Acid mine drainage 3300008567	Richmond-AMD	2	48	Incomplete	Incomplete	True
cell_comparison	S40	9	M00579 | Phosphate acetyltransferase-acetate kinase pathway, acetyl-CoA -> acetate	Acid mine drainage 3300030091	Richmond-AMD	3	44	Incomplete	Incomplete	True
cell_comparison	S40	9	M00579 | Phosphate acetyltransferase-acetate kinase pathway, acetyl-CoA -> acetate	Hydrotherm Fe rich 3300023310	Hydrothermal-Fe-mats	4	14	1 block missing	1 block missing	True
cell_comparison	S40	9	M00579 | Phosphate acetyltransferase-acetate kinase pathway, acetyl-CoA -> acetate	Metatransc of lab 3300046014	Akron-AMD	5	6	Incomplete	Incomplete	True
cell_comparison	S40	9	M00579 | Phosphate acetyltransferase-acetate kinase pathway, acetyl-CoA -> acetate	Metatransc of lab 3300055056	Akron-AMD	6	0	Incomplete	Incomplete	True
cell_comparison	S40	9	M00579 | Phosphate acetyltransferase-acetate kinase pathway, acetyl-CoA -> acetate	Freshwater sediment microbial 3300010391	Lake-Superior	7	29	Complete	Complete	True
cell_comparison	S40	9	M00579 | Phosphate acetyltransferase-acetate kinase pathway, acetyl-CoA -> acetate	Freshwater sediment microbial 3300031898	Lake-Towuti	8	37	Complete	Complete	True
cell_comparison	S40	9	M00579 | Phosphate acetyltransferase-acetate kinase pathway, acetyl-CoA -> acetate	Freshwater microbial communitie 3300024300	Lake-Matano	9	23	Complete	Complete	True
cell_comparison	S40	9	M00579 | Phosphate acetyltransferase-acetate kinase pathway, acetyl-CoA -> acetate	Metatransc of lab 3300055061	Akron-AMD	10	2	Incomplete	Incomplete	True
cell_comparison	S40	9	M00579 | Phosphate acetyltransferase-acetate kinase pathway, acetyl-CoA -> acetate	Hydrotherm Fe rich 3300023368	Hydrothermal-Fe-mats	11	17	Complete	Complete	True
cell_comparison	S40	9	M00579 | Phosphate acetyltransferase-acetate kinase pathway, acetyl-CoA -> acetate	Acid mine drainage 3300038487	Richmond-AMD	12	43	Incomplete	Incomplete	True
cell_comparison	S40	9	M00579 | Phosphate acetyltransferase-acetate kinase pathway, acetyl-CoA -> acetate	Freshwater sediment microbial 3300031593	Lake-Towuti	13	32	Complete	Complete	True
cell_comparison	S40	9	M00579 | Phosphate acetyltransferase-acetate kinase pathway, acetyl-CoA -> acetate	Acid mine drainage 3300030082	Richmond-AMD	14	51	Incomplete	Incomplete	True
cell_comparison	S40	9	M00579 | Phosphate acetyltransferase-acetate kinase pathway, acetyl-CoA -> acetate	Freshwater sediment microbial 3300031604	Lake-Towuti	15	30	1 block missing	1 block missing	True
cell_comparison	S40	9	M00579 | Phosphate acetyltransferase-acetate kinase pathway, acetyl-CoA -> acetate	Freshwater sediment microbial 3300021518	Lake-Towuti	16	31	Complete	Complete	True
cell_comparison	S40	9	M00579 | Phosphate acetyltransferase-acetate kinase pathway, acetyl-CoA -> acetate	Acid mine drainage 3300030398	Richmond-AMD	17	63	Incomplete	Incomplete	True
cell_comparison	S40	9	M00579 | Phosphate acetyltransferase-acetate kinase pathway, acetyl-CoA -> acetate	Acid mine drainage 3300030242	Richmond-AMD	18	59	Incomplete	Incomplete	True
cell_comparison	S40	9	M00579 | Phosphate acetyltransferase-acetate kinase pathway, acetyl-CoA -> acetate	Hydrotherm Fe rich 3300023439	Hydrothermal-Fe-mats	19	20	1 block missing	1 block missing	True
cell_comparison	S40	9	M00579 | Phosphate acetyltransferase-acetate kinase pathway, acetyl-CoA -> acetate	Freshwater microbial communitie 3300024333	Lake-Matano	20	24	Complete	Complete	True
cell_comparison	S40	9	M00579 | Phosphate acetyltransferase-acetate kinase pathway, acetyl-CoA -> acetate	Lab enriched sediment 3300039027	Burr-Oak-BO4	21	11	Incomplete	Incomplete	True
cell_comparison	S40	9	M00579 | Phosphate acetyltransferase-acetate kinase pathway, acetyl-CoA -> acetate	Acid mine drainage 3300039205	Richmond-AMD	22	55	Incomplete	Incomplete	True
cell_comparison	S40	9	M00579 | Phosphate acetyltransferase-acetate kinase pathway, acetyl-CoA -> acetate	Freshwater microbial communitie 3300043827	Lake-Matano	23	27	Complete	Complete	True
cell_comparison	S40	9	M00579 | Phosphate acetyltransferase-acetate kinase pathway, acetyl-CoA -> acetate	Lab enriched acid 3300038471	Akron-AMD	24	4	Complete	Complete	True
cell_comparison	S40	9	M00579 | Phosphate acetyltransferase-acetate kinase pathway, acetyl-CoA -> acetate	Acid mine drainage 3300030335	Richmond-AMD	25	45	Incomplete	Incomplete	True
cell_comparison	S40	9	M00579 | Phosphate acetyltransferase-acetate kinase pathway, acetyl-CoA -> acetate	Freshwater microbial communitie 3300028737	Lake-Matano	26	26	Complete	Complete	True
cell_comparison	S40	9	M00579 | Phosphate acetyltransferase-acetate kinase pathway, acetyl-CoA -> acetate	Lab enriched acid 3300038411	Akron-AMD	27	5	Complete	Complete	True
cell_comparison	S40	9	M00579 | Phosphate acetyltransferase-acetate kinase pathway, acetyl-CoA -> acetate	Freshwater sediment microbial 3300031877	Lake-Towuti	28	33	Complete	Complete	True
cell_comparison	S40	9	M00579 | Phosphate acetyltransferase-acetate kinase pathway, acetyl-CoA -> acetate	Acid mine drainage 3300038731	Richmond-AMD	29	42	Incomplete	Incomplete	True
cell_comparison	S40	9	M00579 | Phosphate acetyltransferase-acetate kinase pathway, acetyl-CoA -> acetate	Acid mine drainage 3300038979	Richmond-AMD	30	53	Incomplete	Incomplete	True
cell_comparison	S40	9	M00579 | Phosphate acetyltransferase-acetate kinase pathway, acetyl-CoA -> acetate	Hydrotherm Fe rich 3300023548	Hydrothermal-Fe-mats	31	21	1 block missing	1 block missing	True
cell_comparison	S40	9	M00579 | Phosphate acetyltransferase-acetate kinase pathway, acetyl-CoA -> acetate	Metatransc of freshwater 3300061576	Lake-Superior	32	28	1 block missing	1 block missing	True
cell_comparison	S40	9	M00579 | Phosphate acetyltransferase-acetate kinase pathway, acetyl-CoA -> acetate	Acid mine drainage 3300038486	Richmond-AMD	33	62	Incomplete	Incomplete	True
cell_comparison	S40	9	M00579 | Phosphate acetyltransferase-acetate kinase pathway, acetyl-CoA -> acetate	Freshwater sediment microbial 3300031587	Lake-Towuti	34	39	1 block missing	1 block missing	True
cell_comparison	S40	9	M00579 | Phosphate acetyltransferase-acetate kinase pathway, acetyl-CoA -> acetate	Acid Mine Drainage 3300005360	Richmond-AMD	35	54	Incomplete	Incomplete	True
cell_comparison	S40	9	M00579 | Phosphate acetyltransferase-acetate kinase pathway, acetyl-CoA -> acetate	Acid mine drainage 3300008723	Richmond-AMD	36	47	Incomplete	Incomplete	True
cell_comparison	S40	9	M00579 | Phosphate acetyltransferase-acetate kinase pathway, acetyl-CoA -> acetate	Acid mine drainage 3300038493	Richmond-AMD	37	61	Incomplete	Incomplete	True
cell_comparison	S40	9	M00579 | Phosphate acetyltransferase-acetate kinase pathway, acetyl-CoA -> acetate	Freshwater sediment microbial 3300036045	Lake-Towuti	38	35	Complete	Complete	True
cell_comparison	S40	9	M00579 | Phosphate acetyltransferase-acetate kinase pathway, acetyl-CoA -> acetate	Metatransc of lab 3300046013	Akron-AMD	39	8	Incomplete	Incomplete	True
cell_comparison	S40	9	M00579 | Phosphate acetyltransferase-acetate kinase pathway, acetyl-CoA -> acetate	Acid mine drainage 3300038729	Richmond-AMD	40	52	Incomplete	Incomplete	True
cell_comparison	S40	9	M00579 | Phosphate acetyltransferase-acetate kinase pathway, acetyl-CoA -> acetate	Acid mine drainage 3300030413	Richmond-AMD	41	65	Incomplete	Incomplete	True
cell_comparison	S40	9	M00579 | Phosphate acetyltransferase-acetate kinase pathway, acetyl-CoA -> acetate	Lab enriched acid 3300038412	Akron-AMD	42	7	Complete	Complete	True
cell_comparison	S40	9	M00579 | Phosphate acetyltransferase-acetate kinase pathway, acetyl-CoA -> acetate	Freshwater sediment microbial 3300031806	Lake-Towuti	43	40	Complete	Complete	True
cell_comparison	S40	9	M00579 | Phosphate acetyltransferase-acetate kinase pathway, acetyl-CoA -> acetate	Metatransc of lab 3300055057	Akron-AMD	44	10	Incomplete	Incomplete	True
cell_comparison	S40	9	M00579 | Phosphate acetyltransferase-acetate kinase pathway, acetyl-CoA -> acetate	Hydrotherm Fe rich 3300023440	Hydrothermal-Fe-mats	45	19	Complete	Complete	True
cell_comparison	S40	9	M00579 | Phosphate acetyltransferase-acetate kinase pathway, acetyl-CoA -> acetate	Lab enriched sediment 3300039028	Burr-Oak-BO4	46	12	Incomplete	Incomplete	True
cell_comparison	S40	9	M00579 | Phosphate acetyltransferase-acetate kinase pathway, acetyl-CoA -> acetate	Acid mine drainage 3300008566	Richmond-AMD	47	57	Incomplete	Incomplete	True
cell_comparison	S40	9	M00579 | Phosphate acetyltransferase-acetate kinase pathway, acetyl-CoA -> acetate	Freshwater microbial communitie 3300024341	Lake-Matano	48	25	Complete	Complete	True
cell_comparison	S40	9	M00579 | Phosphate acetyltransferase-acetate kinase pathway, acetyl-CoA -> acetate	Freshwater sediment microbial 3300021517	Lake-Towuti	49	36	Complete	Complete	True
cell_comparison	S40	9	M00579 | Phosphate acetyltransferase-acetate kinase pathway, acetyl-CoA -> acetate	Metatransc of lab 3300055062	Akron-AMD	50	1	Incomplete	Incomplete	True
cell_comparison	S40	9	M00579 | Phosphate acetyltransferase-acetate kinase pathway, acetyl-CoA -> acetate	Hydrotherm Fe rich 3300023442	Hydrothermal-Fe-mats	51	15	Complete	Complete	True
cell_comparison	S40	9	M00579 | Phosphate acetyltransferase-acetate kinase pathway, acetyl-CoA -> acetate	Freshwater sediment microbial 3300036046	Lake-Towuti	52	34	Complete	Complete	True
cell_comparison	S40	9	M00579 | Phosphate acetyltransferase-acetate kinase pathway, acetyl-CoA -> acetate	Hydrotherm Fe rich 3300023313	Hydrothermal-Fe-mats	53	16	1 block missing	1 block missing	True
cell_comparison	S40	9	M00579 | Phosphate acetyltransferase-acetate kinase pathway, acetyl-CoA -> acetate	Acid mine drainage 3300039211	Richmond-AMD	54	60	Incomplete	Incomplete	True
cell_comparison	S40	9	M00579 | Phosphate acetyltransferase-acetate kinase pathway, acetyl-CoA -> acetate	Acid mine drainage 3300008721	Richmond-AMD	55	58	Incomplete	Incomplete	True
cell_comparison	S40	9	M00579 | Phosphate acetyltransferase-acetate kinase pathway, acetyl-CoA -> acetate	Pink biofilm microbial 3300003104	Richmond-AMD	56	49	Incomplete	Incomplete	True
cell_comparison	S40	9	M00579 | Phosphate acetyltransferase-acetate kinase pathway, acetyl-CoA -> acetate	Acid mine drainage 3300038681	Richmond-AMD	57	66	Incomplete	Incomplete	True
cell_comparison	S40	9	M00579 | Phosphate acetyltransferase-acetate kinase pathway, acetyl-CoA -> acetate	Acid mine drainage 3300030228	Richmond-AMD	58	50	Incomplete	Incomplete	True
cell_comparison	S40	9	M00579 | Phosphate acetyltransferase-acetate kinase pathway, acetyl-CoA -> acetate	Metatransc of lab 3300055069	Akron-AMD	59	3	Incomplete	Incomplete	True
cell_comparison	S40	9	M00579 | Phosphate acetyltransferase-acetate kinase pathway, acetyl-CoA -> acetate	Acid Mine Drainage 2010484004	Richmond-AMD	60	46	Incomplete	Incomplete	True
cell_comparison	S40	9	M00579 | Phosphate acetyltransferase-acetate kinase pathway, acetyl-CoA -> acetate	Hydrotherm Fe rich 3300023307	Hydrothermal-Fe-mats	61	13	1 block missing	1 block missing	True
cell_comparison	S40	9	M00579 | Phosphate acetyltransferase-acetate kinase pathway, acetyl-CoA -> acetate	Freshwater sediment microbial 3300031876	Lake-Towuti	62	38	Complete	Complete	True
cell_comparison	S40	9	M00579 | Phosphate acetyltransferase-acetate kinase pathway, acetyl-CoA -> acetate	Freshwater microbial communitie 3300023177	Lake-Matano	63	22	Complete	Complete	True
cell_comparison	S40	9	M00579 | Phosphate acetyltransferase-acetate kinase pathway, acetyl-CoA -> acetate	Biofilm microbial communitie 3300021476	Other-Fe	64	41	Complete	Complete	True
cell_comparison	S40	9	M00579 | Phosphate acetyltransferase-acetate kinase pathway, acetyl-CoA -> acetate	Acid Mine Drainage 3300003083	Richmond-AMD	65	56	Incomplete	Incomplete	True
cell_comparison	S40	9	M00579 | Phosphate acetyltransferase-acetate kinase pathway, acetyl-CoA -> acetate	Hydrotherm Fe rich 3300023444	Hydrothermal-Fe-mats	66	18	Complete	Complete	True
cell_comparison	S40	10	M00618 | Acetogen	Acid mine drainage 3300038494	Richmond-AMD	0	64	Incomplete	Incomplete	True
cell_comparison	S40	10	M00618 | Acetogen	Lab enriched acid 3300038413	Akron-AMD	1	9	Incomplete	Incomplete	True
cell_comparison	S40	10	M00618 | Acetogen	Acid mine drainage 3300008567	Richmond-AMD	2	48	Incomplete	Incomplete	True
cell_comparison	S40	10	M00618 | Acetogen	Acid mine drainage 3300030091	Richmond-AMD	3	44	Incomplete	Incomplete	True
cell_comparison	S40	10	M00618 | Acetogen	Hydrotherm Fe rich 3300023310	Hydrothermal-Fe-mats	4	14	Incomplete	Incomplete	True
cell_comparison	S40	10	M00618 | Acetogen	Metatransc of lab 3300046014	Akron-AMD	5	6	Incomplete	Incomplete	True
cell_comparison	S40	10	M00618 | Acetogen	Metatransc of lab 3300055056	Akron-AMD	6	0	Incomplete	Incomplete	True
cell_comparison	S40	10	M00618 | Acetogen	Freshwater sediment microbial 3300010391	Lake-Superior	7	29	Complete	Complete	True
cell_comparison	S40	10	M00618 | Acetogen	Freshwater sediment microbial 3300031898	Lake-Towuti	8	37	Complete	Complete	True
cell_comparison	S40	10	M00618 | Acetogen	Freshwater microbial communitie 3300024300	Lake-Matano	9	23	Complete	Complete	True
cell_comparison	S40	10	M00618 | Acetogen	Metatransc of lab 3300055061	Akron-AMD	10	2	Incomplete	Incomplete	True
cell_comparison	S40	10	M00618 | Acetogen	Hydrotherm Fe rich 3300023368	Hydrothermal-Fe-mats	11	17	Complete	Complete	True
cell_comparison	S40	10	M00618 | Acetogen	Acid mine drainage 3300038487	Richmond-AMD	12	43	Incomplete	Incomplete	True
cell_comparison	S40	10	M00618 | Acetogen	Freshwater sediment microbial 3300031593	Lake-Towuti	13	32	Complete	Complete	True
cell_comparison	S40	10	M00618 | Acetogen	Acid mine drainage 3300030082	Richmond-AMD	14	51	Incomplete	Incomplete	True
cell_comparison	S40	10	M00618 | Acetogen	Freshwater sediment microbial 3300031604	Lake-Towuti	15	30	1 block missing	1 block missing	True
cell_comparison	S40	10	M00618 | Acetogen	Freshwater sediment microbial 3300021518	Lake-Towuti	16	31	1 block missing	1 block missing	True
cell_comparison	S40	10	M00618 | Acetogen	Acid mine drainage 3300030398	Richmond-AMD	17	63	Incomplete	Incomplete	True
cell_comparison	S40	10	M00618 | Acetogen	Acid mine drainage 3300030242	Richmond-AMD	18	59	Incomplete	Incomplete	True
cell_comparison	S40	10	M00618 | Acetogen	Hydrotherm Fe rich 3300023439	Hydrothermal-Fe-mats	19	20	1 block missing	1 block missing	True
cell_comparison	S40	10	M00618 | Acetogen	Freshwater microbial communitie 3300024333	Lake-Matano	20	24	Complete	Complete	True
cell_comparison	S40	10	M00618 | Acetogen	Lab enriched sediment 3300039027	Burr-Oak-BO4	21	11	Incomplete	Incomplete	True
cell_comparison	S40	10	M00618 | Acetogen	Acid mine drainage 3300039205	Richmond-AMD	22	55	Incomplete	Incomplete	True
cell_comparison	S40	10	M00618 | Acetogen	Freshwater microbial communitie 3300043827	Lake-Matano	23	27	Incomplete	Incomplete	True
cell_comparison	S40	10	M00618 | Acetogen	Lab enriched acid 3300038471	Akron-AMD	24	4	Incomplete	Incomplete	True
cell_comparison	S40	10	M00618 | Acetogen	Acid mine drainage 3300030335	Richmond-AMD	25	45	Incomplete	Incomplete	True
cell_comparison	S40	10	M00618 | Acetogen	Freshwater microbial communitie 3300028737	Lake-Matano	26	26	Complete	Complete	True
cell_comparison	S40	10	M00618 | Acetogen	Lab enriched acid 3300038411	Akron-AMD	27	5	Incomplete	Incomplete	True
cell_comparison	S40	10	M00618 | Acetogen	Freshwater sediment microbial 3300031877	Lake-Towuti	28	33	Complete	Complete	True
cell_comparison	S40	10	M00618 | Acetogen	Acid mine drainage 3300038731	Richmond-AMD	29	42	Incomplete	Incomplete	True
cell_comparison	S40	10	M00618 | Acetogen	Acid mine drainage 3300038979	Richmond-AMD	30	53	Incomplete	Incomplete	True
cell_comparison	S40	10	M00618 | Acetogen	Hydrotherm Fe rich 3300023548	Hydrothermal-Fe-mats	31	21	1 block missing	1 block missing	True
cell_comparison	S40	10	M00618 | Acetogen	Metatransc of freshwater 3300061576	Lake-Superior	32	28	Incomplete	Incomplete	True
cell_comparison	S40	10	M00618 | Acetogen	Acid mine drainage 3300038486	Richmond-AMD	33	62	Incomplete	Incomplete	True
cell_comparison	S40	10	M00618 | Acetogen	Freshwater sediment microbial 3300031587	Lake-Towuti	34	39	1 block missing	1 block missing	True
cell_comparison	S40	10	M00618 | Acetogen	Acid Mine Drainage 3300005360	Richmond-AMD	35	54	Incomplete	Incomplete	True
cell_comparison	S40	10	M00618 | Acetogen	Acid mine drainage 3300008723	Richmond-AMD	36	47	Incomplete	Incomplete	True
cell_comparison	S40	10	M00618 | Acetogen	Acid mine drainage 3300038493	Richmond-AMD	37	61	Incomplete	Incomplete	True
cell_comparison	S40	10	M00618 | Acetogen	Freshwater sediment microbial 3300036045	Lake-Towuti	38	35	Complete	Complete	True
cell_comparison	S40	10	M00618 | Acetogen	Metatransc of lab 3300046013	Akron-AMD	39	8	Incomplete	Incomplete	True
cell_comparison	S40	10	M00618 | Acetogen	Acid mine drainage 3300038729	Richmond-AMD	40	52	Incomplete	Incomplete	True
cell_comparison	S40	10	M00618 | Acetogen	Acid mine drainage 3300030413	Richmond-AMD	41	65	Incomplete	Incomplete	True
cell_comparison	S40	10	M00618 | Acetogen	Lab enriched acid 3300038412	Akron-AMD	42	7	Incomplete	Incomplete	True
cell_comparison	S40	10	M00618 | Acetogen	Freshwater sediment microbial 3300031806	Lake-Towuti	43	40	Complete	Complete	True
cell_comparison	S40	10	M00618 | Acetogen	Metatransc of lab 3300055057	Akron-AMD	44	10	Incomplete	Incomplete	True
cell_comparison	S40	10	M00618 | Acetogen	Hydrotherm Fe rich 3300023440	Hydrothermal-Fe-mats	45	19	Complete	Complete	True
cell_comparison	S40	10	M00618 | Acetogen	Lab enriched sediment 3300039028	Burr-Oak-BO4	46	12	Incomplete	Incomplete	True
cell_comparison	S40	10	M00618 | Acetogen	Acid mine drainage 3300008566	Richmond-AMD	47	57	Incomplete	Incomplete	True
cell_comparison	S40	10	M00618 | Acetogen	Freshwater microbial communitie 3300024341	Lake-Matano	48	25	Complete	Complete	True
cell_comparison	S40	10	M00618 | Acetogen	Freshwater sediment microbial 3300021517	Lake-Towuti	49	36	1 block missing	1 block missing	True
cell_comparison	S40	10	M00618 | Acetogen	Metatransc of lab 3300055062	Akron-AMD	50	1	Incomplete	Incomplete	True
cell_comparison	S40	10	M00618 | Acetogen	Hydrotherm Fe rich 3300023442	Hydrothermal-Fe-mats	51	15	Complete	Complete	True
cell_comparison	S40	10	M00618 | Acetogen	Freshwater sediment microbial 3300036046	Lake-Towuti	52	34	1 block missing	1 block missing	True
cell_comparison	S40	10	M00618 | Acetogen	Hydrotherm Fe rich 3300023313	Hydrothermal-Fe-mats	53	16	Incomplete	Incomplete	True
cell_comparison	S40	10	M00618 | Acetogen	Acid mine drainage 3300039211	Richmond-AMD	54	60	Incomplete	Incomplete	True
cell_comparison	S40	10	M00618 | Acetogen	Acid mine drainage 3300008721	Richmond-AMD	55	58	Incomplete	Incomplete	True
cell_comparison	S40	10	M00618 | Acetogen	Pink biofilm microbial 3300003104	Richmond-AMD	56	49	Incomplete	Incomplete	True
cell_comparison	S40	10	M00618 | Acetogen	Acid mine drainage 3300038681	Richmond-AMD	57	66	Incomplete	Incomplete	True
cell_comparison	S40	10	M00618 | Acetogen	Acid mine drainage 3300030228	Richmond-AMD	58	50	Incomplete	Incomplete	True
cell_comparison	S40	10	M00618 | Acetogen	Metatransc of lab 3300055069	Akron-AMD	59	3	Incomplete	Incomplete	True
cell_comparison	S40	10	M00618 | Acetogen	Acid Mine Drainage 2010484004	Richmond-AMD	60	46	Incomplete	Incomplete	True
cell_comparison	S40	10	M00618 | Acetogen	Hydrotherm Fe rich 3300023307	Hydrothermal-Fe-mats	61	13	Incomplete	Incomplete	True
cell_comparison	S40	10	M00618 | Acetogen	Freshwater sediment microbial 3300031876	Lake-Towuti	62	38	Complete	Complete	True
cell_comparison	S40	10	M00618 | Acetogen	Freshwater microbial communitie 3300023177	Lake-Matano	63	22	Complete	Complete	True
cell_comparison	S40	10	M00618 | Acetogen	Biofilm microbial communitie 3300021476	Other-Fe	64	41	1 block missing	1 block missing	True
cell_comparison	S40	10	M00618 | Acetogen	Acid Mine Drainage 3300003083	Richmond-AMD	65	56	Incomplete	Incomplete	True
cell_comparison	S40	10	M00618 | Acetogen	Hydrotherm Fe rich 3300023444	Hydrothermal-Fe-mats	66	18	Complete	Complete	True
cell_comparison	S40	11	M00620 | Incomplete reductive citrate cycle, acetyl-CoA -> oxoglutarate	Acid mine drainage 3300038494	Richmond-AMD	0	64	Incomplete	Incomplete	True
cell_comparison	S40	11	M00620 | Incomplete reductive citrate cycle, acetyl-CoA -> oxoglutarate	Lab enriched acid 3300038413	Akron-AMD	1	9	Complete	Complete	True
cell_comparison	S40	11	M00620 | Incomplete reductive citrate cycle, acetyl-CoA -> oxoglutarate	Acid mine drainage 3300008567	Richmond-AMD	2	48	Incomplete	Incomplete	True
cell_comparison	S40	11	M00620 | Incomplete reductive citrate cycle, acetyl-CoA -> oxoglutarate	Acid mine drainage 3300030091	Richmond-AMD	3	44	Incomplete	Incomplete	True
cell_comparison	S40	11	M00620 | Incomplete reductive citrate cycle, acetyl-CoA -> oxoglutarate	Hydrotherm Fe rich 3300023310	Hydrothermal-Fe-mats	4	14	Incomplete	Incomplete	True
cell_comparison	S40	11	M00620 | Incomplete reductive citrate cycle, acetyl-CoA -> oxoglutarate	Metatransc of lab 3300046014	Akron-AMD	5	6	Incomplete	Incomplete	True
cell_comparison	S40	11	M00620 | Incomplete reductive citrate cycle, acetyl-CoA -> oxoglutarate	Metatransc of lab 3300055056	Akron-AMD	6	0	Incomplete	Incomplete	True
cell_comparison	S40	11	M00620 | Incomplete reductive citrate cycle, acetyl-CoA -> oxoglutarate	Freshwater sediment microbial 3300010391	Lake-Superior	7	29	Complete	Complete	True
cell_comparison	S40	11	M00620 | Incomplete reductive citrate cycle, acetyl-CoA -> oxoglutarate	Freshwater sediment microbial 3300031898	Lake-Towuti	8	37	Complete	Complete	True
cell_comparison	S40	11	M00620 | Incomplete reductive citrate cycle, acetyl-CoA -> oxoglutarate	Freshwater microbial communitie 3300024300	Lake-Matano	9	23	Complete	Complete	True
cell_comparison	S40	11	M00620 | Incomplete reductive citrate cycle, acetyl-CoA -> oxoglutarate	Metatransc of lab 3300055061	Akron-AMD	10	2	Incomplete	Incomplete	True
cell_comparison	S40	11	M00620 | Incomplete reductive citrate cycle, acetyl-CoA -> oxoglutarate	Hydrotherm Fe rich 3300023368	Hydrothermal-Fe-mats	11	17	Incomplete	Incomplete	True
cell_comparison	S40	11	M00620 | Incomplete reductive citrate cycle, acetyl-CoA -> oxoglutarate	Acid mine drainage 3300038487	Richmond-AMD	12	43	Incomplete	Incomplete	True
cell_comparison	S40	11	M00620 | Incomplete reductive citrate cycle, acetyl-CoA -> oxoglutarate	Freshwater sediment microbial 3300031593	Lake-Towuti	13	32	Complete	Complete	True
cell_comparison	S40	11	M00620 | Incomplete reductive citrate cycle, acetyl-CoA -> oxoglutarate	Acid mine drainage 3300030082	Richmond-AMD	14	51	Incomplete	Incomplete	True
cell_comparison	S40	11	M00620 | Incomplete reductive citrate cycle, acetyl-CoA -> oxoglutarate	Freshwater sediment microbial 3300031604	Lake-Towuti	15	30	Complete	Complete	True
cell_comparison	S40	11	M00620 | Incomplete reductive citrate cycle, acetyl-CoA -> oxoglutarate	Freshwater sediment microbial 3300021518	Lake-Towuti	16	31	Incomplete	Incomplete	True
cell_comparison	S40	11	M00620 | Incomplete reductive citrate cycle, acetyl-CoA -> oxoglutarate	Acid mine drainage 3300030398	Richmond-AMD	17	63	Incomplete	Incomplete	True
cell_comparison	S40	11	M00620 | Incomplete reductive citrate cycle, acetyl-CoA -> oxoglutarate	Acid mine drainage 3300030242	Richmond-AMD	18	59	Incomplete	Incomplete	True
cell_comparison	S40	11	M00620 | Incomplete reductive citrate cycle, acetyl-CoA -> oxoglutarate	Hydrotherm Fe rich 3300023439	Hydrothermal-Fe-mats	19	20	Complete	Complete	True
cell_comparison	S40	11	M00620 | Incomplete reductive citrate cycle, acetyl-CoA -> oxoglutarate	Freshwater microbial communitie 3300024333	Lake-Matano	20	24	Complete	Complete	True
cell_comparison	S40	11	M00620 | Incomplete reductive citrate cycle, acetyl-CoA -> oxoglutarate	Lab enriched sediment 3300039027	Burr-Oak-BO4	21	11	Incomplete	Incomplete	True
cell_comparison	S40	11	M00620 | Incomplete reductive citrate cycle, acetyl-CoA -> oxoglutarate	Acid mine drainage 3300039205	Richmond-AMD	22	55	Incomplete	Incomplete	True
cell_comparison	S40	11	M00620 | Incomplete reductive citrate cycle, acetyl-CoA -> oxoglutarate	Freshwater microbial communitie 3300043827	Lake-Matano	23	27	Incomplete	Incomplete	True
cell_comparison	S40	11	M00620 | Incomplete reductive citrate cycle, acetyl-CoA -> oxoglutarate	Lab enriched acid 3300038471	Akron-AMD	24	4	1 block missing	1 block missing	True
cell_comparison	S40	11	M00620 | Incomplete reductive citrate cycle, acetyl-CoA -> oxoglutarate	Acid mine drainage 3300030335	Richmond-AMD	25	45	Incomplete	Incomplete	True
cell_comparison	S40	11	M00620 | Incomplete reductive citrate cycle, acetyl-CoA -> oxoglutarate	Freshwater microbial communitie 3300028737	Lake-Matano	26	26	1 block missing	1 block missing	True
cell_comparison	S40	11	M00620 | Incomplete reductive citrate cycle, acetyl-CoA -> oxoglutarate	Lab enriched acid 3300038411	Akron-AMD	27	5	1 block missing	1 block missing	True
cell_comparison	S40	11	M00620 | Incomplete reductive citrate cycle, acetyl-CoA -> oxoglutarate	Freshwater sediment microbial 3300031877	Lake-Towuti	28	33	Complete	Complete	True
cell_comparison	S40	11	M00620 | Incomplete reductive citrate cycle, acetyl-CoA -> oxoglutarate	Acid mine drainage 3300038731	Richmond-AMD	29	42	Incomplete	Incomplete	True
cell_comparison	S40	11	M00620 | Incomplete reductive citrate cycle, acetyl-CoA -> oxoglutarate	Acid mine drainage 3300038979	Richmond-AMD	30	53	Incomplete	Incomplete	True
cell_comparison	S40	11	M00620 | Incomplete reductive citrate cycle, acetyl-CoA -> oxoglutarate	Hydrotherm Fe rich 3300023548	Hydrothermal-Fe-mats	31	21	Complete	Complete	True
cell_comparison	S40	11	M00620 | Incomplete reductive citrate cycle, acetyl-CoA -> oxoglutarate	Metatransc of freshwater 3300061576	Lake-Superior	32	28	Incomplete	Incomplete	True
cell_comparison	S40	11	M00620 | Incomplete reductive citrate cycle, acetyl-CoA -> oxoglutarate	Acid mine drainage 3300038486	Richmond-AMD	33	62	Incomplete	Incomplete	True
cell_comparison	S40	11	M00620 | Incomplete reductive citrate cycle, acetyl-CoA -> oxoglutarate	Freshwater sediment microbial 3300031587	Lake-Towuti	34	39	Complete	Complete	True
cell_comparison	S40	11	M00620 | Incomplete reductive citrate cycle, acetyl-CoA -> oxoglutarate	Acid Mine Drainage 3300005360	Richmond-AMD	35	54	Incomplete	Incomplete	True
cell_comparison	S40	11	M00620 | Incomplete reductive citrate cycle, acetyl-CoA -> oxoglutarate	Acid mine drainage 3300008723	Richmond-AMD	36	47	Incomplete	Incomplete	True
cell_comparison	S40	11	M00620 | Incomplete reductive citrate cycle, acetyl-CoA -> oxoglutarate	Acid mine drainage 3300038493	Richmond-AMD	37	61	Incomplete	Incomplete	True
cell_comparison	S40	11	M00620 | Incomplete reductive citrate cycle, acetyl-CoA -> oxoglutarate	Freshwater sediment microbial 3300036045	Lake-Towuti	38	35	1 block missing	1 block missing	True
cell_comparison	S40	11	M00620 | Incomplete reductive citrate cycle, acetyl-CoA -> oxoglutarate	Metatransc of lab 3300046013	Akron-AMD	39	8	Incomplete	Incomplete	True
cell_comparison	S40	11	M00620 | Incomplete reductive citrate cycle, acetyl-CoA -> oxoglutarate	Acid mine drainage 3300038729	Richmond-AMD	40	52	Incomplete	Incomplete	True
cell_comparison	S40	11	M00620 | Incomplete reductive citrate cycle, acetyl-CoA -> oxoglutarate	Acid mine drainage 3300030413	Richmond-AMD	41	65	Incomplete	Incomplete	True
cell_comparison	S40	11	M00620 | Incomplete reductive citrate cycle, acetyl-CoA -> oxoglutarate	Lab enriched acid 3300038412	Akron-AMD	42	7	Incomplete	Incomplete	True
cell_comparison	S40	11	M00620 | Incomplete reductive citrate cycle, acetyl-CoA -> oxoglutarate	Freshwater sediment microbial 3300031806	Lake-Towuti	43	40	Complete	Complete	True
cell_comparison	S40	11	M00620 | Incomplete reductive citrate cycle, acetyl-CoA -> oxoglutarate	Metatransc of lab 3300055057	Akron-AMD	44	10	Incomplete	Incomplete	True
cell_comparison	S40	11	M00620 | Incomplete reductive citrate cycle, acetyl-CoA -> oxoglutarate	Hydrotherm Fe rich 3300023440	Hydrothermal-Fe-mats	45	19	1 block missing	1 block missing	True
cell_comparison	S40	11	M00620 | Incomplete reductive citrate cycle, acetyl-CoA -> oxoglutarate	Lab enriched sediment 3300039028	Burr-Oak-BO4	46	12	Incomplete	Incomplete	True
cell_comparison	S40	11	M00620 | Incomplete reductive citrate cycle, acetyl-CoA -> oxoglutarate	Acid mine drainage 3300008566	Richmond-AMD	47	57	Incomplete	Incomplete	True
cell_comparison	S40	11	M00620 | Incomplete reductive citrate cycle, acetyl-CoA -> oxoglutarate	Freshwater microbial communitie 3300024341	Lake-Matano	48	25	Complete	Complete	True
cell_comparison	S40	11	M00620 | Incomplete reductive citrate cycle, acetyl-CoA -> oxoglutarate	Freshwater sediment microbial 3300021517	Lake-Towuti	49	36	1 block missing	1 block missing	True
cell_comparison	S40	11	M00620 | Incomplete reductive citrate cycle, acetyl-CoA -> oxoglutarate	Metatransc of lab 3300055062	Akron-AMD	50	1	Incomplete	Incomplete	True
cell_comparison	S40	11	M00620 | Incomplete reductive citrate cycle, acetyl-CoA -> oxoglutarate	Hydrotherm Fe rich 3300023442	Hydrothermal-Fe-mats	51	15	1 block missing	1 block missing	True
cell_comparison	S40	11	M00620 | Incomplete reductive citrate cycle, acetyl-CoA -> oxoglutarate	Freshwater sediment microbial 3300036046	Lake-Towuti	52	34	Incomplete	Incomplete	True
cell_comparison	S40	11	M00620 | Incomplete reductive citrate cycle, acetyl-CoA -> oxoglutarate	Hydrotherm Fe rich 3300023313	Hydrothermal-Fe-mats	53	16	Incomplete	Incomplete	True
cell_comparison	S40	11	M00620 | Incomplete reductive citrate cycle, acetyl-CoA -> oxoglutarate	Acid mine drainage 3300039211	Richmond-AMD	54	60	Incomplete	Incomplete	True
cell_comparison	S40	11	M00620 | Incomplete reductive citrate cycle, acetyl-CoA -> oxoglutarate	Acid mine drainage 3300008721	Richmond-AMD	55	58	Incomplete	Incomplete	True
cell_comparison	S40	11	M00620 | Incomplete reductive citrate cycle, acetyl-CoA -> oxoglutarate	Pink biofilm microbial 3300003104	Richmond-AMD	56	49	Incomplete	Incomplete	True
cell_comparison	S40	11	M00620 | Incomplete reductive citrate cycle, acetyl-CoA -> oxoglutarate	Acid mine drainage 3300038681	Richmond-AMD	57	66	Incomplete	Incomplete	True
cell_comparison	S40	11	M00620 | Incomplete reductive citrate cycle, acetyl-CoA -> oxoglutarate	Acid mine drainage 3300030228	Richmond-AMD	58	50	Incomplete	Incomplete	True
cell_comparison	S40	11	M00620 | Incomplete reductive citrate cycle, acetyl-CoA -> oxoglutarate	Metatransc of lab 3300055069	Akron-AMD	59	3	Incomplete	Incomplete	True
cell_comparison	S40	11	M00620 | Incomplete reductive citrate cycle, acetyl-CoA -> oxoglutarate	Acid Mine Drainage 2010484004	Richmond-AMD	60	46	Incomplete	Incomplete	True
cell_comparison	S40	11	M00620 | Incomplete reductive citrate cycle, acetyl-CoA -> oxoglutarate	Hydrotherm Fe rich 3300023307	Hydrothermal-Fe-mats	61	13	Incomplete	Incomplete	True
cell_comparison	S40	11	M00620 | Incomplete reductive citrate cycle, acetyl-CoA -> oxoglutarate	Freshwater sediment microbial 3300031876	Lake-Towuti	62	38	Complete	Complete	True
cell_comparison	S40	11	M00620 | Incomplete reductive citrate cycle, acetyl-CoA -> oxoglutarate	Freshwater microbial communitie 3300023177	Lake-Matano	63	22	Complete	Complete	True
cell_comparison	S40	11	M00620 | Incomplete reductive citrate cycle, acetyl-CoA -> oxoglutarate	Biofilm microbial communitie 3300021476	Other-Fe	64	41	1 block missing	1 block missing	True
cell_comparison	S40	11	M00620 | Incomplete reductive citrate cycle, acetyl-CoA -> oxoglutarate	Acid Mine Drainage 3300003083	Richmond-AMD	65	56	Incomplete	Incomplete	True
cell_comparison	S40	11	M00620 | Incomplete reductive citrate cycle, acetyl-CoA -> oxoglutarate	Hydrotherm Fe rich 3300023444	Hydrothermal-Fe-mats	66	18	Complete	Complete	True
cell_comparison	S40	12	M00174 | Methane oxidation, methanotroph, methane -> formaldehyde	Acid mine drainage 3300038494	Richmond-AMD	0	64	Incomplete	Incomplete	True
cell_comparison	S40	12	M00174 | Methane oxidation, methanotroph, methane -> formaldehyde	Lab enriched acid 3300038413	Akron-AMD	1	9	Incomplete	Incomplete	True
cell_comparison	S40	12	M00174 | Methane oxidation, methanotroph, methane -> formaldehyde	Acid mine drainage 3300008567	Richmond-AMD	2	48	Incomplete	Incomplete	True
cell_comparison	S40	12	M00174 | Methane oxidation, methanotroph, methane -> formaldehyde	Acid mine drainage 3300030091	Richmond-AMD	3	44	Incomplete	Incomplete	True
cell_comparison	S40	12	M00174 | Methane oxidation, methanotroph, methane -> formaldehyde	Hydrotherm Fe rich 3300023310	Hydrothermal-Fe-mats	4	14	Incomplete	Incomplete	True
cell_comparison	S40	12	M00174 | Methane oxidation, methanotroph, methane -> formaldehyde	Metatransc of lab 3300046014	Akron-AMD	5	6	Incomplete	Incomplete	True
cell_comparison	S40	12	M00174 | Methane oxidation, methanotroph, methane -> formaldehyde	Metatransc of lab 3300055056	Akron-AMD	6	0	Incomplete	Incomplete	True
cell_comparison	S40	12	M00174 | Methane oxidation, methanotroph, methane -> formaldehyde	Freshwater sediment microbial 3300010391	Lake-Superior	7	29	Incomplete	Incomplete	True
cell_comparison	S40	12	M00174 | Methane oxidation, methanotroph, methane -> formaldehyde	Freshwater sediment microbial 3300031898	Lake-Towuti	8	37	Incomplete	Incomplete	True
cell_comparison	S40	12	M00174 | Methane oxidation, methanotroph, methane -> formaldehyde	Freshwater microbial communitie 3300024300	Lake-Matano	9	23	1 block missing	1 block missing	True
cell_comparison	S40	12	M00174 | Methane oxidation, methanotroph, methane -> formaldehyde	Metatransc of lab 3300055061	Akron-AMD	10	2	Incomplete	Incomplete	True
cell_comparison	S40	12	M00174 | Methane oxidation, methanotroph, methane -> formaldehyde	Hydrotherm Fe rich 3300023368	Hydrothermal-Fe-mats	11	17	Incomplete	Incomplete	True
cell_comparison	S40	12	M00174 | Methane oxidation, methanotroph, methane -> formaldehyde	Acid mine drainage 3300038487	Richmond-AMD	12	43	Incomplete	Incomplete	True
cell_comparison	S40	12	M00174 | Methane oxidation, methanotroph, methane -> formaldehyde	Freshwater sediment microbial 3300031593	Lake-Towuti	13	32	Incomplete	Incomplete	True
cell_comparison	S40	12	M00174 | Methane oxidation, methanotroph, methane -> formaldehyde	Acid mine drainage 3300030082	Richmond-AMD	14	51	Incomplete	Incomplete	True
cell_comparison	S40	12	M00174 | Methane oxidation, methanotroph, methane -> formaldehyde	Freshwater sediment microbial 3300031604	Lake-Towuti	15	30	Incomplete	Incomplete	True
cell_comparison	S40	12	M00174 | Methane oxidation, methanotroph, methane -> formaldehyde	Freshwater sediment microbial 3300021518	Lake-Towuti	16	31	Incomplete	Incomplete	True
cell_comparison	S40	12	M00174 | Methane oxidation, methanotroph, methane -> formaldehyde	Acid mine drainage 3300030398	Richmond-AMD	17	63	Incomplete	Incomplete	True
cell_comparison	S40	12	M00174 | Methane oxidation, methanotroph, methane -> formaldehyde	Acid mine drainage 3300030242	Richmond-AMD	18	59	Incomplete	Incomplete	True
cell_comparison	S40	12	M00174 | Methane oxidation, methanotroph, methane -> formaldehyde	Hydrotherm Fe rich 3300023439	Hydrothermal-Fe-mats	19	20	Incomplete	Incomplete	True
cell_comparison	S40	12	M00174 | Methane oxidation, methanotroph, methane -> formaldehyde	Freshwater microbial communitie 3300024333	Lake-Matano	20	24	Incomplete	Incomplete	True
cell_comparison	S40	12	M00174 | Methane oxidation, methanotroph, methane -> formaldehyde	Lab enriched sediment 3300039027	Burr-Oak-BO4	21	11	Incomplete	Incomplete	True
cell_comparison	S40	12	M00174 | Methane oxidation, methanotroph, methane -> formaldehyde	Acid mine drainage 3300039205	Richmond-AMD	22	55	Incomplete	Incomplete	True
cell_comparison	S40	12	M00174 | Methane oxidation, methanotroph, methane -> formaldehyde	Freshwater microbial communitie 3300043827	Lake-Matano	23	27	Incomplete	Incomplete	True
cell_comparison	S40	12	M00174 | Methane oxidation, methanotroph, methane -> formaldehyde	Lab enriched acid 3300038471	Akron-AMD	24	4	Incomplete	Incomplete	True
cell_comparison	S40	12	M00174 | Methane oxidation, methanotroph, methane -> formaldehyde	Acid mine drainage 3300030335	Richmond-AMD	25	45	Incomplete	Incomplete	True
cell_comparison	S40	12	M00174 | Methane oxidation, methanotroph, methane -> formaldehyde	Freshwater microbial communitie 3300028737	Lake-Matano	26	26	1 block missing	1 block missing	True
cell_comparison	S40	12	M00174 | Methane oxidation, methanotroph, methane -> formaldehyde	Lab enriched acid 3300038411	Akron-AMD	27	5	Incomplete	Incomplete	True
cell_comparison	S40	12	M00174 | Methane oxidation, methanotroph, methane -> formaldehyde	Freshwater sediment microbial 3300031877	Lake-Towuti	28	33	Incomplete	Incomplete	True
cell_comparison	S40	12	M00174 | Methane oxidation, methanotroph, methane -> formaldehyde	Acid mine drainage 3300038731	Richmond-AMD	29	42	Incomplete	Incomplete	True
cell_comparison	S40	12	M00174 | Methane oxidation, methanotroph, methane -> formaldehyde	Acid mine drainage 3300038979	Richmond-AMD	30	53	Incomplete	Incomplete	True
cell_comparison	S40	12	M00174 | Methane oxidation, methanotroph, methane -> formaldehyde	Hydrotherm Fe rich 3300023548	Hydrothermal-Fe-mats	31	21	Incomplete	Incomplete	True
cell_comparison	S40	12	M00174 | Methane oxidation, methanotroph, methane -> formaldehyde	Metatransc of freshwater 3300061576	Lake-Superior	32	28	Incomplete	Incomplete	True
cell_comparison	S40	12	M00174 | Methane oxidation, methanotroph, methane -> formaldehyde	Acid mine drainage 3300038486	Richmond-AMD	33	62	Incomplete	Incomplete	True
cell_comparison	S40	12	M00174 | Methane oxidation, methanotroph, methane -> formaldehyde	Freshwater sediment microbial 3300031587	Lake-Towuti	34	39	Incomplete	Incomplete	True
cell_comparison	S40	12	M00174 | Methane oxidation, methanotroph, methane -> formaldehyde	Acid Mine Drainage 3300005360	Richmond-AMD	35	54	Incomplete	Incomplete	True
cell_comparison	S40	12	M00174 | Methane oxidation, methanotroph, methane -> formaldehyde	Acid mine drainage 3300008723	Richmond-AMD	36	47	Incomplete	Incomplete	True
cell_comparison	S40	12	M00174 | Methane oxidation, methanotroph, methane -> formaldehyde	Acid mine drainage 3300038493	Richmond-AMD	37	61	Incomplete	Incomplete	True
cell_comparison	S40	12	M00174 | Methane oxidation, methanotroph, methane -> formaldehyde	Freshwater sediment microbial 3300036045	Lake-Towuti	38	35	Incomplete	Incomplete	True
cell_comparison	S40	12	M00174 | Methane oxidation, methanotroph, methane -> formaldehyde	Metatransc of lab 3300046013	Akron-AMD	39	8	Incomplete	Incomplete	True
cell_comparison	S40	12	M00174 | Methane oxidation, methanotroph, methane -> formaldehyde	Acid mine drainage 3300038729	Richmond-AMD	40	52	Incomplete	Incomplete	True
cell_comparison	S40	12	M00174 | Methane oxidation, methanotroph, methane -> formaldehyde	Acid mine drainage 3300030413	Richmond-AMD	41	65	Incomplete	Incomplete	True
cell_comparison	S40	12	M00174 | Methane oxidation, methanotroph, methane -> formaldehyde	Lab enriched acid 3300038412	Akron-AMD	42	7	Incomplete	Incomplete	True
cell_comparison	S40	12	M00174 | Methane oxidation, methanotroph, methane -> formaldehyde	Freshwater sediment microbial 3300031806	Lake-Towuti	43	40	Incomplete	Incomplete	True
cell_comparison	S40	12	M00174 | Methane oxidation, methanotroph, methane -> formaldehyde	Metatransc of lab 3300055057	Akron-AMD	44	10	Incomplete	Incomplete	True
cell_comparison	S40	12	M00174 | Methane oxidation, methanotroph, methane -> formaldehyde	Hydrotherm Fe rich 3300023440	Hydrothermal-Fe-mats	45	19	1 block missing	1 block missing	True
cell_comparison	S40	12	M00174 | Methane oxidation, methanotroph, methane -> formaldehyde	Lab enriched sediment 3300039028	Burr-Oak-BO4	46	12	Incomplete	Incomplete	True
cell_comparison	S40	12	M00174 | Methane oxidation, methanotroph, methane -> formaldehyde	Acid mine drainage 3300008566	Richmond-AMD	47	57	Incomplete	Incomplete	True
cell_comparison	S40	12	M00174 | Methane oxidation, methanotroph, methane -> formaldehyde	Freshwater microbial communitie 3300024341	Lake-Matano	48	25	Incomplete	Incomplete	True
cell_comparison	S40	12	M00174 | Methane oxidation, methanotroph, methane -> formaldehyde	Freshwater sediment microbial 3300021517	Lake-Towuti	49	36	Incomplete	Incomplete	True
cell_comparison	S40	12	M00174 | Methane oxidation, methanotroph, methane -> formaldehyde	Metatransc of lab 3300055062	Akron-AMD	50	1	Incomplete	Incomplete	True
cell_comparison	S40	12	M00174 | Methane oxidation, methanotroph, methane -> formaldehyde	Hydrotherm Fe rich 3300023442	Hydrothermal-Fe-mats	51	15	Complete	Complete	True
cell_comparison	S40	12	M00174 | Methane oxidation, methanotroph, methane -> formaldehyde	Freshwater sediment microbial 3300036046	Lake-Towuti	52	34	Incomplete	Incomplete	True
cell_comparison	S40	12	M00174 | Methane oxidation, methanotroph, methane -> formaldehyde	Hydrotherm Fe rich 3300023313	Hydrothermal-Fe-mats	53	16	Incomplete	Incomplete	True
cell_comparison	S40	12	M00174 | Methane oxidation, methanotroph, methane -> formaldehyde	Acid mine drainage 3300039211	Richmond-AMD	54	60	Incomplete	Incomplete	True
cell_comparison	S40	12	M00174 | Methane oxidation, methanotroph, methane -> formaldehyde	Acid mine drainage 3300008721	Richmond-AMD	55	58	Incomplete	Incomplete	True
cell_comparison	S40	12	M00174 | Methane oxidation, methanotroph, methane -> formaldehyde	Pink biofilm microbial 3300003104	Richmond-AMD	56	49	Incomplete	Incomplete	True
cell_comparison	S40	12	M00174 | Methane oxidation, methanotroph, methane -> formaldehyde	Acid mine drainage 3300038681	Richmond-AMD	57	66	Incomplete	Incomplete	True
cell_comparison	S40	12	M00174 | Methane oxidation, methanotroph, methane -> formaldehyde	Acid mine drainage 3300030228	Richmond-AMD	58	50	Incomplete	Incomplete	True
cell_comparison	S40	12	M00174 | Methane oxidation, methanotroph, methane -> formaldehyde	Metatransc of lab 3300055069	Akron-AMD	59	3	Incomplete	Incomplete	True
cell_comparison	S40	12	M00174 | Methane oxidation, methanotroph, methane -> formaldehyde	Acid Mine Drainage 2010484004	Richmond-AMD	60	46	Incomplete	Incomplete	True
cell_comparison	S40	12	M00174 | Methane oxidation, methanotroph, methane -> formaldehyde	Hydrotherm Fe rich 3300023307	Hydrothermal-Fe-mats	61	13	Incomplete	Incomplete	True
cell_comparison	S40	12	M00174 | Methane oxidation, methanotroph, methane -> formaldehyde	Freshwater sediment microbial 3300031876	Lake-Towuti	62	38	Incomplete	Incomplete	True
cell_comparison	S40	12	M00174 | Methane oxidation, methanotroph, methane -> formaldehyde	Freshwater microbial communitie 3300023177	Lake-Matano	63	22	Incomplete	Incomplete	True
cell_comparison	S40	12	M00174 | Methane oxidation, methanotroph, methane -> formaldehyde	Biofilm microbial communitie 3300021476	Other-Fe	64	41	Incomplete	Incomplete	True
cell_comparison	S40	12	M00174 | Methane oxidation, methanotroph, methane -> formaldehyde	Acid Mine Drainage 3300003083	Richmond-AMD	65	56	Incomplete	Incomplete	True
cell_comparison	S40	12	M00174 | Methane oxidation, methanotroph, methane -> formaldehyde	Hydrotherm Fe rich 3300023444	Hydrothermal-Fe-mats	66	18	Incomplete	Incomplete	True
cell_comparison	S40	13	M00358 | Coenzyme M biosynthesis	Acid mine drainage 3300038494	Richmond-AMD	0	64	Incomplete	Incomplete	True
cell_comparison	S40	13	M00358 | Coenzyme M biosynthesis	Lab enriched acid 3300038413	Akron-AMD	1	9	Complete	Complete	True
cell_comparison	S40	13	M00358 | Coenzyme M biosynthesis	Acid mine drainage 3300008567	Richmond-AMD	2	48	Incomplete	Incomplete	True
cell_comparison	S40	13	M00358 | Coenzyme M biosynthesis	Acid mine drainage 3300030091	Richmond-AMD	3	44	Incomplete	Incomplete	True
cell_comparison	S40	13	M00358 | Coenzyme M biosynthesis	Hydrotherm Fe rich 3300023310	Hydrothermal-Fe-mats	4	14	1 block missing	1 block missing	True
cell_comparison	S40	13	M00358 | Coenzyme M biosynthesis	Metatransc of lab 3300046014	Akron-AMD	5	6	Incomplete	Incomplete	True
cell_comparison	S40	13	M00358 | Coenzyme M biosynthesis	Metatransc of lab 3300055056	Akron-AMD	6	0	Incomplete	Incomplete	True
cell_comparison	S40	13	M00358 | Coenzyme M biosynthesis	Freshwater sediment microbial 3300010391	Lake-Superior	7	29	Complete	Complete	True
cell_comparison	S40	13	M00358 | Coenzyme M biosynthesis	Freshwater sediment microbial 3300031898	Lake-Towuti	8	37	Complete	Complete	True
cell_comparison	S40	13	M00358 | Coenzyme M biosynthesis	Freshwater microbial communitie 3300024300	Lake-Matano	9	23	Complete	Complete	True
cell_comparison	S40	13	M00358 | Coenzyme M biosynthesis	Metatransc of lab 3300055061	Akron-AMD	10	2	Incomplete	Incomplete	True
cell_comparison	S40	13	M00358 | Coenzyme M biosynthesis	Hydrotherm Fe rich 3300023368	Hydrothermal-Fe-mats	11	17	1 block missing	1 block missing	True
cell_comparison	S40	13	M00358 | Coenzyme M biosynthesis	Acid mine drainage 3300038487	Richmond-AMD	12	43	Incomplete	Incomplete	True
cell_comparison	S40	13	M00358 | Coenzyme M biosynthesis	Freshwater sediment microbial 3300031593	Lake-Towuti	13	32	Complete	Complete	True
cell_comparison	S40	13	M00358 | Coenzyme M biosynthesis	Acid mine drainage 3300030082	Richmond-AMD	14	51	Incomplete	Incomplete	True
cell_comparison	S40	13	M00358 | Coenzyme M biosynthesis	Freshwater sediment microbial 3300031604	Lake-Towuti	15	30	Complete	Complete	True
cell_comparison	S40	13	M00358 | Coenzyme M biosynthesis	Freshwater sediment microbial 3300021518	Lake-Towuti	16	31	Complete	Complete	True
cell_comparison	S40	13	M00358 | Coenzyme M biosynthesis	Acid mine drainage 3300030398	Richmond-AMD	17	63	Incomplete	Incomplete	True
cell_comparison	S40	13	M00358 | Coenzyme M biosynthesis	Acid mine drainage 3300030242	Richmond-AMD	18	59	Incomplete	Incomplete	True
cell_comparison	S40	13	M00358 | Coenzyme M biosynthesis	Hydrotherm Fe rich 3300023439	Hydrothermal-Fe-mats	19	20	1 block missing	1 block missing	True
cell_comparison	S40	13	M00358 | Coenzyme M biosynthesis	Freshwater microbial communitie 3300024333	Lake-Matano	20	24	Complete	Complete	True
cell_comparison	S40	13	M00358 | Coenzyme M biosynthesis	Lab enriched sediment 3300039027	Burr-Oak-BO4	21	11	Incomplete	Incomplete	True
cell_comparison	S40	13	M00358 | Coenzyme M biosynthesis	Acid mine drainage 3300039205	Richmond-AMD	22	55	Incomplete	Incomplete	True
cell_comparison	S40	13	M00358 | Coenzyme M biosynthesis	Freshwater microbial communitie 3300043827	Lake-Matano	23	27	Incomplete	Incomplete	True
cell_comparison	S40	13	M00358 | Coenzyme M biosynthesis	Lab enriched acid 3300038471	Akron-AMD	24	4	Complete	Complete	True
cell_comparison	S40	13	M00358 | Coenzyme M biosynthesis	Acid mine drainage 3300030335	Richmond-AMD	25	45	Incomplete	Incomplete	True
cell_comparison	S40	13	M00358 | Coenzyme M biosynthesis	Freshwater microbial communitie 3300028737	Lake-Matano	26	26	Complete	Complete	True
cell_comparison	S40	13	M00358 | Coenzyme M biosynthesis	Lab enriched acid 3300038411	Akron-AMD	27	5	Complete	Complete	True
cell_comparison	S40	13	M00358 | Coenzyme M biosynthesis	Freshwater sediment microbial 3300031877	Lake-Towuti	28	33	Complete	Complete	True
cell_comparison	S40	13	M00358 | Coenzyme M biosynthesis	Acid mine drainage 3300038731	Richmond-AMD	29	42	Incomplete	Incomplete	True
cell_comparison	S40	13	M00358 | Coenzyme M biosynthesis	Acid mine drainage 3300038979	Richmond-AMD	30	53	Incomplete	Incomplete	True
cell_comparison	S40	13	M00358 | Coenzyme M biosynthesis	Hydrotherm Fe rich 3300023548	Hydrothermal-Fe-mats	31	21	Complete	Complete	True
cell_comparison	S40	13	M00358 | Coenzyme M biosynthesis	Metatransc of freshwater 3300061576	Lake-Superior	32	28	Incomplete	Incomplete	True
cell_comparison	S40	13	M00358 | Coenzyme M biosynthesis	Acid mine drainage 3300038486	Richmond-AMD	33	62	Incomplete	Incomplete	True
cell_comparison	S40	13	M00358 | Coenzyme M biosynthesis	Freshwater sediment microbial 3300031587	Lake-Towuti	34	39	Complete	Complete	True
cell_comparison	S40	13	M00358 | Coenzyme M biosynthesis	Acid Mine Drainage 3300005360	Richmond-AMD	35	54	Incomplete	Incomplete	True
cell_comparison	S40	13	M00358 | Coenzyme M biosynthesis	Acid mine drainage 3300008723	Richmond-AMD	36	47	Incomplete	Incomplete	True
cell_comparison	S40	13	M00358 | Coenzyme M biosynthesis	Acid mine drainage 3300038493	Richmond-AMD	37	61	Incomplete	Incomplete	True
cell_comparison	S40	13	M00358 | Coenzyme M biosynthesis	Freshwater sediment microbial 3300036045	Lake-Towuti	38	35	Complete	Complete	True
cell_comparison	S40	13	M00358 | Coenzyme M biosynthesis	Metatransc of lab 3300046013	Akron-AMD	39	8	1 block missing	1 block missing	True
cell_comparison	S40	13	M00358 | Coenzyme M biosynthesis	Acid mine drainage 3300038729	Richmond-AMD	40	52	Incomplete	Incomplete	True
cell_comparison	S40	13	M00358 | Coenzyme M biosynthesis	Acid mine drainage 3300030413	Richmond-AMD	41	65	Incomplete	Incomplete	True
cell_comparison	S40	13	M00358 | Coenzyme M biosynthesis	Lab enriched acid 3300038412	Akron-AMD	42	7	Complete	Complete	True
cell_comparison	S40	13	M00358 | Coenzyme M biosynthesis	Freshwater sediment microbial 3300031806	Lake-Towuti	43	40	Complete	Complete	True
cell_comparison	S40	13	M00358 | Coenzyme M biosynthesis	Metatransc of lab 3300055057	Akron-AMD	44	10	Incomplete	Incomplete	True
cell_comparison	S40	13	M00358 | Coenzyme M biosynthesis	Hydrotherm Fe rich 3300023440	Hydrothermal-Fe-mats	45	19	1 block missing	1 block missing	True
cell_comparison	S40	13	M00358 | Coenzyme M biosynthesis	Lab enriched sediment 3300039028	Burr-Oak-BO4	46	12	Incomplete	Incomplete	True
cell_comparison	S40	13	M00358 | Coenzyme M biosynthesis	Acid mine drainage 3300008566	Richmond-AMD	47	57	Incomplete	Incomplete	True
cell_comparison	S40	13	M00358 | Coenzyme M biosynthesis	Freshwater microbial communitie 3300024341	Lake-Matano	48	25	Complete	Complete	True
cell_comparison	S40	13	M00358 | Coenzyme M biosynthesis	Freshwater sediment microbial 3300021517	Lake-Towuti	49	36	Complete	Complete	True
cell_comparison	S40	13	M00358 | Coenzyme M biosynthesis	Metatransc of lab 3300055062	Akron-AMD	50	1	Incomplete	Incomplete	True
cell_comparison	S40	13	M00358 | Coenzyme M biosynthesis	Hydrotherm Fe rich 3300023442	Hydrothermal-Fe-mats	51	15	Complete	Complete	True
cell_comparison	S40	13	M00358 | Coenzyme M biosynthesis	Freshwater sediment microbial 3300036046	Lake-Towuti	52	34	Complete	Complete	True
cell_comparison	S40	13	M00358 | Coenzyme M biosynthesis	Hydrotherm Fe rich 3300023313	Hydrothermal-Fe-mats	53	16	Incomplete	Incomplete	True
cell_comparison	S40	13	M00358 | Coenzyme M biosynthesis	Acid mine drainage 3300039211	Richmond-AMD	54	60	Incomplete	Incomplete	True
cell_comparison	S40	13	M00358 | Coenzyme M biosynthesis	Acid mine drainage 3300008721	Richmond-AMD	55	58	Incomplete	Incomplete	True
cell_comparison	S40	13	M00358 | Coenzyme M biosynthesis	Pink biofilm microbial 3300003104	Richmond-AMD	56	49	Incomplete	Incomplete	True
cell_comparison	S40	13	M00358 | Coenzyme M biosynthesis	Acid mine drainage 3300038681	Richmond-AMD	57	66	Incomplete	Incomplete	True
cell_comparison	S40	13	M00358 | Coenzyme M biosynthesis	Acid mine drainage 3300030228	Richmond-AMD	58	50	Incomplete	Incomplete	True
cell_comparison	S40	13	M00358 | Coenzyme M biosynthesis	Metatransc of lab 3300055069	Akron-AMD	59	3	Incomplete	Incomplete	True
cell_comparison	S40	13	M00358 | Coenzyme M biosynthesis	Acid Mine Drainage 2010484004	Richmond-AMD	60	46	Incomplete	Incomplete	True
cell_comparison	S40	13	M00358 | Coenzyme M biosynthesis	Hydrotherm Fe rich 3300023307	Hydrothermal-Fe-mats	61	13	Incomplete	Incomplete	True
cell_comparison	S40	13	M00358 | Coenzyme M biosynthesis	Freshwater sediment microbial 3300031876	Lake-Towuti	62	38	Complete	Complete	True
cell_comparison	S40	13	M00358 | Coenzyme M biosynthesis	Freshwater microbial communitie 3300023177	Lake-Matano	63	22	Complete	Complete	True
cell_comparison	S40	13	M00358 | Coenzyme M biosynthesis	Biofilm microbial communitie 3300021476	Other-Fe	64	41	Complete	Complete	True
cell_comparison	S40	13	M00358 | Coenzyme M biosynthesis	Acid Mine Drainage 3300003083	Richmond-AMD	65	56	Incomplete	Incomplete	True
cell_comparison	S40	13	M00358 | Coenzyme M biosynthesis	Hydrotherm Fe rich 3300023444	Hydrothermal-Fe-mats	66	18	Complete	Complete	True
cell_comparison	S40	14	M00378 | F420 biosynthesis	Acid mine drainage 3300038494	Richmond-AMD	0	64	Incomplete	Incomplete	True
cell_comparison	S40	14	M00378 | F420 biosynthesis	Lab enriched acid 3300038413	Akron-AMD	1	9	1 block missing	1 block missing	True
cell_comparison	S40	14	M00378 | F420 biosynthesis	Acid mine drainage 3300008567	Richmond-AMD	2	48	Incomplete	Incomplete	True
cell_comparison	S40	14	M00378 | F420 biosynthesis	Acid mine drainage 3300030091	Richmond-AMD	3	44	Incomplete	Incomplete	True
cell_comparison	S40	14	M00378 | F420 biosynthesis	Hydrotherm Fe rich 3300023310	Hydrothermal-Fe-mats	4	14	Incomplete	Incomplete	True
cell_comparison	S40	14	M00378 | F420 biosynthesis	Metatransc of lab 3300046014	Akron-AMD	5	6	Incomplete	Incomplete	True
cell_comparison	S40	14	M00378 | F420 biosynthesis	Metatransc of lab 3300055056	Akron-AMD	6	0	Incomplete	Incomplete	True
cell_comparison	S40	14	M00378 | F420 biosynthesis	Freshwater sediment microbial 3300010391	Lake-Superior	7	29	Complete	Complete	True
cell_comparison	S40	14	M00378 | F420 biosynthesis	Freshwater sediment microbial 3300031898	Lake-Towuti	8	37	Complete	Complete	True
cell_comparison	S40	14	M00378 | F420 biosynthesis	Freshwater microbial communitie 3300024300	Lake-Matano	9	23	Complete	Complete	True
cell_comparison	S40	14	M00378 | F420 biosynthesis	Metatransc of lab 3300055061	Akron-AMD	10	2	Incomplete	Incomplete	True
cell_comparison	S40	14	M00378 | F420 biosynthesis	Hydrotherm Fe rich 3300023368	Hydrothermal-Fe-mats	11	17	1 block missing	1 block missing	True
cell_comparison	S40	14	M00378 | F420 biosynthesis	Acid mine drainage 3300038487	Richmond-AMD	12	43	Incomplete	Incomplete	True
cell_comparison	S40	14	M00378 | F420 biosynthesis	Freshwater sediment microbial 3300031593	Lake-Towuti	13	32	Complete	Complete	True
cell_comparison	S40	14	M00378 | F420 biosynthesis	Acid mine drainage 3300030082	Richmond-AMD	14	51	Incomplete	Incomplete	True
cell_comparison	S40	14	M00378 | F420 biosynthesis	Freshwater sediment microbial 3300031604	Lake-Towuti	15	30	Complete	Complete	True
cell_comparison	S40	14	M00378 | F420 biosynthesis	Freshwater sediment microbial 3300021518	Lake-Towuti	16	31	Complete	Complete	True
cell_comparison	S40	14	M00378 | F420 biosynthesis	Acid mine drainage 3300030398	Richmond-AMD	17	63	Incomplete	Incomplete	True
cell_comparison	S40	14	M00378 | F420 biosynthesis	Acid mine drainage 3300030242	Richmond-AMD	18	59	Incomplete	Incomplete	True
cell_comparison	S40	14	M00378 | F420 biosynthesis	Hydrotherm Fe rich 3300023439	Hydrothermal-Fe-mats	19	20	Complete	Complete	True
cell_comparison	S40	14	M00378 | F420 biosynthesis	Freshwater microbial communitie 3300024333	Lake-Matano	20	24	Complete	Complete	True
cell_comparison	S40	14	M00378 | F420 biosynthesis	Lab enriched sediment 3300039027	Burr-Oak-BO4	21	11	Incomplete	Incomplete	True
cell_comparison	S40	14	M00378 | F420 biosynthesis	Acid mine drainage 3300039205	Richmond-AMD	22	55	Incomplete	Incomplete	True
cell_comparison	S40	14	M00378 | F420 biosynthesis	Freshwater microbial communitie 3300043827	Lake-Matano	23	27	Complete	Complete	True
cell_comparison	S40	14	M00378 | F420 biosynthesis	Lab enriched acid 3300038471	Akron-AMD	24	4	1 block missing	1 block missing	True
cell_comparison	S40	14	M00378 | F420 biosynthesis	Acid mine drainage 3300030335	Richmond-AMD	25	45	Incomplete	Incomplete	True
cell_comparison	S40	14	M00378 | F420 biosynthesis	Freshwater microbial communitie 3300028737	Lake-Matano	26	26	Complete	Complete	True
cell_comparison	S40	14	M00378 | F420 biosynthesis	Lab enriched acid 3300038411	Akron-AMD	27	5	1 block missing	1 block missing	True
cell_comparison	S40	14	M00378 | F420 biosynthesis	Freshwater sediment microbial 3300031877	Lake-Towuti	28	33	Complete	Complete	True
cell_comparison	S40	14	M00378 | F420 biosynthesis	Acid mine drainage 3300038731	Richmond-AMD	29	42	Incomplete	Incomplete	True
cell_comparison	S40	14	M00378 | F420 biosynthesis	Acid mine drainage 3300038979	Richmond-AMD	30	53	Incomplete	Incomplete	True
cell_comparison	S40	14	M00378 | F420 biosynthesis	Hydrotherm Fe rich 3300023548	Hydrothermal-Fe-mats	31	21	1 block missing	1 block missing	True
cell_comparison	S40	14	M00378 | F420 biosynthesis	Metatransc of freshwater 3300061576	Lake-Superior	32	28	Incomplete	Incomplete	True
cell_comparison	S40	14	M00378 | F420 biosynthesis	Acid mine drainage 3300038486	Richmond-AMD	33	62	Incomplete	Incomplete	True
cell_comparison	S40	14	M00378 | F420 biosynthesis	Freshwater sediment microbial 3300031587	Lake-Towuti	34	39	Complete	Complete	True
cell_comparison	S40	14	M00378 | F420 biosynthesis	Acid Mine Drainage 3300005360	Richmond-AMD	35	54	Incomplete	Incomplete	True
cell_comparison	S40	14	M00378 | F420 biosynthesis	Acid mine drainage 3300008723	Richmond-AMD	36	47	Incomplete	Incomplete	True
cell_comparison	S40	14	M00378 | F420 biosynthesis	Acid mine drainage 3300038493	Richmond-AMD	37	61	Incomplete	Incomplete	True
cell_comparison	S40	14	M00378 | F420 biosynthesis	Freshwater sediment microbial 3300036045	Lake-Towuti	38	35	Complete	Complete	True
cell_comparison	S40	14	M00378 | F420 biosynthesis	Metatransc of lab 3300046013	Akron-AMD	39	8	Incomplete	Incomplete	True
cell_comparison	S40	14	M00378 | F420 biosynthesis	Acid mine drainage 3300038729	Richmond-AMD	40	52	Incomplete	Incomplete	True
cell_comparison	S40	14	M00378 | F420 biosynthesis	Acid mine drainage 3300030413	Richmond-AMD	41	65	Incomplete	Incomplete	True
cell_comparison	S40	14	M00378 | F420 biosynthesis	Lab enriched acid 3300038412	Akron-AMD	42	7	1 block missing	1 block missing	True
cell_comparison	S40	14	M00378 | F420 biosynthesis	Freshwater sediment microbial 3300031806	Lake-Towuti	43	40	Complete	Complete	True
cell_comparison	S40	14	M00378 | F420 biosynthesis	Metatransc of lab 3300055057	Akron-AMD	44	10	Incomplete	Incomplete	True
cell_comparison	S40	14	M00378 | F420 biosynthesis	Hydrotherm Fe rich 3300023440	Hydrothermal-Fe-mats	45	19	Complete	Complete	True
cell_comparison	S40	14	M00378 | F420 biosynthesis	Lab enriched sediment 3300039028	Burr-Oak-BO4	46	12	Incomplete	Incomplete	True
cell_comparison	S40	14	M00378 | F420 biosynthesis	Acid mine drainage 3300008566	Richmond-AMD	47	57	Incomplete	Incomplete	True
cell_comparison	S40	14	M00378 | F420 biosynthesis	Freshwater microbial communitie 3300024341	Lake-Matano	48	25	Complete	Complete	True
cell_comparison	S40	14	M00378 | F420 biosynthesis	Freshwater sediment microbial 3300021517	Lake-Towuti	49	36	Complete	Complete	True
cell_comparison	S40	14	M00378 | F420 biosynthesis	Metatransc of lab 3300055062	Akron-AMD	50	1	Incomplete	Incomplete	True
cell_comparison	S40	14	M00378 | F420 biosynthesis	Hydrotherm Fe rich 3300023442	Hydrothermal-Fe-mats	51	15	Complete	Complete	True
cell_comparison	S40	14	M00378 | F420 biosynthesis	Freshwater sediment microbial 3300036046	Lake-Towuti	52	34	Complete	Complete	True
cell_comparison	S40	14	M00378 | F420 biosynthesis	Hydrotherm Fe rich 3300023313	Hydrothermal-Fe-mats	53	16	Incomplete	Incomplete	True
cell_comparison	S40	14	M00378 | F420 biosynthesis	Acid mine drainage 3300039211	Richmond-AMD	54	60	Incomplete	Incomplete	True
cell_comparison	S40	14	M00378 | F420 biosynthesis	Acid mine drainage 3300008721	Richmond-AMD	55	58	Incomplete	Incomplete	True
cell_comparison	S40	14	M00378 | F420 biosynthesis	Pink biofilm microbial 3300003104	Richmond-AMD	56	49	Incomplete	Incomplete	True
cell_comparison	S40	14	M00378 | F420 biosynthesis	Acid mine drainage 3300038681	Richmond-AMD	57	66	Incomplete	Incomplete	True
cell_comparison	S40	14	M00378 | F420 biosynthesis	Acid mine drainage 3300030228	Richmond-AMD	58	50	Incomplete	Incomplete	True
cell_comparison	S40	14	M00378 | F420 biosynthesis	Metatransc of lab 3300055069	Akron-AMD	59	3	Incomplete	Incomplete	True
cell_comparison	S40	14	M00378 | F420 biosynthesis	Acid Mine Drainage 2010484004	Richmond-AMD	60	46	Incomplete	Incomplete	True
cell_comparison	S40	14	M00378 | F420 biosynthesis	Hydrotherm Fe rich 3300023307	Hydrothermal-Fe-mats	61	13	Incomplete	Incomplete	True
cell_comparison	S40	14	M00378 | F420 biosynthesis	Freshwater sediment microbial 3300031876	Lake-Towuti	62	38	Complete	Complete	True
cell_comparison	S40	14	M00378 | F420 biosynthesis	Freshwater microbial communitie 3300023177	Lake-Matano	63	22	Complete	Complete	True
cell_comparison	S40	14	M00378 | F420 biosynthesis	Biofilm microbial communitie 3300021476	Other-Fe	64	41	Complete	Complete	True
cell_comparison	S40	14	M00378 | F420 biosynthesis	Acid Mine Drainage 3300003083	Richmond-AMD	65	56	Incomplete	Incomplete	True
cell_comparison	S40	14	M00378 | F420 biosynthesis	Hydrotherm Fe rich 3300023444	Hydrothermal-Fe-mats	66	18	Complete	Complete	True
cell_comparison	S40	15	M00176 | Assimilatory sulfate reduction, sulfate -> H2S	Acid mine drainage 3300038494	Richmond-AMD	0	64	Incomplete	Incomplete	True
cell_comparison	S40	15	M00176 | Assimilatory sulfate reduction, sulfate -> H2S	Lab enriched acid 3300038413	Akron-AMD	1	9	Complete	Complete	True
cell_comparison	S40	15	M00176 | Assimilatory sulfate reduction, sulfate -> H2S	Acid mine drainage 3300008567	Richmond-AMD	2	48	Incomplete	Incomplete	True
cell_comparison	S40	15	M00176 | Assimilatory sulfate reduction, sulfate -> H2S	Acid mine drainage 3300030091	Richmond-AMD	3	44	Incomplete	Incomplete	True
cell_comparison	S40	15	M00176 | Assimilatory sulfate reduction, sulfate -> H2S	Hydrotherm Fe rich 3300023310	Hydrothermal-Fe-mats	4	14	1 block missing	1 block missing	True
cell_comparison	S40	15	M00176 | Assimilatory sulfate reduction, sulfate -> H2S	Metatransc of lab 3300046014	Akron-AMD	5	6	Incomplete	Incomplete	True
cell_comparison	S40	15	M00176 | Assimilatory sulfate reduction, sulfate -> H2S	Metatransc of lab 3300055056	Akron-AMD	6	0	Incomplete	Incomplete	True
cell_comparison	S40	15	M00176 | Assimilatory sulfate reduction, sulfate -> H2S	Freshwater sediment microbial 3300010391	Lake-Superior	7	29	Complete	Complete	True
cell_comparison	S40	15	M00176 | Assimilatory sulfate reduction, sulfate -> H2S	Freshwater sediment microbial 3300031898	Lake-Towuti	8	37	Complete	Complete	True
cell_comparison	S40	15	M00176 | Assimilatory sulfate reduction, sulfate -> H2S	Freshwater microbial communitie 3300024300	Lake-Matano	9	23	Complete	Complete	True
cell_comparison	S40	15	M00176 | Assimilatory sulfate reduction, sulfate -> H2S	Metatransc of lab 3300055061	Akron-AMD	10	2	Incomplete	Incomplete	True
cell_comparison	S40	15	M00176 | Assimilatory sulfate reduction, sulfate -> H2S	Hydrotherm Fe rich 3300023368	Hydrothermal-Fe-mats	11	17	1 block missing	1 block missing	True
cell_comparison	S40	15	M00176 | Assimilatory sulfate reduction, sulfate -> H2S	Acid mine drainage 3300038487	Richmond-AMD	12	43	Incomplete	Incomplete	True
cell_comparison	S40	15	M00176 | Assimilatory sulfate reduction, sulfate -> H2S	Freshwater sediment microbial 3300031593	Lake-Towuti	13	32	Complete	Complete	True
cell_comparison	S40	15	M00176 | Assimilatory sulfate reduction, sulfate -> H2S	Acid mine drainage 3300030082	Richmond-AMD	14	51	Incomplete	Incomplete	True
cell_comparison	S40	15	M00176 | Assimilatory sulfate reduction, sulfate -> H2S	Freshwater sediment microbial 3300031604	Lake-Towuti	15	30	1 block missing	1 block missing	True
cell_comparison	S40	15	M00176 | Assimilatory sulfate reduction, sulfate -> H2S	Freshwater sediment microbial 3300021518	Lake-Towuti	16	31	Complete	Complete	True
cell_comparison	S40	15	M00176 | Assimilatory sulfate reduction, sulfate -> H2S	Acid mine drainage 3300030398	Richmond-AMD	17	63	Incomplete	Incomplete	True
cell_comparison	S40	15	M00176 | Assimilatory sulfate reduction, sulfate -> H2S	Acid mine drainage 3300030242	Richmond-AMD	18	59	Incomplete	Incomplete	True
cell_comparison	S40	15	M00176 | Assimilatory sulfate reduction, sulfate -> H2S	Hydrotherm Fe rich 3300023439	Hydrothermal-Fe-mats	19	20	1 block missing	1 block missing	True
cell_comparison	S40	15	M00176 | Assimilatory sulfate reduction, sulfate -> H2S	Freshwater microbial communitie 3300024333	Lake-Matano	20	24	Complete	Complete	True
cell_comparison	S40	15	M00176 | Assimilatory sulfate reduction, sulfate -> H2S	Lab enriched sediment 3300039027	Burr-Oak-BO4	21	11	Incomplete	Incomplete	True
cell_comparison	S40	15	M00176 | Assimilatory sulfate reduction, sulfate -> H2S	Acid mine drainage 3300039205	Richmond-AMD	22	55	Incomplete	Incomplete	True
cell_comparison	S40	15	M00176 | Assimilatory sulfate reduction, sulfate -> H2S	Freshwater microbial communitie 3300043827	Lake-Matano	23	27	1 block missing	1 block missing	True
cell_comparison	S40	15	M00176 | Assimilatory sulfate reduction, sulfate -> H2S	Lab enriched acid 3300038471	Akron-AMD	24	4	1 block missing	1 block missing	True
cell_comparison	S40	15	M00176 | Assimilatory sulfate reduction, sulfate -> H2S	Acid mine drainage 3300030335	Richmond-AMD	25	45	Incomplete	Incomplete	True
cell_comparison	S40	15	M00176 | Assimilatory sulfate reduction, sulfate -> H2S	Freshwater microbial communitie 3300028737	Lake-Matano	26	26	Complete	Complete	True
cell_comparison	S40	15	M00176 | Assimilatory sulfate reduction, sulfate -> H2S	Lab enriched acid 3300038411	Akron-AMD	27	5	Complete	Complete	True
cell_comparison	S40	15	M00176 | Assimilatory sulfate reduction, sulfate -> H2S	Freshwater sediment microbial 3300031877	Lake-Towuti	28	33	Complete	Complete	True
cell_comparison	S40	15	M00176 | Assimilatory sulfate reduction, sulfate -> H2S	Acid mine drainage 3300038731	Richmond-AMD	29	42	Incomplete	Incomplete	True
cell_comparison	S40	15	M00176 | Assimilatory sulfate reduction, sulfate -> H2S	Acid mine drainage 3300038979	Richmond-AMD	30	53	Incomplete	Incomplete	True
cell_comparison	S40	15	M00176 | Assimilatory sulfate reduction, sulfate -> H2S	Hydrotherm Fe rich 3300023548	Hydrothermal-Fe-mats	31	21	1 block missing	1 block missing	True
cell_comparison	S40	15	M00176 | Assimilatory sulfate reduction, sulfate -> H2S	Metatransc of freshwater 3300061576	Lake-Superior	32	28	Complete	Complete	True
cell_comparison	S40	15	M00176 | Assimilatory sulfate reduction, sulfate -> H2S	Acid mine drainage 3300038486	Richmond-AMD	33	62	Incomplete	Incomplete	True
cell_comparison	S40	15	M00176 | Assimilatory sulfate reduction, sulfate -> H2S	Freshwater sediment microbial 3300031587	Lake-Towuti	34	39	1 block missing	1 block missing	True
cell_comparison	S40	15	M00176 | Assimilatory sulfate reduction, sulfate -> H2S	Acid Mine Drainage 3300005360	Richmond-AMD	35	54	Incomplete	Incomplete	True
cell_comparison	S40	15	M00176 | Assimilatory sulfate reduction, sulfate -> H2S	Acid mine drainage 3300008723	Richmond-AMD	36	47	Incomplete	Incomplete	True
cell_comparison	S40	15	M00176 | Assimilatory sulfate reduction, sulfate -> H2S	Acid mine drainage 3300038493	Richmond-AMD	37	61	Incomplete	Incomplete	True
cell_comparison	S40	15	M00176 | Assimilatory sulfate reduction, sulfate -> H2S	Freshwater sediment microbial 3300036045	Lake-Towuti	38	35	Complete	Complete	True
cell_comparison	S40	15	M00176 | Assimilatory sulfate reduction, sulfate -> H2S	Metatransc of lab 3300046013	Akron-AMD	39	8	Complete	Complete	True
cell_comparison	S40	15	M00176 | Assimilatory sulfate reduction, sulfate -> H2S	Acid mine drainage 3300038729	Richmond-AMD	40	52	Incomplete	Incomplete	True
cell_comparison	S40	15	M00176 | Assimilatory sulfate reduction, sulfate -> H2S	Acid mine drainage 3300030413	Richmond-AMD	41	65	Incomplete	Incomplete	True
cell_comparison	S40	15	M00176 | Assimilatory sulfate reduction, sulfate -> H2S	Lab enriched acid 3300038412	Akron-AMD	42	7	1 block missing	1 block missing	True
cell_comparison	S40	15	M00176 | Assimilatory sulfate reduction, sulfate -> H2S	Freshwater sediment microbial 3300031806	Lake-Towuti	43	40	Complete	Complete	True
cell_comparison	S40	15	M00176 | Assimilatory sulfate reduction, sulfate -> H2S	Metatransc of lab 3300055057	Akron-AMD	44	10	Incomplete	Incomplete	True
cell_comparison	S40	15	M00176 | Assimilatory sulfate reduction, sulfate -> H2S	Hydrotherm Fe rich 3300023440	Hydrothermal-Fe-mats	45	19	Complete	Complete	True
cell_comparison	S40	15	M00176 | Assimilatory sulfate reduction, sulfate -> H2S	Lab enriched sediment 3300039028	Burr-Oak-BO4	46	12	1 block missing	1 block missing	True
cell_comparison	S40	15	M00176 | Assimilatory sulfate reduction, sulfate -> H2S	Acid mine drainage 3300008566	Richmond-AMD	47	57	Incomplete	Incomplete	True
cell_comparison	S40	15	M00176 | Assimilatory sulfate reduction, sulfate -> H2S	Freshwater microbial communitie 3300024341	Lake-Matano	48	25	Complete	Complete	True
cell_comparison	S40	15	M00176 | Assimilatory sulfate reduction, sulfate -> H2S	Freshwater sediment microbial 3300021517	Lake-Towuti	49	36	Complete	Complete	True
cell_comparison	S40	15	M00176 | Assimilatory sulfate reduction, sulfate -> H2S	Metatransc of lab 3300055062	Akron-AMD	50	1	Incomplete	Incomplete	True
cell_comparison	S40	15	M00176 | Assimilatory sulfate reduction, sulfate -> H2S	Hydrotherm Fe rich 3300023442	Hydrothermal-Fe-mats	51	15	Complete	Complete	True
cell_comparison	S40	15	M00176 | Assimilatory sulfate reduction, sulfate -> H2S	Freshwater sediment microbial 3300036046	Lake-Towuti	52	34	Complete	Complete	True
cell_comparison	S40	15	M00176 | Assimilatory sulfate reduction, sulfate -> H2S	Hydrotherm Fe rich 3300023313	Hydrothermal-Fe-mats	53	16	Complete	Complete	True
cell_comparison	S40	15	M00176 | Assimilatory sulfate reduction, sulfate -> H2S	Acid mine drainage 3300039211	Richmond-AMD	54	60	Incomplete	Incomplete	True
cell_comparison	S40	15	M00176 | Assimilatory sulfate reduction, sulfate -> H2S	Acid mine drainage 3300008721	Richmond-AMD	55	58	Incomplete	Incomplete	True
cell_comparison	S40	15	M00176 | Assimilatory sulfate reduction, sulfate -> H2S	Pink biofilm microbial 3300003104	Richmond-AMD	56	49	Incomplete	Incomplete	True
cell_comparison	S40	15	M00176 | Assimilatory sulfate reduction, sulfate -> H2S	Acid mine drainage 3300038681	Richmond-AMD	57	66	Incomplete	Incomplete	True
cell_comparison	S40	15	M00176 | Assimilatory sulfate reduction, sulfate -> H2S	Acid mine drainage 3300030228	Richmond-AMD	58	50	Incomplete	Incomplete	True
cell_comparison	S40	15	M00176 | Assimilatory sulfate reduction, sulfate -> H2S	Metatransc of lab 3300055069	Akron-AMD	59	3	Incomplete	Incomplete	True
cell_comparison	S40	15	M00176 | Assimilatory sulfate reduction, sulfate -> H2S	Acid Mine Drainage 2010484004	Richmond-AMD	60	46	Incomplete	Incomplete	True
cell_comparison	S40	15	M00176 | Assimilatory sulfate reduction, sulfate -> H2S	Hydrotherm Fe rich 3300023307	Hydrothermal-Fe-mats	61	13	1 block missing	1 block missing	True
cell_comparison	S40	15	M00176 | Assimilatory sulfate reduction, sulfate -> H2S	Freshwater sediment microbial 3300031876	Lake-Towuti	62	38	Complete	Complete	True
cell_comparison	S40	15	M00176 | Assimilatory sulfate reduction, sulfate -> H2S	Freshwater microbial communitie 3300023177	Lake-Matano	63	22	Complete	Complete	True
cell_comparison	S40	15	M00176 | Assimilatory sulfate reduction, sulfate -> H2S	Biofilm microbial communitie 3300021476	Other-Fe	64	41	Complete	Complete	True
cell_comparison	S40	15	M00176 | Assimilatory sulfate reduction, sulfate -> H2S	Acid Mine Drainage 3300003083	Richmond-AMD	65	56	Incomplete	Incomplete	True
cell_comparison	S40	15	M00176 | Assimilatory sulfate reduction, sulfate -> H2S	Hydrotherm Fe rich 3300023444	Hydrothermal-Fe-mats	66	18	Complete	Complete	True
cell_comparison	S40	16	M00338 | Cysteine biosynthesis, homocysteine + serine -> cysteine	Acid mine drainage 3300038494	Richmond-AMD	0	64	Incomplete	Incomplete	True
cell_comparison	S40	16	M00338 | Cysteine biosynthesis, homocysteine + serine -> cysteine	Lab enriched acid 3300038413	Akron-AMD	1	9	1 block missing	1 block missing	True
cell_comparison	S40	16	M00338 | Cysteine biosynthesis, homocysteine + serine -> cysteine	Acid mine drainage 3300008567	Richmond-AMD	2	48	Incomplete	Incomplete	True
cell_comparison	S40	16	M00338 | Cysteine biosynthesis, homocysteine + serine -> cysteine	Acid mine drainage 3300030091	Richmond-AMD	3	44	1 block missing	1 block missing	True
cell_comparison	S40	16	M00338 | Cysteine biosynthesis, homocysteine + serine -> cysteine	Hydrotherm Fe rich 3300023310	Hydrothermal-Fe-mats	4	14	1 block missing	1 block missing	True
cell_comparison	S40	16	M00338 | Cysteine biosynthesis, homocysteine + serine -> cysteine	Metatransc of lab 3300046014	Akron-AMD	5	6	Incomplete	Incomplete	True
cell_comparison	S40	16	M00338 | Cysteine biosynthesis, homocysteine + serine -> cysteine	Metatransc of lab 3300055056	Akron-AMD	6	0	Incomplete	Incomplete	True
cell_comparison	S40	16	M00338 | Cysteine biosynthesis, homocysteine + serine -> cysteine	Freshwater sediment microbial 3300010391	Lake-Superior	7	29	1 block missing	1 block missing	True
cell_comparison	S40	16	M00338 | Cysteine biosynthesis, homocysteine + serine -> cysteine	Freshwater sediment microbial 3300031898	Lake-Towuti	8	37	Complete	Complete	True
cell_comparison	S40	16	M00338 | Cysteine biosynthesis, homocysteine + serine -> cysteine	Freshwater microbial communitie 3300024300	Lake-Matano	9	23	1 block missing	1 block missing	True
cell_comparison	S40	16	M00338 | Cysteine biosynthesis, homocysteine + serine -> cysteine	Metatransc of lab 3300055061	Akron-AMD	10	2	1 block missing	1 block missing	True
cell_comparison	S40	16	M00338 | Cysteine biosynthesis, homocysteine + serine -> cysteine	Hydrotherm Fe rich 3300023368	Hydrothermal-Fe-mats	11	17	1 block missing	1 block missing	True
cell_comparison	S40	16	M00338 | Cysteine biosynthesis, homocysteine + serine -> cysteine	Acid mine drainage 3300038487	Richmond-AMD	12	43	Incomplete	Incomplete	True
cell_comparison	S40	16	M00338 | Cysteine biosynthesis, homocysteine + serine -> cysteine	Freshwater sediment microbial 3300031593	Lake-Towuti	13	32	Complete	Complete	True
cell_comparison	S40	16	M00338 | Cysteine biosynthesis, homocysteine + serine -> cysteine	Acid mine drainage 3300030082	Richmond-AMD	14	51	1 block missing	1 block missing	True
cell_comparison	S40	16	M00338 | Cysteine biosynthesis, homocysteine + serine -> cysteine	Freshwater sediment microbial 3300031604	Lake-Towuti	15	30	Complete	Complete	True
cell_comparison	S40	16	M00338 | Cysteine biosynthesis, homocysteine + serine -> cysteine	Freshwater sediment microbial 3300021518	Lake-Towuti	16	31	1 block missing	1 block missing	True
cell_comparison	S40	16	M00338 | Cysteine biosynthesis, homocysteine + serine -> cysteine	Acid mine drainage 3300030398	Richmond-AMD	17	63	1 block missing	1 block missing	True
cell_comparison	S40	16	M00338 | Cysteine biosynthesis, homocysteine + serine -> cysteine	Acid mine drainage 3300030242	Richmond-AMD	18	59	1 block missing	1 block missing	True
cell_comparison	S40	16	M00338 | Cysteine biosynthesis, homocysteine + serine -> cysteine	Hydrotherm Fe rich 3300023439	Hydrothermal-Fe-mats	19	20	Complete	Complete	True
cell_comparison	S40	16	M00338 | Cysteine biosynthesis, homocysteine + serine -> cysteine	Freshwater microbial communitie 3300024333	Lake-Matano	20	24	1 block missing	1 block missing	True
cell_comparison	S40	16	M00338 | Cysteine biosynthesis, homocysteine + serine -> cysteine	Lab enriched sediment 3300039027	Burr-Oak-BO4	21	11	Incomplete	Incomplete	True
cell_comparison	S40	16	M00338 | Cysteine biosynthesis, homocysteine + serine -> cysteine	Acid mine drainage 3300039205	Richmond-AMD	22	55	Incomplete	Incomplete	True
cell_comparison	S40	16	M00338 | Cysteine biosynthesis, homocysteine + serine -> cysteine	Freshwater microbial communitie 3300043827	Lake-Matano	23	27	1 block missing	1 block missing	True
cell_comparison	S40	16	M00338 | Cysteine biosynthesis, homocysteine + serine -> cysteine	Lab enriched acid 3300038471	Akron-AMD	24	4	1 block missing	1 block missing	True
cell_comparison	S40	16	M00338 | Cysteine biosynthesis, homocysteine + serine -> cysteine	Acid mine drainage 3300030335	Richmond-AMD	25	45	Incomplete	Incomplete	True
cell_comparison	S40	16	M00338 | Cysteine biosynthesis, homocysteine + serine -> cysteine	Freshwater microbial communitie 3300028737	Lake-Matano	26	26	1 block missing	1 block missing	True
cell_comparison	S40	16	M00338 | Cysteine biosynthesis, homocysteine + serine -> cysteine	Lab enriched acid 3300038411	Akron-AMD	27	5	1 block missing	1 block missing	True
cell_comparison	S40	16	M00338 | Cysteine biosynthesis, homocysteine + serine -> cysteine	Freshwater sediment microbial 3300031877	Lake-Towuti	28	33	1 block missing	1 block missing	True
cell_comparison	S40	16	M00338 | Cysteine biosynthesis, homocysteine + serine -> cysteine	Acid mine drainage 3300038731	Richmond-AMD	29	42	Incomplete	Incomplete	True
cell_comparison	S40	16	M00338 | Cysteine biosynthesis, homocysteine + serine -> cysteine	Acid mine drainage 3300038979	Richmond-AMD	30	53	Incomplete	Incomplete	True
cell_comparison	S40	16	M00338 | Cysteine biosynthesis, homocysteine + serine -> cysteine	Hydrotherm Fe rich 3300023548	Hydrothermal-Fe-mats	31	21	1 block missing	1 block missing	True
cell_comparison	S40	16	M00338 | Cysteine biosynthesis, homocysteine + serine -> cysteine	Metatransc of freshwater 3300061576	Lake-Superior	32	28	1 block missing	1 block missing	True
cell_comparison	S40	16	M00338 | Cysteine biosynthesis, homocysteine + serine -> cysteine	Acid mine drainage 3300038486	Richmond-AMD	33	62	Incomplete	Incomplete	True
cell_comparison	S40	16	M00338 | Cysteine biosynthesis, homocysteine + serine -> cysteine	Freshwater sediment microbial 3300031587	Lake-Towuti	34	39	Complete	Complete	True
cell_comparison	S40	16	M00338 | Cysteine biosynthesis, homocysteine + serine -> cysteine	Acid Mine Drainage 3300005360	Richmond-AMD	35	54	Incomplete	Incomplete	True
cell_comparison	S40	16	M00338 | Cysteine biosynthesis, homocysteine + serine -> cysteine	Acid mine drainage 3300008723	Richmond-AMD	36	47	Incomplete	Incomplete	True
cell_comparison	S40	16	M00338 | Cysteine biosynthesis, homocysteine + serine -> cysteine	Acid mine drainage 3300038493	Richmond-AMD	37	61	Incomplete	Incomplete	True
cell_comparison	S40	16	M00338 | Cysteine biosynthesis, homocysteine + serine -> cysteine	Freshwater sediment microbial 3300036045	Lake-Towuti	38	35	1 block missing	1 block missing	True
cell_comparison	S40	16	M00338 | Cysteine biosynthesis, homocysteine + serine -> cysteine	Metatransc of lab 3300046013	Akron-AMD	39	8	1 block missing	1 block missing	True
cell_comparison	S40	16	M00338 | Cysteine biosynthesis, homocysteine + serine -> cysteine	Acid mine drainage 3300038729	Richmond-AMD	40	52	Incomplete	Incomplete	True
cell_comparison	S40	16	M00338 | Cysteine biosynthesis, homocysteine + serine -> cysteine	Acid mine drainage 3300030413	Richmond-AMD	41	65	1 block missing	1 block missing	True
cell_comparison	S40	16	M00338 | Cysteine biosynthesis, homocysteine + serine -> cysteine	Lab enriched acid 3300038412	Akron-AMD	42	7	1 block missing	1 block missing	True
cell_comparison	S40	16	M00338 | Cysteine biosynthesis, homocysteine + serine -> cysteine	Freshwater sediment microbial 3300031806	Lake-Towuti	43	40	Complete	Complete	True
cell_comparison	S40	16	M00338 | Cysteine biosynthesis, homocysteine + serine -> cysteine	Metatransc of lab 3300055057	Akron-AMD	44	10	Incomplete	Incomplete	True
cell_comparison	S40	16	M00338 | Cysteine biosynthesis, homocysteine + serine -> cysteine	Hydrotherm Fe rich 3300023440	Hydrothermal-Fe-mats	45	19	Complete	Complete	True
cell_comparison	S40	16	M00338 | Cysteine biosynthesis, homocysteine + serine -> cysteine	Lab enriched sediment 3300039028	Burr-Oak-BO4	46	12	1 block missing	1 block missing	True
cell_comparison	S40	16	M00338 | Cysteine biosynthesis, homocysteine + serine -> cysteine	Acid mine drainage 3300008566	Richmond-AMD	47	57	Incomplete	Incomplete	True
cell_comparison	S40	16	M00338 | Cysteine biosynthesis, homocysteine + serine -> cysteine	Freshwater microbial communitie 3300024341	Lake-Matano	48	25	1 block missing	1 block missing	True
cell_comparison	S40	16	M00338 | Cysteine biosynthesis, homocysteine + serine -> cysteine	Freshwater sediment microbial 3300021517	Lake-Towuti	49	36	1 block missing	1 block missing	True
cell_comparison	S40	16	M00338 | Cysteine biosynthesis, homocysteine + serine -> cysteine	Metatransc of lab 3300055062	Akron-AMD	50	1	1 block missing	1 block missing	True
cell_comparison	S40	16	M00338 | Cysteine biosynthesis, homocysteine + serine -> cysteine	Hydrotherm Fe rich 3300023442	Hydrothermal-Fe-mats	51	15	1 block missing	1 block missing	True
cell_comparison	S40	16	M00338 | Cysteine biosynthesis, homocysteine + serine -> cysteine	Freshwater sediment microbial 3300036046	Lake-Towuti	52	34	1 block missing	1 block missing	True
cell_comparison	S40	16	M00338 | Cysteine biosynthesis, homocysteine + serine -> cysteine	Hydrotherm Fe rich 3300023313	Hydrothermal-Fe-mats	53	16	Complete	Complete	True
cell_comparison	S40	16	M00338 | Cysteine biosynthesis, homocysteine + serine -> cysteine	Acid mine drainage 3300039211	Richmond-AMD	54	60	Incomplete	Incomplete	True
cell_comparison	S40	16	M00338 | Cysteine biosynthesis, homocysteine + serine -> cysteine	Acid mine drainage 3300008721	Richmond-AMD	55	58	Incomplete	Incomplete	True
cell_comparison	S40	16	M00338 | Cysteine biosynthesis, homocysteine + serine -> cysteine	Pink biofilm microbial 3300003104	Richmond-AMD	56	49	Incomplete	Incomplete	True
cell_comparison	S40	16	M00338 | Cysteine biosynthesis, homocysteine + serine -> cysteine	Acid mine drainage 3300038681	Richmond-AMD	57	66	Incomplete	Incomplete	True
cell_comparison	S40	16	M00338 | Cysteine biosynthesis, homocysteine + serine -> cysteine	Acid mine drainage 3300030228	Richmond-AMD	58	50	1 block missing	1 block missing	True
cell_comparison	S40	16	M00338 | Cysteine biosynthesis, homocysteine + serine -> cysteine	Metatransc of lab 3300055069	Akron-AMD	59	3	Incomplete	Incomplete	True
cell_comparison	S40	16	M00338 | Cysteine biosynthesis, homocysteine + serine -> cysteine	Acid Mine Drainage 2010484004	Richmond-AMD	60	46	1 block missing	1 block missing	True
cell_comparison	S40	16	M00338 | Cysteine biosynthesis, homocysteine + serine -> cysteine	Hydrotherm Fe rich 3300023307	Hydrothermal-Fe-mats	61	13	Incomplete	Incomplete	True
cell_comparison	S40	16	M00338 | Cysteine biosynthesis, homocysteine + serine -> cysteine	Freshwater sediment microbial 3300031876	Lake-Towuti	62	38	Complete	Complete	True
cell_comparison	S40	16	M00338 | Cysteine biosynthesis, homocysteine + serine -> cysteine	Freshwater microbial communitie 3300023177	Lake-Matano	63	22	1 block missing	1 block missing	True
cell_comparison	S40	16	M00338 | Cysteine biosynthesis, homocysteine + serine -> cysteine	Biofilm microbial communitie 3300021476	Other-Fe	64	41	1 block missing	1 block missing	True
cell_comparison	S40	16	M00338 | Cysteine biosynthesis, homocysteine + serine -> cysteine	Acid Mine Drainage 3300003083	Richmond-AMD	65	56	Incomplete	Incomplete	True
cell_comparison	S40	16	M00338 | Cysteine biosynthesis, homocysteine + serine -> cysteine	Hydrotherm Fe rich 3300023444	Hydrothermal-Fe-mats	66	18	1 block missing	1 block missing	True
cell_comparison	S40	17	M00596 | Dissimilatory sulfate reduction, sulfate -> H2S	Acid mine drainage 3300038494	Richmond-AMD	0	64	Incomplete	Incomplete	True
cell_comparison	S40	17	M00596 | Dissimilatory sulfate reduction, sulfate -> H2S	Lab enriched acid 3300038413	Akron-AMD	1	9	Complete	Complete	True
cell_comparison	S40	17	M00596 | Dissimilatory sulfate reduction, sulfate -> H2S	Acid mine drainage 3300008567	Richmond-AMD	2	48	Incomplete	Incomplete	True
cell_comparison	S40	17	M00596 | Dissimilatory sulfate reduction, sulfate -> H2S	Acid mine drainage 3300030091	Richmond-AMD	3	44	Incomplete	Incomplete	True
cell_comparison	S40	17	M00596 | Dissimilatory sulfate reduction, sulfate -> H2S	Hydrotherm Fe rich 3300023310	Hydrothermal-Fe-mats	4	14	Complete	Complete	True
cell_comparison	S40	17	M00596 | Dissimilatory sulfate reduction, sulfate -> H2S	Metatransc of lab 3300046014	Akron-AMD	5	6	Incomplete	Incomplete	True
cell_comparison	S40	17	M00596 | Dissimilatory sulfate reduction, sulfate -> H2S	Metatransc of lab 3300055056	Akron-AMD	6	0	Incomplete	Incomplete	True
cell_comparison	S40	17	M00596 | Dissimilatory sulfate reduction, sulfate -> H2S	Freshwater sediment microbial 3300010391	Lake-Superior	7	29	Complete	Complete	True
cell_comparison	S40	17	M00596 | Dissimilatory sulfate reduction, sulfate -> H2S	Freshwater sediment microbial 3300031898	Lake-Towuti	8	37	Complete	Complete	True
cell_comparison	S40	17	M00596 | Dissimilatory sulfate reduction, sulfate -> H2S	Freshwater microbial communitie 3300024300	Lake-Matano	9	23	Complete	Complete	True
cell_comparison	S40	17	M00596 | Dissimilatory sulfate reduction, sulfate -> H2S	Metatransc of lab 3300055061	Akron-AMD	10	2	Incomplete	Incomplete	True
cell_comparison	S40	17	M00596 | Dissimilatory sulfate reduction, sulfate -> H2S	Hydrotherm Fe rich 3300023368	Hydrothermal-Fe-mats	11	17	Complete	Complete	True
cell_comparison	S40	17	M00596 | Dissimilatory sulfate reduction, sulfate -> H2S	Acid mine drainage 3300038487	Richmond-AMD	12	43	Incomplete	Incomplete	True
cell_comparison	S40	17	M00596 | Dissimilatory sulfate reduction, sulfate -> H2S	Freshwater sediment microbial 3300031593	Lake-Towuti	13	32	Complete	Complete	True
cell_comparison	S40	17	M00596 | Dissimilatory sulfate reduction, sulfate -> H2S	Acid mine drainage 3300030082	Richmond-AMD	14	51	Incomplete	Incomplete	True
cell_comparison	S40	17	M00596 | Dissimilatory sulfate reduction, sulfate -> H2S	Freshwater sediment microbial 3300031604	Lake-Towuti	15	30	Complete	Complete	True
cell_comparison	S40	17	M00596 | Dissimilatory sulfate reduction, sulfate -> H2S	Freshwater sediment microbial 3300021518	Lake-Towuti	16	31	Complete	Complete	True
cell_comparison	S40	17	M00596 | Dissimilatory sulfate reduction, sulfate -> H2S	Acid mine drainage 3300030398	Richmond-AMD	17	63	Incomplete	Incomplete	True
cell_comparison	S40	17	M00596 | Dissimilatory sulfate reduction, sulfate -> H2S	Acid mine drainage 3300030242	Richmond-AMD	18	59	Incomplete	Incomplete	True
cell_comparison	S40	17	M00596 | Dissimilatory sulfate reduction, sulfate -> H2S	Hydrotherm Fe rich 3300023439	Hydrothermal-Fe-mats	19	20	Complete	Complete	True
cell_comparison	S40	17	M00596 | Dissimilatory sulfate reduction, sulfate -> H2S	Freshwater microbial communitie 3300024333	Lake-Matano	20	24	Complete	Complete	True
cell_comparison	S40	17	M00596 | Dissimilatory sulfate reduction, sulfate -> H2S	Lab enriched sediment 3300039027	Burr-Oak-BO4	21	11	Incomplete	Incomplete	True
cell_comparison	S40	17	M00596 | Dissimilatory sulfate reduction, sulfate -> H2S	Acid mine drainage 3300039205	Richmond-AMD	22	55	Incomplete	Incomplete	True
cell_comparison	S40	17	M00596 | Dissimilatory sulfate reduction, sulfate -> H2S	Freshwater microbial communitie 3300043827	Lake-Matano	23	27	Incomplete	Incomplete	True
cell_comparison	S40	17	M00596 | Dissimilatory sulfate reduction, sulfate -> H2S	Lab enriched acid 3300038471	Akron-AMD	24	4	Complete	Complete	True
cell_comparison	S40	17	M00596 | Dissimilatory sulfate reduction, sulfate -> H2S	Acid mine drainage 3300030335	Richmond-AMD	25	45	Incomplete	Incomplete	True
cell_comparison	S40	17	M00596 | Dissimilatory sulfate reduction, sulfate -> H2S	Freshwater microbial communitie 3300028737	Lake-Matano	26	26	Complete	Complete	True
cell_comparison	S40	17	M00596 | Dissimilatory sulfate reduction, sulfate -> H2S	Lab enriched acid 3300038411	Akron-AMD	27	5	Complete	Complete	True
cell_comparison	S40	17	M00596 | Dissimilatory sulfate reduction, sulfate -> H2S	Freshwater sediment microbial 3300031877	Lake-Towuti	28	33	Complete	Complete	True
cell_comparison	S40	17	M00596 | Dissimilatory sulfate reduction, sulfate -> H2S	Acid mine drainage 3300038731	Richmond-AMD	29	42	Incomplete	Incomplete	True
cell_comparison	S40	17	M00596 | Dissimilatory sulfate reduction, sulfate -> H2S	Acid mine drainage 3300038979	Richmond-AMD	30	53	Incomplete	Incomplete	True
cell_comparison	S40	17	M00596 | Dissimilatory sulfate reduction, sulfate -> H2S	Hydrotherm Fe rich 3300023548	Hydrothermal-Fe-mats	31	21	Complete	Complete	True
cell_comparison	S40	17	M00596 | Dissimilatory sulfate reduction, sulfate -> H2S	Metatransc of freshwater 3300061576	Lake-Superior	32	28	Incomplete	Incomplete	True
cell_comparison	S40	17	M00596 | Dissimilatory sulfate reduction, sulfate -> H2S	Acid mine drainage 3300038486	Richmond-AMD	33	62	Incomplete	Incomplete	True
cell_comparison	S40	17	M00596 | Dissimilatory sulfate reduction, sulfate -> H2S	Freshwater sediment microbial 3300031587	Lake-Towuti	34	39	Complete	Complete	True
cell_comparison	S40	17	M00596 | Dissimilatory sulfate reduction, sulfate -> H2S	Acid Mine Drainage 3300005360	Richmond-AMD	35	54	Incomplete	Incomplete	True
cell_comparison	S40	17	M00596 | Dissimilatory sulfate reduction, sulfate -> H2S	Acid mine drainage 3300008723	Richmond-AMD	36	47	Incomplete	Incomplete	True
cell_comparison	S40	17	M00596 | Dissimilatory sulfate reduction, sulfate -> H2S	Acid mine drainage 3300038493	Richmond-AMD	37	61	Incomplete	Incomplete	True
cell_comparison	S40	17	M00596 | Dissimilatory sulfate reduction, sulfate -> H2S	Freshwater sediment microbial 3300036045	Lake-Towuti	38	35	Complete	Complete	True
cell_comparison	S40	17	M00596 | Dissimilatory sulfate reduction, sulfate -> H2S	Metatransc of lab 3300046013	Akron-AMD	39	8	Complete	Complete	True
cell_comparison	S40	17	M00596 | Dissimilatory sulfate reduction, sulfate -> H2S	Acid mine drainage 3300038729	Richmond-AMD	40	52	Incomplete	Incomplete	True
cell_comparison	S40	17	M00596 | Dissimilatory sulfate reduction, sulfate -> H2S	Acid mine drainage 3300030413	Richmond-AMD	41	65	Incomplete	Incomplete	True
cell_comparison	S40	17	M00596 | Dissimilatory sulfate reduction, sulfate -> H2S	Lab enriched acid 3300038412	Akron-AMD	42	7	Complete	Complete	True
cell_comparison	S40	17	M00596 | Dissimilatory sulfate reduction, sulfate -> H2S	Freshwater sediment microbial 3300031806	Lake-Towuti	43	40	Complete	Complete	True
cell_comparison	S40	17	M00596 | Dissimilatory sulfate reduction, sulfate -> H2S	Metatransc of lab 3300055057	Akron-AMD	44	10	Incomplete	Incomplete	True
cell_comparison	S40	17	M00596 | Dissimilatory sulfate reduction, sulfate -> H2S	Hydrotherm Fe rich 3300023440	Hydrothermal-Fe-mats	45	19	Complete	Complete	True
cell_comparison	S40	17	M00596 | Dissimilatory sulfate reduction, sulfate -> H2S	Lab enriched sediment 3300039028	Burr-Oak-BO4	46	12	Incomplete	Incomplete	True
cell_comparison	S40	17	M00596 | Dissimilatory sulfate reduction, sulfate -> H2S	Acid mine drainage 3300008566	Richmond-AMD	47	57	Incomplete	Incomplete	True
cell_comparison	S40	17	M00596 | Dissimilatory sulfate reduction, sulfate -> H2S	Freshwater microbial communitie 3300024341	Lake-Matano	48	25	Complete	Complete	True
cell_comparison	S40	17	M00596 | Dissimilatory sulfate reduction, sulfate -> H2S	Freshwater sediment microbial 3300021517	Lake-Towuti	49	36	1 block missing	1 block missing	True
cell_comparison	S40	17	M00596 | Dissimilatory sulfate reduction, sulfate -> H2S	Metatransc of lab 3300055062	Akron-AMD	50	1	1 block missing	1 block missing	True
cell_comparison	S40	17	M00596 | Dissimilatory sulfate reduction, sulfate -> H2S	Hydrotherm Fe rich 3300023442	Hydrothermal-Fe-mats	51	15	Complete	Complete	True
cell_comparison	S40	17	M00596 | Dissimilatory sulfate reduction, sulfate -> H2S	Freshwater sediment microbial 3300036046	Lake-Towuti	52	34	Complete	Complete	True
cell_comparison	S40	17	M00596 | Dissimilatory sulfate reduction, sulfate -> H2S	Hydrotherm Fe rich 3300023313	Hydrothermal-Fe-mats	53	16	Complete	Complete	True
cell_comparison	S40	17	M00596 | Dissimilatory sulfate reduction, sulfate -> H2S	Acid mine drainage 3300039211	Richmond-AMD	54	60	Incomplete	Incomplete	True
cell_comparison	S40	17	M00596 | Dissimilatory sulfate reduction, sulfate -> H2S	Acid mine drainage 3300008721	Richmond-AMD	55	58	Incomplete	Incomplete	True
cell_comparison	S40	17	M00596 | Dissimilatory sulfate reduction, sulfate -> H2S	Pink biofilm microbial 3300003104	Richmond-AMD	56	49	Incomplete	Incomplete	True
cell_comparison	S40	17	M00596 | Dissimilatory sulfate reduction, sulfate -> H2S	Acid mine drainage 3300038681	Richmond-AMD	57	66	Incomplete	Incomplete	True
cell_comparison	S40	17	M00596 | Dissimilatory sulfate reduction, sulfate -> H2S	Acid mine drainage 3300030228	Richmond-AMD	58	50	Incomplete	Incomplete	True
cell_comparison	S40	17	M00596 | Dissimilatory sulfate reduction, sulfate -> H2S	Metatransc of lab 3300055069	Akron-AMD	59	3	Incomplete	Incomplete	True
cell_comparison	S40	17	M00596 | Dissimilatory sulfate reduction, sulfate -> H2S	Acid Mine Drainage 2010484004	Richmond-AMD	60	46	Incomplete	Incomplete	True
cell_comparison	S40	17	M00596 | Dissimilatory sulfate reduction, sulfate -> H2S	Hydrotherm Fe rich 3300023307	Hydrothermal-Fe-mats	61	13	Incomplete	Incomplete	True
cell_comparison	S40	17	M00596 | Dissimilatory sulfate reduction, sulfate -> H2S	Freshwater sediment microbial 3300031876	Lake-Towuti	62	38	Complete	Complete	True
cell_comparison	S40	17	M00596 | Dissimilatory sulfate reduction, sulfate -> H2S	Freshwater microbial communitie 3300023177	Lake-Matano	63	22	Complete	Complete	True
cell_comparison	S40	17	M00596 | Dissimilatory sulfate reduction, sulfate -> H2S	Biofilm microbial communitie 3300021476	Other-Fe	64	41	Complete	Complete	True
cell_comparison	S40	17	M00596 | Dissimilatory sulfate reduction, sulfate -> H2S	Acid Mine Drainage 3300003083	Richmond-AMD	65	56	Incomplete	Incomplete	True
cell_comparison	S40	17	M00596 | Dissimilatory sulfate reduction, sulfate -> H2S	Hydrotherm Fe rich 3300023444	Hydrothermal-Fe-mats	66	18	Complete	Complete	True
cell_comparison	S40	18	M00609 | Cysteine biosynthesis, methionine -> cysteine	Acid mine drainage 3300038494	Richmond-AMD	0	64	Incomplete	Incomplete	True
cell_comparison	S40	18	M00609 | Cysteine biosynthesis, methionine -> cysteine	Lab enriched acid 3300038413	Akron-AMD	1	9	Incomplete	Incomplete	True
cell_comparison	S40	18	M00609 | Cysteine biosynthesis, methionine -> cysteine	Acid mine drainage 3300008567	Richmond-AMD	2	48	Incomplete	Incomplete	True
cell_comparison	S40	18	M00609 | Cysteine biosynthesis, methionine -> cysteine	Acid mine drainage 3300030091	Richmond-AMD	3	44	Incomplete	Incomplete	True
cell_comparison	S40	18	M00609 | Cysteine biosynthesis, methionine -> cysteine	Hydrotherm Fe rich 3300023310	Hydrothermal-Fe-mats	4	14	Incomplete	Incomplete	True
cell_comparison	S40	18	M00609 | Cysteine biosynthesis, methionine -> cysteine	Metatransc of lab 3300046014	Akron-AMD	5	6	Incomplete	Incomplete	True
cell_comparison	S40	18	M00609 | Cysteine biosynthesis, methionine -> cysteine	Metatransc of lab 3300055056	Akron-AMD	6	0	Incomplete	Incomplete	True
cell_comparison	S40	18	M00609 | Cysteine biosynthesis, methionine -> cysteine	Freshwater sediment microbial 3300010391	Lake-Superior	7	29	1 block missing	1 block missing	True
cell_comparison	S40	18	M00609 | Cysteine biosynthesis, methionine -> cysteine	Freshwater sediment microbial 3300031898	Lake-Towuti	8	37	1 block missing	1 block missing	True
cell_comparison	S40	18	M00609 | Cysteine biosynthesis, methionine -> cysteine	Freshwater microbial communitie 3300024300	Lake-Matano	9	23	1 block missing	1 block missing	True
cell_comparison	S40	18	M00609 | Cysteine biosynthesis, methionine -> cysteine	Metatransc of lab 3300055061	Akron-AMD	10	2	Incomplete	Incomplete	True
cell_comparison	S40	18	M00609 | Cysteine biosynthesis, methionine -> cysteine	Hydrotherm Fe rich 3300023368	Hydrothermal-Fe-mats	11	17	Incomplete	Incomplete	True
cell_comparison	S40	18	M00609 | Cysteine biosynthesis, methionine -> cysteine	Acid mine drainage 3300038487	Richmond-AMD	12	43	Incomplete	Incomplete	True
cell_comparison	S40	18	M00609 | Cysteine biosynthesis, methionine -> cysteine	Freshwater sediment microbial 3300031593	Lake-Towuti	13	32	Incomplete	Incomplete	True
cell_comparison	S40	18	M00609 | Cysteine biosynthesis, methionine -> cysteine	Acid mine drainage 3300030082	Richmond-AMD	14	51	Incomplete	Incomplete	True
cell_comparison	S40	18	M00609 | Cysteine biosynthesis, methionine -> cysteine	Freshwater sediment microbial 3300031604	Lake-Towuti	15	30	1 block missing	1 block missing	True
cell_comparison	S40	18	M00609 | Cysteine biosynthesis, methionine -> cysteine	Freshwater sediment microbial 3300021518	Lake-Towuti	16	31	Complete	Complete	True
cell_comparison	S40	18	M00609 | Cysteine biosynthesis, methionine -> cysteine	Acid mine drainage 3300030398	Richmond-AMD	17	63	Incomplete	Incomplete	True
cell_comparison	S40	18	M00609 | Cysteine biosynthesis, methionine -> cysteine	Acid mine drainage 3300030242	Richmond-AMD	18	59	Incomplete	Incomplete	True
cell_comparison	S40	18	M00609 | Cysteine biosynthesis, methionine -> cysteine	Hydrotherm Fe rich 3300023439	Hydrothermal-Fe-mats	19	20	Incomplete	Incomplete	True
cell_comparison	S40	18	M00609 | Cysteine biosynthesis, methionine -> cysteine	Freshwater microbial communitie 3300024333	Lake-Matano	20	24	1 block missing	1 block missing	True
cell_comparison	S40	18	M00609 | Cysteine biosynthesis, methionine -> cysteine	Lab enriched sediment 3300039027	Burr-Oak-BO4	21	11	Incomplete	Incomplete	True
cell_comparison	S40	18	M00609 | Cysteine biosynthesis, methionine -> cysteine	Acid mine drainage 3300039205	Richmond-AMD	22	55	Incomplete	Incomplete	True
cell_comparison	S40	18	M00609 | Cysteine biosynthesis, methionine -> cysteine	Freshwater microbial communitie 3300043827	Lake-Matano	23	27	Incomplete	Incomplete	True
cell_comparison	S40	18	M00609 | Cysteine biosynthesis, methionine -> cysteine	Lab enriched acid 3300038471	Akron-AMD	24	4	Incomplete	Incomplete	True
cell_comparison	S40	18	M00609 | Cysteine biosynthesis, methionine -> cysteine	Acid mine drainage 3300030335	Richmond-AMD	25	45	Incomplete	Incomplete	True
cell_comparison	S40	18	M00609 | Cysteine biosynthesis, methionine -> cysteine	Freshwater microbial communitie 3300028737	Lake-Matano	26	26	Incomplete	Incomplete	True
cell_comparison	S40	18	M00609 | Cysteine biosynthesis, methionine -> cysteine	Lab enriched acid 3300038411	Akron-AMD	27	5	1 block missing	1 block missing	True
cell_comparison	S40	18	M00609 | Cysteine biosynthesis, methionine -> cysteine	Freshwater sediment microbial 3300031877	Lake-Towuti	28	33	1 block missing	1 block missing	True
cell_comparison	S40	18	M00609 | Cysteine biosynthesis, methionine -> cysteine	Acid mine drainage 3300038731	Richmond-AMD	29	42	Incomplete	Incomplete	True
cell_comparison	S40	18	M00609 | Cysteine biosynthesis, methionine -> cysteine	Acid mine drainage 3300038979	Richmond-AMD	30	53	Incomplete	Incomplete	True
cell_comparison	S40	18	M00609 | Cysteine biosynthesis, methionine -> cysteine	Hydrotherm Fe rich 3300023548	Hydrothermal-Fe-mats	31	21	Incomplete	Incomplete	True
cell_comparison	S40	18	M00609 | Cysteine biosynthesis, methionine -> cysteine	Metatransc of freshwater 3300061576	Lake-Superior	32	28	Incomplete	Incomplete	True
cell_comparison	S40	18	M00609 | Cysteine biosynthesis, methionine -> cysteine	Acid mine drainage 3300038486	Richmond-AMD	33	62	Incomplete	Incomplete	True
cell_comparison	S40	18	M00609 | Cysteine biosynthesis, methionine -> cysteine	Freshwater sediment microbial 3300031587	Lake-Towuti	34	39	Incomplete	Incomplete	True
cell_comparison	S40	18	M00609 | Cysteine biosynthesis, methionine -> cysteine	Acid Mine Drainage 3300005360	Richmond-AMD	35	54	Incomplete	Incomplete	True
cell_comparison	S40	18	M00609 | Cysteine biosynthesis, methionine -> cysteine	Acid mine drainage 3300008723	Richmond-AMD	36	47	Incomplete	Incomplete	True
cell_comparison	S40	18	M00609 | Cysteine biosynthesis, methionine -> cysteine	Acid mine drainage 3300038493	Richmond-AMD	37	61	Incomplete	Incomplete	True
cell_comparison	S40	18	M00609 | Cysteine biosynthesis, methionine -> cysteine	Freshwater sediment microbial 3300036045	Lake-Towuti	38	35	Complete	Complete	True
cell_comparison	S40	18	M00609 | Cysteine biosynthesis, methionine -> cysteine	Metatransc of lab 3300046013	Akron-AMD	39	8	Incomplete	Incomplete	True
cell_comparison	S40	18	M00609 | Cysteine biosynthesis, methionine -> cysteine	Acid mine drainage 3300038729	Richmond-AMD	40	52	Incomplete	Incomplete	True
cell_comparison	S40	18	M00609 | Cysteine biosynthesis, methionine -> cysteine	Acid mine drainage 3300030413	Richmond-AMD	41	65	Incomplete	Incomplete	True
cell_comparison	S40	18	M00609 | Cysteine biosynthesis, methionine -> cysteine	Lab enriched acid 3300038412	Akron-AMD	42	7	Incomplete	Incomplete	True
cell_comparison	S40	18	M00609 | Cysteine biosynthesis, methionine -> cysteine	Freshwater sediment microbial 3300031806	Lake-Towuti	43	40	Incomplete	Incomplete	True
cell_comparison	S40	18	M00609 | Cysteine biosynthesis, methionine -> cysteine	Metatransc of lab 3300055057	Akron-AMD	44	10	Incomplete	Incomplete	True
cell_comparison	S40	18	M00609 | Cysteine biosynthesis, methionine -> cysteine	Hydrotherm Fe rich 3300023440	Hydrothermal-Fe-mats	45	19	1 block missing	1 block missing	True
cell_comparison	S40	18	M00609 | Cysteine biosynthesis, methionine -> cysteine	Lab enriched sediment 3300039028	Burr-Oak-BO4	46	12	Incomplete	Incomplete	True
cell_comparison	S40	18	M00609 | Cysteine biosynthesis, methionine -> cysteine	Acid mine drainage 3300008566	Richmond-AMD	47	57	Incomplete	Incomplete	True
cell_comparison	S40	18	M00609 | Cysteine biosynthesis, methionine -> cysteine	Freshwater microbial communitie 3300024341	Lake-Matano	48	25	1 block missing	1 block missing	True
cell_comparison	S40	18	M00609 | Cysteine biosynthesis, methionine -> cysteine	Freshwater sediment microbial 3300021517	Lake-Towuti	49	36	Complete	Complete	True
cell_comparison	S40	18	M00609 | Cysteine biosynthesis, methionine -> cysteine	Metatransc of lab 3300055062	Akron-AMD	50	1	Incomplete	Incomplete	True
cell_comparison	S40	18	M00609 | Cysteine biosynthesis, methionine -> cysteine	Hydrotherm Fe rich 3300023442	Hydrothermal-Fe-mats	51	15	Incomplete	Incomplete	True
cell_comparison	S40	18	M00609 | Cysteine biosynthesis, methionine -> cysteine	Freshwater sediment microbial 3300036046	Lake-Towuti	52	34	Complete	Complete	True
cell_comparison	S40	18	M00609 | Cysteine biosynthesis, methionine -> cysteine	Hydrotherm Fe rich 3300023313	Hydrothermal-Fe-mats	53	16	Incomplete	Incomplete	True
cell_comparison	S40	18	M00609 | Cysteine biosynthesis, methionine -> cysteine	Acid mine drainage 3300039211	Richmond-AMD	54	60	Incomplete	Incomplete	True
cell_comparison	S40	18	M00609 | Cysteine biosynthesis, methionine -> cysteine	Acid mine drainage 3300008721	Richmond-AMD	55	58	Incomplete	Incomplete	True
cell_comparison	S40	18	M00609 | Cysteine biosynthesis, methionine -> cysteine	Pink biofilm microbial 3300003104	Richmond-AMD	56	49	Incomplete	Incomplete	True
cell_comparison	S40	18	M00609 | Cysteine biosynthesis, methionine -> cysteine	Acid mine drainage 3300038681	Richmond-AMD	57	66	Incomplete	Incomplete	True
cell_comparison	S40	18	M00609 | Cysteine biosynthesis, methionine -> cysteine	Acid mine drainage 3300030228	Richmond-AMD	58	50	Incomplete	Incomplete	True
cell_comparison	S40	18	M00609 | Cysteine biosynthesis, methionine -> cysteine	Metatransc of lab 3300055069	Akron-AMD	59	3	Incomplete	Incomplete	True
cell_comparison	S40	18	M00609 | Cysteine biosynthesis, methionine -> cysteine	Acid Mine Drainage 2010484004	Richmond-AMD	60	46	Incomplete	Incomplete	True
cell_comparison	S40	18	M00609 | Cysteine biosynthesis, methionine -> cysteine	Hydrotherm Fe rich 3300023307	Hydrothermal-Fe-mats	61	13	Incomplete	Incomplete	True
cell_comparison	S40	18	M00609 | Cysteine biosynthesis, methionine -> cysteine	Freshwater sediment microbial 3300031876	Lake-Towuti	62	38	1 block missing	1 block missing	True
cell_comparison	S40	18	M00609 | Cysteine biosynthesis, methionine -> cysteine	Freshwater microbial communitie 3300023177	Lake-Matano	63	22	1 block missing	1 block missing	True
cell_comparison	S40	18	M00609 | Cysteine biosynthesis, methionine -> cysteine	Biofilm microbial communitie 3300021476	Other-Fe	64	41	Incomplete	Incomplete	True
cell_comparison	S40	18	M00609 | Cysteine biosynthesis, methionine -> cysteine	Acid Mine Drainage 3300003083	Richmond-AMD	65	56	Incomplete	Incomplete	True
cell_comparison	S40	18	M00609 | Cysteine biosynthesis, methionine -> cysteine	Hydrotherm Fe rich 3300023444	Hydrothermal-Fe-mats	66	18	1 block missing	1 block missing	True
cell_comparison	S40	19	M00161 | Photosystem II	Acid mine drainage 3300038494	Richmond-AMD	0	64	Incomplete	Incomplete	True
cell_comparison	S40	19	M00161 | Photosystem II	Lab enriched acid 3300038413	Akron-AMD	1	9	Incomplete	Incomplete	True
cell_comparison	S40	19	M00161 | Photosystem II	Acid mine drainage 3300008567	Richmond-AMD	2	48	Incomplete	Incomplete	True
cell_comparison	S40	19	M00161 | Photosystem II	Acid mine drainage 3300030091	Richmond-AMD	3	44	Incomplete	Incomplete	True
cell_comparison	S40	19	M00161 | Photosystem II	Hydrotherm Fe rich 3300023310	Hydrothermal-Fe-mats	4	14	Incomplete	Incomplete	True
cell_comparison	S40	19	M00161 | Photosystem II	Metatransc of lab 3300046014	Akron-AMD	5	6	1 block missing	1 block missing	True
cell_comparison	S40	19	M00161 | Photosystem II	Metatransc of lab 3300055056	Akron-AMD	6	0	Complete	Complete	True
cell_comparison	S40	19	M00161 | Photosystem II	Freshwater sediment microbial 3300010391	Lake-Superior	7	29	Incomplete	Incomplete	True
cell_comparison	S40	19	M00161 | Photosystem II	Freshwater sediment microbial 3300031898	Lake-Towuti	8	37	Incomplete	Incomplete	True
cell_comparison	S40	19	M00161 | Photosystem II	Freshwater microbial communitie 3300024300	Lake-Matano	9	23	Incomplete	Incomplete	True
cell_comparison	S40	19	M00161 | Photosystem II	Metatransc of lab 3300055061	Akron-AMD	10	2	Incomplete	Incomplete	True
cell_comparison	S40	19	M00161 | Photosystem II	Hydrotherm Fe rich 3300023368	Hydrothermal-Fe-mats	11	17	Incomplete	Incomplete	True
cell_comparison	S40	19	M00161 | Photosystem II	Acid mine drainage 3300038487	Richmond-AMD	12	43	Incomplete	Incomplete	True
cell_comparison	S40	19	M00161 | Photosystem II	Freshwater sediment microbial 3300031593	Lake-Towuti	13	32	Incomplete	Incomplete	True
cell_comparison	S40	19	M00161 | Photosystem II	Acid mine drainage 3300030082	Richmond-AMD	14	51	Incomplete	Incomplete	True
cell_comparison	S40	19	M00161 | Photosystem II	Freshwater sediment microbial 3300031604	Lake-Towuti	15	30	Incomplete	Incomplete	True
cell_comparison	S40	19	M00161 | Photosystem II	Freshwater sediment microbial 3300021518	Lake-Towuti	16	31	Complete	Complete	True
cell_comparison	S40	19	M00161 | Photosystem II	Acid mine drainage 3300030398	Richmond-AMD	17	63	Incomplete	Incomplete	True
cell_comparison	S40	19	M00161 | Photosystem II	Acid mine drainage 3300030242	Richmond-AMD	18	59	Incomplete	Incomplete	True
cell_comparison	S40	19	M00161 | Photosystem II	Hydrotherm Fe rich 3300023439	Hydrothermal-Fe-mats	19	20	Incomplete	Incomplete	True
cell_comparison	S40	19	M00161 | Photosystem II	Freshwater microbial communitie 3300024333	Lake-Matano	20	24	Incomplete	Incomplete	True
cell_comparison	S40	19	M00161 | Photosystem II	Lab enriched sediment 3300039027	Burr-Oak-BO4	21	11	Incomplete	Incomplete	True
cell_comparison	S40	19	M00161 | Photosystem II	Acid mine drainage 3300039205	Richmond-AMD	22	55	Incomplete	Incomplete	True
cell_comparison	S40	19	M00161 | Photosystem II	Freshwater microbial communitie 3300043827	Lake-Matano	23	27	Complete	Complete	True
cell_comparison	S40	19	M00161 | Photosystem II	Lab enriched acid 3300038471	Akron-AMD	24	4	1 block missing	1 block missing	True
cell_comparison	S40	19	M00161 | Photosystem II	Acid mine drainage 3300030335	Richmond-AMD	25	45	Incomplete	Incomplete	True
cell_comparison	S40	19	M00161 | Photosystem II	Freshwater microbial communitie 3300028737	Lake-Matano	26	26	Incomplete	Incomplete	True
cell_comparison	S40	19	M00161 | Photosystem II	Lab enriched acid 3300038411	Akron-AMD	27	5	Incomplete	Incomplete	True
cell_comparison	S40	19	M00161 | Photosystem II	Freshwater sediment microbial 3300031877	Lake-Towuti	28	33	Incomplete	Incomplete	True
cell_comparison	S40	19	M00161 | Photosystem II	Acid mine drainage 3300038731	Richmond-AMD	29	42	Incomplete	Incomplete	True
cell_comparison	S40	19	M00161 | Photosystem II	Acid mine drainage 3300038979	Richmond-AMD	30	53	Incomplete	Incomplete	True
cell_comparison	S40	19	M00161 | Photosystem II	Hydrotherm Fe rich 3300023548	Hydrothermal-Fe-mats	31	21	Incomplete	Incomplete	True
cell_comparison	S40	19	M00161 | Photosystem II	Metatransc of freshwater 3300061576	Lake-Superior	32	28	Complete	Complete	True
cell_comparison	S40	19	M00161 | Photosystem II	Acid mine drainage 3300038486	Richmond-AMD	33	62	Incomplete	Incomplete	True
cell_comparison	S40	19	M00161 | Photosystem II	Freshwater sediment microbial 3300031587	Lake-Towuti	34	39	Incomplete	Incomplete	True
cell_comparison	S40	19	M00161 | Photosystem II	Acid Mine Drainage 3300005360	Richmond-AMD	35	54	Incomplete	Incomplete	True
cell_comparison	S40	19	M00161 | Photosystem II	Acid mine drainage 3300008723	Richmond-AMD	36	47	Incomplete	Incomplete	True
cell_comparison	S40	19	M00161 | Photosystem II	Acid mine drainage 3300038493	Richmond-AMD	37	61	Incomplete	Incomplete	True
cell_comparison	S40	19	M00161 | Photosystem II	Freshwater sediment microbial 3300036045	Lake-Towuti	38	35	Complete	Complete	True
cell_comparison	S40	19	M00161 | Photosystem II	Metatransc of lab 3300046013	Akron-AMD	39	8	1 block missing	1 block missing	True
cell_comparison	S40	19	M00161 | Photosystem II	Acid mine drainage 3300038729	Richmond-AMD	40	52	Incomplete	Incomplete	True
cell_comparison	S40	19	M00161 | Photosystem II	Acid mine drainage 3300030413	Richmond-AMD	41	65	Incomplete	Incomplete	True
cell_comparison	S40	19	M00161 | Photosystem II	Lab enriched acid 3300038412	Akron-AMD	42	7	Incomplete	Incomplete	True
cell_comparison	S40	19	M00161 | Photosystem II	Freshwater sediment microbial 3300031806	Lake-Towuti	43	40	Incomplete	Incomplete	True
cell_comparison	S40	19	M00161 | Photosystem II	Metatransc of lab 3300055057	Akron-AMD	44	10	1 block missing	1 block missing	True
cell_comparison	S40	19	M00161 | Photosystem II	Hydrotherm Fe rich 3300023440	Hydrothermal-Fe-mats	45	19	Incomplete	Incomplete	True
cell_comparison	S40	19	M00161 | Photosystem II	Lab enriched sediment 3300039028	Burr-Oak-BO4	46	12	Incomplete	Incomplete	True
cell_comparison	S40	19	M00161 | Photosystem II	Acid mine drainage 3300008566	Richmond-AMD	47	57	Incomplete	Incomplete	True
cell_comparison	S40	19	M00161 | Photosystem II	Freshwater microbial communitie 3300024341	Lake-Matano	48	25	Incomplete	Incomplete	True
cell_comparison	S40	19	M00161 | Photosystem II	Freshwater sediment microbial 3300021517	Lake-Towuti	49	36	Complete	Complete	True
cell_comparison	S40	19	M00161 | Photosystem II	Metatransc of lab 3300055062	Akron-AMD	50	1	Incomplete	Incomplete	True
cell_comparison	S40	19	M00161 | Photosystem II	Hydrotherm Fe rich 3300023442	Hydrothermal-Fe-mats	51	15	Incomplete	Incomplete	True
cell_comparison	S40	19	M00161 | Photosystem II	Freshwater sediment microbial 3300036046	Lake-Towuti	52	34	Complete	Complete	True
cell_comparison	S40	19	M00161 | Photosystem II	Hydrotherm Fe rich 3300023313	Hydrothermal-Fe-mats	53	16	Incomplete	Incomplete	True
cell_comparison	S40	19	M00161 | Photosystem II	Acid mine drainage 3300039211	Richmond-AMD	54	60	Incomplete	Incomplete	True
cell_comparison	S40	19	M00161 | Photosystem II	Acid mine drainage 3300008721	Richmond-AMD	55	58	Incomplete	Incomplete	True
cell_comparison	S40	19	M00161 | Photosystem II	Pink biofilm microbial 3300003104	Richmond-AMD	56	49	Incomplete	Incomplete	True
cell_comparison	S40	19	M00161 | Photosystem II	Acid mine drainage 3300038681	Richmond-AMD	57	66	Incomplete	Incomplete	True
cell_comparison	S40	19	M00161 | Photosystem II	Acid mine drainage 3300030228	Richmond-AMD	58	50	Incomplete	Incomplete	True
cell_comparison	S40	19	M00161 | Photosystem II	Metatransc of lab 3300055069	Akron-AMD	59	3	Incomplete	Incomplete	True
cell_comparison	S40	19	M00161 | Photosystem II	Acid Mine Drainage 2010484004	Richmond-AMD	60	46	Incomplete	Incomplete	True
cell_comparison	S40	19	M00161 | Photosystem II	Hydrotherm Fe rich 3300023307	Hydrothermal-Fe-mats	61	13	Incomplete	Incomplete	True
cell_comparison	S40	19	M00161 | Photosystem II	Freshwater sediment microbial 3300031876	Lake-Towuti	62	38	Incomplete	Incomplete	True
cell_comparison	S40	19	M00161 | Photosystem II	Freshwater microbial communitie 3300023177	Lake-Matano	63	22	Incomplete	Incomplete	True
cell_comparison	S40	19	M00161 | Photosystem II	Biofilm microbial communitie 3300021476	Other-Fe	64	41	Incomplete	Incomplete	True
cell_comparison	S40	19	M00161 | Photosystem II	Acid Mine Drainage 3300003083	Richmond-AMD	65	56	Incomplete	Incomplete	True
cell_comparison	S40	19	M00161 | Photosystem II	Hydrotherm Fe rich 3300023444	Hydrothermal-Fe-mats	66	18	Incomplete	Incomplete	True
cell_comparison	S40	20	M00162 | Cytochrome b6f complex	Acid mine drainage 3300038494	Richmond-AMD	0	64	Incomplete	Incomplete	True
cell_comparison	S40	20	M00162 | Cytochrome b6f complex	Lab enriched acid 3300038413	Akron-AMD	1	9	Incomplete	Incomplete	True
cell_comparison	S40	20	M00162 | Cytochrome b6f complex	Acid mine drainage 3300008567	Richmond-AMD	2	48	Incomplete	Incomplete	True
cell_comparison	S40	20	M00162 | Cytochrome b6f complex	Acid mine drainage 3300030091	Richmond-AMD	3	44	Incomplete	Incomplete	True
cell_comparison	S40	20	M00162 | Cytochrome b6f complex	Hydrotherm Fe rich 3300023310	Hydrothermal-Fe-mats	4	14	Incomplete	Incomplete	True
cell_comparison	S40	20	M00162 | Cytochrome b6f complex	Metatransc of lab 3300046014	Akron-AMD	5	6	Incomplete	Incomplete	True
cell_comparison	S40	20	M00162 | Cytochrome b6f complex	Metatransc of lab 3300055056	Akron-AMD	6	0	Incomplete	Incomplete	True
cell_comparison	S40	20	M00162 | Cytochrome b6f complex	Freshwater sediment microbial 3300010391	Lake-Superior	7	29	Incomplete	Incomplete	True
cell_comparison	S40	20	M00162 | Cytochrome b6f complex	Freshwater sediment microbial 3300031898	Lake-Towuti	8	37	Incomplete	Incomplete	True
cell_comparison	S40	20	M00162 | Cytochrome b6f complex	Freshwater microbial communitie 3300024300	Lake-Matano	9	23	Incomplete	Incomplete	True
cell_comparison	S40	20	M00162 | Cytochrome b6f complex	Metatransc of lab 3300055061	Akron-AMD	10	2	Incomplete	Incomplete	True
cell_comparison	S40	20	M00162 | Cytochrome b6f complex	Hydrotherm Fe rich 3300023368	Hydrothermal-Fe-mats	11	17	Incomplete	Incomplete	True
cell_comparison	S40	20	M00162 | Cytochrome b6f complex	Acid mine drainage 3300038487	Richmond-AMD	12	43	Incomplete	Incomplete	True
cell_comparison	S40	20	M00162 | Cytochrome b6f complex	Freshwater sediment microbial 3300031593	Lake-Towuti	13	32	Incomplete	Incomplete	True
cell_comparison	S40	20	M00162 | Cytochrome b6f complex	Acid mine drainage 3300030082	Richmond-AMD	14	51	Incomplete	Incomplete	True
cell_comparison	S40	20	M00162 | Cytochrome b6f complex	Freshwater sediment microbial 3300031604	Lake-Towuti	15	30	Incomplete	Incomplete	True
cell_comparison	S40	20	M00162 | Cytochrome b6f complex	Freshwater sediment microbial 3300021518	Lake-Towuti	16	31	Complete	Complete	True
cell_comparison	S40	20	M00162 | Cytochrome b6f complex	Acid mine drainage 3300030398	Richmond-AMD	17	63	Incomplete	Incomplete	True
cell_comparison	S40	20	M00162 | Cytochrome b6f complex	Acid mine drainage 3300030242	Richmond-AMD	18	59	Incomplete	Incomplete	True
cell_comparison	S40	20	M00162 | Cytochrome b6f complex	Hydrotherm Fe rich 3300023439	Hydrothermal-Fe-mats	19	20	Incomplete	Incomplete	True
cell_comparison	S40	20	M00162 | Cytochrome b6f complex	Freshwater microbial communitie 3300024333	Lake-Matano	20	24	Incomplete	Incomplete	True
cell_comparison	S40	20	M00162 | Cytochrome b6f complex	Lab enriched sediment 3300039027	Burr-Oak-BO4	21	11	Incomplete	Incomplete	True
cell_comparison	S40	20	M00162 | Cytochrome b6f complex	Acid mine drainage 3300039205	Richmond-AMD	22	55	Incomplete	Incomplete	True
cell_comparison	S40	20	M00162 | Cytochrome b6f complex	Freshwater microbial communitie 3300043827	Lake-Matano	23	27	Complete	Complete	True
cell_comparison	S40	20	M00162 | Cytochrome b6f complex	Lab enriched acid 3300038471	Akron-AMD	24	4	Incomplete	Incomplete	True
cell_comparison	S40	20	M00162 | Cytochrome b6f complex	Acid mine drainage 3300030335	Richmond-AMD	25	45	Incomplete	Incomplete	True
cell_comparison	S40	20	M00162 | Cytochrome b6f complex	Freshwater microbial communitie 3300028737	Lake-Matano	26	26	Incomplete	Incomplete	True
cell_comparison	S40	20	M00162 | Cytochrome b6f complex	Lab enriched acid 3300038411	Akron-AMD	27	5	Incomplete	Incomplete	True
cell_comparison	S40	20	M00162 | Cytochrome b6f complex	Freshwater sediment microbial 3300031877	Lake-Towuti	28	33	Incomplete	Incomplete	True
cell_comparison	S40	20	M00162 | Cytochrome b6f complex	Acid mine drainage 3300038731	Richmond-AMD	29	42	Incomplete	Incomplete	True
cell_comparison	S40	20	M00162 | Cytochrome b6f complex	Acid mine drainage 3300038979	Richmond-AMD	30	53	Incomplete	Incomplete	True
cell_comparison	S40	20	M00162 | Cytochrome b6f complex	Hydrotherm Fe rich 3300023548	Hydrothermal-Fe-mats	31	21	Incomplete	Incomplete	True
cell_comparison	S40	20	M00162 | Cytochrome b6f complex	Metatransc of freshwater 3300061576	Lake-Superior	32	28	Incomplete	Incomplete	True
cell_comparison	S40	20	M00162 | Cytochrome b6f complex	Acid mine drainage 3300038486	Richmond-AMD	33	62	Incomplete	Incomplete	True
cell_comparison	S40	20	M00162 | Cytochrome b6f complex	Freshwater sediment microbial 3300031587	Lake-Towuti	34	39	Incomplete	Incomplete	True
cell_comparison	S40	20	M00162 | Cytochrome b6f complex	Acid Mine Drainage 3300005360	Richmond-AMD	35	54	Incomplete	Incomplete	True
cell_comparison	S40	20	M00162 | Cytochrome b6f complex	Acid mine drainage 3300008723	Richmond-AMD	36	47	Incomplete	Incomplete	True
cell_comparison	S40	20	M00162 | Cytochrome b6f complex	Acid mine drainage 3300038493	Richmond-AMD	37	61	Incomplete	Incomplete	True
cell_comparison	S40	20	M00162 | Cytochrome b6f complex	Freshwater sediment microbial 3300036045	Lake-Towuti	38	35	Complete	Complete	True
cell_comparison	S40	20	M00162 | Cytochrome b6f complex	Metatransc of lab 3300046013	Akron-AMD	39	8	Incomplete	Incomplete	True
cell_comparison	S40	20	M00162 | Cytochrome b6f complex	Acid mine drainage 3300038729	Richmond-AMD	40	52	Incomplete	Incomplete	True
cell_comparison	S40	20	M00162 | Cytochrome b6f complex	Acid mine drainage 3300030413	Richmond-AMD	41	65	Incomplete	Incomplete	True
cell_comparison	S40	20	M00162 | Cytochrome b6f complex	Lab enriched acid 3300038412	Akron-AMD	42	7	Incomplete	Incomplete	True
cell_comparison	S40	20	M00162 | Cytochrome b6f complex	Freshwater sediment microbial 3300031806	Lake-Towuti	43	40	Incomplete	Incomplete	True
cell_comparison	S40	20	M00162 | Cytochrome b6f complex	Metatransc of lab 3300055057	Akron-AMD	44	10	Incomplete	Incomplete	True
cell_comparison	S40	20	M00162 | Cytochrome b6f complex	Hydrotherm Fe rich 3300023440	Hydrothermal-Fe-mats	45	19	Incomplete	Incomplete	True
cell_comparison	S40	20	M00162 | Cytochrome b6f complex	Lab enriched sediment 3300039028	Burr-Oak-BO4	46	12	Incomplete	Incomplete	True
cell_comparison	S40	20	M00162 | Cytochrome b6f complex	Acid mine drainage 3300008566	Richmond-AMD	47	57	Incomplete	Incomplete	True
cell_comparison	S40	20	M00162 | Cytochrome b6f complex	Freshwater microbial communitie 3300024341	Lake-Matano	48	25	Incomplete	Incomplete	True
cell_comparison	S40	20	M00162 | Cytochrome b6f complex	Freshwater sediment microbial 3300021517	Lake-Towuti	49	36	Complete	Complete	True
cell_comparison	S40	20	M00162 | Cytochrome b6f complex	Metatransc of lab 3300055062	Akron-AMD	50	1	Incomplete	Incomplete	True
cell_comparison	S40	20	M00162 | Cytochrome b6f complex	Hydrotherm Fe rich 3300023442	Hydrothermal-Fe-mats	51	15	Incomplete	Incomplete	True
cell_comparison	S40	20	M00162 | Cytochrome b6f complex	Freshwater sediment microbial 3300036046	Lake-Towuti	52	34	Complete	Complete	True
cell_comparison	S40	20	M00162 | Cytochrome b6f complex	Hydrotherm Fe rich 3300023313	Hydrothermal-Fe-mats	53	16	Incomplete	Incomplete	True
cell_comparison	S40	20	M00162 | Cytochrome b6f complex	Acid mine drainage 3300039211	Richmond-AMD	54	60	Incomplete	Incomplete	True
cell_comparison	S40	20	M00162 | Cytochrome b6f complex	Acid mine drainage 3300008721	Richmond-AMD	55	58	Incomplete	Incomplete	True
cell_comparison	S40	20	M00162 | Cytochrome b6f complex	Pink biofilm microbial 3300003104	Richmond-AMD	56	49	Incomplete	Incomplete	True
cell_comparison	S40	20	M00162 | Cytochrome b6f complex	Acid mine drainage 3300038681	Richmond-AMD	57	66	Incomplete	Incomplete	True
cell_comparison	S40	20	M00162 | Cytochrome b6f complex	Acid mine drainage 3300030228	Richmond-AMD	58	50	Incomplete	Incomplete	True
cell_comparison	S40	20	M00162 | Cytochrome b6f complex	Metatransc of lab 3300055069	Akron-AMD	59	3	Incomplete	Incomplete	True
cell_comparison	S40	20	M00162 | Cytochrome b6f complex	Acid Mine Drainage 2010484004	Richmond-AMD	60	46	Incomplete	Incomplete	True
cell_comparison	S40	20	M00162 | Cytochrome b6f complex	Hydrotherm Fe rich 3300023307	Hydrothermal-Fe-mats	61	13	Incomplete	Incomplete	True
cell_comparison	S40	20	M00162 | Cytochrome b6f complex	Freshwater sediment microbial 3300031876	Lake-Towuti	62	38	Incomplete	Incomplete	True
cell_comparison	S40	20	M00162 | Cytochrome b6f complex	Freshwater microbial communitie 3300023177	Lake-Matano	63	22	Incomplete	Incomplete	True
cell_comparison	S40	20	M00162 | Cytochrome b6f complex	Biofilm microbial communitie 3300021476	Other-Fe	64	41	Incomplete	Incomplete	True
cell_comparison	S40	20	M00162 | Cytochrome b6f complex	Acid Mine Drainage 3300003083	Richmond-AMD	65	56	Incomplete	Incomplete	True
cell_comparison	S40	20	M00162 | Cytochrome b6f complex	Hydrotherm Fe rich 3300023444	Hydrothermal-Fe-mats	66	18	Incomplete	Incomplete	True
cell_comparison	S40	21	M00163 | Photosystem I	Acid mine drainage 3300038494	Richmond-AMD	0	64	Incomplete	Incomplete	True
cell_comparison	S40	21	M00163 | Photosystem I	Lab enriched acid 3300038413	Akron-AMD	1	9	Incomplete	Incomplete	True
cell_comparison	S40	21	M00163 | Photosystem I	Acid mine drainage 3300008567	Richmond-AMD	2	48	Incomplete	Incomplete	True
cell_comparison	S40	21	M00163 | Photosystem I	Acid mine drainage 3300030091	Richmond-AMD	3	44	Incomplete	Incomplete	True
cell_comparison	S40	21	M00163 | Photosystem I	Hydrotherm Fe rich 3300023310	Hydrothermal-Fe-mats	4	14	Incomplete	Incomplete	True
cell_comparison	S40	21	M00163 | Photosystem I	Metatransc of lab 3300046014	Akron-AMD	5	6	Incomplete	Incomplete	True
cell_comparison	S40	21	M00163 | Photosystem I	Metatransc of lab 3300055056	Akron-AMD	6	0	1 block missing	1 block missing	True
cell_comparison	S40	21	M00163 | Photosystem I	Freshwater sediment microbial 3300010391	Lake-Superior	7	29	Incomplete	Incomplete	True
cell_comparison	S40	21	M00163 | Photosystem I	Freshwater sediment microbial 3300031898	Lake-Towuti	8	37	Incomplete	Incomplete	True
cell_comparison	S40	21	M00163 | Photosystem I	Freshwater microbial communitie 3300024300	Lake-Matano	9	23	Incomplete	Incomplete	True
cell_comparison	S40	21	M00163 | Photosystem I	Metatransc of lab 3300055061	Akron-AMD	10	2	Incomplete	Incomplete	True
cell_comparison	S40	21	M00163 | Photosystem I	Hydrotherm Fe rich 3300023368	Hydrothermal-Fe-mats	11	17	Incomplete	Incomplete	True
cell_comparison	S40	21	M00163 | Photosystem I	Acid mine drainage 3300038487	Richmond-AMD	12	43	Incomplete	Incomplete	True
cell_comparison	S40	21	M00163 | Photosystem I	Freshwater sediment microbial 3300031593	Lake-Towuti	13	32	Incomplete	Incomplete	True
cell_comparison	S40	21	M00163 | Photosystem I	Acid mine drainage 3300030082	Richmond-AMD	14	51	Incomplete	Incomplete	True
cell_comparison	S40	21	M00163 | Photosystem I	Freshwater sediment microbial 3300031604	Lake-Towuti	15	30	Incomplete	Incomplete	True
cell_comparison	S40	21	M00163 | Photosystem I	Freshwater sediment microbial 3300021518	Lake-Towuti	16	31	Complete	Complete	True
cell_comparison	S40	21	M00163 | Photosystem I	Acid mine drainage 3300030398	Richmond-AMD	17	63	Incomplete	Incomplete	True
cell_comparison	S40	21	M00163 | Photosystem I	Acid mine drainage 3300030242	Richmond-AMD	18	59	Incomplete	Incomplete	True
cell_comparison	S40	21	M00163 | Photosystem I	Hydrotherm Fe rich 3300023439	Hydrothermal-Fe-mats	19	20	Incomplete	Incomplete	True
cell_comparison	S40	21	M00163 | Photosystem I	Freshwater microbial communitie 3300024333	Lake-Matano	20	24	Incomplete	Incomplete	True
cell_comparison	S40	21	M00163 | Photosystem I	Lab enriched sediment 3300039027	Burr-Oak-BO4	21	11	Incomplete	Incomplete	True
cell_comparison	S40	21	M00163 | Photosystem I	Acid mine drainage 3300039205	Richmond-AMD	22	55	Incomplete	Incomplete	True
cell_comparison	S40	21	M00163 | Photosystem I	Freshwater microbial communitie 3300043827	Lake-Matano	23	27	Complete	Complete	True
cell_comparison	S40	21	M00163 | Photosystem I	Lab enriched acid 3300038471	Akron-AMD	24	4	Incomplete	Incomplete	True
cell_comparison	S40	21	M00163 | Photosystem I	Acid mine drainage 3300030335	Richmond-AMD	25	45	Incomplete	Incomplete	True
cell_comparison	S40	21	M00163 | Photosystem I	Freshwater microbial communitie 3300028737	Lake-Matano	26	26	Incomplete	Incomplete	True
cell_comparison	S40	21	M00163 | Photosystem I	Lab enriched acid 3300038411	Akron-AMD	27	5	Incomplete	Incomplete	True
cell_comparison	S40	21	M00163 | Photosystem I	Freshwater sediment microbial 3300031877	Lake-Towuti	28	33	Incomplete	Incomplete	True
cell_comparison	S40	21	M00163 | Photosystem I	Acid mine drainage 3300038731	Richmond-AMD	29	42	Incomplete	Incomplete	True
cell_comparison	S40	21	M00163 | Photosystem I	Acid mine drainage 3300038979	Richmond-AMD	30	53	Incomplete	Incomplete	True
cell_comparison	S40	21	M00163 | Photosystem I	Hydrotherm Fe rich 3300023548	Hydrothermal-Fe-mats	31	21	Incomplete	Incomplete	True
cell_comparison	S40	21	M00163 | Photosystem I	Metatransc of freshwater 3300061576	Lake-Superior	32	28	Complete	Complete	True
cell_comparison	S40	21	M00163 | Photosystem I	Acid mine drainage 3300038486	Richmond-AMD	33	62	Incomplete	Incomplete	True
cell_comparison	S40	21	M00163 | Photosystem I	Freshwater sediment microbial 3300031587	Lake-Towuti	34	39	Incomplete	Incomplete	True
cell_comparison	S40	21	M00163 | Photosystem I	Acid Mine Drainage 3300005360	Richmond-AMD	35	54	Incomplete	Incomplete	True
cell_comparison	S40	21	M00163 | Photosystem I	Acid mine drainage 3300008723	Richmond-AMD	36	47	Incomplete	Incomplete	True
cell_comparison	S40	21	M00163 | Photosystem I	Acid mine drainage 3300038493	Richmond-AMD	37	61	Incomplete	Incomplete	True
cell_comparison	S40	21	M00163 | Photosystem I	Freshwater sediment microbial 3300036045	Lake-Towuti	38	35	Complete	Complete	True
cell_comparison	S40	21	M00163 | Photosystem I	Metatransc of lab 3300046013	Akron-AMD	39	8	Incomplete	Incomplete	True
cell_comparison	S40	21	M00163 | Photosystem I	Acid mine drainage 3300038729	Richmond-AMD	40	52	Incomplete	Incomplete	True
cell_comparison	S40	21	M00163 | Photosystem I	Acid mine drainage 3300030413	Richmond-AMD	41	65	Incomplete	Incomplete	True
cell_comparison	S40	21	M00163 | Photosystem I	Lab enriched acid 3300038412	Akron-AMD	42	7	Incomplete	Incomplete	True
cell_comparison	S40	21	M00163 | Photosystem I	Freshwater sediment microbial 3300031806	Lake-Towuti	43	40	Incomplete	Incomplete	True
cell_comparison	S40	21	M00163 | Photosystem I	Metatransc of lab 3300055057	Akron-AMD	44	10	Incomplete	Incomplete	True
cell_comparison	S40	21	M00163 | Photosystem I	Hydrotherm Fe rich 3300023440	Hydrothermal-Fe-mats	45	19	Incomplete	Incomplete	True
cell_comparison	S40	21	M00163 | Photosystem I	Lab enriched sediment 3300039028	Burr-Oak-BO4	46	12	Incomplete	Incomplete	True
cell_comparison	S40	21	M00163 | Photosystem I	Acid mine drainage 3300008566	Richmond-AMD	47	57	Incomplete	Incomplete	True
cell_comparison	S40	21	M00163 | Photosystem I	Freshwater microbial communitie 3300024341	Lake-Matano	48	25	Incomplete	Incomplete	True
cell_comparison	S40	21	M00163 | Photosystem I	Freshwater sediment microbial 3300021517	Lake-Towuti	49	36	Complete	Complete	True
cell_comparison	S40	21	M00163 | Photosystem I	Metatransc of lab 3300055062	Akron-AMD	50	1	Incomplete	Incomplete	True
cell_comparison	S40	21	M00163 | Photosystem I	Hydrotherm Fe rich 3300023442	Hydrothermal-Fe-mats	51	15	Incomplete	Incomplete	True
cell_comparison	S40	21	M00163 | Photosystem I	Freshwater sediment microbial 3300036046	Lake-Towuti	52	34	Complete	Complete	True
cell_comparison	S40	21	M00163 | Photosystem I	Hydrotherm Fe rich 3300023313	Hydrothermal-Fe-mats	53	16	Incomplete	Incomplete	True
cell_comparison	S40	21	M00163 | Photosystem I	Acid mine drainage 3300039211	Richmond-AMD	54	60	Incomplete	Incomplete	True
cell_comparison	S40	21	M00163 | Photosystem I	Acid mine drainage 3300008721	Richmond-AMD	55	58	Incomplete	Incomplete	True
cell_comparison	S40	21	M00163 | Photosystem I	Pink biofilm microbial 3300003104	Richmond-AMD	56	49	Incomplete	Incomplete	True
cell_comparison	S40	21	M00163 | Photosystem I	Acid mine drainage 3300038681	Richmond-AMD	57	66	Incomplete	Incomplete	True
cell_comparison	S40	21	M00163 | Photosystem I	Acid mine drainage 3300030228	Richmond-AMD	58	50	Incomplete	Incomplete	True
cell_comparison	S40	21	M00163 | Photosystem I	Metatransc of lab 3300055069	Akron-AMD	59	3	Incomplete	Incomplete	True
cell_comparison	S40	21	M00163 | Photosystem I	Acid Mine Drainage 2010484004	Richmond-AMD	60	46	Incomplete	Incomplete	True
cell_comparison	S40	21	M00163 | Photosystem I	Hydrotherm Fe rich 3300023307	Hydrothermal-Fe-mats	61	13	Incomplete	Incomplete	True
cell_comparison	S40	21	M00163 | Photosystem I	Freshwater sediment microbial 3300031876	Lake-Towuti	62	38	Incomplete	Incomplete	True
cell_comparison	S40	21	M00163 | Photosystem I	Freshwater microbial communitie 3300023177	Lake-Matano	63	22	Incomplete	Incomplete	True
cell_comparison	S40	21	M00163 | Photosystem I	Biofilm microbial communitie 3300021476	Other-Fe	64	41	Incomplete	Incomplete	True
cell_comparison	S40	21	M00163 | Photosystem I	Acid Mine Drainage 3300003083	Richmond-AMD	65	56	Incomplete	Incomplete	True
cell_comparison	S40	21	M00163 | Photosystem I	Hydrotherm Fe rich 3300023444	Hydrothermal-Fe-mats	66	18	Incomplete	Incomplete	True
cell_comparison	S40	22	M00597 | Anoxygenic photosystem II	Acid mine drainage 3300038494	Richmond-AMD	0	64	Incomplete	Incomplete	True
cell_comparison	S40	22	M00597 | Anoxygenic photosystem II	Lab enriched acid 3300038413	Akron-AMD	1	9	Complete	Complete	True
cell_comparison	S40	22	M00597 | Anoxygenic photosystem II	Acid mine drainage 3300008567	Richmond-AMD	2	48	Incomplete	Incomplete	True
cell_comparison	S40	22	M00597 | Anoxygenic photosystem II	Acid mine drainage 3300030091	Richmond-AMD	3	44	Incomplete	Incomplete	True
cell_comparison	S40	22	M00597 | Anoxygenic photosystem II	Hydrotherm Fe rich 3300023310	Hydrothermal-Fe-mats	4	14	Incomplete	Incomplete	True
cell_comparison	S40	22	M00597 | Anoxygenic photosystem II	Metatransc of lab 3300046014	Akron-AMD	5	6	Incomplete	Incomplete	True
cell_comparison	S40	22	M00597 | Anoxygenic photosystem II	Metatransc of lab 3300055056	Akron-AMD	6	0	Incomplete	Incomplete	True
cell_comparison	S40	22	M00597 | Anoxygenic photosystem II	Freshwater sediment microbial 3300010391	Lake-Superior	7	29	Incomplete	Incomplete	True
cell_comparison	S40	22	M00597 | Anoxygenic photosystem II	Freshwater sediment microbial 3300031898	Lake-Towuti	8	37	Incomplete	Incomplete	True
cell_comparison	S40	22	M00597 | Anoxygenic photosystem II	Freshwater microbial communitie 3300024300	Lake-Matano	9	23	Complete	Complete	True
cell_comparison	S40	22	M00597 | Anoxygenic photosystem II	Metatransc of lab 3300055061	Akron-AMD	10	2	Incomplete	Incomplete	True
cell_comparison	S40	22	M00597 | Anoxygenic photosystem II	Hydrotherm Fe rich 3300023368	Hydrothermal-Fe-mats	11	17	Incomplete	Incomplete	True
cell_comparison	S40	22	M00597 | Anoxygenic photosystem II	Acid mine drainage 3300038487	Richmond-AMD	12	43	Incomplete	Incomplete	True
cell_comparison	S40	22	M00597 | Anoxygenic photosystem II	Freshwater sediment microbial 3300031593	Lake-Towuti	13	32	Incomplete	Incomplete	True
cell_comparison	S40	22	M00597 | Anoxygenic photosystem II	Acid mine drainage 3300030082	Richmond-AMD	14	51	Incomplete	Incomplete	True
cell_comparison	S40	22	M00597 | Anoxygenic photosystem II	Freshwater sediment microbial 3300031604	Lake-Towuti	15	30	Incomplete	Incomplete	True
cell_comparison	S40	22	M00597 | Anoxygenic photosystem II	Freshwater sediment microbial 3300021518	Lake-Towuti	16	31	Complete	Complete	True
cell_comparison	S40	22	M00597 | Anoxygenic photosystem II	Acid mine drainage 3300030398	Richmond-AMD	17	63	Incomplete	Incomplete	True
cell_comparison	S40	22	M00597 | Anoxygenic photosystem II	Acid mine drainage 3300030242	Richmond-AMD	18	59	Incomplete	Incomplete	True
cell_comparison	S40	22	M00597 | Anoxygenic photosystem II	Hydrotherm Fe rich 3300023439	Hydrothermal-Fe-mats	19	20	Incomplete	Incomplete	True
cell_comparison	S40	22	M00597 | Anoxygenic photosystem II	Freshwater microbial communitie 3300024333	Lake-Matano	20	24	Complete	Complete	True
cell_comparison	S40	22	M00597 | Anoxygenic photosystem II	Lab enriched sediment 3300039027	Burr-Oak-BO4	21	11	Complete	Complete	True
cell_comparison	S40	22	M00597 | Anoxygenic photosystem II	Acid mine drainage 3300039205	Richmond-AMD	22	55	Incomplete	Incomplete	True
cell_comparison	S40	22	M00597 | Anoxygenic photosystem II	Freshwater microbial communitie 3300043827	Lake-Matano	23	27	Complete	Complete	True
cell_comparison	S40	22	M00597 | Anoxygenic photosystem II	Lab enriched acid 3300038471	Akron-AMD	24	4	Complete	Complete	True
cell_comparison	S40	22	M00597 | Anoxygenic photosystem II	Acid mine drainage 3300030335	Richmond-AMD	25	45	Incomplete	Incomplete	True
cell_comparison	S40	22	M00597 | Anoxygenic photosystem II	Freshwater microbial communitie 3300028737	Lake-Matano	26	26	Complete	Complete	True
cell_comparison	S40	22	M00597 | Anoxygenic photosystem II	Lab enriched acid 3300038411	Akron-AMD	27	5	Complete	Complete	True
cell_comparison	S40	22	M00597 | Anoxygenic photosystem II	Freshwater sediment microbial 3300031877	Lake-Towuti	28	33	Incomplete	Incomplete	True
cell_comparison	S40	22	M00597 | Anoxygenic photosystem II	Acid mine drainage 3300038731	Richmond-AMD	29	42	Incomplete	Incomplete	True
cell_comparison	S40	22	M00597 | Anoxygenic photosystem II	Acid mine drainage 3300038979	Richmond-AMD	30	53	Incomplete	Incomplete	True
cell_comparison	S40	22	M00597 | Anoxygenic photosystem II	Hydrotherm Fe rich 3300023548	Hydrothermal-Fe-mats	31	21	Incomplete	Incomplete	True
cell_comparison	S40	22	M00597 | Anoxygenic photosystem II	Metatransc of freshwater 3300061576	Lake-Superior	32	28	Complete	Complete	True
cell_comparison	S40	22	M00597 | Anoxygenic photosystem II	Acid mine drainage 3300038486	Richmond-AMD	33	62	Incomplete	Incomplete	True
cell_comparison	S40	22	M00597 | Anoxygenic photosystem II	Freshwater sediment microbial 3300031587	Lake-Towuti	34	39	Incomplete	Incomplete	True
cell_comparison	S40	22	M00597 | Anoxygenic photosystem II	Acid Mine Drainage 3300005360	Richmond-AMD	35	54	Incomplete	Incomplete	True
cell_comparison	S40	22	M00597 | Anoxygenic photosystem II	Acid mine drainage 3300008723	Richmond-AMD	36	47	Incomplete	Incomplete	True
cell_comparison	S40	22	M00597 | Anoxygenic photosystem II	Acid mine drainage 3300038493	Richmond-AMD	37	61	Incomplete	Incomplete	True
cell_comparison	S40	22	M00597 | Anoxygenic photosystem II	Freshwater sediment microbial 3300036045	Lake-Towuti	38	35	Complete	Complete	True
cell_comparison	S40	22	M00597 | Anoxygenic photosystem II	Metatransc of lab 3300046013	Akron-AMD	39	8	Complete	Complete	True
cell_comparison	S40	22	M00597 | Anoxygenic photosystem II	Acid mine drainage 3300038729	Richmond-AMD	40	52	Incomplete	Incomplete	True
cell_comparison	S40	22	M00597 | Anoxygenic photosystem II	Acid mine drainage 3300030413	Richmond-AMD	41	65	Incomplete	Incomplete	True
cell_comparison	S40	22	M00597 | Anoxygenic photosystem II	Lab enriched acid 3300038412	Akron-AMD	42	7	Complete	Complete	True
cell_comparison	S40	22	M00597 | Anoxygenic photosystem II	Freshwater sediment microbial 3300031806	Lake-Towuti	43	40	Incomplete	Incomplete	True
cell_comparison	S40	22	M00597 | Anoxygenic photosystem II	Metatransc of lab 3300055057	Akron-AMD	44	10	Incomplete	Incomplete	True
cell_comparison	S40	22	M00597 | Anoxygenic photosystem II	Hydrotherm Fe rich 3300023440	Hydrothermal-Fe-mats	45	19	Incomplete	Incomplete	True
cell_comparison	S40	22	M00597 | Anoxygenic photosystem II	Lab enriched sediment 3300039028	Burr-Oak-BO4	46	12	Complete	Complete	True
cell_comparison	S40	22	M00597 | Anoxygenic photosystem II	Acid mine drainage 3300008566	Richmond-AMD	47	57	Incomplete	Incomplete	True
cell_comparison	S40	22	M00597 | Anoxygenic photosystem II	Freshwater microbial communitie 3300024341	Lake-Matano	48	25	Complete	Complete	True
cell_comparison	S40	22	M00597 | Anoxygenic photosystem II	Freshwater sediment microbial 3300021517	Lake-Towuti	49	36	Complete	Complete	True
cell_comparison	S40	22	M00597 | Anoxygenic photosystem II	Metatransc of lab 3300055062	Akron-AMD	50	1	Incomplete	Incomplete	True
cell_comparison	S40	22	M00597 | Anoxygenic photosystem II	Hydrotherm Fe rich 3300023442	Hydrothermal-Fe-mats	51	15	Incomplete	Incomplete	True
cell_comparison	S40	22	M00597 | Anoxygenic photosystem II	Freshwater sediment microbial 3300036046	Lake-Towuti	52	34	Complete	Complete	True
cell_comparison	S40	22	M00597 | Anoxygenic photosystem II	Hydrotherm Fe rich 3300023313	Hydrothermal-Fe-mats	53	16	Incomplete	Incomplete	True
cell_comparison	S40	22	M00597 | Anoxygenic photosystem II	Acid mine drainage 3300039211	Richmond-AMD	54	60	Incomplete	Incomplete	True
cell_comparison	S40	22	M00597 | Anoxygenic photosystem II	Acid mine drainage 3300008721	Richmond-AMD	55	58	Incomplete	Incomplete	True
cell_comparison	S40	22	M00597 | Anoxygenic photosystem II	Pink biofilm microbial 3300003104	Richmond-AMD	56	49	Incomplete	Incomplete	True
cell_comparison	S40	22	M00597 | Anoxygenic photosystem II	Acid mine drainage 3300038681	Richmond-AMD	57	66	Incomplete	Incomplete	True
cell_comparison	S40	22	M00597 | Anoxygenic photosystem II	Acid mine drainage 3300030228	Richmond-AMD	58	50	Incomplete	Incomplete	True
cell_comparison	S40	22	M00597 | Anoxygenic photosystem II	Metatransc of lab 3300055069	Akron-AMD	59	3	Incomplete	Incomplete	True
cell_comparison	S40	22	M00597 | Anoxygenic photosystem II	Acid Mine Drainage 2010484004	Richmond-AMD	60	46	Incomplete	Incomplete	True
cell_comparison	S40	22	M00597 | Anoxygenic photosystem II	Hydrotherm Fe rich 3300023307	Hydrothermal-Fe-mats	61	13	Incomplete	Incomplete	True
cell_comparison	S40	22	M00597 | Anoxygenic photosystem II	Freshwater sediment microbial 3300031876	Lake-Towuti	62	38	Incomplete	Incomplete	True
cell_comparison	S40	22	M00597 | Anoxygenic photosystem II	Freshwater microbial communitie 3300023177	Lake-Matano	63	22	Complete	Complete	True
cell_comparison	S40	22	M00597 | Anoxygenic photosystem II	Biofilm microbial communitie 3300021476	Other-Fe	64	41	Incomplete	Incomplete	True
cell_comparison	S40	22	M00597 | Anoxygenic photosystem II	Acid Mine Drainage 3300003083	Richmond-AMD	65	56	Incomplete	Incomplete	True
cell_comparison	S40	22	M00597 | Anoxygenic photosystem II	Hydrotherm Fe rich 3300023444	Hydrothermal-Fe-mats	66	18	Incomplete	Incomplete	True
cell_comparison	S40	23	M00598 | Anoxygenic photosystem I	Acid mine drainage 3300038494	Richmond-AMD	0	64	Incomplete	Incomplete	True
cell_comparison	S40	23	M00598 | Anoxygenic photosystem I	Lab enriched acid 3300038413	Akron-AMD	1	9	Incomplete	Incomplete	True
cell_comparison	S40	23	M00598 | Anoxygenic photosystem I	Acid mine drainage 3300008567	Richmond-AMD	2	48	Incomplete	Incomplete	True
cell_comparison	S40	23	M00598 | Anoxygenic photosystem I	Acid mine drainage 3300030091	Richmond-AMD	3	44	Incomplete	Incomplete	True
cell_comparison	S40	23	M00598 | Anoxygenic photosystem I	Hydrotherm Fe rich 3300023310	Hydrothermal-Fe-mats	4	14	Incomplete	Incomplete	True
cell_comparison	S40	23	M00598 | Anoxygenic photosystem I	Metatransc of lab 3300046014	Akron-AMD	5	6	Incomplete	Incomplete	True
cell_comparison	S40	23	M00598 | Anoxygenic photosystem I	Metatransc of lab 3300055056	Akron-AMD	6	0	Incomplete	Incomplete	True
cell_comparison	S40	23	M00598 | Anoxygenic photosystem I	Freshwater sediment microbial 3300010391	Lake-Superior	7	29	Incomplete	Incomplete	True
cell_comparison	S40	23	M00598 | Anoxygenic photosystem I	Freshwater sediment microbial 3300031898	Lake-Towuti	8	37	Incomplete	Incomplete	True
cell_comparison	S40	23	M00598 | Anoxygenic photosystem I	Freshwater microbial communitie 3300024300	Lake-Matano	9	23	Complete	Complete	True
cell_comparison	S40	23	M00598 | Anoxygenic photosystem I	Metatransc of lab 3300055061	Akron-AMD	10	2	Incomplete	Incomplete	True
cell_comparison	S40	23	M00598 | Anoxygenic photosystem I	Hydrotherm Fe rich 3300023368	Hydrothermal-Fe-mats	11	17	Incomplete	Incomplete	True
cell_comparison	S40	23	M00598 | Anoxygenic photosystem I	Acid mine drainage 3300038487	Richmond-AMD	12	43	Incomplete	Incomplete	True
cell_comparison	S40	23	M00598 | Anoxygenic photosystem I	Freshwater sediment microbial 3300031593	Lake-Towuti	13	32	Incomplete	Incomplete	True
cell_comparison	S40	23	M00598 | Anoxygenic photosystem I	Acid mine drainage 3300030082	Richmond-AMD	14	51	Incomplete	Incomplete	True
cell_comparison	S40	23	M00598 | Anoxygenic photosystem I	Freshwater sediment microbial 3300031604	Lake-Towuti	15	30	Incomplete	Incomplete	True
cell_comparison	S40	23	M00598 | Anoxygenic photosystem I	Freshwater sediment microbial 3300021518	Lake-Towuti	16	31	Incomplete	Incomplete	True
cell_comparison	S40	23	M00598 | Anoxygenic photosystem I	Acid mine drainage 3300030398	Richmond-AMD	17	63	Incomplete	Incomplete	True
cell_comparison	S40	23	M00598 | Anoxygenic photosystem I	Acid mine drainage 3300030242	Richmond-AMD	18	59	Incomplete	Incomplete	True
cell_comparison	S40	23	M00598 | Anoxygenic photosystem I	Hydrotherm Fe rich 3300023439	Hydrothermal-Fe-mats	19	20	Incomplete	Incomplete	True
cell_comparison	S40	23	M00598 | Anoxygenic photosystem I	Freshwater microbial communitie 3300024333	Lake-Matano	20	24	Complete	Complete	True
cell_comparison	S40	23	M00598 | Anoxygenic photosystem I	Lab enriched sediment 3300039027	Burr-Oak-BO4	21	11	Incomplete	Incomplete	True
cell_comparison	S40	23	M00598 | Anoxygenic photosystem I	Acid mine drainage 3300039205	Richmond-AMD	22	55	Incomplete	Incomplete	True
cell_comparison	S40	23	M00598 | Anoxygenic photosystem I	Freshwater microbial communitie 3300043827	Lake-Matano	23	27	Incomplete	Incomplete	True
cell_comparison	S40	23	M00598 | Anoxygenic photosystem I	Lab enriched acid 3300038471	Akron-AMD	24	4	Incomplete	Incomplete	True
cell_comparison	S40	23	M00598 | Anoxygenic photosystem I	Acid mine drainage 3300030335	Richmond-AMD	25	45	Incomplete	Incomplete	True
cell_comparison	S40	23	M00598 | Anoxygenic photosystem I	Freshwater microbial communitie 3300028737	Lake-Matano	26	26	Complete	Complete	True
cell_comparison	S40	23	M00598 | Anoxygenic photosystem I	Lab enriched acid 3300038411	Akron-AMD	27	5	Incomplete	Incomplete	True
cell_comparison	S40	23	M00598 | Anoxygenic photosystem I	Freshwater sediment microbial 3300031877	Lake-Towuti	28	33	Incomplete	Incomplete	True
cell_comparison	S40	23	M00598 | Anoxygenic photosystem I	Acid mine drainage 3300038731	Richmond-AMD	29	42	Incomplete	Incomplete	True
cell_comparison	S40	23	M00598 | Anoxygenic photosystem I	Acid mine drainage 3300038979	Richmond-AMD	30	53	Incomplete	Incomplete	True
cell_comparison	S40	23	M00598 | Anoxygenic photosystem I	Hydrotherm Fe rich 3300023548	Hydrothermal-Fe-mats	31	21	Incomplete	Incomplete	True
cell_comparison	S40	23	M00598 | Anoxygenic photosystem I	Metatransc of freshwater 3300061576	Lake-Superior	32	28	Incomplete	Incomplete	True
cell_comparison	S40	23	M00598 | Anoxygenic photosystem I	Acid mine drainage 3300038486	Richmond-AMD	33	62	Incomplete	Incomplete	True
cell_comparison	S40	23	M00598 | Anoxygenic photosystem I	Freshwater sediment microbial 3300031587	Lake-Towuti	34	39	Incomplete	Incomplete	True
cell_comparison	S40	23	M00598 | Anoxygenic photosystem I	Acid Mine Drainage 3300005360	Richmond-AMD	35	54	Incomplete	Incomplete	True
cell_comparison	S40	23	M00598 | Anoxygenic photosystem I	Acid mine drainage 3300008723	Richmond-AMD	36	47	Incomplete	Incomplete	True
cell_comparison	S40	23	M00598 | Anoxygenic photosystem I	Acid mine drainage 3300038493	Richmond-AMD	37	61	Incomplete	Incomplete	True
cell_comparison	S40	23	M00598 | Anoxygenic photosystem I	Freshwater sediment microbial 3300036045	Lake-Towuti	38	35	Incomplete	Incomplete	True
cell_comparison	S40	23	M00598 | Anoxygenic photosystem I	Metatransc of lab 3300046013	Akron-AMD	39	8	Incomplete	Incomplete	True
cell_comparison	S40	23	M00598 | Anoxygenic photosystem I	Acid mine drainage 3300038729	Richmond-AMD	40	52	Incomplete	Incomplete	True
cell_comparison	S40	23	M00598 | Anoxygenic photosystem I	Acid mine drainage 3300030413	Richmond-AMD	41	65	Incomplete	Incomplete	True
cell_comparison	S40	23	M00598 | Anoxygenic photosystem I	Lab enriched acid 3300038412	Akron-AMD	42	7	Incomplete	Incomplete	True
cell_comparison	S40	23	M00598 | Anoxygenic photosystem I	Freshwater sediment microbial 3300031806	Lake-Towuti	43	40	Incomplete	Incomplete	True
cell_comparison	S40	23	M00598 | Anoxygenic photosystem I	Metatransc of lab 3300055057	Akron-AMD	44	10	Incomplete	Incomplete	True
cell_comparison	S40	23	M00598 | Anoxygenic photosystem I	Hydrotherm Fe rich 3300023440	Hydrothermal-Fe-mats	45	19	Incomplete	Incomplete	True
cell_comparison	S40	23	M00598 | Anoxygenic photosystem I	Lab enriched sediment 3300039028	Burr-Oak-BO4	46	12	Incomplete	Incomplete	True
cell_comparison	S40	23	M00598 | Anoxygenic photosystem I	Acid mine drainage 3300008566	Richmond-AMD	47	57	Incomplete	Incomplete	True
cell_comparison	S40	23	M00598 | Anoxygenic photosystem I	Freshwater microbial communitie 3300024341	Lake-Matano	48	25	Complete	Complete	True
cell_comparison	S40	23	M00598 | Anoxygenic photosystem I	Freshwater sediment microbial 3300021517	Lake-Towuti	49	36	Incomplete	Incomplete	True
cell_comparison	S40	23	M00598 | Anoxygenic photosystem I	Metatransc of lab 3300055062	Akron-AMD	50	1	Incomplete	Incomplete	True
cell_comparison	S40	23	M00598 | Anoxygenic photosystem I	Hydrotherm Fe rich 3300023442	Hydrothermal-Fe-mats	51	15	Incomplete	Incomplete	True
cell_comparison	S40	23	M00598 | Anoxygenic photosystem I	Freshwater sediment microbial 3300036046	Lake-Towuti	52	34	1 block missing	1 block missing	True
cell_comparison	S40	23	M00598 | Anoxygenic photosystem I	Hydrotherm Fe rich 3300023313	Hydrothermal-Fe-mats	53	16	Incomplete	Incomplete	True
cell_comparison	S40	23	M00598 | Anoxygenic photosystem I	Acid mine drainage 3300039211	Richmond-AMD	54	60	Incomplete	Incomplete	True
cell_comparison	S40	23	M00598 | Anoxygenic photosystem I	Acid mine drainage 3300008721	Richmond-AMD	55	58	Incomplete	Incomplete	True
cell_comparison	S40	23	M00598 | Anoxygenic photosystem I	Pink biofilm microbial 3300003104	Richmond-AMD	56	49	Incomplete	Incomplete	True
cell_comparison	S40	23	M00598 | Anoxygenic photosystem I	Acid mine drainage 3300038681	Richmond-AMD	57	66	Incomplete	Incomplete	True
cell_comparison	S40	23	M00598 | Anoxygenic photosystem I	Acid mine drainage 3300030228	Richmond-AMD	58	50	Incomplete	Incomplete	True
cell_comparison	S40	23	M00598 | Anoxygenic photosystem I	Metatransc of lab 3300055069	Akron-AMD	59	3	Incomplete	Incomplete	True
cell_comparison	S40	23	M00598 | Anoxygenic photosystem I	Acid Mine Drainage 2010484004	Richmond-AMD	60	46	Incomplete	Incomplete	True
cell_comparison	S40	23	M00598 | Anoxygenic photosystem I	Hydrotherm Fe rich 3300023307	Hydrothermal-Fe-mats	61	13	Incomplete	Incomplete	True
cell_comparison	S40	23	M00598 | Anoxygenic photosystem I	Freshwater sediment microbial 3300031876	Lake-Towuti	62	38	Incomplete	Incomplete	True
cell_comparison	S40	23	M00598 | Anoxygenic photosystem I	Freshwater microbial communitie 3300023177	Lake-Matano	63	22	Complete	Complete	True
cell_comparison	S40	23	M00598 | Anoxygenic photosystem I	Biofilm microbial communitie 3300021476	Other-Fe	64	41	Incomplete	Incomplete	True
cell_comparison	S40	23	M00598 | Anoxygenic photosystem I	Acid Mine Drainage 3300003083	Richmond-AMD	65	56	Incomplete	Incomplete	True
cell_comparison	S40	23	M00598 | Anoxygenic photosystem I	Hydrotherm Fe rich 3300023444	Hydrothermal-Fe-mats	66	18	Incomplete	Incomplete	True
cell_comparison	S40	24	M00611 | Oxygenic photosynthesis in plants and cyanobacteria	Acid mine drainage 3300038494	Richmond-AMD	0	64	Incomplete	Incomplete	True
cell_comparison	S40	24	M00611 | Oxygenic photosynthesis in plants and cyanobacteria	Lab enriched acid 3300038413	Akron-AMD	1	9	Incomplete	Incomplete	True
cell_comparison	S40	24	M00611 | Oxygenic photosynthesis in plants and cyanobacteria	Acid mine drainage 3300008567	Richmond-AMD	2	48	Incomplete	Incomplete	True
cell_comparison	S40	24	M00611 | Oxygenic photosynthesis in plants and cyanobacteria	Acid mine drainage 3300030091	Richmond-AMD	3	44	Incomplete	Incomplete	True
cell_comparison	S40	24	M00611 | Oxygenic photosynthesis in plants and cyanobacteria	Hydrotherm Fe rich 3300023310	Hydrothermal-Fe-mats	4	14	Incomplete	Incomplete	True
cell_comparison	S40	24	M00611 | Oxygenic photosynthesis in plants and cyanobacteria	Metatransc of lab 3300046014	Akron-AMD	5	6	Incomplete	Incomplete	True
cell_comparison	S40	24	M00611 | Oxygenic photosynthesis in plants and cyanobacteria	Metatransc of lab 3300055056	Akron-AMD	6	0	Incomplete	Incomplete	True
cell_comparison	S40	24	M00611 | Oxygenic photosynthesis in plants and cyanobacteria	Freshwater sediment microbial 3300010391	Lake-Superior	7	29	Incomplete	Incomplete	True
cell_comparison	S40	24	M00611 | Oxygenic photosynthesis in plants and cyanobacteria	Freshwater sediment microbial 3300031898	Lake-Towuti	8	37	Incomplete	Incomplete	True
cell_comparison	S40	24	M00611 | Oxygenic photosynthesis in plants and cyanobacteria	Freshwater microbial communitie 3300024300	Lake-Matano	9	23	Incomplete	Incomplete	True
cell_comparison	S40	24	M00611 | Oxygenic photosynthesis in plants and cyanobacteria	Metatransc of lab 3300055061	Akron-AMD	10	2	Incomplete	Incomplete	True
cell_comparison	S40	24	M00611 | Oxygenic photosynthesis in plants and cyanobacteria	Hydrotherm Fe rich 3300023368	Hydrothermal-Fe-mats	11	17	Incomplete	Incomplete	True
cell_comparison	S40	24	M00611 | Oxygenic photosynthesis in plants and cyanobacteria	Acid mine drainage 3300038487	Richmond-AMD	12	43	Incomplete	Incomplete	True
cell_comparison	S40	24	M00611 | Oxygenic photosynthesis in plants and cyanobacteria	Freshwater sediment microbial 3300031593	Lake-Towuti	13	32	Incomplete	Incomplete	True
cell_comparison	S40	24	M00611 | Oxygenic photosynthesis in plants and cyanobacteria	Acid mine drainage 3300030082	Richmond-AMD	14	51	Incomplete	Incomplete	True
cell_comparison	S40	24	M00611 | Oxygenic photosynthesis in plants and cyanobacteria	Freshwater sediment microbial 3300031604	Lake-Towuti	15	30	Incomplete	Incomplete	True
cell_comparison	S40	24	M00611 | Oxygenic photosynthesis in plants and cyanobacteria	Freshwater sediment microbial 3300021518	Lake-Towuti	16	31	Incomplete	Incomplete	True
cell_comparison	S40	24	M00611 | Oxygenic photosynthesis in plants and cyanobacteria	Acid mine drainage 3300030398	Richmond-AMD	17	63	Incomplete	Incomplete	True
cell_comparison	S40	24	M00611 | Oxygenic photosynthesis in plants and cyanobacteria	Acid mine drainage 3300030242	Richmond-AMD	18	59	Incomplete	Incomplete	True
cell_comparison	S40	24	M00611 | Oxygenic photosynthesis in plants and cyanobacteria	Hydrotherm Fe rich 3300023439	Hydrothermal-Fe-mats	19	20	Incomplete	Incomplete	True
cell_comparison	S40	24	M00611 | Oxygenic photosynthesis in plants and cyanobacteria	Freshwater microbial communitie 3300024333	Lake-Matano	20	24	Incomplete	Incomplete	True
cell_comparison	S40	24	M00611 | Oxygenic photosynthesis in plants and cyanobacteria	Lab enriched sediment 3300039027	Burr-Oak-BO4	21	11	Incomplete	Incomplete	True
cell_comparison	S40	24	M00611 | Oxygenic photosynthesis in plants and cyanobacteria	Acid mine drainage 3300039205	Richmond-AMD	22	55	Incomplete	Incomplete	True
cell_comparison	S40	24	M00611 | Oxygenic photosynthesis in plants and cyanobacteria	Freshwater microbial communitie 3300043827	Lake-Matano	23	27	Incomplete	Incomplete	True
cell_comparison	S40	24	M00611 | Oxygenic photosynthesis in plants and cyanobacteria	Lab enriched acid 3300038471	Akron-AMD	24	4	Incomplete	Incomplete	True
cell_comparison	S40	24	M00611 | Oxygenic photosynthesis in plants and cyanobacteria	Acid mine drainage 3300030335	Richmond-AMD	25	45	Incomplete	Incomplete	True
cell_comparison	S40	24	M00611 | Oxygenic photosynthesis in plants and cyanobacteria	Freshwater microbial communitie 3300028737	Lake-Matano	26	26	Incomplete	Incomplete	True
cell_comparison	S40	24	M00611 | Oxygenic photosynthesis in plants and cyanobacteria	Lab enriched acid 3300038411	Akron-AMD	27	5	Incomplete	Incomplete	True
cell_comparison	S40	24	M00611 | Oxygenic photosynthesis in plants and cyanobacteria	Freshwater sediment microbial 3300031877	Lake-Towuti	28	33	Incomplete	Incomplete	True
cell_comparison	S40	24	M00611 | Oxygenic photosynthesis in plants and cyanobacteria	Acid mine drainage 3300038731	Richmond-AMD	29	42	Incomplete	Incomplete	True
cell_comparison	S40	24	M00611 | Oxygenic photosynthesis in plants and cyanobacteria	Acid mine drainage 3300038979	Richmond-AMD	30	53	Incomplete	Incomplete	True
cell_comparison	S40	24	M00611 | Oxygenic photosynthesis in plants and cyanobacteria	Hydrotherm Fe rich 3300023548	Hydrothermal-Fe-mats	31	21	Incomplete	Incomplete	True
cell_comparison	S40	24	M00611 | Oxygenic photosynthesis in plants and cyanobacteria	Metatransc of freshwater 3300061576	Lake-Superior	32	28	Incomplete	Incomplete	True
cell_comparison	S40	24	M00611 | Oxygenic photosynthesis in plants and cyanobacteria	Acid mine drainage 3300038486	Richmond-AMD	33	62	Incomplete	Incomplete	True
cell_comparison	S40	24	M00611 | Oxygenic photosynthesis in plants and cyanobacteria	Freshwater sediment microbial 3300031587	Lake-Towuti	34	39	Incomplete	Incomplete	True
cell_comparison	S40	24	M00611 | Oxygenic photosynthesis in plants and cyanobacteria	Acid Mine Drainage 3300005360	Richmond-AMD	35	54	Incomplete	Incomplete	True
cell_comparison	S40	24	M00611 | Oxygenic photosynthesis in plants and cyanobacteria	Acid mine drainage 3300008723	Richmond-AMD	36	47	Incomplete	Incomplete	True
cell_comparison	S40	24	M00611 | Oxygenic photosynthesis in plants and cyanobacteria	Acid mine drainage 3300038493	Richmond-AMD	37	61	Incomplete	Incomplete	True
cell_comparison	S40	24	M00611 | Oxygenic photosynthesis in plants and cyanobacteria	Freshwater sediment microbial 3300036045	Lake-Towuti	38	35	Incomplete	Incomplete	True
cell_comparison	S40	24	M00611 | Oxygenic photosynthesis in plants and cyanobacteria	Metatransc of lab 3300046013	Akron-AMD	39	8	Incomplete	Incomplete	True
cell_comparison	S40	24	M00611 | Oxygenic photosynthesis in plants and cyanobacteria	Acid mine drainage 3300038729	Richmond-AMD	40	52	Incomplete	Incomplete	True
cell_comparison	S40	24	M00611 | Oxygenic photosynthesis in plants and cyanobacteria	Acid mine drainage 3300030413	Richmond-AMD	41	65	Incomplete	Incomplete	True
cell_comparison	S40	24	M00611 | Oxygenic photosynthesis in plants and cyanobacteria	Lab enriched acid 3300038412	Akron-AMD	42	7	Incomplete	Incomplete	True
cell_comparison	S40	24	M00611 | Oxygenic photosynthesis in plants and cyanobacteria	Freshwater sediment microbial 3300031806	Lake-Towuti	43	40	Incomplete	Incomplete	True
cell_comparison	S40	24	M00611 | Oxygenic photosynthesis in plants and cyanobacteria	Metatransc of lab 3300055057	Akron-AMD	44	10	Incomplete	Incomplete	True
cell_comparison	S40	24	M00611 | Oxygenic photosynthesis in plants and cyanobacteria	Hydrotherm Fe rich 3300023440	Hydrothermal-Fe-mats	45	19	Incomplete	Incomplete	True
cell_comparison	S40	24	M00611 | Oxygenic photosynthesis in plants and cyanobacteria	Lab enriched sediment 3300039028	Burr-Oak-BO4	46	12	Incomplete	Incomplete	True
cell_comparison	S40	24	M00611 | Oxygenic photosynthesis in plants and cyanobacteria	Acid mine drainage 3300008566	Richmond-AMD	47	57	Incomplete	Incomplete	True
cell_comparison	S40	24	M00611 | Oxygenic photosynthesis in plants and cyanobacteria	Freshwater microbial communitie 3300024341	Lake-Matano	48	25	Incomplete	Incomplete	True
cell_comparison	S40	24	M00611 | Oxygenic photosynthesis in plants and cyanobacteria	Freshwater sediment microbial 3300021517	Lake-Towuti	49	36	Incomplete	Incomplete	True
cell_comparison	S40	24	M00611 | Oxygenic photosynthesis in plants and cyanobacteria	Metatransc of lab 3300055062	Akron-AMD	50	1	Incomplete	Incomplete	True
cell_comparison	S40	24	M00611 | Oxygenic photosynthesis in plants and cyanobacteria	Hydrotherm Fe rich 3300023442	Hydrothermal-Fe-mats	51	15	Incomplete	Incomplete	True
cell_comparison	S40	24	M00611 | Oxygenic photosynthesis in plants and cyanobacteria	Freshwater sediment microbial 3300036046	Lake-Towuti	52	34	Complete	Complete	True
cell_comparison	S40	24	M00611 | Oxygenic photosynthesis in plants and cyanobacteria	Hydrotherm Fe rich 3300023313	Hydrothermal-Fe-mats	53	16	Incomplete	Incomplete	True
cell_comparison	S40	24	M00611 | Oxygenic photosynthesis in plants and cyanobacteria	Acid mine drainage 3300039211	Richmond-AMD	54	60	Incomplete	Incomplete	True
cell_comparison	S40	24	M00611 | Oxygenic photosynthesis in plants and cyanobacteria	Acid mine drainage 3300008721	Richmond-AMD	55	58	Incomplete	Incomplete	True
cell_comparison	S40	24	M00611 | Oxygenic photosynthesis in plants and cyanobacteria	Pink biofilm microbial 3300003104	Richmond-AMD	56	49	Incomplete	Incomplete	True
cell_comparison	S40	24	M00611 | Oxygenic photosynthesis in plants and cyanobacteria	Acid mine drainage 3300038681	Richmond-AMD	57	66	Incomplete	Incomplete	True
cell_comparison	S40	24	M00611 | Oxygenic photosynthesis in plants and cyanobacteria	Acid mine drainage 3300030228	Richmond-AMD	58	50	Incomplete	Incomplete	True
cell_comparison	S40	24	M00611 | Oxygenic photosynthesis in plants and cyanobacteria	Metatransc of lab 3300055069	Akron-AMD	59	3	Incomplete	Incomplete	True
cell_comparison	S40	24	M00611 | Oxygenic photosynthesis in plants and cyanobacteria	Acid Mine Drainage 2010484004	Richmond-AMD	60	46	Incomplete	Incomplete	True
cell_comparison	S40	24	M00611 | Oxygenic photosynthesis in plants and cyanobacteria	Hydrotherm Fe rich 3300023307	Hydrothermal-Fe-mats	61	13	Incomplete	Incomplete	True
cell_comparison	S40	24	M00611 | Oxygenic photosynthesis in plants and cyanobacteria	Freshwater sediment microbial 3300031876	Lake-Towuti	62	38	Incomplete	Incomplete	True
cell_comparison	S40	24	M00611 | Oxygenic photosynthesis in plants and cyanobacteria	Freshwater microbial communitie 3300023177	Lake-Matano	63	22	Incomplete	Incomplete	True
cell_comparison	S40	24	M00611 | Oxygenic photosynthesis in plants and cyanobacteria	Biofilm microbial communitie 3300021476	Other-Fe	64	41	Incomplete	Incomplete	True
cell_comparison	S40	24	M00611 | Oxygenic photosynthesis in plants and cyanobacteria	Acid Mine Drainage 3300003083	Richmond-AMD	65	56	Incomplete	Incomplete	True
cell_comparison	S40	24	M00611 | Oxygenic photosynthesis in plants and cyanobacteria	Hydrotherm Fe rich 3300023444	Hydrothermal-Fe-mats	66	18	Incomplete	Incomplete	True
cell_comparison	S40	25	M00612 | Anoxygenic photosynthesis in purple bacteria	Acid mine drainage 3300038494	Richmond-AMD	0	64	Incomplete	Incomplete	True
cell_comparison	S40	25	M00612 | Anoxygenic photosynthesis in purple bacteria	Lab enriched acid 3300038413	Akron-AMD	1	9	Incomplete	Incomplete	True
cell_comparison	S40	25	M00612 | Anoxygenic photosynthesis in purple bacteria	Acid mine drainage 3300008567	Richmond-AMD	2	48	Incomplete	Incomplete	True
cell_comparison	S40	25	M00612 | Anoxygenic photosynthesis in purple bacteria	Acid mine drainage 3300030091	Richmond-AMD	3	44	Incomplete	Incomplete	True
cell_comparison	S40	25	M00612 | Anoxygenic photosynthesis in purple bacteria	Hydrotherm Fe rich 3300023310	Hydrothermal-Fe-mats	4	14	Incomplete	Incomplete	True
cell_comparison	S40	25	M00612 | Anoxygenic photosynthesis in purple bacteria	Metatransc of lab 3300046014	Akron-AMD	5	6	Incomplete	Incomplete	True
cell_comparison	S40	25	M00612 | Anoxygenic photosynthesis in purple bacteria	Metatransc of lab 3300055056	Akron-AMD	6	0	Incomplete	Incomplete	True
cell_comparison	S40	25	M00612 | Anoxygenic photosynthesis in purple bacteria	Freshwater sediment microbial 3300010391	Lake-Superior	7	29	Incomplete	Incomplete	True
cell_comparison	S40	25	M00612 | Anoxygenic photosynthesis in purple bacteria	Freshwater sediment microbial 3300031898	Lake-Towuti	8	37	Incomplete	Incomplete	True
cell_comparison	S40	25	M00612 | Anoxygenic photosynthesis in purple bacteria	Freshwater microbial communitie 3300024300	Lake-Matano	9	23	Incomplete	Incomplete	True
cell_comparison	S40	25	M00612 | Anoxygenic photosynthesis in purple bacteria	Metatransc of lab 3300055061	Akron-AMD	10	2	Incomplete	Incomplete	True
cell_comparison	S40	25	M00612 | Anoxygenic photosynthesis in purple bacteria	Hydrotherm Fe rich 3300023368	Hydrothermal-Fe-mats	11	17	Incomplete	Incomplete	True
cell_comparison	S40	25	M00612 | Anoxygenic photosynthesis in purple bacteria	Acid mine drainage 3300038487	Richmond-AMD	12	43	Incomplete	Incomplete	True
cell_comparison	S40	25	M00612 | Anoxygenic photosynthesis in purple bacteria	Freshwater sediment microbial 3300031593	Lake-Towuti	13	32	Incomplete	Incomplete	True
cell_comparison	S40	25	M00612 | Anoxygenic photosynthesis in purple bacteria	Acid mine drainage 3300030082	Richmond-AMD	14	51	Incomplete	Incomplete	True
cell_comparison	S40	25	M00612 | Anoxygenic photosynthesis in purple bacteria	Freshwater sediment microbial 3300031604	Lake-Towuti	15	30	Incomplete	Incomplete	True
cell_comparison	S40	25	M00612 | Anoxygenic photosynthesis in purple bacteria	Freshwater sediment microbial 3300021518	Lake-Towuti	16	31	Incomplete	Incomplete	True
cell_comparison	S40	25	M00612 | Anoxygenic photosynthesis in purple bacteria	Acid mine drainage 3300030398	Richmond-AMD	17	63	Incomplete	Incomplete	True
cell_comparison	S40	25	M00612 | Anoxygenic photosynthesis in purple bacteria	Acid mine drainage 3300030242	Richmond-AMD	18	59	Incomplete	Incomplete	True
cell_comparison	S40	25	M00612 | Anoxygenic photosynthesis in purple bacteria	Hydrotherm Fe rich 3300023439	Hydrothermal-Fe-mats	19	20	Incomplete	Incomplete	True
cell_comparison	S40	25	M00612 | Anoxygenic photosynthesis in purple bacteria	Freshwater microbial communitie 3300024333	Lake-Matano	20	24	1 block missing	1 block missing	True
cell_comparison	S40	25	M00612 | Anoxygenic photosynthesis in purple bacteria	Lab enriched sediment 3300039027	Burr-Oak-BO4	21	11	Incomplete	Incomplete	True
cell_comparison	S40	25	M00612 | Anoxygenic photosynthesis in purple bacteria	Acid mine drainage 3300039205	Richmond-AMD	22	55	Incomplete	Incomplete	True
cell_comparison	S40	25	M00612 | Anoxygenic photosynthesis in purple bacteria	Freshwater microbial communitie 3300043827	Lake-Matano	23	27	Incomplete	Incomplete	True
cell_comparison	S40	25	M00612 | Anoxygenic photosynthesis in purple bacteria	Lab enriched acid 3300038471	Akron-AMD	24	4	Incomplete	Incomplete	True
cell_comparison	S40	25	M00612 | Anoxygenic photosynthesis in purple bacteria	Acid mine drainage 3300030335	Richmond-AMD	25	45	Incomplete	Incomplete	True
cell_comparison	S40	25	M00612 | Anoxygenic photosynthesis in purple bacteria	Freshwater microbial communitie 3300028737	Lake-Matano	26	26	Complete	Complete	True
cell_comparison	S40	25	M00612 | Anoxygenic photosynthesis in purple bacteria	Lab enriched acid 3300038411	Akron-AMD	27	5	Incomplete	Incomplete	True
cell_comparison	S40	25	M00612 | Anoxygenic photosynthesis in purple bacteria	Freshwater sediment microbial 3300031877	Lake-Towuti	28	33	Incomplete	Incomplete	True
cell_comparison	S40	25	M00612 | Anoxygenic photosynthesis in purple bacteria	Acid mine drainage 3300038731	Richmond-AMD	29	42	Incomplete	Incomplete	True
cell_comparison	S40	25	M00612 | Anoxygenic photosynthesis in purple bacteria	Acid mine drainage 3300038979	Richmond-AMD	30	53	Incomplete	Incomplete	True
cell_comparison	S40	25	M00612 | Anoxygenic photosynthesis in purple bacteria	Hydrotherm Fe rich 3300023548	Hydrothermal-Fe-mats	31	21	Incomplete	Incomplete	True
cell_comparison	S40	25	M00612 | Anoxygenic photosynthesis in purple bacteria	Metatransc of freshwater 3300061576	Lake-Superior	32	28	Incomplete	Incomplete	True
cell_comparison	S40	25	M00612 | Anoxygenic photosynthesis in purple bacteria	Acid mine drainage 3300038486	Richmond-AMD	33	62	Incomplete	Incomplete	True
cell_comparison	S40	25	M00612 | Anoxygenic photosynthesis in purple bacteria	Freshwater sediment microbial 3300031587	Lake-Towuti	34	39	Incomplete	Incomplete	True
cell_comparison	S40	25	M00612 | Anoxygenic photosynthesis in purple bacteria	Acid Mine Drainage 3300005360	Richmond-AMD	35	54	Incomplete	Incomplete	True
cell_comparison	S40	25	M00612 | Anoxygenic photosynthesis in purple bacteria	Acid mine drainage 3300008723	Richmond-AMD	36	47	Incomplete	Incomplete	True
cell_comparison	S40	25	M00612 | Anoxygenic photosynthesis in purple bacteria	Acid mine drainage 3300038493	Richmond-AMD	37	61	Incomplete	Incomplete	True
cell_comparison	S40	25	M00612 | Anoxygenic photosynthesis in purple bacteria	Freshwater sediment microbial 3300036045	Lake-Towuti	38	35	Incomplete	Incomplete	True
cell_comparison	S40	25	M00612 | Anoxygenic photosynthesis in purple bacteria	Metatransc of lab 3300046013	Akron-AMD	39	8	Incomplete	Incomplete	True
cell_comparison	S40	25	M00612 | Anoxygenic photosynthesis in purple bacteria	Acid mine drainage 3300038729	Richmond-AMD	40	52	Incomplete	Incomplete	True
cell_comparison	S40	25	M00612 | Anoxygenic photosynthesis in purple bacteria	Acid mine drainage 3300030413	Richmond-AMD	41	65	Incomplete	Incomplete	True
cell_comparison	S40	25	M00612 | Anoxygenic photosynthesis in purple bacteria	Lab enriched acid 3300038412	Akron-AMD	42	7	Incomplete	Incomplete	True
cell_comparison	S40	25	M00612 | Anoxygenic photosynthesis in purple bacteria	Freshwater sediment microbial 3300031806	Lake-Towuti	43	40	Incomplete	Incomplete	True
cell_comparison	S40	25	M00612 | Anoxygenic photosynthesis in purple bacteria	Metatransc of lab 3300055057	Akron-AMD	44	10	Incomplete	Incomplete	True
cell_comparison	S40	25	M00612 | Anoxygenic photosynthesis in purple bacteria	Hydrotherm Fe rich 3300023440	Hydrothermal-Fe-mats	45	19	Incomplete	Incomplete	True
cell_comparison	S40	25	M00612 | Anoxygenic photosynthesis in purple bacteria	Lab enriched sediment 3300039028	Burr-Oak-BO4	46	12	Incomplete	Incomplete	True
cell_comparison	S40	25	M00612 | Anoxygenic photosynthesis in purple bacteria	Acid mine drainage 3300008566	Richmond-AMD	47	57	Incomplete	Incomplete	True
cell_comparison	S40	25	M00612 | Anoxygenic photosynthesis in purple bacteria	Freshwater microbial communitie 3300024341	Lake-Matano	48	25	Complete	Complete	True
cell_comparison	S40	25	M00612 | Anoxygenic photosynthesis in purple bacteria	Freshwater sediment microbial 3300021517	Lake-Towuti	49	36	Incomplete	Incomplete	True
cell_comparison	S40	25	M00612 | Anoxygenic photosynthesis in purple bacteria	Metatransc of lab 3300055062	Akron-AMD	50	1	Incomplete	Incomplete	True
cell_comparison	S40	25	M00612 | Anoxygenic photosynthesis in purple bacteria	Hydrotherm Fe rich 3300023442	Hydrothermal-Fe-mats	51	15	Incomplete	Incomplete	True
cell_comparison	S40	25	M00612 | Anoxygenic photosynthesis in purple bacteria	Freshwater sediment microbial 3300036046	Lake-Towuti	52	34	Complete	Complete	True
cell_comparison	S40	25	M00612 | Anoxygenic photosynthesis in purple bacteria	Hydrotherm Fe rich 3300023313	Hydrothermal-Fe-mats	53	16	Incomplete	Incomplete	True
cell_comparison	S40	25	M00612 | Anoxygenic photosynthesis in purple bacteria	Acid mine drainage 3300039211	Richmond-AMD	54	60	Incomplete	Incomplete	True
cell_comparison	S40	25	M00612 | Anoxygenic photosynthesis in purple bacteria	Acid mine drainage 3300008721	Richmond-AMD	55	58	Incomplete	Incomplete	True
cell_comparison	S40	25	M00612 | Anoxygenic photosynthesis in purple bacteria	Pink biofilm microbial 3300003104	Richmond-AMD	56	49	Incomplete	Incomplete	True
cell_comparison	S40	25	M00612 | Anoxygenic photosynthesis in purple bacteria	Acid mine drainage 3300038681	Richmond-AMD	57	66	Incomplete	Incomplete	True
cell_comparison	S40	25	M00612 | Anoxygenic photosynthesis in purple bacteria	Acid mine drainage 3300030228	Richmond-AMD	58	50	Incomplete	Incomplete	True
cell_comparison	S40	25	M00612 | Anoxygenic photosynthesis in purple bacteria	Metatransc of lab 3300055069	Akron-AMD	59	3	Incomplete	Incomplete	True
cell_comparison	S40	25	M00612 | Anoxygenic photosynthesis in purple bacteria	Acid Mine Drainage 2010484004	Richmond-AMD	60	46	Incomplete	Incomplete	True
cell_comparison	S40	25	M00612 | Anoxygenic photosynthesis in purple bacteria	Hydrotherm Fe rich 3300023307	Hydrothermal-Fe-mats	61	13	Incomplete	Incomplete	True
cell_comparison	S40	25	M00612 | Anoxygenic photosynthesis in purple bacteria	Freshwater sediment microbial 3300031876	Lake-Towuti	62	38	Incomplete	Incomplete	True
cell_comparison	S40	25	M00612 | Anoxygenic photosynthesis in purple bacteria	Freshwater microbial communitie 3300023177	Lake-Matano	63	22	1 block missing	1 block missing	True
cell_comparison	S40	25	M00612 | Anoxygenic photosynthesis in purple bacteria	Biofilm microbial communitie 3300021476	Other-Fe	64	41	Incomplete	Incomplete	True
cell_comparison	S40	25	M00612 | Anoxygenic photosynthesis in purple bacteria	Acid Mine Drainage 3300003083	Richmond-AMD	65	56	Incomplete	Incomplete	True
cell_comparison	S40	25	M00612 | Anoxygenic photosynthesis in purple bacteria	Hydrotherm Fe rich 3300023444	Hydrothermal-Fe-mats	66	18	Incomplete	Incomplete	True
cell_comparison	S40	26	M00613 | Anoxygenic photosynthesis in green nonsulfur bacteria	Acid mine drainage 3300038494	Richmond-AMD	0	64	Incomplete	Incomplete	True
cell_comparison	S40	26	M00613 | Anoxygenic photosynthesis in green nonsulfur bacteria	Lab enriched acid 3300038413	Akron-AMD	1	9	Complete	Complete	True
cell_comparison	S40	26	M00613 | Anoxygenic photosynthesis in green nonsulfur bacteria	Acid mine drainage 3300008567	Richmond-AMD	2	48	Incomplete	Incomplete	True
cell_comparison	S40	26	M00613 | Anoxygenic photosynthesis in green nonsulfur bacteria	Acid mine drainage 3300030091	Richmond-AMD	3	44	Incomplete	Incomplete	True
cell_comparison	S40	26	M00613 | Anoxygenic photosynthesis in green nonsulfur bacteria	Hydrotherm Fe rich 3300023310	Hydrothermal-Fe-mats	4	14	Incomplete	Incomplete	True
cell_comparison	S40	26	M00613 | Anoxygenic photosynthesis in green nonsulfur bacteria	Metatransc of lab 3300046014	Akron-AMD	5	6	Incomplete	Incomplete	True
cell_comparison	S40	26	M00613 | Anoxygenic photosynthesis in green nonsulfur bacteria	Metatransc of lab 3300055056	Akron-AMD	6	0	Incomplete	Incomplete	True
cell_comparison	S40	26	M00613 | Anoxygenic photosynthesis in green nonsulfur bacteria	Freshwater sediment microbial 3300010391	Lake-Superior	7	29	Incomplete	Incomplete	True
cell_comparison	S40	26	M00613 | Anoxygenic photosynthesis in green nonsulfur bacteria	Freshwater sediment microbial 3300031898	Lake-Towuti	8	37	Incomplete	Incomplete	True
cell_comparison	S40	26	M00613 | Anoxygenic photosynthesis in green nonsulfur bacteria	Freshwater microbial communitie 3300024300	Lake-Matano	9	23	1 block missing	1 block missing	True
cell_comparison	S40	26	M00613 | Anoxygenic photosynthesis in green nonsulfur bacteria	Metatransc of lab 3300055061	Akron-AMD	10	2	Incomplete	Incomplete	True
cell_comparison	S40	26	M00613 | Anoxygenic photosynthesis in green nonsulfur bacteria	Hydrotherm Fe rich 3300023368	Hydrothermal-Fe-mats	11	17	Incomplete	Incomplete	True
cell_comparison	S40	26	M00613 | Anoxygenic photosynthesis in green nonsulfur bacteria	Acid mine drainage 3300038487	Richmond-AMD	12	43	Incomplete	Incomplete	True
cell_comparison	S40	26	M00613 | Anoxygenic photosynthesis in green nonsulfur bacteria	Freshwater sediment microbial 3300031593	Lake-Towuti	13	32	Incomplete	Incomplete	True
cell_comparison	S40	26	M00613 | Anoxygenic photosynthesis in green nonsulfur bacteria	Acid mine drainage 3300030082	Richmond-AMD	14	51	Incomplete	Incomplete	True
cell_comparison	S40	26	M00613 | Anoxygenic photosynthesis in green nonsulfur bacteria	Freshwater sediment microbial 3300031604	Lake-Towuti	15	30	Incomplete	Incomplete	True
cell_comparison	S40	26	M00613 | Anoxygenic photosynthesis in green nonsulfur bacteria	Freshwater sediment microbial 3300021518	Lake-Towuti	16	31	Complete	Complete	True
cell_comparison	S40	26	M00613 | Anoxygenic photosynthesis in green nonsulfur bacteria	Acid mine drainage 3300030398	Richmond-AMD	17	63	Incomplete	Incomplete	True
cell_comparison	S40	26	M00613 | Anoxygenic photosynthesis in green nonsulfur bacteria	Acid mine drainage 3300030242	Richmond-AMD	18	59	Incomplete	Incomplete	True
cell_comparison	S40	26	M00613 | Anoxygenic photosynthesis in green nonsulfur bacteria	Hydrotherm Fe rich 3300023439	Hydrothermal-Fe-mats	19	20	Incomplete	Incomplete	True
cell_comparison	S40	26	M00613 | Anoxygenic photosynthesis in green nonsulfur bacteria	Freshwater microbial communitie 3300024333	Lake-Matano	20	24	1 block missing	1 block missing	True
cell_comparison	S40	26	M00613 | Anoxygenic photosynthesis in green nonsulfur bacteria	Lab enriched sediment 3300039027	Burr-Oak-BO4	21	11	Incomplete	Incomplete	True
cell_comparison	S40	26	M00613 | Anoxygenic photosynthesis in green nonsulfur bacteria	Acid mine drainage 3300039205	Richmond-AMD	22	55	Incomplete	Incomplete	True
cell_comparison	S40	26	M00613 | Anoxygenic photosynthesis in green nonsulfur bacteria	Freshwater microbial communitie 3300043827	Lake-Matano	23	27	Incomplete	Incomplete	True
cell_comparison	S40	26	M00613 | Anoxygenic photosynthesis in green nonsulfur bacteria	Lab enriched acid 3300038471	Akron-AMD	24	4	Incomplete	Incomplete	True
cell_comparison	S40	26	M00613 | Anoxygenic photosynthesis in green nonsulfur bacteria	Acid mine drainage 3300030335	Richmond-AMD	25	45	Incomplete	Incomplete	True
cell_comparison	S40	26	M00613 | Anoxygenic photosynthesis in green nonsulfur bacteria	Freshwater microbial communitie 3300028737	Lake-Matano	26	26	Complete	Complete	True
cell_comparison	S40	26	M00613 | Anoxygenic photosynthesis in green nonsulfur bacteria	Lab enriched acid 3300038411	Akron-AMD	27	5	1 block missing	1 block missing	True
cell_comparison	S40	26	M00613 | Anoxygenic photosynthesis in green nonsulfur bacteria	Freshwater sediment microbial 3300031877	Lake-Towuti	28	33	Incomplete	Incomplete	True
cell_comparison	S40	26	M00613 | Anoxygenic photosynthesis in green nonsulfur bacteria	Acid mine drainage 3300038731	Richmond-AMD	29	42	Incomplete	Incomplete	True
cell_comparison	S40	26	M00613 | Anoxygenic photosynthesis in green nonsulfur bacteria	Acid mine drainage 3300038979	Richmond-AMD	30	53	Incomplete	Incomplete	True
cell_comparison	S40	26	M00613 | Anoxygenic photosynthesis in green nonsulfur bacteria	Hydrotherm Fe rich 3300023548	Hydrothermal-Fe-mats	31	21	Incomplete	Incomplete	True
cell_comparison	S40	26	M00613 | Anoxygenic photosynthesis in green nonsulfur bacteria	Metatransc of freshwater 3300061576	Lake-Superior	32	28	Incomplete	Incomplete	True
cell_comparison	S40	26	M00613 | Anoxygenic photosynthesis in green nonsulfur bacteria	Acid mine drainage 3300038486	Richmond-AMD	33	62	Incomplete	Incomplete	True
cell_comparison	S40	26	M00613 | Anoxygenic photosynthesis in green nonsulfur bacteria	Freshwater sediment microbial 3300031587	Lake-Towuti	34	39	Incomplete	Incomplete	True
cell_comparison	S40	26	M00613 | Anoxygenic photosynthesis in green nonsulfur bacteria	Acid Mine Drainage 3300005360	Richmond-AMD	35	54	Incomplete	Incomplete	True
cell_comparison	S40	26	M00613 | Anoxygenic photosynthesis in green nonsulfur bacteria	Acid mine drainage 3300008723	Richmond-AMD	36	47	Incomplete	Incomplete	True
cell_comparison	S40	26	M00613 | Anoxygenic photosynthesis in green nonsulfur bacteria	Acid mine drainage 3300038493	Richmond-AMD	37	61	Incomplete	Incomplete	True
cell_comparison	S40	26	M00613 | Anoxygenic photosynthesis in green nonsulfur bacteria	Freshwater sediment microbial 3300036045	Lake-Towuti	38	35	Complete	Complete	True
cell_comparison	S40	26	M00613 | Anoxygenic photosynthesis in green nonsulfur bacteria	Metatransc of lab 3300046013	Akron-AMD	39	8	Incomplete	Incomplete	True
cell_comparison	S40	26	M00613 | Anoxygenic photosynthesis in green nonsulfur bacteria	Acid mine drainage 3300038729	Richmond-AMD	40	52	Incomplete	Incomplete	True
cell_comparison	S40	26	M00613 | Anoxygenic photosynthesis in green nonsulfur bacteria	Acid mine drainage 3300030413	Richmond-AMD	41	65	Incomplete	Incomplete	True
cell_comparison	S40	26	M00613 | Anoxygenic photosynthesis in green nonsulfur bacteria	Lab enriched acid 3300038412	Akron-AMD	42	7	Incomplete	Incomplete	True
cell_comparison	S40	26	M00613 | Anoxygenic photosynthesis in green nonsulfur bacteria	Freshwater sediment microbial 3300031806	Lake-Towuti	43	40	Incomplete	Incomplete	True
cell_comparison	S40	26	M00613 | Anoxygenic photosynthesis in green nonsulfur bacteria	Metatransc of lab 3300055057	Akron-AMD	44	10	Incomplete	Incomplete	True
cell_comparison	S40	26	M00613 | Anoxygenic photosynthesis in green nonsulfur bacteria	Hydrotherm Fe rich 3300023440	Hydrothermal-Fe-mats	45	19	Incomplete	Incomplete	True
cell_comparison	S40	26	M00613 | Anoxygenic photosynthesis in green nonsulfur bacteria	Lab enriched sediment 3300039028	Burr-Oak-BO4	46	12	Incomplete	Incomplete	True
cell_comparison	S40	26	M00613 | Anoxygenic photosynthesis in green nonsulfur bacteria	Acid mine drainage 3300008566	Richmond-AMD	47	57	Incomplete	Incomplete	True
cell_comparison	S40	26	M00613 | Anoxygenic photosynthesis in green nonsulfur bacteria	Freshwater microbial communitie 3300024341	Lake-Matano	48	25	Complete	Complete	True
cell_comparison	S40	26	M00613 | Anoxygenic photosynthesis in green nonsulfur bacteria	Freshwater sediment microbial 3300021517	Lake-Towuti	49	36	Complete	Complete	True
cell_comparison	S40	26	M00613 | Anoxygenic photosynthesis in green nonsulfur bacteria	Metatransc of lab 3300055062	Akron-AMD	50	1	Incomplete	Incomplete	True
cell_comparison	S40	26	M00613 | Anoxygenic photosynthesis in green nonsulfur bacteria	Hydrotherm Fe rich 3300023442	Hydrothermal-Fe-mats	51	15	Incomplete	Incomplete	True
cell_comparison	S40	26	M00613 | Anoxygenic photosynthesis in green nonsulfur bacteria	Freshwater sediment microbial 3300036046	Lake-Towuti	52	34	Complete	Complete	True
cell_comparison	S40	26	M00613 | Anoxygenic photosynthesis in green nonsulfur bacteria	Hydrotherm Fe rich 3300023313	Hydrothermal-Fe-mats	53	16	Incomplete	Incomplete	True
cell_comparison	S40	26	M00613 | Anoxygenic photosynthesis in green nonsulfur bacteria	Acid mine drainage 3300039211	Richmond-AMD	54	60	Incomplete	Incomplete	True
cell_comparison	S40	26	M00613 | Anoxygenic photosynthesis in green nonsulfur bacteria	Acid mine drainage 3300008721	Richmond-AMD	55	58	Incomplete	Incomplete	True
cell_comparison	S40	26	M00613 | Anoxygenic photosynthesis in green nonsulfur bacteria	Pink biofilm microbial 3300003104	Richmond-AMD	56	49	Incomplete	Incomplete	True
cell_comparison	S40	26	M00613 | Anoxygenic photosynthesis in green nonsulfur bacteria	Acid mine drainage 3300038681	Richmond-AMD	57	66	Incomplete	Incomplete	True
cell_comparison	S40	26	M00613 | Anoxygenic photosynthesis in green nonsulfur bacteria	Acid mine drainage 3300030228	Richmond-AMD	58	50	Incomplete	Incomplete	True
cell_comparison	S40	26	M00613 | Anoxygenic photosynthesis in green nonsulfur bacteria	Metatransc of lab 3300055069	Akron-AMD	59	3	Incomplete	Incomplete	True
cell_comparison	S40	26	M00613 | Anoxygenic photosynthesis in green nonsulfur bacteria	Acid Mine Drainage 2010484004	Richmond-AMD	60	46	Incomplete	Incomplete	True
cell_comparison	S40	26	M00613 | Anoxygenic photosynthesis in green nonsulfur bacteria	Hydrotherm Fe rich 3300023307	Hydrothermal-Fe-mats	61	13	Incomplete	Incomplete	True
cell_comparison	S40	26	M00613 | Anoxygenic photosynthesis in green nonsulfur bacteria	Freshwater sediment microbial 3300031876	Lake-Towuti	62	38	Incomplete	Incomplete	True
cell_comparison	S40	26	M00613 | Anoxygenic photosynthesis in green nonsulfur bacteria	Freshwater microbial communitie 3300023177	Lake-Matano	63	22	Complete	Complete	True
cell_comparison	S40	26	M00613 | Anoxygenic photosynthesis in green nonsulfur bacteria	Biofilm microbial communitie 3300021476	Other-Fe	64	41	Incomplete	Incomplete	True
cell_comparison	S40	26	M00613 | Anoxygenic photosynthesis in green nonsulfur bacteria	Acid Mine Drainage 3300003083	Richmond-AMD	65	56	Incomplete	Incomplete	True
cell_comparison	S40	26	M00613 | Anoxygenic photosynthesis in green nonsulfur bacteria	Hydrotherm Fe rich 3300023444	Hydrothermal-Fe-mats	66	18	Incomplete	Incomplete	True
cell_comparison	S40	27	M00121 | Heme biosynthesis, plants and bacteria, glutamate -> heme	Acid mine drainage 3300038494	Richmond-AMD	0	64	Incomplete	Incomplete	True
cell_comparison	S40	27	M00121 | Heme biosynthesis, plants and bacteria, glutamate -> heme	Lab enriched acid 3300038413	Akron-AMD	1	9	1 block missing	1 block missing	True
cell_comparison	S40	27	M00121 | Heme biosynthesis, plants and bacteria, glutamate -> heme	Acid mine drainage 3300008567	Richmond-AMD	2	48	Incomplete	Incomplete	True
cell_comparison	S40	27	M00121 | Heme biosynthesis, plants and bacteria, glutamate -> heme	Acid mine drainage 3300030091	Richmond-AMD	3	44	Incomplete	Incomplete	True
cell_comparison	S40	27	M00121 | Heme biosynthesis, plants and bacteria, glutamate -> heme	Hydrotherm Fe rich 3300023310	Hydrothermal-Fe-mats	4	14	Incomplete	Incomplete	True
cell_comparison	S40	27	M00121 | Heme biosynthesis, plants and bacteria, glutamate -> heme	Metatransc of lab 3300046014	Akron-AMD	5	6	Incomplete	Incomplete	True
cell_comparison	S40	27	M00121 | Heme biosynthesis, plants and bacteria, glutamate -> heme	Metatransc of lab 3300055056	Akron-AMD	6	0	Incomplete	Incomplete	True
cell_comparison	S40	27	M00121 | Heme biosynthesis, plants and bacteria, glutamate -> heme	Freshwater sediment microbial 3300010391	Lake-Superior	7	29	Complete	Complete	True
cell_comparison	S40	27	M00121 | Heme biosynthesis, plants and bacteria, glutamate -> heme	Freshwater sediment microbial 3300031898	Lake-Towuti	8	37	Incomplete	Incomplete	True
cell_comparison	S40	27	M00121 | Heme biosynthesis, plants and bacteria, glutamate -> heme	Freshwater microbial communitie 3300024300	Lake-Matano	9	23	Complete	Complete	True
cell_comparison	S40	27	M00121 | Heme biosynthesis, plants and bacteria, glutamate -> heme	Metatransc of lab 3300055061	Akron-AMD	10	2	Incomplete	Incomplete	True
cell_comparison	S40	27	M00121 | Heme biosynthesis, plants and bacteria, glutamate -> heme	Hydrotherm Fe rich 3300023368	Hydrothermal-Fe-mats	11	17	1 block missing	1 block missing	True
cell_comparison	S40	27	M00121 | Heme biosynthesis, plants and bacteria, glutamate -> heme	Acid mine drainage 3300038487	Richmond-AMD	12	43	Incomplete	Incomplete	True
cell_comparison	S40	27	M00121 | Heme biosynthesis, plants and bacteria, glutamate -> heme	Freshwater sediment microbial 3300031593	Lake-Towuti	13	32	Incomplete	Incomplete	True
cell_comparison	S40	27	M00121 | Heme biosynthesis, plants and bacteria, glutamate -> heme	Acid mine drainage 3300030082	Richmond-AMD	14	51	Incomplete	Incomplete	True
cell_comparison	S40	27	M00121 | Heme biosynthesis, plants and bacteria, glutamate -> heme	Freshwater sediment microbial 3300031604	Lake-Towuti	15	30	Incomplete	Incomplete	True
cell_comparison	S40	27	M00121 | Heme biosynthesis, plants and bacteria, glutamate -> heme	Freshwater sediment microbial 3300021518	Lake-Towuti	16	31	Complete	Complete	True
cell_comparison	S40	27	M00121 | Heme biosynthesis, plants and bacteria, glutamate -> heme	Acid mine drainage 3300030398	Richmond-AMD	17	63	Incomplete	Incomplete	True
cell_comparison	S40	27	M00121 | Heme biosynthesis, plants and bacteria, glutamate -> heme	Acid mine drainage 3300030242	Richmond-AMD	18	59	Incomplete	Incomplete	True
cell_comparison	S40	27	M00121 | Heme biosynthesis, plants and bacteria, glutamate -> heme	Hydrotherm Fe rich 3300023439	Hydrothermal-Fe-mats	19	20	1 block missing	1 block missing	True
cell_comparison	S40	27	M00121 | Heme biosynthesis, plants and bacteria, glutamate -> heme	Freshwater microbial communitie 3300024333	Lake-Matano	20	24	Complete	Complete	True
cell_comparison	S40	27	M00121 | Heme biosynthesis, plants and bacteria, glutamate -> heme	Lab enriched sediment 3300039027	Burr-Oak-BO4	21	11	Incomplete	Incomplete	True
cell_comparison	S40	27	M00121 | Heme biosynthesis, plants and bacteria, glutamate -> heme	Acid mine drainage 3300039205	Richmond-AMD	22	55	Incomplete	Incomplete	True
cell_comparison	S40	27	M00121 | Heme biosynthesis, plants and bacteria, glutamate -> heme	Freshwater microbial communitie 3300043827	Lake-Matano	23	27	1 block missing	1 block missing	True
cell_comparison	S40	27	M00121 | Heme biosynthesis, plants and bacteria, glutamate -> heme	Lab enriched acid 3300038471	Akron-AMD	24	4	1 block missing	1 block missing	True
cell_comparison	S40	27	M00121 | Heme biosynthesis, plants and bacteria, glutamate -> heme	Acid mine drainage 3300030335	Richmond-AMD	25	45	Incomplete	Incomplete	True
cell_comparison	S40	27	M00121 | Heme biosynthesis, plants and bacteria, glutamate -> heme	Freshwater microbial communitie 3300028737	Lake-Matano	26	26	1 block missing	1 block missing	True
cell_comparison	S40	27	M00121 | Heme biosynthesis, plants and bacteria, glutamate -> heme	Lab enriched acid 3300038411	Akron-AMD	27	5	1 block missing	1 block missing	True
cell_comparison	S40	27	M00121 | Heme biosynthesis, plants and bacteria, glutamate -> heme	Freshwater sediment microbial 3300031877	Lake-Towuti	28	33	Incomplete	Incomplete	True
cell_comparison	S40	27	M00121 | Heme biosynthesis, plants and bacteria, glutamate -> heme	Acid mine drainage 3300038731	Richmond-AMD	29	42	Incomplete	Incomplete	True
cell_comparison	S40	27	M00121 | Heme biosynthesis, plants and bacteria, glutamate -> heme	Acid mine drainage 3300038979	Richmond-AMD	30	53	Incomplete	Incomplete	True
cell_comparison	S40	27	M00121 | Heme biosynthesis, plants and bacteria, glutamate -> heme	Hydrotherm Fe rich 3300023548	Hydrothermal-Fe-mats	31	21	Incomplete	Incomplete	True
cell_comparison	S40	27	M00121 | Heme biosynthesis, plants and bacteria, glutamate -> heme	Metatransc of freshwater 3300061576	Lake-Superior	32	28	Incomplete	Incomplete	True
cell_comparison	S40	27	M00121 | Heme biosynthesis, plants and bacteria, glutamate -> heme	Acid mine drainage 3300038486	Richmond-AMD	33	62	Incomplete	Incomplete	True
cell_comparison	S40	27	M00121 | Heme biosynthesis, plants and bacteria, glutamate -> heme	Freshwater sediment microbial 3300031587	Lake-Towuti	34	39	Incomplete	Incomplete	True
cell_comparison	S40	27	M00121 | Heme biosynthesis, plants and bacteria, glutamate -> heme	Acid Mine Drainage 3300005360	Richmond-AMD	35	54	Incomplete	Incomplete	True
cell_comparison	S40	27	M00121 | Heme biosynthesis, plants and bacteria, glutamate -> heme	Acid mine drainage 3300008723	Richmond-AMD	36	47	Incomplete	Incomplete	True
cell_comparison	S40	27	M00121 | Heme biosynthesis, plants and bacteria, glutamate -> heme	Acid mine drainage 3300038493	Richmond-AMD	37	61	Incomplete	Incomplete	True
cell_comparison	S40	27	M00121 | Heme biosynthesis, plants and bacteria, glutamate -> heme	Freshwater sediment microbial 3300036045	Lake-Towuti	38	35	Complete	Complete	True
cell_comparison	S40	27	M00121 | Heme biosynthesis, plants and bacteria, glutamate -> heme	Metatransc of lab 3300046013	Akron-AMD	39	8	Incomplete	Incomplete	True
cell_comparison	S40	27	M00121 | Heme biosynthesis, plants and bacteria, glutamate -> heme	Acid mine drainage 3300038729	Richmond-AMD	40	52	Incomplete	Incomplete	True
cell_comparison	S40	27	M00121 | Heme biosynthesis, plants and bacteria, glutamate -> heme	Acid mine drainage 3300030413	Richmond-AMD	41	65	Incomplete	Incomplete	True
cell_comparison	S40	27	M00121 | Heme biosynthesis, plants and bacteria, glutamate -> heme	Lab enriched acid 3300038412	Akron-AMD	42	7	1 block missing	1 block missing	True
cell_comparison	S40	27	M00121 | Heme biosynthesis, plants and bacteria, glutamate -> heme	Freshwater sediment microbial 3300031806	Lake-Towuti	43	40	Incomplete	Incomplete	True
cell_comparison	S40	27	M00121 | Heme biosynthesis, plants and bacteria, glutamate -> heme	Metatransc of lab 3300055057	Akron-AMD	44	10	Incomplete	Incomplete	True
cell_comparison	S40	27	M00121 | Heme biosynthesis, plants and bacteria, glutamate -> heme	Hydrotherm Fe rich 3300023440	Hydrothermal-Fe-mats	45	19	1 block missing	1 block missing	True
cell_comparison	S40	27	M00121 | Heme biosynthesis, plants and bacteria, glutamate -> heme	Lab enriched sediment 3300039028	Burr-Oak-BO4	46	12	Incomplete	Incomplete	True
cell_comparison	S40	27	M00121 | Heme biosynthesis, plants and bacteria, glutamate -> heme	Acid mine drainage 3300008566	Richmond-AMD	47	57	Incomplete	Incomplete	True
cell_comparison	S40	27	M00121 | Heme biosynthesis, plants and bacteria, glutamate -> heme	Freshwater microbial communitie 3300024341	Lake-Matano	48	25	Complete	Complete	True
cell_comparison	S40	27	M00121 | Heme biosynthesis, plants and bacteria, glutamate -> heme	Freshwater sediment microbial 3300021517	Lake-Towuti	49	36	Complete	Complete	True
cell_comparison	S40	27	M00121 | Heme biosynthesis, plants and bacteria, glutamate -> heme	Metatransc of lab 3300055062	Akron-AMD	50	1	Incomplete	Incomplete	True
cell_comparison	S40	27	M00121 | Heme biosynthesis, plants and bacteria, glutamate -> heme	Hydrotherm Fe rich 3300023442	Hydrothermal-Fe-mats	51	15	1 block missing	1 block missing	True
cell_comparison	S40	27	M00121 | Heme biosynthesis, plants and bacteria, glutamate -> heme	Freshwater sediment microbial 3300036046	Lake-Towuti	52	34	Complete	Complete	True
cell_comparison	S40	27	M00121 | Heme biosynthesis, plants and bacteria, glutamate -> heme	Hydrotherm Fe rich 3300023313	Hydrothermal-Fe-mats	53	16	1 block missing	1 block missing	True
cell_comparison	S40	27	M00121 | Heme biosynthesis, plants and bacteria, glutamate -> heme	Acid mine drainage 3300039211	Richmond-AMD	54	60	Incomplete	Incomplete	True
cell_comparison	S40	27	M00121 | Heme biosynthesis, plants and bacteria, glutamate -> heme	Acid mine drainage 3300008721	Richmond-AMD	55	58	Incomplete	Incomplete	True
cell_comparison	S40	27	M00121 | Heme biosynthesis, plants and bacteria, glutamate -> heme	Pink biofilm microbial 3300003104	Richmond-AMD	56	49	Incomplete	Incomplete	True
cell_comparison	S40	27	M00121 | Heme biosynthesis, plants and bacteria, glutamate -> heme	Acid mine drainage 3300038681	Richmond-AMD	57	66	Incomplete	Incomplete	True
cell_comparison	S40	27	M00121 | Heme biosynthesis, plants and bacteria, glutamate -> heme	Acid mine drainage 3300030228	Richmond-AMD	58	50	Incomplete	Incomplete	True
cell_comparison	S40	27	M00121 | Heme biosynthesis, plants and bacteria, glutamate -> heme	Metatransc of lab 3300055069	Akron-AMD	59	3	Incomplete	Incomplete	True
cell_comparison	S40	27	M00121 | Heme biosynthesis, plants and bacteria, glutamate -> heme	Acid Mine Drainage 2010484004	Richmond-AMD	60	46	Incomplete	Incomplete	True
cell_comparison	S40	27	M00121 | Heme biosynthesis, plants and bacteria, glutamate -> heme	Hydrotherm Fe rich 3300023307	Hydrothermal-Fe-mats	61	13	Incomplete	Incomplete	True
cell_comparison	S40	27	M00121 | Heme biosynthesis, plants and bacteria, glutamate -> heme	Freshwater sediment microbial 3300031876	Lake-Towuti	62	38	Incomplete	Incomplete	True
cell_comparison	S40	27	M00121 | Heme biosynthesis, plants and bacteria, glutamate -> heme	Freshwater microbial communitie 3300023177	Lake-Matano	63	22	1 block missing	1 block missing	True
cell_comparison	S40	27	M00121 | Heme biosynthesis, plants and bacteria, glutamate -> heme	Biofilm microbial communitie 3300021476	Other-Fe	64	41	1 block missing	1 block missing	True
cell_comparison	S40	27	M00121 | Heme biosynthesis, plants and bacteria, glutamate -> heme	Acid Mine Drainage 3300003083	Richmond-AMD	65	56	Incomplete	Incomplete	True
cell_comparison	S40	27	M00121 | Heme biosynthesis, plants and bacteria, glutamate -> heme	Hydrotherm Fe rich 3300023444	Hydrothermal-Fe-mats	66	18	1 block missing	1 block missing	True
cell_comparison	S40	28	M00144 | NADH:quinone oxidoreductase, prokaryotes	Acid mine drainage 3300038494	Richmond-AMD	0	64	Incomplete	Incomplete	True
cell_comparison	S40	28	M00144 | NADH:quinone oxidoreductase, prokaryotes	Lab enriched acid 3300038413	Akron-AMD	1	9	Incomplete	Incomplete	True
cell_comparison	S40	28	M00144 | NADH:quinone oxidoreductase, prokaryotes	Acid mine drainage 3300008567	Richmond-AMD	2	48	Incomplete	Incomplete	True
cell_comparison	S40	28	M00144 | NADH:quinone oxidoreductase, prokaryotes	Acid mine drainage 3300030091	Richmond-AMD	3	44	Incomplete	Incomplete	True
cell_comparison	S40	28	M00144 | NADH:quinone oxidoreductase, prokaryotes	Hydrotherm Fe rich 3300023310	Hydrothermal-Fe-mats	4	14	1 block missing	1 block missing	True
cell_comparison	S40	28	M00144 | NADH:quinone oxidoreductase, prokaryotes	Metatransc of lab 3300046014	Akron-AMD	5	6	Incomplete	Incomplete	True
cell_comparison	S40	28	M00144 | NADH:quinone oxidoreductase, prokaryotes	Metatransc of lab 3300055056	Akron-AMD	6	0	Incomplete	Incomplete	True
cell_comparison	S40	28	M00144 | NADH:quinone oxidoreductase, prokaryotes	Freshwater sediment microbial 3300010391	Lake-Superior	7	29	1 block missing	1 block missing	True
cell_comparison	S40	28	M00144 | NADH:quinone oxidoreductase, prokaryotes	Freshwater sediment microbial 3300031898	Lake-Towuti	8	37	1 block missing	1 block missing	True
cell_comparison	S40	28	M00144 | NADH:quinone oxidoreductase, prokaryotes	Freshwater microbial communitie 3300024300	Lake-Matano	9	23	1 block missing	1 block missing	True
cell_comparison	S40	28	M00144 | NADH:quinone oxidoreductase, prokaryotes	Metatransc of lab 3300055061	Akron-AMD	10	2	Incomplete	Incomplete	True
cell_comparison	S40	28	M00144 | NADH:quinone oxidoreductase, prokaryotes	Hydrotherm Fe rich 3300023368	Hydrothermal-Fe-mats	11	17	1 block missing	1 block missing	True
cell_comparison	S40	28	M00144 | NADH:quinone oxidoreductase, prokaryotes	Acid mine drainage 3300038487	Richmond-AMD	12	43	Incomplete	Incomplete	True
cell_comparison	S40	28	M00144 | NADH:quinone oxidoreductase, prokaryotes	Freshwater sediment microbial 3300031593	Lake-Towuti	13	32	1 block missing	1 block missing	True
cell_comparison	S40	28	M00144 | NADH:quinone oxidoreductase, prokaryotes	Acid mine drainage 3300030082	Richmond-AMD	14	51	Incomplete	Incomplete	True
cell_comparison	S40	28	M00144 | NADH:quinone oxidoreductase, prokaryotes	Freshwater sediment microbial 3300031604	Lake-Towuti	15	30	Complete	Complete	True
cell_comparison	S40	28	M00144 | NADH:quinone oxidoreductase, prokaryotes	Freshwater sediment microbial 3300021518	Lake-Towuti	16	31	1 block missing	1 block missing	True
cell_comparison	S40	28	M00144 | NADH:quinone oxidoreductase, prokaryotes	Acid mine drainage 3300030398	Richmond-AMD	17	63	Incomplete	Incomplete	True
cell_comparison	S40	28	M00144 | NADH:quinone oxidoreductase, prokaryotes	Acid mine drainage 3300030242	Richmond-AMD	18	59	Incomplete	Incomplete	True
cell_comparison	S40	28	M00144 | NADH:quinone oxidoreductase, prokaryotes	Hydrotherm Fe rich 3300023439	Hydrothermal-Fe-mats	19	20	1 block missing	1 block missing	True
cell_comparison	S40	28	M00144 | NADH:quinone oxidoreductase, prokaryotes	Freshwater microbial communitie 3300024333	Lake-Matano	20	24	1 block missing	1 block missing	True
cell_comparison	S40	28	M00144 | NADH:quinone oxidoreductase, prokaryotes	Lab enriched sediment 3300039027	Burr-Oak-BO4	21	11	Incomplete	Incomplete	True
cell_comparison	S40	28	M00144 | NADH:quinone oxidoreductase, prokaryotes	Acid mine drainage 3300039205	Richmond-AMD	22	55	Incomplete	Incomplete	True
cell_comparison	S40	28	M00144 | NADH:quinone oxidoreductase, prokaryotes	Freshwater microbial communitie 3300043827	Lake-Matano	23	27	Incomplete	Incomplete	True
cell_comparison	S40	28	M00144 | NADH:quinone oxidoreductase, prokaryotes	Lab enriched acid 3300038471	Akron-AMD	24	4	Incomplete	Incomplete	True
cell_comparison	S40	28	M00144 | NADH:quinone oxidoreductase, prokaryotes	Acid mine drainage 3300030335	Richmond-AMD	25	45	Incomplete	Incomplete	True
cell_comparison	S40	28	M00144 | NADH:quinone oxidoreductase, prokaryotes	Freshwater microbial communitie 3300028737	Lake-Matano	26	26	1 block missing	1 block missing	True
cell_comparison	S40	28	M00144 | NADH:quinone oxidoreductase, prokaryotes	Lab enriched acid 3300038411	Akron-AMD	27	5	1 block missing	1 block missing	True
cell_comparison	S40	28	M00144 | NADH:quinone oxidoreductase, prokaryotes	Freshwater sediment microbial 3300031877	Lake-Towuti	28	33	1 block missing	1 block missing	True
cell_comparison	S40	28	M00144 | NADH:quinone oxidoreductase, prokaryotes	Acid mine drainage 3300038731	Richmond-AMD	29	42	Incomplete	Incomplete	True
cell_comparison	S40	28	M00144 | NADH:quinone oxidoreductase, prokaryotes	Acid mine drainage 3300038979	Richmond-AMD	30	53	Incomplete	Incomplete	True
cell_comparison	S40	28	M00144 | NADH:quinone oxidoreductase, prokaryotes	Hydrotherm Fe rich 3300023548	Hydrothermal-Fe-mats	31	21	1 block missing	1 block missing	True
cell_comparison	S40	28	M00144 | NADH:quinone oxidoreductase, prokaryotes	Metatransc of freshwater 3300061576	Lake-Superior	32	28	Incomplete	Incomplete	True
cell_comparison	S40	28	M00144 | NADH:quinone oxidoreductase, prokaryotes	Acid mine drainage 3300038486	Richmond-AMD	33	62	Incomplete	Incomplete	True
cell_comparison	S40	28	M00144 | NADH:quinone oxidoreductase, prokaryotes	Freshwater sediment microbial 3300031587	Lake-Towuti	34	39	1 block missing	1 block missing	True
cell_comparison	S40	28	M00144 | NADH:quinone oxidoreductase, prokaryotes	Acid Mine Drainage 3300005360	Richmond-AMD	35	54	Incomplete	Incomplete	True
cell_comparison	S40	28	M00144 | NADH:quinone oxidoreductase, prokaryotes	Acid mine drainage 3300008723	Richmond-AMD	36	47	Incomplete	Incomplete	True
cell_comparison	S40	28	M00144 | NADH:quinone oxidoreductase, prokaryotes	Acid mine drainage 3300038493	Richmond-AMD	37	61	Incomplete	Incomplete	True
cell_comparison	S40	28	M00144 | NADH:quinone oxidoreductase, prokaryotes	Freshwater sediment microbial 3300036045	Lake-Towuti	38	35	1 block missing	1 block missing	True
cell_comparison	S40	28	M00144 | NADH:quinone oxidoreductase, prokaryotes	Metatransc of lab 3300046013	Akron-AMD	39	8	Incomplete	Incomplete	True
cell_comparison	S40	28	M00144 | NADH:quinone oxidoreductase, prokaryotes	Acid mine drainage 3300038729	Richmond-AMD	40	52	Incomplete	Incomplete	True
cell_comparison	S40	28	M00144 | NADH:quinone oxidoreductase, prokaryotes	Acid mine drainage 3300030413	Richmond-AMD	41	65	Incomplete	Incomplete	True
cell_comparison	S40	28	M00144 | NADH:quinone oxidoreductase, prokaryotes	Lab enriched acid 3300038412	Akron-AMD	42	7	1 block missing	1 block missing	True
cell_comparison	S40	28	M00144 | NADH:quinone oxidoreductase, prokaryotes	Freshwater sediment microbial 3300031806	Lake-Towuti	43	40	1 block missing	1 block missing	True
cell_comparison	S40	28	M00144 | NADH:quinone oxidoreductase, prokaryotes	Metatransc of lab 3300055057	Akron-AMD	44	10	Incomplete	Incomplete	True
cell_comparison	S40	28	M00144 | NADH:quinone oxidoreductase, prokaryotes	Hydrotherm Fe rich 3300023440	Hydrothermal-Fe-mats	45	19	1 block missing	1 block missing	True
cell_comparison	S40	28	M00144 | NADH:quinone oxidoreductase, prokaryotes	Lab enriched sediment 3300039028	Burr-Oak-BO4	46	12	Incomplete	Incomplete	True
cell_comparison	S40	28	M00144 | NADH:quinone oxidoreductase, prokaryotes	Acid mine drainage 3300008566	Richmond-AMD	47	57	Incomplete	Incomplete	True
cell_comparison	S40	28	M00144 | NADH:quinone oxidoreductase, prokaryotes	Freshwater microbial communitie 3300024341	Lake-Matano	48	25	1 block missing	1 block missing	True
cell_comparison	S40	28	M00144 | NADH:quinone oxidoreductase, prokaryotes	Freshwater sediment microbial 3300021517	Lake-Towuti	49	36	1 block missing	1 block missing	True
cell_comparison	S40	28	M00144 | NADH:quinone oxidoreductase, prokaryotes	Metatransc of lab 3300055062	Akron-AMD	50	1	Incomplete	Incomplete	True
cell_comparison	S40	28	M00144 | NADH:quinone oxidoreductase, prokaryotes	Hydrotherm Fe rich 3300023442	Hydrothermal-Fe-mats	51	15	1 block missing	1 block missing	True
cell_comparison	S40	28	M00144 | NADH:quinone oxidoreductase, prokaryotes	Freshwater sediment microbial 3300036046	Lake-Towuti	52	34	1 block missing	1 block missing	True
cell_comparison	S40	28	M00144 | NADH:quinone oxidoreductase, prokaryotes	Hydrotherm Fe rich 3300023313	Hydrothermal-Fe-mats	53	16	Incomplete	Incomplete	True
cell_comparison	S40	28	M00144 | NADH:quinone oxidoreductase, prokaryotes	Acid mine drainage 3300039211	Richmond-AMD	54	60	Incomplete	Incomplete	True
cell_comparison	S40	28	M00144 | NADH:quinone oxidoreductase, prokaryotes	Acid mine drainage 3300008721	Richmond-AMD	55	58	Incomplete	Incomplete	True
cell_comparison	S40	28	M00144 | NADH:quinone oxidoreductase, prokaryotes	Pink biofilm microbial 3300003104	Richmond-AMD	56	49	Incomplete	Incomplete	True
cell_comparison	S40	28	M00144 | NADH:quinone oxidoreductase, prokaryotes	Acid mine drainage 3300038681	Richmond-AMD	57	66	Incomplete	Incomplete	True
cell_comparison	S40	28	M00144 | NADH:quinone oxidoreductase, prokaryotes	Acid mine drainage 3300030228	Richmond-AMD	58	50	Incomplete	Incomplete	True
cell_comparison	S40	28	M00144 | NADH:quinone oxidoreductase, prokaryotes	Metatransc of lab 3300055069	Akron-AMD	59	3	Incomplete	Incomplete	True
cell_comparison	S40	28	M00144 | NADH:quinone oxidoreductase, prokaryotes	Acid Mine Drainage 2010484004	Richmond-AMD	60	46	Incomplete	Incomplete	True
cell_comparison	S40	28	M00144 | NADH:quinone oxidoreductase, prokaryotes	Hydrotherm Fe rich 3300023307	Hydrothermal-Fe-mats	61	13	Incomplete	Incomplete	True
cell_comparison	S40	28	M00144 | NADH:quinone oxidoreductase, prokaryotes	Freshwater sediment microbial 3300031876	Lake-Towuti	62	38	Complete	Complete	True
cell_comparison	S40	28	M00144 | NADH:quinone oxidoreductase, prokaryotes	Freshwater microbial communitie 3300023177	Lake-Matano	63	22	1 block missing	1 block missing	True
cell_comparison	S40	28	M00144 | NADH:quinone oxidoreductase, prokaryotes	Biofilm microbial communitie 3300021476	Other-Fe	64	41	Incomplete	Incomplete	True
cell_comparison	S40	28	M00144 | NADH:quinone oxidoreductase, prokaryotes	Acid Mine Drainage 3300003083	Richmond-AMD	65	56	Incomplete	Incomplete	True
cell_comparison	S40	28	M00144 | NADH:quinone oxidoreductase, prokaryotes	Hydrotherm Fe rich 3300023444	Hydrothermal-Fe-mats	66	18	1 block missing	1 block missing	True
cell_comparison	S40	29	M00151 | Cytochrome bc1 complex respiratory unit	Acid mine drainage 3300038494	Richmond-AMD	0	64	Incomplete	Incomplete	True
cell_comparison	S40	29	M00151 | Cytochrome bc1 complex respiratory unit	Lab enriched acid 3300038413	Akron-AMD	1	9	Complete	Complete	True
cell_comparison	S40	29	M00151 | Cytochrome bc1 complex respiratory unit	Acid mine drainage 3300008567	Richmond-AMD	2	48	Incomplete	Incomplete	True
cell_comparison	S40	29	M00151 | Cytochrome bc1 complex respiratory unit	Acid mine drainage 3300030091	Richmond-AMD	3	44	Incomplete	Incomplete	True
cell_comparison	S40	29	M00151 | Cytochrome bc1 complex respiratory unit	Hydrotherm Fe rich 3300023310	Hydrothermal-Fe-mats	4	14	Incomplete	Incomplete	True
cell_comparison	S40	29	M00151 | Cytochrome bc1 complex respiratory unit	Metatransc of lab 3300046014	Akron-AMD	5	6	Incomplete	Incomplete	True
cell_comparison	S40	29	M00151 | Cytochrome bc1 complex respiratory unit	Metatransc of lab 3300055056	Akron-AMD	6	0	Incomplete	Incomplete	True
cell_comparison	S40	29	M00151 | Cytochrome bc1 complex respiratory unit	Freshwater sediment microbial 3300010391	Lake-Superior	7	29	Complete	Complete	True
cell_comparison	S40	29	M00151 | Cytochrome bc1 complex respiratory unit	Freshwater sediment microbial 3300031898	Lake-Towuti	8	37	Incomplete	Incomplete	True
cell_comparison	S40	29	M00151 | Cytochrome bc1 complex respiratory unit	Freshwater microbial communitie 3300024300	Lake-Matano	9	23	Complete	Complete	True
cell_comparison	S40	29	M00151 | Cytochrome bc1 complex respiratory unit	Metatransc of lab 3300055061	Akron-AMD	10	2	Incomplete	Incomplete	True
cell_comparison	S40	29	M00151 | Cytochrome bc1 complex respiratory unit	Hydrotherm Fe rich 3300023368	Hydrothermal-Fe-mats	11	17	Complete	Complete	True
cell_comparison	S40	29	M00151 | Cytochrome bc1 complex respiratory unit	Acid mine drainage 3300038487	Richmond-AMD	12	43	Incomplete	Incomplete	True
cell_comparison	S40	29	M00151 | Cytochrome bc1 complex respiratory unit	Freshwater sediment microbial 3300031593	Lake-Towuti	13	32	Incomplete	Incomplete	True
cell_comparison	S40	29	M00151 | Cytochrome bc1 complex respiratory unit	Acid mine drainage 3300030082	Richmond-AMD	14	51	Incomplete	Incomplete	True
cell_comparison	S40	29	M00151 | Cytochrome bc1 complex respiratory unit	Freshwater sediment microbial 3300031604	Lake-Towuti	15	30	Incomplete	Incomplete	True
cell_comparison	S40	29	M00151 | Cytochrome bc1 complex respiratory unit	Freshwater sediment microbial 3300021518	Lake-Towuti	16	31	Complete	Complete	True
cell_comparison	S40	29	M00151 | Cytochrome bc1 complex respiratory unit	Acid mine drainage 3300030398	Richmond-AMD	17	63	Incomplete	Incomplete	True
cell_comparison	S40	29	M00151 | Cytochrome bc1 complex respiratory unit	Acid mine drainage 3300030242	Richmond-AMD	18	59	Incomplete	Incomplete	True
cell_comparison	S40	29	M00151 | Cytochrome bc1 complex respiratory unit	Hydrotherm Fe rich 3300023439	Hydrothermal-Fe-mats	19	20	Incomplete	Incomplete	True
cell_comparison	S40	29	M00151 | Cytochrome bc1 complex respiratory unit	Freshwater microbial communitie 3300024333	Lake-Matano	20	24	Complete	Complete	True
cell_comparison	S40	29	M00151 | Cytochrome bc1 complex respiratory unit	Lab enriched sediment 3300039027	Burr-Oak-BO4	21	11	Incomplete	Incomplete	True
cell_comparison	S40	29	M00151 | Cytochrome bc1 complex respiratory unit	Acid mine drainage 3300039205	Richmond-AMD	22	55	Incomplete	Incomplete	True
cell_comparison	S40	29	M00151 | Cytochrome bc1 complex respiratory unit	Freshwater microbial communitie 3300043827	Lake-Matano	23	27	Incomplete	Incomplete	True
cell_comparison	S40	29	M00151 | Cytochrome bc1 complex respiratory unit	Lab enriched acid 3300038471	Akron-AMD	24	4	Complete	Complete	True
cell_comparison	S40	29	M00151 | Cytochrome bc1 complex respiratory unit	Acid mine drainage 3300030335	Richmond-AMD	25	45	Incomplete	Incomplete	True
cell_comparison	S40	29	M00151 | Cytochrome bc1 complex respiratory unit	Freshwater microbial communitie 3300028737	Lake-Matano	26	26	Complete	Complete	True
cell_comparison	S40	29	M00151 | Cytochrome bc1 complex respiratory unit	Lab enriched acid 3300038411	Akron-AMD	27	5	Complete	Complete	True
cell_comparison	S40	29	M00151 | Cytochrome bc1 complex respiratory unit	Freshwater sediment microbial 3300031877	Lake-Towuti	28	33	Incomplete	Incomplete	True
cell_comparison	S40	29	M00151 | Cytochrome bc1 complex respiratory unit	Acid mine drainage 3300038731	Richmond-AMD	29	42	Incomplete	Incomplete	True
cell_comparison	S40	29	M00151 | Cytochrome bc1 complex respiratory unit	Acid mine drainage 3300038979	Richmond-AMD	30	53	Incomplete	Incomplete	True
cell_comparison	S40	29	M00151 | Cytochrome bc1 complex respiratory unit	Hydrotherm Fe rich 3300023548	Hydrothermal-Fe-mats	31	21	Incomplete	Incomplete	True
cell_comparison	S40	29	M00151 | Cytochrome bc1 complex respiratory unit	Metatransc of freshwater 3300061576	Lake-Superior	32	28	Complete	Complete	True
cell_comparison	S40	29	M00151 | Cytochrome bc1 complex respiratory unit	Acid mine drainage 3300038486	Richmond-AMD	33	62	Incomplete	Incomplete	True
cell_comparison	S40	29	M00151 | Cytochrome bc1 complex respiratory unit	Freshwater sediment microbial 3300031587	Lake-Towuti	34	39	Incomplete	Incomplete	True
cell_comparison	S40	29	M00151 | Cytochrome bc1 complex respiratory unit	Acid Mine Drainage 3300005360	Richmond-AMD	35	54	Incomplete	Incomplete	True
cell_comparison	S40	29	M00151 | Cytochrome bc1 complex respiratory unit	Acid mine drainage 3300008723	Richmond-AMD	36	47	Incomplete	Incomplete	True
cell_comparison	S40	29	M00151 | Cytochrome bc1 complex respiratory unit	Acid mine drainage 3300038493	Richmond-AMD	37	61	Incomplete	Incomplete	True
cell_comparison	S40	29	M00151 | Cytochrome bc1 complex respiratory unit	Freshwater sediment microbial 3300036045	Lake-Towuti	38	35	Complete	Complete	True
cell_comparison	S40	29	M00151 | Cytochrome bc1 complex respiratory unit	Metatransc of lab 3300046013	Akron-AMD	39	8	1 block missing	1 block missing	True
cell_comparison	S40	29	M00151 | Cytochrome bc1 complex respiratory unit	Acid mine drainage 3300038729	Richmond-AMD	40	52	Incomplete	Incomplete	True
cell_comparison	S40	29	M00151 | Cytochrome bc1 complex respiratory unit	Acid mine drainage 3300030413	Richmond-AMD	41	65	Incomplete	Incomplete	True
cell_comparison	S40	29	M00151 | Cytochrome bc1 complex respiratory unit	Lab enriched acid 3300038412	Akron-AMD	42	7	1 block missing	1 block missing	True
cell_comparison	S40	29	M00151 | Cytochrome bc1 complex respiratory unit	Freshwater sediment microbial 3300031806	Lake-Towuti	43	40	Incomplete	Incomplete	True
cell_comparison	S40	29	M00151 | Cytochrome bc1 complex respiratory unit	Metatransc of lab 3300055057	Akron-AMD	44	10	Incomplete	Incomplete	True
cell_comparison	S40	29	M00151 | Cytochrome bc1 complex respiratory unit	Hydrotherm Fe rich 3300023440	Hydrothermal-Fe-mats	45	19	1 block missing	1 block missing	True
cell_comparison	S40	29	M00151 | Cytochrome bc1 complex respiratory unit	Lab enriched sediment 3300039028	Burr-Oak-BO4	46	12	Incomplete	Incomplete	True
cell_comparison	S40	29	M00151 | Cytochrome bc1 complex respiratory unit	Acid mine drainage 3300008566	Richmond-AMD	47	57	Incomplete	Incomplete	True
cell_comparison	S40	29	M00151 | Cytochrome bc1 complex respiratory unit	Freshwater microbial communitie 3300024341	Lake-Matano	48	25	Complete	Complete	True
cell_comparison	S40	29	M00151 | Cytochrome bc1 complex respiratory unit	Freshwater sediment microbial 3300021517	Lake-Towuti	49	36	Complete	Complete	True
cell_comparison	S40	29	M00151 | Cytochrome bc1 complex respiratory unit	Metatransc of lab 3300055062	Akron-AMD	50	1	Incomplete	Incomplete	True
cell_comparison	S40	29	M00151 | Cytochrome bc1 complex respiratory unit	Hydrotherm Fe rich 3300023442	Hydrothermal-Fe-mats	51	15	Complete	Complete	True
cell_comparison	S40	29	M00151 | Cytochrome bc1 complex respiratory unit	Freshwater sediment microbial 3300036046	Lake-Towuti	52	34	Complete	Complete	True
cell_comparison	S40	29	M00151 | Cytochrome bc1 complex respiratory unit	Hydrotherm Fe rich 3300023313	Hydrothermal-Fe-mats	53	16	Incomplete	Incomplete	True
cell_comparison	S40	29	M00151 | Cytochrome bc1 complex respiratory unit	Acid mine drainage 3300039211	Richmond-AMD	54	60	Incomplete	Incomplete	True
cell_comparison	S40	29	M00151 | Cytochrome bc1 complex respiratory unit	Acid mine drainage 3300008721	Richmond-AMD	55	58	Incomplete	Incomplete	True
cell_comparison	S40	29	M00151 | Cytochrome bc1 complex respiratory unit	Pink biofilm microbial 3300003104	Richmond-AMD	56	49	Incomplete	Incomplete	True
cell_comparison	S40	29	M00151 | Cytochrome bc1 complex respiratory unit	Acid mine drainage 3300038681	Richmond-AMD	57	66	Incomplete	Incomplete	True
cell_comparison	S40	29	M00151 | Cytochrome bc1 complex respiratory unit	Acid mine drainage 3300030228	Richmond-AMD	58	50	Incomplete	Incomplete	True
cell_comparison	S40	29	M00151 | Cytochrome bc1 complex respiratory unit	Metatransc of lab 3300055069	Akron-AMD	59	3	Incomplete	Incomplete	True
cell_comparison	S40	29	M00151 | Cytochrome bc1 complex respiratory unit	Acid Mine Drainage 2010484004	Richmond-AMD	60	46	Incomplete	Incomplete	True
cell_comparison	S40	29	M00151 | Cytochrome bc1 complex respiratory unit	Hydrotherm Fe rich 3300023307	Hydrothermal-Fe-mats	61	13	Incomplete	Incomplete	True
cell_comparison	S40	29	M00151 | Cytochrome bc1 complex respiratory unit	Freshwater sediment microbial 3300031876	Lake-Towuti	62	38	Incomplete	Incomplete	True
cell_comparison	S40	29	M00151 | Cytochrome bc1 complex respiratory unit	Freshwater microbial communitie 3300023177	Lake-Matano	63	22	1 block missing	1 block missing	True
cell_comparison	S40	29	M00151 | Cytochrome bc1 complex respiratory unit	Biofilm microbial communitie 3300021476	Other-Fe	64	41	Complete	Complete	True
cell_comparison	S40	29	M00151 | Cytochrome bc1 complex respiratory unit	Acid Mine Drainage 3300003083	Richmond-AMD	65	56	Incomplete	Incomplete	True
cell_comparison	S40	29	M00151 | Cytochrome bc1 complex respiratory unit	Hydrotherm Fe rich 3300023444	Hydrothermal-Fe-mats	66	18	Incomplete	Incomplete	True
cell_comparison	S40	30	M00155 | Cytochrome c oxidase, prokaryotes	Acid mine drainage 3300038494	Richmond-AMD	0	64	Incomplete	Incomplete	True
cell_comparison	S40	30	M00155 | Cytochrome c oxidase, prokaryotes	Lab enriched acid 3300038413	Akron-AMD	1	9	Complete	Complete	True
cell_comparison	S40	30	M00155 | Cytochrome c oxidase, prokaryotes	Acid mine drainage 3300008567	Richmond-AMD	2	48	Incomplete	Incomplete	True
cell_comparison	S40	30	M00155 | Cytochrome c oxidase, prokaryotes	Acid mine drainage 3300030091	Richmond-AMD	3	44	Incomplete	Incomplete	True
cell_comparison	S40	30	M00155 | Cytochrome c oxidase, prokaryotes	Hydrotherm Fe rich 3300023310	Hydrothermal-Fe-mats	4	14	1 block missing	1 block missing	True
cell_comparison	S40	30	M00155 | Cytochrome c oxidase, prokaryotes	Metatransc of lab 3300046014	Akron-AMD	5	6	Incomplete	Incomplete	True
cell_comparison	S40	30	M00155 | Cytochrome c oxidase, prokaryotes	Metatransc of lab 3300055056	Akron-AMD	6	0	Incomplete	Incomplete	True
cell_comparison	S40	30	M00155 | Cytochrome c oxidase, prokaryotes	Freshwater sediment microbial 3300010391	Lake-Superior	7	29	Complete	Complete	True
cell_comparison	S40	30	M00155 | Cytochrome c oxidase, prokaryotes	Freshwater sediment microbial 3300031898	Lake-Towuti	8	37	Incomplete	Incomplete	True
cell_comparison	S40	30	M00155 | Cytochrome c oxidase, prokaryotes	Freshwater microbial communitie 3300024300	Lake-Matano	9	23	Complete	Complete	True
cell_comparison	S40	30	M00155 | Cytochrome c oxidase, prokaryotes	Metatransc of lab 3300055061	Akron-AMD	10	2	1 block missing	1 block missing	True
cell_comparison	S40	30	M00155 | Cytochrome c oxidase, prokaryotes	Hydrotherm Fe rich 3300023368	Hydrothermal-Fe-mats	11	17	Complete	Complete	True
cell_comparison	S40	30	M00155 | Cytochrome c oxidase, prokaryotes	Acid mine drainage 3300038487	Richmond-AMD	12	43	Incomplete	Incomplete	True
cell_comparison	S40	30	M00155 | Cytochrome c oxidase, prokaryotes	Freshwater sediment microbial 3300031593	Lake-Towuti	13	32	Complete	Complete	True
cell_comparison	S40	30	M00155 | Cytochrome c oxidase, prokaryotes	Acid mine drainage 3300030082	Richmond-AMD	14	51	Incomplete	Incomplete	True
cell_comparison	S40	30	M00155 | Cytochrome c oxidase, prokaryotes	Freshwater sediment microbial 3300031604	Lake-Towuti	15	30	1 block missing	1 block missing	True
cell_comparison	S40	30	M00155 | Cytochrome c oxidase, prokaryotes	Freshwater sediment microbial 3300021518	Lake-Towuti	16	31	Complete	Complete	True
cell_comparison	S40	30	M00155 | Cytochrome c oxidase, prokaryotes	Acid mine drainage 3300030398	Richmond-AMD	17	63	Incomplete	Incomplete	True
cell_comparison	S40	30	M00155 | Cytochrome c oxidase, prokaryotes	Acid mine drainage 3300030242	Richmond-AMD	18	59	1 block missing	1 block missing	True
cell_comparison	S40	30	M00155 | Cytochrome c oxidase, prokaryotes	Hydrotherm Fe rich 3300023439	Hydrothermal-Fe-mats	19	20	Complete	Complete	True
cell_comparison	S40	30	M00155 | Cytochrome c oxidase, prokaryotes	Freshwater microbial communitie 3300024333	Lake-Matano	20	24	Complete	Complete	True
cell_comparison	S40	30	M00155 | Cytochrome c oxidase, prokaryotes	Lab enriched sediment 3300039027	Burr-Oak-BO4	21	11	Incomplete	Incomplete	True
cell_comparison	S40	30	M00155 | Cytochrome c oxidase, prokaryotes	Acid mine drainage 3300039205	Richmond-AMD	22	55	Incomplete	Incomplete	True
cell_comparison	S40	30	M00155 | Cytochrome c oxidase, prokaryotes	Freshwater microbial communitie 3300043827	Lake-Matano	23	27	Complete	Complete	True
cell_comparison	S40	30	M00155 | Cytochrome c oxidase, prokaryotes	Lab enriched acid 3300038471	Akron-AMD	24	4	Complete	Complete	True
cell_comparison	S40	30	M00155 | Cytochrome c oxidase, prokaryotes	Acid mine drainage 3300030335	Richmond-AMD	25	45	Incomplete	Incomplete	True
cell_comparison	S40	30	M00155 | Cytochrome c oxidase, prokaryotes	Freshwater microbial communitie 3300028737	Lake-Matano	26	26	Complete	Complete	True
cell_comparison	S40	30	M00155 | Cytochrome c oxidase, prokaryotes	Lab enriched acid 3300038411	Akron-AMD	27	5	Complete	Complete	True
cell_comparison	S40	30	M00155 | Cytochrome c oxidase, prokaryotes	Freshwater sediment microbial 3300031877	Lake-Towuti	28	33	1 block missing	1 block missing	True
cell_comparison	S40	30	M00155 | Cytochrome c oxidase, prokaryotes	Acid mine drainage 3300038731	Richmond-AMD	29	42	Incomplete	Incomplete	True
cell_comparison	S40	30	M00155 | Cytochrome c oxidase, prokaryotes	Acid mine drainage 3300038979	Richmond-AMD	30	53	Incomplete	Incomplete	True
cell_comparison	S40	30	M00155 | Cytochrome c oxidase, prokaryotes	Hydrotherm Fe rich 3300023548	Hydrothermal-Fe-mats	31	21	Complete	Complete	True
cell_comparison	S40	30	M00155 | Cytochrome c oxidase, prokaryotes	Metatransc of freshwater 3300061576	Lake-Superior	32	28	1 block missing	1 block missing	True
cell_comparison	S40	30	M00155 | Cytochrome c oxidase, prokaryotes	Acid mine drainage 3300038486	Richmond-AMD	33	62	Incomplete	Incomplete	True
cell_comparison	S40	30	M00155 | Cytochrome c oxidase, prokaryotes	Freshwater sediment microbial 3300031587	Lake-Towuti	34	39	Complete	Complete	True
cell_comparison	S40	30	M00155 | Cytochrome c oxidase, prokaryotes	Acid Mine Drainage 3300005360	Richmond-AMD	35	54	Incomplete	Incomplete	True
cell_comparison	S40	30	M00155 | Cytochrome c oxidase, prokaryotes	Acid mine drainage 3300008723	Richmond-AMD	36	47	Incomplete	Incomplete	True
cell_comparison	S40	30	M00155 | Cytochrome c oxidase, prokaryotes	Acid mine drainage 3300038493	Richmond-AMD	37	61	Incomplete	Incomplete	True
cell_comparison	S40	30	M00155 | Cytochrome c oxidase, prokaryotes	Freshwater sediment microbial 3300036045	Lake-Towuti	38	35	Complete	Complete	True
cell_comparison	S40	30	M00155 | Cytochrome c oxidase, prokaryotes	Metatransc of lab 3300046013	Akron-AMD	39	8	1 block missing	1 block missing	True
cell_comparison	S40	30	M00155 | Cytochrome c oxidase, prokaryotes	Acid mine drainage 3300038729	Richmond-AMD	40	52	Incomplete	Incomplete	True
cell_comparison	S40	30	M00155 | Cytochrome c oxidase, prokaryotes	Acid mine drainage 3300030413	Richmond-AMD	41	65	1 block missing	1 block missing	True
cell_comparison	S40	30	M00155 | Cytochrome c oxidase, prokaryotes	Lab enriched acid 3300038412	Akron-AMD	42	7	Complete	Complete	True
cell_comparison	S40	30	M00155 | Cytochrome c oxidase, prokaryotes	Freshwater sediment microbial 3300031806	Lake-Towuti	43	40	1 block missing	1 block missing	True
cell_comparison	S40	30	M00155 | Cytochrome c oxidase, prokaryotes	Metatransc of lab 3300055057	Akron-AMD	44	10	Incomplete	Incomplete	True
cell_comparison	S40	30	M00155 | Cytochrome c oxidase, prokaryotes	Hydrotherm Fe rich 3300023440	Hydrothermal-Fe-mats	45	19	Complete	Complete	True
cell_comparison	S40	30	M00155 | Cytochrome c oxidase, prokaryotes	Lab enriched sediment 3300039028	Burr-Oak-BO4	46	12	Incomplete	Incomplete	True
cell_comparison	S40	30	M00155 | Cytochrome c oxidase, prokaryotes	Acid mine drainage 3300008566	Richmond-AMD	47	57	Incomplete	Incomplete	True
cell_comparison	S40	30	M00155 | Cytochrome c oxidase, prokaryotes	Freshwater microbial communitie 3300024341	Lake-Matano	48	25	Complete	Complete	True
cell_comparison	S40	30	M00155 | Cytochrome c oxidase, prokaryotes	Freshwater sediment microbial 3300021517	Lake-Towuti	49	36	Complete	Complete	True
cell_comparison	S40	30	M00155 | Cytochrome c oxidase, prokaryotes	Metatransc of lab 3300055062	Akron-AMD	50	1	Incomplete	Incomplete	True
cell_comparison	S40	30	M00155 | Cytochrome c oxidase, prokaryotes	Hydrotherm Fe rich 3300023442	Hydrothermal-Fe-mats	51	15	Complete	Complete	True
cell_comparison	S40	30	M00155 | Cytochrome c oxidase, prokaryotes	Freshwater sediment microbial 3300036046	Lake-Towuti	52	34	Complete	Complete	True
cell_comparison	S40	30	M00155 | Cytochrome c oxidase, prokaryotes	Hydrotherm Fe rich 3300023313	Hydrothermal-Fe-mats	53	16	Complete	Complete	True
cell_comparison	S40	30	M00155 | Cytochrome c oxidase, prokaryotes	Acid mine drainage 3300039211	Richmond-AMD	54	60	Incomplete	Incomplete	True
cell_comparison	S40	30	M00155 | Cytochrome c oxidase, prokaryotes	Acid mine drainage 3300008721	Richmond-AMD	55	58	Incomplete	Incomplete	True
cell_comparison	S40	30	M00155 | Cytochrome c oxidase, prokaryotes	Pink biofilm microbial 3300003104	Richmond-AMD	56	49	Incomplete	Incomplete	True
cell_comparison	S40	30	M00155 | Cytochrome c oxidase, prokaryotes	Acid mine drainage 3300038681	Richmond-AMD	57	66	Incomplete	Incomplete	True
cell_comparison	S40	30	M00155 | Cytochrome c oxidase, prokaryotes	Acid mine drainage 3300030228	Richmond-AMD	58	50	Incomplete	Incomplete	True
cell_comparison	S40	30	M00155 | Cytochrome c oxidase, prokaryotes	Metatransc of lab 3300055069	Akron-AMD	59	3	1 block missing	1 block missing	True
cell_comparison	S40	30	M00155 | Cytochrome c oxidase, prokaryotes	Acid Mine Drainage 2010484004	Richmond-AMD	60	46	Incomplete	Incomplete	True
cell_comparison	S40	30	M00155 | Cytochrome c oxidase, prokaryotes	Hydrotherm Fe rich 3300023307	Hydrothermal-Fe-mats	61	13	1 block missing	1 block missing	True
cell_comparison	S40	30	M00155 | Cytochrome c oxidase, prokaryotes	Freshwater sediment microbial 3300031876	Lake-Towuti	62	38	1 block missing	1 block missing	True
cell_comparison	S40	30	M00155 | Cytochrome c oxidase, prokaryotes	Freshwater microbial communitie 3300023177	Lake-Matano	63	22	Complete	Complete	True
cell_comparison	S40	30	M00155 | Cytochrome c oxidase, prokaryotes	Biofilm microbial communitie 3300021476	Other-Fe	64	41	Complete	Complete	True
cell_comparison	S40	30	M00155 | Cytochrome c oxidase, prokaryotes	Acid Mine Drainage 3300003083	Richmond-AMD	65	56	Incomplete	Incomplete	True
cell_comparison	S40	30	M00155 | Cytochrome c oxidase, prokaryotes	Hydrotherm Fe rich 3300023444	Hydrothermal-Fe-mats	66	18	Complete	Complete	True
cell_comparison	S40	31	M00156 | Cytochrome c oxidase, cbb3-type	Acid mine drainage 3300038494	Richmond-AMD	0	64	Incomplete	Incomplete	True
cell_comparison	S40	31	M00156 | Cytochrome c oxidase, cbb3-type	Lab enriched acid 3300038413	Akron-AMD	1	9	Complete	Complete	True
cell_comparison	S40	31	M00156 | Cytochrome c oxidase, cbb3-type	Acid mine drainage 3300008567	Richmond-AMD	2	48	Incomplete	Incomplete	True
cell_comparison	S40	31	M00156 | Cytochrome c oxidase, cbb3-type	Acid mine drainage 3300030091	Richmond-AMD	3	44	Incomplete	Incomplete	True
cell_comparison	S40	31	M00156 | Cytochrome c oxidase, cbb3-type	Hydrotherm Fe rich 3300023310	Hydrothermal-Fe-mats	4	14	Complete	Complete	True
cell_comparison	S40	31	M00156 | Cytochrome c oxidase, cbb3-type	Metatransc of lab 3300046014	Akron-AMD	5	6	1 block missing	1 block missing	True
cell_comparison	S40	31	M00156 | Cytochrome c oxidase, cbb3-type	Metatransc of lab 3300055056	Akron-AMD	6	0	Incomplete	Incomplete	True
cell_comparison	S40	31	M00156 | Cytochrome c oxidase, cbb3-type	Freshwater sediment microbial 3300010391	Lake-Superior	7	29	Complete	Complete	True
cell_comparison	S40	31	M00156 | Cytochrome c oxidase, cbb3-type	Freshwater sediment microbial 3300031898	Lake-Towuti	8	37	1 block missing	1 block missing	True
cell_comparison	S40	31	M00156 | Cytochrome c oxidase, cbb3-type	Freshwater microbial communitie 3300024300	Lake-Matano	9	23	Complete	Complete	True
cell_comparison	S40	31	M00156 | Cytochrome c oxidase, cbb3-type	Metatransc of lab 3300055061	Akron-AMD	10	2	Incomplete	Incomplete	True
cell_comparison	S40	31	M00156 | Cytochrome c oxidase, cbb3-type	Hydrotherm Fe rich 3300023368	Hydrothermal-Fe-mats	11	17	Complete	Complete	True
cell_comparison	S40	31	M00156 | Cytochrome c oxidase, cbb3-type	Acid mine drainage 3300038487	Richmond-AMD	12	43	Incomplete	Incomplete	True
cell_comparison	S40	31	M00156 | Cytochrome c oxidase, cbb3-type	Freshwater sediment microbial 3300031593	Lake-Towuti	13	32	Incomplete	Incomplete	True
cell_comparison	S40	31	M00156 | Cytochrome c oxidase, cbb3-type	Acid mine drainage 3300030082	Richmond-AMD	14	51	Incomplete	Incomplete	True
cell_comparison	S40	31	M00156 | Cytochrome c oxidase, cbb3-type	Freshwater sediment microbial 3300031604	Lake-Towuti	15	30	Incomplete	Incomplete	True
cell_comparison	S40	31	M00156 | Cytochrome c oxidase, cbb3-type	Freshwater sediment microbial 3300021518	Lake-Towuti	16	31	Complete	Complete	True
cell_comparison	S40	31	M00156 | Cytochrome c oxidase, cbb3-type	Acid mine drainage 3300030398	Richmond-AMD	17	63	Incomplete	Incomplete	True
cell_comparison	S40	31	M00156 | Cytochrome c oxidase, cbb3-type	Acid mine drainage 3300030242	Richmond-AMD	18	59	Incomplete	Incomplete	True
cell_comparison	S40	31	M00156 | Cytochrome c oxidase, cbb3-type	Hydrotherm Fe rich 3300023439	Hydrothermal-Fe-mats	19	20	Complete	Complete	True
cell_comparison	S40	31	M00156 | Cytochrome c oxidase, cbb3-type	Freshwater microbial communitie 3300024333	Lake-Matano	20	24	Complete	Complete	True
cell_comparison	S40	31	M00156 | Cytochrome c oxidase, cbb3-type	Lab enriched sediment 3300039027	Burr-Oak-BO4	21	11	1 block missing	1 block missing	True
cell_comparison	S40	31	M00156 | Cytochrome c oxidase, cbb3-type	Acid mine drainage 3300039205	Richmond-AMD	22	55	Incomplete	Incomplete	True
cell_comparison	S40	31	M00156 | Cytochrome c oxidase, cbb3-type	Freshwater microbial communitie 3300043827	Lake-Matano	23	27	Complete	Complete	True
cell_comparison	S40	31	M00156 | Cytochrome c oxidase, cbb3-type	Lab enriched acid 3300038471	Akron-AMD	24	4	Complete	Complete	True
cell_comparison	S40	31	M00156 | Cytochrome c oxidase, cbb3-type	Acid mine drainage 3300030335	Richmond-AMD	25	45	Incomplete	Incomplete	True
cell_comparison	S40	31	M00156 | Cytochrome c oxidase, cbb3-type	Freshwater microbial communitie 3300028737	Lake-Matano	26	26	Complete	Complete	True
cell_comparison	S40	31	M00156 | Cytochrome c oxidase, cbb3-type	Lab enriched acid 3300038411	Akron-AMD	27	5	Complete	Complete	True
cell_comparison	S40	31	M00156 | Cytochrome c oxidase, cbb3-type	Freshwater sediment microbial 3300031877	Lake-Towuti	28	33	Incomplete	Incomplete	True
cell_comparison	S40	31	M00156 | Cytochrome c oxidase, cbb3-type	Acid mine drainage 3300038731	Richmond-AMD	29	42	Incomplete	Incomplete	True
cell_comparison	S40	31	M00156 | Cytochrome c oxidase, cbb3-type	Acid mine drainage 3300038979	Richmond-AMD	30	53	Incomplete	Incomplete	True
cell_comparison	S40	31	M00156 | Cytochrome c oxidase, cbb3-type	Hydrotherm Fe rich 3300023548	Hydrothermal-Fe-mats	31	21	Complete	Complete	True
cell_comparison	S40	31	M00156 | Cytochrome c oxidase, cbb3-type	Metatransc of freshwater 3300061576	Lake-Superior	32	28	1 block missing	1 block missing	True
cell_comparison	S40	31	M00156 | Cytochrome c oxidase, cbb3-type	Acid mine drainage 3300038486	Richmond-AMD	33	62	Incomplete	Incomplete	True
cell_comparison	S40	31	M00156 | Cytochrome c oxidase, cbb3-type	Freshwater sediment microbial 3300031587	Lake-Towuti	34	39	Incomplete	Incomplete	True
cell_comparison	S40	31	M00156 | Cytochrome c oxidase, cbb3-type	Acid Mine Drainage 3300005360	Richmond-AMD	35	54	Incomplete	Incomplete	True
cell_comparison	S40	31	M00156 | Cytochrome c oxidase, cbb3-type	Acid mine drainage 3300008723	Richmond-AMD	36	47	Incomplete	Incomplete	True
cell_comparison	S40	31	M00156 | Cytochrome c oxidase, cbb3-type	Acid mine drainage 3300038493	Richmond-AMD	37	61	Incomplete	Incomplete	True
cell_comparison	S40	31	M00156 | Cytochrome c oxidase, cbb3-type	Freshwater sediment microbial 3300036045	Lake-Towuti	38	35	Complete	Complete	True
cell_comparison	S40	31	M00156 | Cytochrome c oxidase, cbb3-type	Metatransc of lab 3300046013	Akron-AMD	39	8	Complete	Complete	True
cell_comparison	S40	31	M00156 | Cytochrome c oxidase, cbb3-type	Acid mine drainage 3300038729	Richmond-AMD	40	52	Incomplete	Incomplete	True
cell_comparison	S40	31	M00156 | Cytochrome c oxidase, cbb3-type	Acid mine drainage 3300030413	Richmond-AMD	41	65	Incomplete	Incomplete	True
cell_comparison	S40	31	M00156 | Cytochrome c oxidase, cbb3-type	Lab enriched acid 3300038412	Akron-AMD	42	7	Complete	Complete	True
cell_comparison	S40	31	M00156 | Cytochrome c oxidase, cbb3-type	Freshwater sediment microbial 3300031806	Lake-Towuti	43	40	1 block missing	1 block missing	True
cell_comparison	S40	31	M00156 | Cytochrome c oxidase, cbb3-type	Metatransc of lab 3300055057	Akron-AMD	44	10	Incomplete	Incomplete	True
cell_comparison	S40	31	M00156 | Cytochrome c oxidase, cbb3-type	Hydrotherm Fe rich 3300023440	Hydrothermal-Fe-mats	45	19	Complete	Complete	True
cell_comparison	S40	31	M00156 | Cytochrome c oxidase, cbb3-type	Lab enriched sediment 3300039028	Burr-Oak-BO4	46	12	Complete	Complete	True
cell_comparison	S40	31	M00156 | Cytochrome c oxidase, cbb3-type	Acid mine drainage 3300008566	Richmond-AMD	47	57	Incomplete	Incomplete	True
cell_comparison	S40	31	M00156 | Cytochrome c oxidase, cbb3-type	Freshwater microbial communitie 3300024341	Lake-Matano	48	25	Complete	Complete	True
cell_comparison	S40	31	M00156 | Cytochrome c oxidase, cbb3-type	Freshwater sediment microbial 3300021517	Lake-Towuti	49	36	Complete	Complete	True
cell_comparison	S40	31	M00156 | Cytochrome c oxidase, cbb3-type	Metatransc of lab 3300055062	Akron-AMD	50	1	1 block missing	1 block missing	True
cell_comparison	S40	31	M00156 | Cytochrome c oxidase, cbb3-type	Hydrotherm Fe rich 3300023442	Hydrothermal-Fe-mats	51	15	Complete	Complete	True
cell_comparison	S40	31	M00156 | Cytochrome c oxidase, cbb3-type	Freshwater sediment microbial 3300036046	Lake-Towuti	52	34	Complete	Complete	True
cell_comparison	S40	31	M00156 | Cytochrome c oxidase, cbb3-type	Hydrotherm Fe rich 3300023313	Hydrothermal-Fe-mats	53	16	Complete	Complete	True
cell_comparison	S40	31	M00156 | Cytochrome c oxidase, cbb3-type	Acid mine drainage 3300039211	Richmond-AMD	54	60	Incomplete	Incomplete	True
cell_comparison	S40	31	M00156 | Cytochrome c oxidase, cbb3-type	Acid mine drainage 3300008721	Richmond-AMD	55	58	Incomplete	Incomplete	True
cell_comparison	S40	31	M00156 | Cytochrome c oxidase, cbb3-type	Pink biofilm microbial 3300003104	Richmond-AMD	56	49	Incomplete	Incomplete	True
cell_comparison	S40	31	M00156 | Cytochrome c oxidase, cbb3-type	Acid mine drainage 3300038681	Richmond-AMD	57	66	Incomplete	Incomplete	True
cell_comparison	S40	31	M00156 | Cytochrome c oxidase, cbb3-type	Acid mine drainage 3300030228	Richmond-AMD	58	50	Incomplete	Incomplete	True
cell_comparison	S40	31	M00156 | Cytochrome c oxidase, cbb3-type	Metatransc of lab 3300055069	Akron-AMD	59	3	1 block missing	1 block missing	True
cell_comparison	S40	31	M00156 | Cytochrome c oxidase, cbb3-type	Acid Mine Drainage 2010484004	Richmond-AMD	60	46	Incomplete	Incomplete	True
cell_comparison	S40	31	M00156 | Cytochrome c oxidase, cbb3-type	Hydrotherm Fe rich 3300023307	Hydrothermal-Fe-mats	61	13	Complete	Complete	True
cell_comparison	S40	31	M00156 | Cytochrome c oxidase, cbb3-type	Freshwater sediment microbial 3300031876	Lake-Towuti	62	38	Incomplete	Incomplete	True
cell_comparison	S40	31	M00156 | Cytochrome c oxidase, cbb3-type	Freshwater microbial communitie 3300023177	Lake-Matano	63	22	Complete	Complete	True
cell_comparison	S40	31	M00156 | Cytochrome c oxidase, cbb3-type	Biofilm microbial communitie 3300021476	Other-Fe	64	41	Complete	Complete	True
cell_comparison	S40	31	M00156 | Cytochrome c oxidase, cbb3-type	Acid Mine Drainage 3300003083	Richmond-AMD	65	56	Incomplete	Incomplete	True
cell_comparison	S40	31	M00156 | Cytochrome c oxidase, cbb3-type	Hydrotherm Fe rich 3300023444	Hydrothermal-Fe-mats	66	18	Complete	Complete	True
cell_comparison	S40	32	M00847 | Heme biosynthesis, archaea, siroheme -> heme	Acid mine drainage 3300038494	Richmond-AMD	0	64	Incomplete	Incomplete	True
cell_comparison	S40	32	M00847 | Heme biosynthesis, archaea, siroheme -> heme	Lab enriched acid 3300038413	Akron-AMD	1	9	Incomplete	Incomplete	True
cell_comparison	S40	32	M00847 | Heme biosynthesis, archaea, siroheme -> heme	Acid mine drainage 3300008567	Richmond-AMD	2	48	Incomplete	Incomplete	True
cell_comparison	S40	32	M00847 | Heme biosynthesis, archaea, siroheme -> heme	Acid mine drainage 3300030091	Richmond-AMD	3	44	Incomplete	Incomplete	True
cell_comparison	S40	32	M00847 | Heme biosynthesis, archaea, siroheme -> heme	Hydrotherm Fe rich 3300023310	Hydrothermal-Fe-mats	4	14	Incomplete	Incomplete	True
cell_comparison	S40	32	M00847 | Heme biosynthesis, archaea, siroheme -> heme	Metatransc of lab 3300046014	Akron-AMD	5	6	Incomplete	Incomplete	True
cell_comparison	S40	32	M00847 | Heme biosynthesis, archaea, siroheme -> heme	Metatransc of lab 3300055056	Akron-AMD	6	0	Incomplete	Incomplete	True
cell_comparison	S40	32	M00847 | Heme biosynthesis, archaea, siroheme -> heme	Freshwater sediment microbial 3300010391	Lake-Superior	7	29	Incomplete	Incomplete	True
cell_comparison	S40	32	M00847 | Heme biosynthesis, archaea, siroheme -> heme	Freshwater sediment microbial 3300031898	Lake-Towuti	8	37	Incomplete	Incomplete	True
cell_comparison	S40	32	M00847 | Heme biosynthesis, archaea, siroheme -> heme	Freshwater microbial communitie 3300024300	Lake-Matano	9	23	Incomplete	Incomplete	True
cell_comparison	S40	32	M00847 | Heme biosynthesis, archaea, siroheme -> heme	Metatransc of lab 3300055061	Akron-AMD	10	2	Incomplete	Incomplete	True
cell_comparison	S40	32	M00847 | Heme biosynthesis, archaea, siroheme -> heme	Hydrotherm Fe rich 3300023368	Hydrothermal-Fe-mats	11	17	Incomplete	Incomplete	True
cell_comparison	S40	32	M00847 | Heme biosynthesis, archaea, siroheme -> heme	Acid mine drainage 3300038487	Richmond-AMD	12	43	Incomplete	Incomplete	True
cell_comparison	S40	32	M00847 | Heme biosynthesis, archaea, siroheme -> heme	Freshwater sediment microbial 3300031593	Lake-Towuti	13	32	Incomplete	Incomplete	True
cell_comparison	S40	32	M00847 | Heme biosynthesis, archaea, siroheme -> heme	Acid mine drainage 3300030082	Richmond-AMD	14	51	Incomplete	Incomplete	True
cell_comparison	S40	32	M00847 | Heme biosynthesis, archaea, siroheme -> heme	Freshwater sediment microbial 3300031604	Lake-Towuti	15	30	Incomplete	Incomplete	True
cell_comparison	S40	32	M00847 | Heme biosynthesis, archaea, siroheme -> heme	Freshwater sediment microbial 3300021518	Lake-Towuti	16	31	Incomplete	Incomplete	True
cell_comparison	S40	32	M00847 | Heme biosynthesis, archaea, siroheme -> heme	Acid mine drainage 3300030398	Richmond-AMD	17	63	Incomplete	Incomplete	True
cell_comparison	S40	32	M00847 | Heme biosynthesis, archaea, siroheme -> heme	Acid mine drainage 3300030242	Richmond-AMD	18	59	Incomplete	Incomplete	True
cell_comparison	S40	32	M00847 | Heme biosynthesis, archaea, siroheme -> heme	Hydrotherm Fe rich 3300023439	Hydrothermal-Fe-mats	19	20	Incomplete	Incomplete	True
cell_comparison	S40	32	M00847 | Heme biosynthesis, archaea, siroheme -> heme	Freshwater microbial communitie 3300024333	Lake-Matano	20	24	Incomplete	Incomplete	True
cell_comparison	S40	32	M00847 | Heme biosynthesis, archaea, siroheme -> heme	Lab enriched sediment 3300039027	Burr-Oak-BO4	21	11	Incomplete	Incomplete	True
cell_comparison	S40	32	M00847 | Heme biosynthesis, archaea, siroheme -> heme	Acid mine drainage 3300039205	Richmond-AMD	22	55	Incomplete	Incomplete	True
cell_comparison	S40	32	M00847 | Heme biosynthesis, archaea, siroheme -> heme	Freshwater microbial communitie 3300043827	Lake-Matano	23	27	Incomplete	Incomplete	True
cell_comparison	S40	32	M00847 | Heme biosynthesis, archaea, siroheme -> heme	Lab enriched acid 3300038471	Akron-AMD	24	4	Incomplete	Incomplete	True
cell_comparison	S40	32	M00847 | Heme biosynthesis, archaea, siroheme -> heme	Acid mine drainage 3300030335	Richmond-AMD	25	45	Incomplete	Incomplete	True
cell_comparison	S40	32	M00847 | Heme biosynthesis, archaea, siroheme -> heme	Freshwater microbial communitie 3300028737	Lake-Matano	26	26	Incomplete	Incomplete	True
cell_comparison	S40	32	M00847 | Heme biosynthesis, archaea, siroheme -> heme	Lab enriched acid 3300038411	Akron-AMD	27	5	Incomplete	Incomplete	True
cell_comparison	S40	32	M00847 | Heme biosynthesis, archaea, siroheme -> heme	Freshwater sediment microbial 3300031877	Lake-Towuti	28	33	Incomplete	Incomplete	True
cell_comparison	S40	32	M00847 | Heme biosynthesis, archaea, siroheme -> heme	Acid mine drainage 3300038731	Richmond-AMD	29	42	Incomplete	Incomplete	True
cell_comparison	S40	32	M00847 | Heme biosynthesis, archaea, siroheme -> heme	Acid mine drainage 3300038979	Richmond-AMD	30	53	Incomplete	Incomplete	True
cell_comparison	S40	32	M00847 | Heme biosynthesis, archaea, siroheme -> heme	Hydrotherm Fe rich 3300023548	Hydrothermal-Fe-mats	31	21	Incomplete	Incomplete	True
cell_comparison	S40	32	M00847 | Heme biosynthesis, archaea, siroheme -> heme	Metatransc of freshwater 3300061576	Lake-Superior	32	28	Complete	Complete	True
cell_comparison	S40	32	M00847 | Heme biosynthesis, archaea, siroheme -> heme	Acid mine drainage 3300038486	Richmond-AMD	33	62	Incomplete	Incomplete	True
cell_comparison	S40	32	M00847 | Heme biosynthesis, archaea, siroheme -> heme	Freshwater sediment microbial 3300031587	Lake-Towuti	34	39	Incomplete	Incomplete	True
cell_comparison	S40	32	M00847 | Heme biosynthesis, archaea, siroheme -> heme	Acid Mine Drainage 3300005360	Richmond-AMD	35	54	Incomplete	Incomplete	True
cell_comparison	S40	32	M00847 | Heme biosynthesis, archaea, siroheme -> heme	Acid mine drainage 3300008723	Richmond-AMD	36	47	Incomplete	Incomplete	True
cell_comparison	S40	32	M00847 | Heme biosynthesis, archaea, siroheme -> heme	Acid mine drainage 3300038493	Richmond-AMD	37	61	Incomplete	Incomplete	True
cell_comparison	S40	32	M00847 | Heme biosynthesis, archaea, siroheme -> heme	Freshwater sediment microbial 3300036045	Lake-Towuti	38	35	Incomplete	Incomplete	True
cell_comparison	S40	32	M00847 | Heme biosynthesis, archaea, siroheme -> heme	Metatransc of lab 3300046013	Akron-AMD	39	8	Incomplete	Incomplete	True
cell_comparison	S40	32	M00847 | Heme biosynthesis, archaea, siroheme -> heme	Acid mine drainage 3300038729	Richmond-AMD	40	52	Incomplete	Incomplete	True
cell_comparison	S40	32	M00847 | Heme biosynthesis, archaea, siroheme -> heme	Acid mine drainage 3300030413	Richmond-AMD	41	65	Incomplete	Incomplete	True
cell_comparison	S40	32	M00847 | Heme biosynthesis, archaea, siroheme -> heme	Lab enriched acid 3300038412	Akron-AMD	42	7	Incomplete	Incomplete	True
cell_comparison	S40	32	M00847 | Heme biosynthesis, archaea, siroheme -> heme	Freshwater sediment microbial 3300031806	Lake-Towuti	43	40	Incomplete	Incomplete	True
cell_comparison	S40	32	M00847 | Heme biosynthesis, archaea, siroheme -> heme	Metatransc of lab 3300055057	Akron-AMD	44	10	Incomplete	Incomplete	True
cell_comparison	S40	32	M00847 | Heme biosynthesis, archaea, siroheme -> heme	Hydrotherm Fe rich 3300023440	Hydrothermal-Fe-mats	45	19	Incomplete	Incomplete	True
cell_comparison	S40	32	M00847 | Heme biosynthesis, archaea, siroheme -> heme	Lab enriched sediment 3300039028	Burr-Oak-BO4	46	12	Incomplete	Incomplete	True
cell_comparison	S40	32	M00847 | Heme biosynthesis, archaea, siroheme -> heme	Acid mine drainage 3300008566	Richmond-AMD	47	57	Incomplete	Incomplete	True
cell_comparison	S40	32	M00847 | Heme biosynthesis, archaea, siroheme -> heme	Freshwater microbial communitie 3300024341	Lake-Matano	48	25	Incomplete	Incomplete	True
cell_comparison	S40	32	M00847 | Heme biosynthesis, archaea, siroheme -> heme	Freshwater sediment microbial 3300021517	Lake-Towuti	49	36	Incomplete	Incomplete	True
cell_comparison	S40	32	M00847 | Heme biosynthesis, archaea, siroheme -> heme	Metatransc of lab 3300055062	Akron-AMD	50	1	Incomplete	Incomplete	True
cell_comparison	S40	32	M00847 | Heme biosynthesis, archaea, siroheme -> heme	Hydrotherm Fe rich 3300023442	Hydrothermal-Fe-mats	51	15	Incomplete	Incomplete	True
cell_comparison	S40	32	M00847 | Heme biosynthesis, archaea, siroheme -> heme	Freshwater sediment microbial 3300036046	Lake-Towuti	52	34	Incomplete	Incomplete	True
cell_comparison	S40	32	M00847 | Heme biosynthesis, archaea, siroheme -> heme	Hydrotherm Fe rich 3300023313	Hydrothermal-Fe-mats	53	16	Incomplete	Incomplete	True
cell_comparison	S40	32	M00847 | Heme biosynthesis, archaea, siroheme -> heme	Acid mine drainage 3300039211	Richmond-AMD	54	60	Incomplete	Incomplete	True
cell_comparison	S40	32	M00847 | Heme biosynthesis, archaea, siroheme -> heme	Acid mine drainage 3300008721	Richmond-AMD	55	58	Incomplete	Incomplete	True
cell_comparison	S40	32	M00847 | Heme biosynthesis, archaea, siroheme -> heme	Pink biofilm microbial 3300003104	Richmond-AMD	56	49	Incomplete	Incomplete	True
cell_comparison	S40	32	M00847 | Heme biosynthesis, archaea, siroheme -> heme	Acid mine drainage 3300038681	Richmond-AMD	57	66	Incomplete	Incomplete	True
cell_comparison	S40	32	M00847 | Heme biosynthesis, archaea, siroheme -> heme	Acid mine drainage 3300030228	Richmond-AMD	58	50	Incomplete	Incomplete	True
cell_comparison	S40	32	M00847 | Heme biosynthesis, archaea, siroheme -> heme	Metatransc of lab 3300055069	Akron-AMD	59	3	Incomplete	Incomplete	True
cell_comparison	S40	32	M00847 | Heme biosynthesis, archaea, siroheme -> heme	Acid Mine Drainage 2010484004	Richmond-AMD	60	46	Incomplete	Incomplete	True
cell_comparison	S40	32	M00847 | Heme biosynthesis, archaea, siroheme -> heme	Hydrotherm Fe rich 3300023307	Hydrothermal-Fe-mats	61	13	Incomplete	Incomplete	True
cell_comparison	S40	32	M00847 | Heme biosynthesis, archaea, siroheme -> heme	Freshwater sediment microbial 3300031876	Lake-Towuti	62	38	Incomplete	Incomplete	True
cell_comparison	S40	32	M00847 | Heme biosynthesis, archaea, siroheme -> heme	Freshwater microbial communitie 3300023177	Lake-Matano	63	22	Incomplete	Incomplete	True
cell_comparison	S40	32	M00847 | Heme biosynthesis, archaea, siroheme -> heme	Biofilm microbial communitie 3300021476	Other-Fe	64	41	Incomplete	Incomplete	True
cell_comparison	S40	32	M00847 | Heme biosynthesis, archaea, siroheme -> heme	Acid Mine Drainage 3300003083	Richmond-AMD	65	56	Incomplete	Incomplete	True
cell_comparison	S40	32	M00847 | Heme biosynthesis, archaea, siroheme -> heme	Hydrotherm Fe rich 3300023444	Hydrothermal-Fe-mats	66	18	Incomplete	Incomplete	True
cell_comparison	S40	33	M00868 | Heme biosynthesis, animals and fungi, glycine -> heme	Acid mine drainage 3300038494	Richmond-AMD	0	64	Incomplete	Incomplete	True
cell_comparison	S40	33	M00868 | Heme biosynthesis, animals and fungi, glycine -> heme	Lab enriched acid 3300038413	Akron-AMD	1	9	Complete	Complete	True
cell_comparison	S40	33	M00868 | Heme biosynthesis, animals and fungi, glycine -> heme	Acid mine drainage 3300008567	Richmond-AMD	2	48	Incomplete	Incomplete	True
cell_comparison	S40	33	M00868 | Heme biosynthesis, animals and fungi, glycine -> heme	Acid mine drainage 3300030091	Richmond-AMD	3	44	Incomplete	Incomplete	True
cell_comparison	S40	33	M00868 | Heme biosynthesis, animals and fungi, glycine -> heme	Hydrotherm Fe rich 3300023310	Hydrothermal-Fe-mats	4	14	Complete	Complete	True
cell_comparison	S40	33	M00868 | Heme biosynthesis, animals and fungi, glycine -> heme	Metatransc of lab 3300046014	Akron-AMD	5	6	Incomplete	Incomplete	True
cell_comparison	S40	33	M00868 | Heme biosynthesis, animals and fungi, glycine -> heme	Metatransc of lab 3300055056	Akron-AMD	6	0	Incomplete	Incomplete	True
cell_comparison	S40	33	M00868 | Heme biosynthesis, animals and fungi, glycine -> heme	Freshwater sediment microbial 3300010391	Lake-Superior	7	29	Complete	Complete	True
cell_comparison	S40	33	M00868 | Heme biosynthesis, animals and fungi, glycine -> heme	Freshwater sediment microbial 3300031898	Lake-Towuti	8	37	1 block missing	1 block missing	True
cell_comparison	S40	33	M00868 | Heme biosynthesis, animals and fungi, glycine -> heme	Freshwater microbial communitie 3300024300	Lake-Matano	9	23	Complete	Complete	True
cell_comparison	S40	33	M00868 | Heme biosynthesis, animals and fungi, glycine -> heme	Metatransc of lab 3300055061	Akron-AMD	10	2	Incomplete	Incomplete	True
cell_comparison	S40	33	M00868 | Heme biosynthesis, animals and fungi, glycine -> heme	Hydrotherm Fe rich 3300023368	Hydrothermal-Fe-mats	11	17	Complete	Complete	True
cell_comparison	S40	33	M00868 | Heme biosynthesis, animals and fungi, glycine -> heme	Acid mine drainage 3300038487	Richmond-AMD	12	43	Incomplete	Incomplete	True
cell_comparison	S40	33	M00868 | Heme biosynthesis, animals and fungi, glycine -> heme	Freshwater sediment microbial 3300031593	Lake-Towuti	13	32	Incomplete	Incomplete	True
cell_comparison	S40	33	M00868 | Heme biosynthesis, animals and fungi, glycine -> heme	Acid mine drainage 3300030082	Richmond-AMD	14	51	Incomplete	Incomplete	True
cell_comparison	S40	33	M00868 | Heme biosynthesis, animals and fungi, glycine -> heme	Freshwater sediment microbial 3300031604	Lake-Towuti	15	30	Incomplete	Incomplete	True
cell_comparison	S40	33	M00868 | Heme biosynthesis, animals and fungi, glycine -> heme	Freshwater sediment microbial 3300021518	Lake-Towuti	16	31	Complete	Complete	True
cell_comparison	S40	33	M00868 | Heme biosynthesis, animals and fungi, glycine -> heme	Acid mine drainage 3300030398	Richmond-AMD	17	63	Incomplete	Incomplete	True
cell_comparison	S40	33	M00868 | Heme biosynthesis, animals and fungi, glycine -> heme	Acid mine drainage 3300030242	Richmond-AMD	18	59	Incomplete	Incomplete	True
cell_comparison	S40	33	M00868 | Heme biosynthesis, animals and fungi, glycine -> heme	Hydrotherm Fe rich 3300023439	Hydrothermal-Fe-mats	19	20	Complete	Complete	True
cell_comparison	S40	33	M00868 | Heme biosynthesis, animals and fungi, glycine -> heme	Freshwater microbial communitie 3300024333	Lake-Matano	20	24	Complete	Complete	True
cell_comparison	S40	33	M00868 | Heme biosynthesis, animals and fungi, glycine -> heme	Lab enriched sediment 3300039027	Burr-Oak-BO4	21	11	Complete	Complete	True
cell_comparison	S40	33	M00868 | Heme biosynthesis, animals and fungi, glycine -> heme	Acid mine drainage 3300039205	Richmond-AMD	22	55	Incomplete	Incomplete	True
cell_comparison	S40	33	M00868 | Heme biosynthesis, animals and fungi, glycine -> heme	Freshwater microbial communitie 3300043827	Lake-Matano	23	27	Complete	Complete	True
cell_comparison	S40	33	M00868 | Heme biosynthesis, animals and fungi, glycine -> heme	Lab enriched acid 3300038471	Akron-AMD	24	4	Complete	Complete	True
cell_comparison	S40	33	M00868 | Heme biosynthesis, animals and fungi, glycine -> heme	Acid mine drainage 3300030335	Richmond-AMD	25	45	Incomplete	Incomplete	True
cell_comparison	S40	33	M00868 | Heme biosynthesis, animals and fungi, glycine -> heme	Freshwater microbial communitie 3300028737	Lake-Matano	26	26	Complete	Complete	True
cell_comparison	S40	33	M00868 | Heme biosynthesis, animals and fungi, glycine -> heme	Lab enriched acid 3300038411	Akron-AMD	27	5	Complete	Complete	True
cell_comparison	S40	33	M00868 | Heme biosynthesis, animals and fungi, glycine -> heme	Freshwater sediment microbial 3300031877	Lake-Towuti	28	33	Incomplete	Incomplete	True
cell_comparison	S40	33	M00868 | Heme biosynthesis, animals and fungi, glycine -> heme	Acid mine drainage 3300038731	Richmond-AMD	29	42	Incomplete	Incomplete	True
cell_comparison	S40	33	M00868 | Heme biosynthesis, animals and fungi, glycine -> heme	Acid mine drainage 3300038979	Richmond-AMD	30	53	Incomplete	Incomplete	True
cell_comparison	S40	33	M00868 | Heme biosynthesis, animals and fungi, glycine -> heme	Hydrotherm Fe rich 3300023548	Hydrothermal-Fe-mats	31	21	Complete	Complete	True
cell_comparison	S40	33	M00868 | Heme biosynthesis, animals and fungi, glycine -> heme	Metatransc of freshwater 3300061576	Lake-Superior	32	28	Complete	Complete	True
cell_comparison	S40	33	M00868 | Heme biosynthesis, animals and fungi, glycine -> heme	Acid mine drainage 3300038486	Richmond-AMD	33	62	Incomplete	Incomplete	True
cell_comparison	S40	33	M00868 | Heme biosynthesis, animals and fungi, glycine -> heme	Freshwater sediment microbial 3300031587	Lake-Towuti	34	39	Incomplete	Incomplete	True
cell_comparison	S40	33	M00868 | Heme biosynthesis, animals and fungi, glycine -> heme	Acid Mine Drainage 3300005360	Richmond-AMD	35	54	Incomplete	Incomplete	True
cell_comparison	S40	33	M00868 | Heme biosynthesis, animals and fungi, glycine -> heme	Acid mine drainage 3300008723	Richmond-AMD	36	47	Incomplete	Incomplete	True
cell_comparison	S40	33	M00868 | Heme biosynthesis, animals and fungi, glycine -> heme	Acid mine drainage 3300038493	Richmond-AMD	37	61	Incomplete	Incomplete	True
cell_comparison	S40	33	M00868 | Heme biosynthesis, animals and fungi, glycine -> heme	Freshwater sediment microbial 3300036045	Lake-Towuti	38	35	Complete	Complete	True
cell_comparison	S40	33	M00868 | Heme biosynthesis, animals and fungi, glycine -> heme	Metatransc of lab 3300046013	Akron-AMD	39	8	Complete	Complete	True
cell_comparison	S40	33	M00868 | Heme biosynthesis, animals and fungi, glycine -> heme	Acid mine drainage 3300038729	Richmond-AMD	40	52	Incomplete	Incomplete	True
cell_comparison	S40	33	M00868 | Heme biosynthesis, animals and fungi, glycine -> heme	Acid mine drainage 3300030413	Richmond-AMD	41	65	Incomplete	Incomplete	True
cell_comparison	S40	33	M00868 | Heme biosynthesis, animals and fungi, glycine -> heme	Lab enriched acid 3300038412	Akron-AMD	42	7	Complete	Complete	True
cell_comparison	S40	33	M00868 | Heme biosynthesis, animals and fungi, glycine -> heme	Freshwater sediment microbial 3300031806	Lake-Towuti	43	40	Incomplete	Incomplete	True
cell_comparison	S40	33	M00868 | Heme biosynthesis, animals and fungi, glycine -> heme	Metatransc of lab 3300055057	Akron-AMD	44	10	Incomplete	Incomplete	True
cell_comparison	S40	33	M00868 | Heme biosynthesis, animals and fungi, glycine -> heme	Hydrotherm Fe rich 3300023440	Hydrothermal-Fe-mats	45	19	Complete	Complete	True
cell_comparison	S40	33	M00868 | Heme biosynthesis, animals and fungi, glycine -> heme	Lab enriched sediment 3300039028	Burr-Oak-BO4	46	12	Complete	Complete	True
cell_comparison	S40	33	M00868 | Heme biosynthesis, animals and fungi, glycine -> heme	Acid mine drainage 3300008566	Richmond-AMD	47	57	Incomplete	Incomplete	True
cell_comparison	S40	33	M00868 | Heme biosynthesis, animals and fungi, glycine -> heme	Freshwater microbial communitie 3300024341	Lake-Matano	48	25	Complete	Complete	True
cell_comparison	S40	33	M00868 | Heme biosynthesis, animals and fungi, glycine -> heme	Freshwater sediment microbial 3300021517	Lake-Towuti	49	36	Complete	Complete	True
cell_comparison	S40	33	M00868 | Heme biosynthesis, animals and fungi, glycine -> heme	Metatransc of lab 3300055062	Akron-AMD	50	1	Complete	Complete	True
cell_comparison	S40	33	M00868 | Heme biosynthesis, animals and fungi, glycine -> heme	Hydrotherm Fe rich 3300023442	Hydrothermal-Fe-mats	51	15	Complete	Complete	True
cell_comparison	S40	33	M00868 | Heme biosynthesis, animals and fungi, glycine -> heme	Freshwater sediment microbial 3300036046	Lake-Towuti	52	34	Complete	Complete	True
cell_comparison	S40	33	M00868 | Heme biosynthesis, animals and fungi, glycine -> heme	Hydrotherm Fe rich 3300023313	Hydrothermal-Fe-mats	53	16	Complete	Complete	True
cell_comparison	S40	33	M00868 | Heme biosynthesis, animals and fungi, glycine -> heme	Acid mine drainage 3300039211	Richmond-AMD	54	60	Incomplete	Incomplete	True
cell_comparison	S40	33	M00868 | Heme biosynthesis, animals and fungi, glycine -> heme	Acid mine drainage 3300008721	Richmond-AMD	55	58	Incomplete	Incomplete	True
cell_comparison	S40	33	M00868 | Heme biosynthesis, animals and fungi, glycine -> heme	Pink biofilm microbial 3300003104	Richmond-AMD	56	49	Incomplete	Incomplete	True
cell_comparison	S40	33	M00868 | Heme biosynthesis, animals and fungi, glycine -> heme	Acid mine drainage 3300038681	Richmond-AMD	57	66	Incomplete	Incomplete	True
cell_comparison	S40	33	M00868 | Heme biosynthesis, animals and fungi, glycine -> heme	Acid mine drainage 3300030228	Richmond-AMD	58	50	Incomplete	Incomplete	True
cell_comparison	S40	33	M00868 | Heme biosynthesis, animals and fungi, glycine -> heme	Metatransc of lab 3300055069	Akron-AMD	59	3	Incomplete	Incomplete	True
cell_comparison	S40	33	M00868 | Heme biosynthesis, animals and fungi, glycine -> heme	Acid Mine Drainage 2010484004	Richmond-AMD	60	46	Incomplete	Incomplete	True
cell_comparison	S40	33	M00868 | Heme biosynthesis, animals and fungi, glycine -> heme	Hydrotherm Fe rich 3300023307	Hydrothermal-Fe-mats	61	13	Incomplete	Incomplete	True
cell_comparison	S40	33	M00868 | Heme biosynthesis, animals and fungi, glycine -> heme	Freshwater sediment microbial 3300031876	Lake-Towuti	62	38	Incomplete	Incomplete	True
cell_comparison	S40	33	M00868 | Heme biosynthesis, animals and fungi, glycine -> heme	Freshwater microbial communitie 3300023177	Lake-Matano	63	22	Complete	Complete	True
cell_comparison	S40	33	M00868 | Heme biosynthesis, animals and fungi, glycine -> heme	Biofilm microbial communitie 3300021476	Other-Fe	64	41	Complete	Complete	True
cell_comparison	S40	33	M00868 | Heme biosynthesis, animals and fungi, glycine -> heme	Acid Mine Drainage 3300003083	Richmond-AMD	65	56	Incomplete	Incomplete	True
cell_comparison	S40	33	M00868 | Heme biosynthesis, animals and fungi, glycine -> heme	Hydrotherm Fe rich 3300023444	Hydrothermal-Fe-mats	66	18	Complete	Complete	True
cell_comparison	S40	34	M00926 | Heme biosynthesis bacteria	Acid mine drainage 3300038494	Richmond-AMD	0	64	1 block missing	1 block missing	True
cell_comparison	S40	34	M00926 | Heme biosynthesis bacteria	Lab enriched acid 3300038413	Akron-AMD	1	9	Complete	Complete	True
cell_comparison	S40	34	M00926 | Heme biosynthesis bacteria	Acid mine drainage 3300008567	Richmond-AMD	2	48	Incomplete	Incomplete	True
cell_comparison	S40	34	M00926 | Heme biosynthesis bacteria	Acid mine drainage 3300030091	Richmond-AMD	3	44	1 block missing	1 block missing	True
cell_comparison	S40	34	M00926 | Heme biosynthesis bacteria	Hydrotherm Fe rich 3300023310	Hydrothermal-Fe-mats	4	14	1 block missing	1 block missing	True
cell_comparison	S40	34	M00926 | Heme biosynthesis bacteria	Metatransc of lab 3300046014	Akron-AMD	5	6	Incomplete	Incomplete	True
cell_comparison	S40	34	M00926 | Heme biosynthesis bacteria	Metatransc of lab 3300055056	Akron-AMD	6	0	Incomplete	Incomplete	True
cell_comparison	S40	34	M00926 | Heme biosynthesis bacteria	Freshwater sediment microbial 3300010391	Lake-Superior	7	29	Complete	Complete	True
cell_comparison	S40	34	M00926 | Heme biosynthesis bacteria	Freshwater sediment microbial 3300031898	Lake-Towuti	8	37	Complete	Complete	True
cell_comparison	S40	34	M00926 | Heme biosynthesis bacteria	Freshwater microbial communitie 3300024300	Lake-Matano	9	23	Complete	Complete	True
cell_comparison	S40	34	M00926 | Heme biosynthesis bacteria	Metatransc of lab 3300055061	Akron-AMD	10	2	Incomplete	Incomplete	True
cell_comparison	S40	34	M00926 | Heme biosynthesis bacteria	Hydrotherm Fe rich 3300023368	Hydrothermal-Fe-mats	11	17	Complete	Complete	True
cell_comparison	S40	34	M00926 | Heme biosynthesis bacteria	Acid mine drainage 3300038487	Richmond-AMD	12	43	1 block missing	1 block missing	True
cell_comparison	S40	34	M00926 | Heme biosynthesis bacteria	Freshwater sediment microbial 3300031593	Lake-Towuti	13	32	1 block missing	1 block missing	True
cell_comparison	S40	34	M00926 | Heme biosynthesis bacteria	Acid mine drainage 3300030082	Richmond-AMD	14	51	1 block missing	1 block missing	True
cell_comparison	S40	34	M00926 | Heme biosynthesis bacteria	Freshwater sediment microbial 3300031604	Lake-Towuti	15	30	1 block missing	1 block missing	True
cell_comparison	S40	34	M00926 | Heme biosynthesis bacteria	Freshwater sediment microbial 3300021518	Lake-Towuti	16	31	Complete	Complete	True
cell_comparison	S40	34	M00926 | Heme biosynthesis bacteria	Acid mine drainage 3300030398	Richmond-AMD	17	63	1 block missing	1 block missing	True
cell_comparison	S40	34	M00926 | Heme biosynthesis bacteria	Acid mine drainage 3300030242	Richmond-AMD	18	59	1 block missing	1 block missing	True
cell_comparison	S40	34	M00926 | Heme biosynthesis bacteria	Hydrotherm Fe rich 3300023439	Hydrothermal-Fe-mats	19	20	Complete	Complete	True
cell_comparison	S40	34	M00926 | Heme biosynthesis bacteria	Freshwater microbial communitie 3300024333	Lake-Matano	20	24	Complete	Complete	True
cell_comparison	S40	34	M00926 | Heme biosynthesis bacteria	Lab enriched sediment 3300039027	Burr-Oak-BO4	21	11	Complete	Complete	True
cell_comparison	S40	34	M00926 | Heme biosynthesis bacteria	Acid mine drainage 3300039205	Richmond-AMD	22	55	Incomplete	Incomplete	True
cell_comparison	S40	34	M00926 | Heme biosynthesis bacteria	Freshwater microbial communitie 3300043827	Lake-Matano	23	27	Complete	Complete	True
cell_comparison	S40	34	M00926 | Heme biosynthesis bacteria	Lab enriched acid 3300038471	Akron-AMD	24	4	Complete	Complete	True
cell_comparison	S40	34	M00926 | Heme biosynthesis bacteria	Acid mine drainage 3300030335	Richmond-AMD	25	45	1 block missing	1 block missing	True
cell_comparison	S40	34	M00926 | Heme biosynthesis bacteria	Freshwater microbial communitie 3300028737	Lake-Matano	26	26	Complete	Complete	True
cell_comparison	S40	34	M00926 | Heme biosynthesis bacteria	Lab enriched acid 3300038411	Akron-AMD	27	5	Complete	Complete	True
cell_comparison	S40	34	M00926 | Heme biosynthesis bacteria	Freshwater sediment microbial 3300031877	Lake-Towuti	28	33	1 block missing	1 block missing	True
cell_comparison	S40	34	M00926 | Heme biosynthesis bacteria	Acid mine drainage 3300038731	Richmond-AMD	29	42	Incomplete	Incomplete	True
cell_comparison	S40	34	M00926 | Heme biosynthesis bacteria	Acid mine drainage 3300038979	Richmond-AMD	30	53	Incomplete	Incomplete	True
cell_comparison	S40	34	M00926 | Heme biosynthesis bacteria	Hydrotherm Fe rich 3300023548	Hydrothermal-Fe-mats	31	21	Complete	Complete	True
cell_comparison	S40	34	M00926 | Heme biosynthesis bacteria	Metatransc of freshwater 3300061576	Lake-Superior	32	28	Complete	Complete	True
cell_comparison	S40	34	M00926 | Heme biosynthesis bacteria	Acid mine drainage 3300038486	Richmond-AMD	33	62	Incomplete	Incomplete	True
cell_comparison	S40	34	M00926 | Heme biosynthesis bacteria	Freshwater sediment microbial 3300031587	Lake-Towuti	34	39	Complete	Complete	True
cell_comparison	S40	34	M00926 | Heme biosynthesis bacteria	Acid Mine Drainage 3300005360	Richmond-AMD	35	54	1 block missing	1 block missing	True
cell_comparison	S40	34	M00926 | Heme biosynthesis bacteria	Acid mine drainage 3300008723	Richmond-AMD	36	47	Incomplete	Incomplete	True
cell_comparison	S40	34	M00926 | Heme biosynthesis bacteria	Acid mine drainage 3300038493	Richmond-AMD	37	61	1 block missing	1 block missing	True
cell_comparison	S40	34	M00926 | Heme biosynthesis bacteria	Freshwater sediment microbial 3300036045	Lake-Towuti	38	35	Complete	Complete	True
cell_comparison	S40	34	M00926 | Heme biosynthesis bacteria	Metatransc of lab 3300046013	Akron-AMD	39	8	Incomplete	Incomplete	True
cell_comparison	S40	34	M00926 | Heme biosynthesis bacteria	Acid mine drainage 3300038729	Richmond-AMD	40	52	1 block missing	1 block missing	True
cell_comparison	S40	34	M00926 | Heme biosynthesis bacteria	Acid mine drainage 3300030413	Richmond-AMD	41	65	1 block missing	1 block missing	True
cell_comparison	S40	34	M00926 | Heme biosynthesis bacteria	Lab enriched acid 3300038412	Akron-AMD	42	7	Complete	Complete	True
cell_comparison	S40	34	M00926 | Heme biosynthesis bacteria	Freshwater sediment microbial 3300031806	Lake-Towuti	43	40	Complete	Complete	True
cell_comparison	S40	34	M00926 | Heme biosynthesis bacteria	Metatransc of lab 3300055057	Akron-AMD	44	10	Incomplete	Incomplete	True
cell_comparison	S40	34	M00926 | Heme biosynthesis bacteria	Hydrotherm Fe rich 3300023440	Hydrothermal-Fe-mats	45	19	Complete	Complete	True
cell_comparison	S40	34	M00926 | Heme biosynthesis bacteria	Lab enriched sediment 3300039028	Burr-Oak-BO4	46	12	1 block missing	1 block missing	True
cell_comparison	S40	34	M00926 | Heme biosynthesis bacteria	Acid mine drainage 3300008566	Richmond-AMD	47	57	Incomplete	Incomplete	True
cell_comparison	S40	34	M00926 | Heme biosynthesis bacteria	Freshwater microbial communitie 3300024341	Lake-Matano	48	25	Complete	Complete	True
cell_comparison	S40	34	M00926 | Heme biosynthesis bacteria	Freshwater sediment microbial 3300021517	Lake-Towuti	49	36	Complete	Complete	True
cell_comparison	S40	34	M00926 | Heme biosynthesis bacteria	Metatransc of lab 3300055062	Akron-AMD	50	1	Incomplete	Incomplete	True
cell_comparison	S40	34	M00926 | Heme biosynthesis bacteria	Hydrotherm Fe rich 3300023442	Hydrothermal-Fe-mats	51	15	Complete	Complete	True
cell_comparison	S40	34	M00926 | Heme biosynthesis bacteria	Freshwater sediment microbial 3300036046	Lake-Towuti	52	34	Complete	Complete	True
cell_comparison	S40	34	M00926 | Heme biosynthesis bacteria	Hydrotherm Fe rich 3300023313	Hydrothermal-Fe-mats	53	16	Complete	Complete	True
cell_comparison	S40	34	M00926 | Heme biosynthesis bacteria	Acid mine drainage 3300039211	Richmond-AMD	54	60	Incomplete	Incomplete	True
cell_comparison	S40	34	M00926 | Heme biosynthesis bacteria	Acid mine drainage 3300008721	Richmond-AMD	55	58	Incomplete	Incomplete	True
cell_comparison	S40	34	M00926 | Heme biosynthesis bacteria	Pink biofilm microbial 3300003104	Richmond-AMD	56	49	1 block missing	1 block missing	True
cell_comparison	S40	34	M00926 | Heme biosynthesis bacteria	Acid mine drainage 3300038681	Richmond-AMD	57	66	Incomplete	Incomplete	True
cell_comparison	S40	34	M00926 | Heme biosynthesis bacteria	Acid mine drainage 3300030228	Richmond-AMD	58	50	1 block missing	1 block missing	True
cell_comparison	S40	34	M00926 | Heme biosynthesis bacteria	Metatransc of lab 3300055069	Akron-AMD	59	3	Incomplete	Incomplete	True
cell_comparison	S40	34	M00926 | Heme biosynthesis bacteria	Acid Mine Drainage 2010484004	Richmond-AMD	60	46	Incomplete	Incomplete	True
cell_comparison	S40	34	M00926 | Heme biosynthesis bacteria	Hydrotherm Fe rich 3300023307	Hydrothermal-Fe-mats	61	13	Incomplete	Incomplete	True
cell_comparison	S40	34	M00926 | Heme biosynthesis bacteria	Freshwater sediment microbial 3300031876	Lake-Towuti	62	38	1 block missing	1 block missing	True
cell_comparison	S40	34	M00926 | Heme biosynthesis bacteria	Freshwater microbial communitie 3300023177	Lake-Matano	63	22	Complete	Complete	True
cell_comparison	S40	34	M00926 | Heme biosynthesis bacteria	Biofilm microbial communitie 3300021476	Other-Fe	64	41	Complete	Complete	True
cell_comparison	S40	34	M00926 | Heme biosynthesis bacteria	Acid Mine Drainage 3300003083	Richmond-AMD	65	56	Incomplete	Incomplete	True
cell_comparison	S40	34	M00926 | Heme biosynthesis bacteria	Hydrotherm Fe rich 3300023444	Hydrothermal-Fe-mats	66	18	Complete	Complete	True
cell_comparison	S67	0	M00175 | Nitrogen fixation, nitrogen -> ammonia	AM.P1.D	Amazonian - Amendoim	0	0	1 block missing	1 block missing	True
cell_comparison	S67	0	M00175 | Nitrogen fixation, nitrogen -> ammonia	AM.P1.R	Amazonian - Amendoim	1	1	Complete	Complete	True
cell_comparison	S67	0	M00175 | Nitrogen fixation, nitrogen -> ammonia	AM.P2.D	Amazonian - Amendoim	2	2	1 block missing	1 block missing	True
cell_comparison	S67	0	M00175 | Nitrogen fixation, nitrogen -> ammonia	AM.P2.R	Amazonian - Amendoim	3	3	1 block missing	1 block missing	True
cell_comparison	S67	0	M00175 | Nitrogen fixation, nitrogen -> ammonia	TIA.P1.D	Amazonian - Tres Irmas Adjacent	4	4	Complete	Complete	True
cell_comparison	S67	0	M00175 | Nitrogen fixation, nitrogen -> ammonia	TIA.P1.R	Amazonian - Tres Irmas Adjacent	5	5	1 block missing	1 block missing	True
cell_comparison	S67	0	M00175 | Nitrogen fixation, nitrogen -> ammonia	TIA.P2.D	Amazonian - Tres Irmas Adjacent	6	6	Complete	Complete	True
cell_comparison	S67	0	M00175 | Nitrogen fixation, nitrogen -> ammonia	TIA.P2.R	Amazonian - Tres Irmas Adjacent	7	7	1 block missing	1 block missing	True
cell_comparison	S67	0	M00175 | Nitrogen fixation, nitrogen -> ammonia	TI.P1.D	Amazonian - Tres Irmas	8	8	Complete	Complete	True
cell_comparison	S67	0	M00175 | Nitrogen fixation, nitrogen -> ammonia	TI.P1.R	Amazonian - Tres Irmas	9	9	1 block missing	1 block missing	True
cell_comparison	S67	0	M00175 | Nitrogen fixation, nitrogen -> ammonia	TI.P2.D	Amazonian - Tres Irmas	10	10	1 block missing	1 block missing	True
cell_comparison	S67	0	M00175 | Nitrogen fixation, nitrogen -> ammonia	TI.P2.R	Amazonian - Tres Irmas	11	11	1 block missing	1 block missing	True
cell_comparison	S67	0	M00175 | Nitrogen fixation, nitrogen -> ammonia	TI.P3.D	Amazonian - Tres Irmas	12	12	1 block missing	1 block missing	True
cell_comparison	S67	0	M00175 | Nitrogen fixation, nitrogen -> ammonia	TI.P3.R	Amazonian - Tres Irmas	13	13	1 block missing	1 block missing	True
cell_comparison	S67	0	M00175 | Nitrogen fixation, nitrogen -> ammonia	TI.P4.D	Amazonian - Tres Irmas	14	14	Complete	Complete	True
cell_comparison	S67	0	M00175 | Nitrogen fixation, nitrogen -> ammonia	TI.P4.R	Amazonian - Tres Irmas	15	15	1 block missing	1 block missing	True
cell_comparison	S67	0	M00175 | Nitrogen fixation, nitrogen -> ammonia	VI.P1.D	Amazonian - Violao	16	16	1 block missing	1 block missing	True
cell_comparison	S67	0	M00175 | Nitrogen fixation, nitrogen -> ammonia	VI.P1.R	Amazonian - Violao	17	17	1 block missing	1 block missing	True
cell_comparison	S67	0	M00175 | Nitrogen fixation, nitrogen -> ammonia	VI.P2.D	Amazonian - Violao	18	18	1 block missing	1 block missing	True
cell_comparison	S67	0	M00175 | Nitrogen fixation, nitrogen -> ammonia	VI.P2.R	Amazonian - Violao	19	19	1 block missing	1 block missing	True
cell_comparison	S67	0	M00175 | Nitrogen fixation, nitrogen -> ammonia	Acid mine drainage 3300038494	Richmond-AMD	20	84	Incomplete	Incomplete	True
cell_comparison	S67	0	M00175 | Nitrogen fixation, nitrogen -> ammonia	Lab enriched acid 3300038413	Akron-AMD	21	29	Incomplete	Incomplete	True
cell_comparison	S67	0	M00175 | Nitrogen fixation, nitrogen -> ammonia	Acid mine drainage 3300008567	Richmond-AMD	22	68	Incomplete	Incomplete	True
cell_comparison	S67	0	M00175 | Nitrogen fixation, nitrogen -> ammonia	Acid mine drainage 3300030091	Richmond-AMD	23	64	Incomplete	Incomplete	True
cell_comparison	S67	0	M00175 | Nitrogen fixation, nitrogen -> ammonia	Hydrotherm Fe rich 3300023310	Hydrothermal-Fe-mats	24	34	Incomplete	Incomplete	True
cell_comparison	S67	0	M00175 | Nitrogen fixation, nitrogen -> ammonia	Metatransc of lab 3300046014	Akron-AMD	25	26	Incomplete	Incomplete	True
cell_comparison	S67	0	M00175 | Nitrogen fixation, nitrogen -> ammonia	Metatransc of lab 3300055056	Akron-AMD	26	20	Incomplete	Incomplete	True
cell_comparison	S67	0	M00175 | Nitrogen fixation, nitrogen -> ammonia	Freshwater sediment microbial 3300010391	Lake-Superior	27	49	Incomplete	Incomplete	True
cell_comparison	S67	0	M00175 | Nitrogen fixation, nitrogen -> ammonia	Freshwater sediment microbial 3300031898	Lake-Towuti	28	57	Incomplete	Incomplete	True
cell_comparison	S67	0	M00175 | Nitrogen fixation, nitrogen -> ammonia	Freshwater microbial communitie 3300024300	Lake-Matano	29	43	Incomplete	Incomplete	True
cell_comparison	S67	0	M00175 | Nitrogen fixation, nitrogen -> ammonia	Metatransc of lab 3300055061	Akron-AMD	30	22	Incomplete	Incomplete	True
cell_comparison	S67	0	M00175 | Nitrogen fixation, nitrogen -> ammonia	Hydrotherm Fe rich 3300023368	Hydrothermal-Fe-mats	31	37	Incomplete	Incomplete	True
cell_comparison	S67	0	M00175 | Nitrogen fixation, nitrogen -> ammonia	Acid mine drainage 3300038487	Richmond-AMD	32	63	Incomplete	Incomplete	True
cell_comparison	S67	0	M00175 | Nitrogen fixation, nitrogen -> ammonia	Freshwater sediment microbial 3300031593	Lake-Towuti	33	52	Incomplete	Incomplete	True
cell_comparison	S67	0	M00175 | Nitrogen fixation, nitrogen -> ammonia	Acid mine drainage 3300030082	Richmond-AMD	34	71	Incomplete	Incomplete	True
cell_comparison	S67	0	M00175 | Nitrogen fixation, nitrogen -> ammonia	Freshwater sediment microbial 3300031604	Lake-Towuti	35	50	Incomplete	Incomplete	True
cell_comparison	S67	0	M00175 | Nitrogen fixation, nitrogen -> ammonia	Freshwater sediment microbial 3300021518	Lake-Towuti	36	51	Incomplete	Incomplete	True
cell_comparison	S67	0	M00175 | Nitrogen fixation, nitrogen -> ammonia	Acid mine drainage 3300030398	Richmond-AMD	37	83	Incomplete	Incomplete	True
cell_comparison	S67	0	M00175 | Nitrogen fixation, nitrogen -> ammonia	Acid mine drainage 3300030242	Richmond-AMD	38	79	Incomplete	Incomplete	True
cell_comparison	S67	0	M00175 | Nitrogen fixation, nitrogen -> ammonia	Hydrotherm Fe rich 3300023439	Hydrothermal-Fe-mats	39	40	Incomplete	Incomplete	True
cell_comparison	S67	0	M00175 | Nitrogen fixation, nitrogen -> ammonia	Freshwater microbial communitie 3300024333	Lake-Matano	40	44	Incomplete	Incomplete	True
cell_comparison	S67	0	M00175 | Nitrogen fixation, nitrogen -> ammonia	Lab enriched sediment 3300039027	Burr-Oak-BO4	41	31	Incomplete	Incomplete	True
cell_comparison	S67	0	M00175 | Nitrogen fixation, nitrogen -> ammonia	Acid mine drainage 3300039205	Richmond-AMD	42	75	Incomplete	Incomplete	True
cell_comparison	S67	0	M00175 | Nitrogen fixation, nitrogen -> ammonia	Freshwater microbial communitie 3300043827	Lake-Matano	43	47	Incomplete	Incomplete	True
cell_comparison	S67	0	M00175 | Nitrogen fixation, nitrogen -> ammonia	Lab enriched acid 3300038471	Akron-AMD	44	24	Incomplete	Incomplete	True
cell_comparison	S67	0	M00175 | Nitrogen fixation, nitrogen -> ammonia	Acid mine drainage 3300030335	Richmond-AMD	45	65	Incomplete	Incomplete	True
cell_comparison	S67	0	M00175 | Nitrogen fixation, nitrogen -> ammonia	Freshwater microbial communitie 3300028737	Lake-Matano	46	46	Incomplete	Incomplete	True
cell_comparison	S67	0	M00175 | Nitrogen fixation, nitrogen -> ammonia	Lab enriched acid 3300038411	Akron-AMD	47	25	Incomplete	Incomplete	True
cell_comparison	S67	0	M00175 | Nitrogen fixation, nitrogen -> ammonia	Freshwater sediment microbial 3300031877	Lake-Towuti	48	53	Incomplete	Incomplete	True
cell_comparison	S67	0	M00175 | Nitrogen fixation, nitrogen -> ammonia	Acid mine drainage 3300038731	Richmond-AMD	49	62	Incomplete	Incomplete	True
cell_comparison	S67	0	M00175 | Nitrogen fixation, nitrogen -> ammonia	Acid mine drainage 3300038979	Richmond-AMD	50	73	Incomplete	Incomplete	True
cell_comparison	S67	0	M00175 | Nitrogen fixation, nitrogen -> ammonia	Hydrotherm Fe rich 3300023548	Hydrothermal-Fe-mats	51	41	Incomplete	Incomplete	True
cell_comparison	S67	0	M00175 | Nitrogen fixation, nitrogen -> ammonia	Metatransc of freshwater 3300061576	Lake-Superior	52	48	Incomplete	Incomplete	True
cell_comparison	S67	0	M00175 | Nitrogen fixation, nitrogen -> ammonia	Acid mine drainage 3300038486	Richmond-AMD	53	82	Incomplete	Incomplete	True
cell_comparison	S67	0	M00175 | Nitrogen fixation, nitrogen -> ammonia	Freshwater sediment microbial 3300031587	Lake-Towuti	54	59	Incomplete	Incomplete	True
cell_comparison	S67	0	M00175 | Nitrogen fixation, nitrogen -> ammonia	Acid Mine Drainage 3300005360	Richmond-AMD	55	74	Incomplete	Incomplete	True
cell_comparison	S67	0	M00175 | Nitrogen fixation, nitrogen -> ammonia	Acid mine drainage 3300008723	Richmond-AMD	56	67	Incomplete	Incomplete	True
cell_comparison	S67	0	M00175 | Nitrogen fixation, nitrogen -> ammonia	Acid mine drainage 3300038493	Richmond-AMD	57	81	Incomplete	Incomplete	True
cell_comparison	S67	0	M00175 | Nitrogen fixation, nitrogen -> ammonia	Freshwater sediment microbial 3300036045	Lake-Towuti	58	55	Incomplete	Incomplete	True
cell_comparison	S67	0	M00175 | Nitrogen fixation, nitrogen -> ammonia	Metatransc of lab 3300046013	Akron-AMD	59	28	Incomplete	Incomplete	True
cell_comparison	S67	0	M00175 | Nitrogen fixation, nitrogen -> ammonia	Acid mine drainage 3300038729	Richmond-AMD	60	72	Incomplete	Incomplete	True
cell_comparison	S67	0	M00175 | Nitrogen fixation, nitrogen -> ammonia	Acid mine drainage 3300030413	Richmond-AMD	61	85	Incomplete	Incomplete	True
cell_comparison	S67	0	M00175 | Nitrogen fixation, nitrogen -> ammonia	Lab enriched acid 3300038412	Akron-AMD	62	27	Incomplete	Incomplete	True
cell_comparison	S67	0	M00175 | Nitrogen fixation, nitrogen -> ammonia	Freshwater sediment microbial 3300031806	Lake-Towuti	63	60	Incomplete	Incomplete	True
cell_comparison	S67	0	M00175 | Nitrogen fixation, nitrogen -> ammonia	Metatransc of lab 3300055057	Akron-AMD	64	30	Incomplete	Incomplete	True
cell_comparison	S67	0	M00175 | Nitrogen fixation, nitrogen -> ammonia	Hydrotherm Fe rich 3300023440	Hydrothermal-Fe-mats	65	39	Incomplete	Incomplete	True
cell_comparison	S67	0	M00175 | Nitrogen fixation, nitrogen -> ammonia	Lab enriched sediment 3300039028	Burr-Oak-BO4	66	32	Incomplete	Incomplete	True
cell_comparison	S67	0	M00175 | Nitrogen fixation, nitrogen -> ammonia	Acid mine drainage 3300008566	Richmond-AMD	67	77	Incomplete	Incomplete	True
cell_comparison	S67	0	M00175 | Nitrogen fixation, nitrogen -> ammonia	Freshwater microbial communitie 3300024341	Lake-Matano	68	45	Incomplete	Incomplete	True
cell_comparison	S67	0	M00175 | Nitrogen fixation, nitrogen -> ammonia	Freshwater sediment microbial 3300021517	Lake-Towuti	69	56	Incomplete	Incomplete	True
cell_comparison	S67	0	M00175 | Nitrogen fixation, nitrogen -> ammonia	Metatransc of lab 3300055062	Akron-AMD	70	21	Incomplete	Incomplete	True
cell_comparison	S67	0	M00175 | Nitrogen fixation, nitrogen -> ammonia	Hydrotherm Fe rich 3300023442	Hydrothermal-Fe-mats	71	35	Incomplete	Incomplete	True
cell_comparison	S67	0	M00175 | Nitrogen fixation, nitrogen -> ammonia	Freshwater sediment microbial 3300036046	Lake-Towuti	72	54	Incomplete	Incomplete	True
cell_comparison	S67	0	M00175 | Nitrogen fixation, nitrogen -> ammonia	Hydrotherm Fe rich 3300023313	Hydrothermal-Fe-mats	73	36	Incomplete	Incomplete	True
cell_comparison	S67	0	M00175 | Nitrogen fixation, nitrogen -> ammonia	Acid mine drainage 3300039211	Richmond-AMD	74	80	Incomplete	Incomplete	True
cell_comparison	S67	0	M00175 | Nitrogen fixation, nitrogen -> ammonia	Acid mine drainage 3300008721	Richmond-AMD	75	78	Incomplete	Incomplete	True
cell_comparison	S67	0	M00175 | Nitrogen fixation, nitrogen -> ammonia	Pink biofilm microbial 3300003104	Richmond-AMD	76	69	Incomplete	Incomplete	True
cell_comparison	S67	0	M00175 | Nitrogen fixation, nitrogen -> ammonia	Acid mine drainage 3300038681	Richmond-AMD	77	86	Incomplete	Incomplete	True
cell_comparison	S67	0	M00175 | Nitrogen fixation, nitrogen -> ammonia	Acid mine drainage 3300030228	Richmond-AMD	78	70	Incomplete	Incomplete	True
cell_comparison	S67	0	M00175 | Nitrogen fixation, nitrogen -> ammonia	Metatransc of lab 3300055069	Akron-AMD	79	23	Incomplete	Incomplete	True
cell_comparison	S67	0	M00175 | Nitrogen fixation, nitrogen -> ammonia	Acid Mine Drainage 2010484004	Richmond-AMD	80	66	Incomplete	Incomplete	True
cell_comparison	S67	0	M00175 | Nitrogen fixation, nitrogen -> ammonia	Hydrotherm Fe rich 3300023307	Hydrothermal-Fe-mats	81	33	Incomplete	Incomplete	True
cell_comparison	S67	0	M00175 | Nitrogen fixation, nitrogen -> ammonia	Freshwater sediment microbial 3300031876	Lake-Towuti	82	58	Incomplete	Incomplete	True
cell_comparison	S67	0	M00175 | Nitrogen fixation, nitrogen -> ammonia	Freshwater microbial communitie 3300023177	Lake-Matano	83	42	Incomplete	Incomplete	True
cell_comparison	S67	0	M00175 | Nitrogen fixation, nitrogen -> ammonia	Biofilm microbial communitie 3300021476	Other-Fe	84	61	Incomplete	Incomplete	True
cell_comparison	S67	0	M00175 | Nitrogen fixation, nitrogen -> ammonia	Acid Mine Drainage 3300003083	Richmond-AMD	85	76	Incomplete	Incomplete	True
cell_comparison	S67	0	M00175 | Nitrogen fixation, nitrogen -> ammonia	Hydrotherm Fe rich 3300023444	Hydrothermal-Fe-mats	86	38	Incomplete	Incomplete	True
cell_comparison	S67	1	M00528 | Nitrification, ammonia -> nitrite	AM.P1.D	Amazonian - Amendoim	0	0	Incomplete	Incomplete	True
cell_comparison	S67	1	M00528 | Nitrification, ammonia -> nitrite	AM.P1.R	Amazonian - Amendoim	1	1	Incomplete	Incomplete	True
cell_comparison	S67	1	M00528 | Nitrification, ammonia -> nitrite	AM.P2.D	Amazonian - Amendoim	2	2	Incomplete	Incomplete	True
cell_comparison	S67	1	M00528 | Nitrification, ammonia -> nitrite	AM.P2.R	Amazonian - Amendoim	3	3	Incomplete	Incomplete	True
cell_comparison	S67	1	M00528 | Nitrification, ammonia -> nitrite	TIA.P1.D	Amazonian - Tres Irmas Adjacent	4	4	Incomplete	Incomplete	True
cell_comparison	S67	1	M00528 | Nitrification, ammonia -> nitrite	TIA.P1.R	Amazonian - Tres Irmas Adjacent	5	5	Incomplete	Incomplete	True
cell_comparison	S67	1	M00528 | Nitrification, ammonia -> nitrite	TIA.P2.D	Amazonian - Tres Irmas Adjacent	6	6	Incomplete	Incomplete	True
cell_comparison	S67	1	M00528 | Nitrification, ammonia -> nitrite	TIA.P2.R	Amazonian - Tres Irmas Adjacent	7	7	Incomplete	Incomplete	True
cell_comparison	S67	1	M00528 | Nitrification, ammonia -> nitrite	TI.P1.D	Amazonian - Tres Irmas	8	8	Incomplete	Incomplete	True
cell_comparison	S67	1	M00528 | Nitrification, ammonia -> nitrite	TI.P1.R	Amazonian - Tres Irmas	9	9	Incomplete	Incomplete	True
cell_comparison	S67	1	M00528 | Nitrification, ammonia -> nitrite	TI.P2.D	Amazonian - Tres Irmas	10	10	Incomplete	Incomplete	True
cell_comparison	S67	1	M00528 | Nitrification, ammonia -> nitrite	TI.P2.R	Amazonian - Tres Irmas	11	11	Incomplete	Incomplete	True
cell_comparison	S67	1	M00528 | Nitrification, ammonia -> nitrite	TI.P3.D	Amazonian - Tres Irmas	12	12	Incomplete	Incomplete	True
cell_comparison	S67	1	M00528 | Nitrification, ammonia -> nitrite	TI.P3.R	Amazonian - Tres Irmas	13	13	Incomplete	Incomplete	True
cell_comparison	S67	1	M00528 | Nitrification, ammonia -> nitrite	TI.P4.D	Amazonian - Tres Irmas	14	14	Incomplete	Incomplete	True
cell_comparison	S67	1	M00528 | Nitrification, ammonia -> nitrite	TI.P4.R	Amazonian - Tres Irmas	15	15	Incomplete	Incomplete	True
cell_comparison	S67	1	M00528 | Nitrification, ammonia -> nitrite	VI.P1.D	Amazonian - Violao	16	16	Incomplete	Incomplete	True
cell_comparison	S67	1	M00528 | Nitrification, ammonia -> nitrite	VI.P1.R	Amazonian - Violao	17	17	Incomplete	Incomplete	True
cell_comparison	S67	1	M00528 | Nitrification, ammonia -> nitrite	VI.P2.D	Amazonian - Violao	18	18	Incomplete	Incomplete	True
cell_comparison	S67	1	M00528 | Nitrification, ammonia -> nitrite	VI.P2.R	Amazonian - Violao	19	19	Incomplete	Incomplete	True
cell_comparison	S67	1	M00528 | Nitrification, ammonia -> nitrite	Acid mine drainage 3300038494	Richmond-AMD	20	84	Incomplete	Incomplete	True
cell_comparison	S67	1	M00528 | Nitrification, ammonia -> nitrite	Lab enriched acid 3300038413	Akron-AMD	21	29	Complete	Complete	True
cell_comparison	S67	1	M00528 | Nitrification, ammonia -> nitrite	Acid mine drainage 3300008567	Richmond-AMD	22	68	Incomplete	Incomplete	True
cell_comparison	S67	1	M00528 | Nitrification, ammonia -> nitrite	Acid mine drainage 3300030091	Richmond-AMD	23	64	Incomplete	Incomplete	True
cell_comparison	S67	1	M00528 | Nitrification, ammonia -> nitrite	Hydrotherm Fe rich 3300023310	Hydrothermal-Fe-mats	24	34	1 block missing	1 block missing	True
cell_comparison	S67	1	M00528 | Nitrification, ammonia -> nitrite	Metatransc of lab 3300046014	Akron-AMD	25	26	Complete	Complete	True
cell_comparison	S67	1	M00528 | Nitrification, ammonia -> nitrite	Metatransc of lab 3300055056	Akron-AMD	26	20	1 block missing	1 block missing	True
cell_comparison	S67	1	M00528 | Nitrification, ammonia -> nitrite	Freshwater sediment microbial 3300010391	Lake-Superior	27	49	Complete	Complete	True
cell_comparison	S67	1	M00528 | Nitrification, ammonia -> nitrite	Freshwater sediment microbial 3300031898	Lake-Towuti	28	57	Incomplete	Incomplete	True
cell_comparison	S67	1	M00528 | Nitrification, ammonia -> nitrite	Freshwater microbial communitie 3300024300	Lake-Matano	29	43	Complete	Complete	True
cell_comparison	S67	1	M00528 | Nitrification, ammonia -> nitrite	Metatransc of lab 3300055061	Akron-AMD	30	22	1 block missing	1 block missing	True
cell_comparison	S67	1	M00528 | Nitrification, ammonia -> nitrite	Hydrotherm Fe rich 3300023368	Hydrothermal-Fe-mats	31	37	Complete	Complete	True
cell_comparison	S67	1	M00528 | Nitrification, ammonia -> nitrite	Acid mine drainage 3300038487	Richmond-AMD	32	63	Incomplete	Incomplete	True
cell_comparison	S67	1	M00528 | Nitrification, ammonia -> nitrite	Freshwater sediment microbial 3300031593	Lake-Towuti	33	52	Incomplete	Incomplete	True
cell_comparison	S67	1	M00528 | Nitrification, ammonia -> nitrite	Acid mine drainage 3300030082	Richmond-AMD	34	71	Incomplete	Incomplete	True
cell_comparison	S67	1	M00528 | Nitrification, ammonia -> nitrite	Freshwater sediment microbial 3300031604	Lake-Towuti	35	50	Incomplete	Incomplete	True
cell_comparison	S67	1	M00528 | Nitrification, ammonia -> nitrite	Freshwater sediment microbial 3300021518	Lake-Towuti	36	51	Incomplete	Incomplete	True
cell_comparison	S67	1	M00528 | Nitrification, ammonia -> nitrite	Acid mine drainage 3300030398	Richmond-AMD	37	83	Incomplete	Incomplete	True
cell_comparison	S67	1	M00528 | Nitrification, ammonia -> nitrite	Acid mine drainage 3300030242	Richmond-AMD	38	79	Incomplete	Incomplete	True
cell_comparison	S67	1	M00528 | Nitrification, ammonia -> nitrite	Hydrotherm Fe rich 3300023439	Hydrothermal-Fe-mats	39	40	Complete	Complete	True
cell_comparison	S67	1	M00528 | Nitrification, ammonia -> nitrite	Freshwater microbial communitie 3300024333	Lake-Matano	40	44	Complete	Complete	True
cell_comparison	S67	1	M00528 | Nitrification, ammonia -> nitrite	Lab enriched sediment 3300039027	Burr-Oak-BO4	41	31	1 block missing	1 block missing	True
cell_comparison	S67	1	M00528 | Nitrification, ammonia -> nitrite	Acid mine drainage 3300039205	Richmond-AMD	42	75	Incomplete	Incomplete	True
cell_comparison	S67	1	M00528 | Nitrification, ammonia -> nitrite	Freshwater microbial communitie 3300043827	Lake-Matano	43	47	1 block missing	1 block missing	True
cell_comparison	S67	1	M00528 | Nitrification, ammonia -> nitrite	Lab enriched acid 3300038471	Akron-AMD	44	24	Complete	Complete	True
cell_comparison	S67	1	M00528 | Nitrification, ammonia -> nitrite	Acid mine drainage 3300030335	Richmond-AMD	45	65	Incomplete	Incomplete	True
cell_comparison	S67	1	M00528 | Nitrification, ammonia -> nitrite	Freshwater microbial communitie 3300028737	Lake-Matano	46	46	Complete	Complete	True
cell_comparison	S67	1	M00528 | Nitrification, ammonia -> nitrite	Lab enriched acid 3300038411	Akron-AMD	47	25	Complete	Complete	True
cell_comparison	S67	1	M00528 | Nitrification, ammonia -> nitrite	Freshwater sediment microbial 3300031877	Lake-Towuti	48	53	Incomplete	Incomplete	True
cell_comparison	S67	1	M00528 | Nitrification, ammonia -> nitrite	Acid mine drainage 3300038731	Richmond-AMD	49	62	Incomplete	Incomplete	True
cell_comparison	S67	1	M00528 | Nitrification, ammonia -> nitrite	Acid mine drainage 3300038979	Richmond-AMD	50	73	Incomplete	Incomplete	True
cell_comparison	S67	1	M00528 | Nitrification, ammonia -> nitrite	Hydrotherm Fe rich 3300023548	Hydrothermal-Fe-mats	51	41	1 block missing	1 block missing	True
cell_comparison	S67	1	M00528 | Nitrification, ammonia -> nitrite	Metatransc of freshwater 3300061576	Lake-Superior	52	48	Complete	Complete	True
cell_comparison	S67	1	M00528 | Nitrification, ammonia -> nitrite	Acid mine drainage 3300038486	Richmond-AMD	53	82	Incomplete	Incomplete	True
cell_comparison	S67	1	M00528 | Nitrification, ammonia -> nitrite	Freshwater sediment microbial 3300031587	Lake-Towuti	54	59	Incomplete	Incomplete	True
cell_comparison	S67	1	M00528 | Nitrification, ammonia -> nitrite	Acid Mine Drainage 3300005360	Richmond-AMD	55	74	Incomplete	Incomplete	True
cell_comparison	S67	1	M00528 | Nitrification, ammonia -> nitrite	Acid mine drainage 3300008723	Richmond-AMD	56	67	Incomplete	Incomplete	True
cell_comparison	S67	1	M00528 | Nitrification, ammonia -> nitrite	Acid mine drainage 3300038493	Richmond-AMD	57	81	Incomplete	Incomplete	True
cell_comparison	S67	1	M00528 | Nitrification, ammonia -> nitrite	Freshwater sediment microbial 3300036045	Lake-Towuti	58	55	Complete	Complete	True
cell_comparison	S67	1	M00528 | Nitrification, ammonia -> nitrite	Metatransc of lab 3300046013	Akron-AMD	59	28	1 block missing	1 block missing	True
cell_comparison	S67	1	M00528 | Nitrification, ammonia -> nitrite	Acid mine drainage 3300038729	Richmond-AMD	60	72	Incomplete	Incomplete	True
cell_comparison	S67	1	M00528 | Nitrification, ammonia -> nitrite	Acid mine drainage 3300030413	Richmond-AMD	61	85	Incomplete	Incomplete	True
cell_comparison	S67	1	M00528 | Nitrification, ammonia -> nitrite	Lab enriched acid 3300038412	Akron-AMD	62	27	Complete	Complete	True
cell_comparison	S67	1	M00528 | Nitrification, ammonia -> nitrite	Freshwater sediment microbial 3300031806	Lake-Towuti	63	60	Incomplete	Incomplete	True
cell_comparison	S67	1	M00528 | Nitrification, ammonia -> nitrite	Metatransc of lab 3300055057	Akron-AMD	64	30	1 block missing	1 block missing	True
cell_comparison	S67	1	M00528 | Nitrification, ammonia -> nitrite	Hydrotherm Fe rich 3300023440	Hydrothermal-Fe-mats	65	39	Complete	Complete	True
cell_comparison	S67	1	M00528 | Nitrification, ammonia -> nitrite	Lab enriched sediment 3300039028	Burr-Oak-BO4	66	32	1 block missing	1 block missing	True
cell_comparison	S67	1	M00528 | Nitrification, ammonia -> nitrite	Acid mine drainage 3300008566	Richmond-AMD	67	77	Incomplete	Incomplete	True
cell_comparison	S67	1	M00528 | Nitrification, ammonia -> nitrite	Freshwater microbial communitie 3300024341	Lake-Matano	68	45	Complete	Complete	True
cell_comparison	S67	1	M00528 | Nitrification, ammonia -> nitrite	Freshwater sediment microbial 3300021517	Lake-Towuti	69	56	Incomplete	Incomplete	True
cell_comparison	S67	1	M00528 | Nitrification, ammonia -> nitrite	Metatransc of lab 3300055062	Akron-AMD	70	21	Incomplete	Incomplete	True
cell_comparison	S67	1	M00528 | Nitrification, ammonia -> nitrite	Hydrotherm Fe rich 3300023442	Hydrothermal-Fe-mats	71	35	Complete	Complete	True
cell_comparison	S67	1	M00528 | Nitrification, ammonia -> nitrite	Freshwater sediment microbial 3300036046	Lake-Towuti	72	54	Complete	Complete	True
cell_comparison	S67	1	M00528 | Nitrification, ammonia -> nitrite	Hydrotherm Fe rich 3300023313	Hydrothermal-Fe-mats	73	36	Complete	Complete	True
cell_comparison	S67	1	M00528 | Nitrification, ammonia -> nitrite	Acid mine drainage 3300039211	Richmond-AMD	74	80	Incomplete	Incomplete	True
cell_comparison	S67	1	M00528 | Nitrification, ammonia -> nitrite	Acid mine drainage 3300008721	Richmond-AMD	75	78	Incomplete	Incomplete	True
cell_comparison	S67	1	M00528 | Nitrification, ammonia -> nitrite	Pink biofilm microbial 3300003104	Richmond-AMD	76	69	Incomplete	Incomplete	True
cell_comparison	S67	1	M00528 | Nitrification, ammonia -> nitrite	Acid mine drainage 3300038681	Richmond-AMD	77	86	Incomplete	Incomplete	True
cell_comparison	S67	1	M00528 | Nitrification, ammonia -> nitrite	Acid mine drainage 3300030228	Richmond-AMD	78	70	Incomplete	Incomplete	True
cell_comparison	S67	1	M00528 | Nitrification, ammonia -> nitrite	Metatransc of lab 3300055069	Akron-AMD	79	23	Complete	Complete	True
cell_comparison	S67	1	M00528 | Nitrification, ammonia -> nitrite	Acid Mine Drainage 2010484004	Richmond-AMD	80	66	Incomplete	Incomplete	True
cell_comparison	S67	1	M00528 | Nitrification, ammonia -> nitrite	Hydrotherm Fe rich 3300023307	Hydrothermal-Fe-mats	81	33	1 block missing	1 block missing	True
cell_comparison	S67	1	M00528 | Nitrification, ammonia -> nitrite	Freshwater sediment microbial 3300031876	Lake-Towuti	82	58	Incomplete	Incomplete	True
cell_comparison	S67	1	M00528 | Nitrification, ammonia -> nitrite	Freshwater microbial communitie 3300023177	Lake-Matano	83	42	Complete	Complete	True
cell_comparison	S67	1	M00528 | Nitrification, ammonia -> nitrite	Biofilm microbial communitie 3300021476	Other-Fe	84	61	1 block missing	1 block missing	True
cell_comparison	S67	1	M00528 | Nitrification, ammonia -> nitrite	Acid Mine Drainage 3300003083	Richmond-AMD	85	76	Incomplete	Incomplete	True
cell_comparison	S67	1	M00528 | Nitrification, ammonia -> nitrite	Hydrotherm Fe rich 3300023444	Hydrothermal-Fe-mats	86	38	Complete	Complete	True
cell_comparison	S67	2	M00529 | Denitrification, nitrate -> nitrogen	AM.P1.D	Amazonian - Amendoim	0	0	Incomplete	Incomplete	True
cell_comparison	S67	2	M00529 | Denitrification, nitrate -> nitrogen	AM.P1.R	Amazonian - Amendoim	1	1	Incomplete	Incomplete	True
cell_comparison	S67	2	M00529 | Denitrification, nitrate -> nitrogen	AM.P2.D	Amazonian - Amendoim	2	2	Incomplete	Incomplete	True
cell_comparison	S67	2	M00529 | Denitrification, nitrate -> nitrogen	AM.P2.R	Amazonian - Amendoim	3	3	Incomplete	Incomplete	True
cell_comparison	S67	2	M00529 | Denitrification, nitrate -> nitrogen	TIA.P1.D	Amazonian - Tres Irmas Adjacent	4	4	Incomplete	Incomplete	True
cell_comparison	S67	2	M00529 | Denitrification, nitrate -> nitrogen	TIA.P1.R	Amazonian - Tres Irmas Adjacent	5	5	Incomplete	Incomplete	True
cell_comparison	S67	2	M00529 | Denitrification, nitrate -> nitrogen	TIA.P2.D	Amazonian - Tres Irmas Adjacent	6	6	Incomplete	Incomplete	True
cell_comparison	S67	2	M00529 | Denitrification, nitrate -> nitrogen	TIA.P2.R	Amazonian - Tres Irmas Adjacent	7	7	Incomplete	Incomplete	True
cell_comparison	S67	2	M00529 | Denitrification, nitrate -> nitrogen	TI.P1.D	Amazonian - Tres Irmas	8	8	Incomplete	Incomplete	True
cell_comparison	S67	2	M00529 | Denitrification, nitrate -> nitrogen	TI.P1.R	Amazonian - Tres Irmas	9	9	Incomplete	Incomplete	True
cell_comparison	S67	2	M00529 | Denitrification, nitrate -> nitrogen	TI.P2.D	Amazonian - Tres Irmas	10	10	Incomplete	Incomplete	True
cell_comparison	S67	2	M00529 | Denitrification, nitrate -> nitrogen	TI.P2.R	Amazonian - Tres Irmas	11	11	Incomplete	Incomplete	True
cell_comparison	S67	2	M00529 | Denitrification, nitrate -> nitrogen	TI.P3.D	Amazonian - Tres Irmas	12	12	Incomplete	Incomplete	True
cell_comparison	S67	2	M00529 | Denitrification, nitrate -> nitrogen	TI.P3.R	Amazonian - Tres Irmas	13	13	Incomplete	Incomplete	True
cell_comparison	S67	2	M00529 | Denitrification, nitrate -> nitrogen	TI.P4.D	Amazonian - Tres Irmas	14	14	Incomplete	Incomplete	True
cell_comparison	S67	2	M00529 | Denitrification, nitrate -> nitrogen	TI.P4.R	Amazonian - Tres Irmas	15	15	Incomplete	Incomplete	True
cell_comparison	S67	2	M00529 | Denitrification, nitrate -> nitrogen	VI.P1.D	Amazonian - Violao	16	16	Incomplete	Incomplete	True
cell_comparison	S67	2	M00529 | Denitrification, nitrate -> nitrogen	VI.P1.R	Amazonian - Violao	17	17	Incomplete	Incomplete	True
cell_comparison	S67	2	M00529 | Denitrification, nitrate -> nitrogen	VI.P2.D	Amazonian - Violao	18	18	Incomplete	Incomplete	True
cell_comparison	S67	2	M00529 | Denitrification, nitrate -> nitrogen	VI.P2.R	Amazonian - Violao	19	19	Incomplete	Incomplete	True
cell_comparison	S67	2	M00529 | Denitrification, nitrate -> nitrogen	Acid mine drainage 3300038494	Richmond-AMD	20	84	Incomplete	Incomplete	True
cell_comparison	S67	2	M00529 | Denitrification, nitrate -> nitrogen	Lab enriched acid 3300038413	Akron-AMD	21	29	Complete	Complete	True
cell_comparison	S67	2	M00529 | Denitrification, nitrate -> nitrogen	Acid mine drainage 3300008567	Richmond-AMD	22	68	Incomplete	Incomplete	True
cell_comparison	S67	2	M00529 | Denitrification, nitrate -> nitrogen	Acid mine drainage 3300030091	Richmond-AMD	23	64	Incomplete	Incomplete	True
cell_comparison	S67	2	M00529 | Denitrification, nitrate -> nitrogen	Hydrotherm Fe rich 3300023310	Hydrothermal-Fe-mats	24	34	Complete	Complete	True
cell_comparison	S67	2	M00529 | Denitrification, nitrate -> nitrogen	Metatransc of lab 3300046014	Akron-AMD	25	26	Incomplete	Incomplete	True
cell_comparison	S67	2	M00529 | Denitrification, nitrate -> nitrogen	Metatransc of lab 3300055056	Akron-AMD	26	20	Incomplete	Incomplete	True
cell_comparison	S67	2	M00529 | Denitrification, nitrate -> nitrogen	Freshwater sediment microbial 3300010391	Lake-Superior	27	49	Complete	Complete	True
cell_comparison	S67	2	M00529 | Denitrification, nitrate -> nitrogen	Freshwater sediment microbial 3300031898	Lake-Towuti	28	57	1 block missing	1 block missing	True
cell_comparison	S67	2	M00529 | Denitrification, nitrate -> nitrogen	Freshwater microbial communitie 3300024300	Lake-Matano	29	43	Complete	Complete	True
cell_comparison	S67	2	M00529 | Denitrification, nitrate -> nitrogen	Metatransc of lab 3300055061	Akron-AMD	30	22	Incomplete	Incomplete	True
cell_comparison	S67	2	M00529 | Denitrification, nitrate -> nitrogen	Hydrotherm Fe rich 3300023368	Hydrothermal-Fe-mats	31	37	Complete	Complete	True
cell_comparison	S67	2	M00529 | Denitrification, nitrate -> nitrogen	Acid mine drainage 3300038487	Richmond-AMD	32	63	Incomplete	Incomplete	True
cell_comparison	S67	2	M00529 | Denitrification, nitrate -> nitrogen	Freshwater sediment microbial 3300031593	Lake-Towuti	33	52	Incomplete	Incomplete	True
cell_comparison	S67	2	M00529 | Denitrification, nitrate -> nitrogen	Acid mine drainage 3300030082	Richmond-AMD	34	71	Incomplete	Incomplete	True
cell_comparison	S67	2	M00529 | Denitrification, nitrate -> nitrogen	Freshwater sediment microbial 3300031604	Lake-Towuti	35	50	Incomplete	Incomplete	True
cell_comparison	S67	2	M00529 | Denitrification, nitrate -> nitrogen	Freshwater sediment microbial 3300021518	Lake-Towuti	36	51	Complete	Complete	True
cell_comparison	S67	2	M00529 | Denitrification, nitrate -> nitrogen	Acid mine drainage 3300030398	Richmond-AMD	37	83	Incomplete	Incomplete	True
cell_comparison	S67	2	M00529 | Denitrification, nitrate -> nitrogen	Acid mine drainage 3300030242	Richmond-AMD	38	79	Incomplete	Incomplete	True
cell_comparison	S67	2	M00529 | Denitrification, nitrate -> nitrogen	Hydrotherm Fe rich 3300023439	Hydrothermal-Fe-mats	39	40	Complete	Complete	True
cell_comparison	S67	2	M00529 | Denitrification, nitrate -> nitrogen	Freshwater microbial communitie 3300024333	Lake-Matano	40	44	Complete	Complete	True
cell_comparison	S67	2	M00529 | Denitrification, nitrate -> nitrogen	Lab enriched sediment 3300039027	Burr-Oak-BO4	41	31	1 block missing	1 block missing	True
cell_comparison	S67	2	M00529 | Denitrification, nitrate -> nitrogen	Acid mine drainage 3300039205	Richmond-AMD	42	75	Incomplete	Incomplete	True
cell_comparison	S67	2	M00529 | Denitrification, nitrate -> nitrogen	Freshwater microbial communitie 3300043827	Lake-Matano	43	47	Incomplete	Incomplete	True
cell_comparison	S67	2	M00529 | Denitrification, nitrate -> nitrogen	Lab enriched acid 3300038471	Akron-AMD	44	24	Complete	Complete	True
cell_comparison	S67	2	M00529 | Denitrification, nitrate -> nitrogen	Acid mine drainage 3300030335	Richmond-AMD	45	65	Incomplete	Incomplete	True
cell_comparison	S67	2	M00529 | Denitrification, nitrate -> nitrogen	Freshwater microbial communitie 3300028737	Lake-Matano	46	46	Complete	Complete	True
cell_comparison	S67	2	M00529 | Denitrification, nitrate -> nitrogen	Lab enriched acid 3300038411	Akron-AMD	47	25	Complete	Complete	True
cell_comparison	S67	2	M00529 | Denitrification, nitrate -> nitrogen	Freshwater sediment microbial 3300031877	Lake-Towuti	48	53	Incomplete	Incomplete	True
cell_comparison	S67	2	M00529 | Denitrification, nitrate -> nitrogen	Acid mine drainage 3300038731	Richmond-AMD	49	62	Incomplete	Incomplete	True
cell_comparison	S67	2	M00529 | Denitrification, nitrate -> nitrogen	Acid mine drainage 3300038979	Richmond-AMD	50	73	Incomplete	Incomplete	True
cell_comparison	S67	2	M00529 | Denitrification, nitrate -> nitrogen	Hydrotherm Fe rich 3300023548	Hydrothermal-Fe-mats	51	41	Complete	Complete	True
cell_comparison	S67	2	M00529 | Denitrification, nitrate -> nitrogen	Metatransc of freshwater 3300061576	Lake-Superior	52	48	Incomplete	Incomplete	True
cell_comparison	S67	2	M00529 | Denitrification, nitrate -> nitrogen	Acid mine drainage 3300038486	Richmond-AMD	53	82	Incomplete	Incomplete	True
cell_comparison	S67	2	M00529 | Denitrification, nitrate -> nitrogen	Freshwater sediment microbial 3300031587	Lake-Towuti	54	59	Incomplete	Incomplete	True
cell_comparison	S67	2	M00529 | Denitrification, nitrate -> nitrogen	Acid Mine Drainage 3300005360	Richmond-AMD	55	74	Incomplete	Incomplete	True
cell_comparison	S67	2	M00529 | Denitrification, nitrate -> nitrogen	Acid mine drainage 3300008723	Richmond-AMD	56	67	Incomplete	Incomplete	True
cell_comparison	S67	2	M00529 | Denitrification, nitrate -> nitrogen	Acid mine drainage 3300038493	Richmond-AMD	57	81	Incomplete	Incomplete	True
cell_comparison	S67	2	M00529 | Denitrification, nitrate -> nitrogen	Freshwater sediment microbial 3300036045	Lake-Towuti	58	55	Complete	Complete	True
cell_comparison	S67	2	M00529 | Denitrification, nitrate -> nitrogen	Metatransc of lab 3300046013	Akron-AMD	59	28	Incomplete	Incomplete	True
cell_comparison	S67	2	M00529 | Denitrification, nitrate -> nitrogen	Acid mine drainage 3300038729	Richmond-AMD	60	72	Incomplete	Incomplete	True
cell_comparison	S67	2	M00529 | Denitrification, nitrate -> nitrogen	Acid mine drainage 3300030413	Richmond-AMD	61	85	Incomplete	Incomplete	True
cell_comparison	S67	2	M00529 | Denitrification, nitrate -> nitrogen	Lab enriched acid 3300038412	Akron-AMD	62	27	Complete	Complete	True
cell_comparison	S67	2	M00529 | Denitrification, nitrate -> nitrogen	Freshwater sediment microbial 3300031806	Lake-Towuti	63	60	Incomplete	Incomplete	True
cell_comparison	S67	2	M00529 | Denitrification, nitrate -> nitrogen	Metatransc of lab 3300055057	Akron-AMD	64	30	Incomplete	Incomplete	True
cell_comparison	S67	2	M00529 | Denitrification, nitrate -> nitrogen	Hydrotherm Fe rich 3300023440	Hydrothermal-Fe-mats	65	39	Complete	Complete	True
cell_comparison	S67	2	M00529 | Denitrification, nitrate -> nitrogen	Lab enriched sediment 3300039028	Burr-Oak-BO4	66	32	Complete	Complete	True
cell_comparison	S67	2	M00529 | Denitrification, nitrate -> nitrogen	Acid mine drainage 3300008566	Richmond-AMD	67	77	Incomplete	Incomplete	True
cell_comparison	S67	2	M00529 | Denitrification, nitrate -> nitrogen	Freshwater microbial communitie 3300024341	Lake-Matano	68	45	Complete	Complete	True
cell_comparison	S67	2	M00529 | Denitrification, nitrate -> nitrogen	Freshwater sediment microbial 3300021517	Lake-Towuti	69	56	Complete	Complete	True
cell_comparison	S67	2	M00529 | Denitrification, nitrate -> nitrogen	Metatransc of lab 3300055062	Akron-AMD	70	21	Incomplete	Incomplete	True
cell_comparison	S67	2	M00529 | Denitrification, nitrate -> nitrogen	Hydrotherm Fe rich 3300023442	Hydrothermal-Fe-mats	71	35	Complete	Complete	True
cell_comparison	S67	2	M00529 | Denitrification, nitrate -> nitrogen	Freshwater sediment microbial 3300036046	Lake-Towuti	72	54	Complete	Complete	True
cell_comparison	S67	2	M00529 | Denitrification, nitrate -> nitrogen	Hydrotherm Fe rich 3300023313	Hydrothermal-Fe-mats	73	36	Complete	Complete	True
cell_comparison	S67	2	M00529 | Denitrification, nitrate -> nitrogen	Acid mine drainage 3300039211	Richmond-AMD	74	80	Incomplete	Incomplete	True
cell_comparison	S67	2	M00529 | Denitrification, nitrate -> nitrogen	Acid mine drainage 3300008721	Richmond-AMD	75	78	Incomplete	Incomplete	True
cell_comparison	S67	2	M00529 | Denitrification, nitrate -> nitrogen	Pink biofilm microbial 3300003104	Richmond-AMD	76	69	Incomplete	Incomplete	True
cell_comparison	S67	2	M00529 | Denitrification, nitrate -> nitrogen	Acid mine drainage 3300038681	Richmond-AMD	77	86	Incomplete	Incomplete	True
cell_comparison	S67	2	M00529 | Denitrification, nitrate -> nitrogen	Acid mine drainage 3300030228	Richmond-AMD	78	70	Incomplete	Incomplete	True
cell_comparison	S67	2	M00529 | Denitrification, nitrate -> nitrogen	Metatransc of lab 3300055069	Akron-AMD	79	23	Incomplete	Incomplete	True
cell_comparison	S67	2	M00529 | Denitrification, nitrate -> nitrogen	Acid Mine Drainage 2010484004	Richmond-AMD	80	66	Incomplete	Incomplete	True
cell_comparison	S67	2	M00529 | Denitrification, nitrate -> nitrogen	Hydrotherm Fe rich 3300023307	Hydrothermal-Fe-mats	81	33	Incomplete	Incomplete	True
cell_comparison	S67	2	M00529 | Denitrification, nitrate -> nitrogen	Freshwater sediment microbial 3300031876	Lake-Towuti	82	58	Incomplete	Incomplete	True
cell_comparison	S67	2	M00529 | Denitrification, nitrate -> nitrogen	Freshwater microbial communitie 3300023177	Lake-Matano	83	42	Complete	Complete	True
cell_comparison	S67	2	M00529 | Denitrification, nitrate -> nitrogen	Biofilm microbial communitie 3300021476	Other-Fe	84	61	Complete	Complete	True
cell_comparison	S67	2	M00529 | Denitrification, nitrate -> nitrogen	Acid Mine Drainage 3300003083	Richmond-AMD	85	76	Incomplete	Incomplete	True
cell_comparison	S67	2	M00529 | Denitrification, nitrate -> nitrogen	Hydrotherm Fe rich 3300023444	Hydrothermal-Fe-mats	86	38	Complete	Complete	True
cell_comparison	S67	3	M00530 | Dissimilatory nitrate reduction, nitrate -> ammonia	AM.P1.D	Amazonian - Amendoim	0	0	Complete	Complete	True
cell_comparison	S67	3	M00530 | Dissimilatory nitrate reduction, nitrate -> ammonia	AM.P1.R	Amazonian - Amendoim	1	1	Complete	Complete	True
cell_comparison	S67	3	M00530 | Dissimilatory nitrate reduction, nitrate -> ammonia	AM.P2.D	Amazonian - Amendoim	2	2	Incomplete	Incomplete	True
cell_comparison	S67	3	M00530 | Dissimilatory nitrate reduction, nitrate -> ammonia	AM.P2.R	Amazonian - Amendoim	3	3	1 block missing	1 block missing	True
cell_comparison	S67	3	M00530 | Dissimilatory nitrate reduction, nitrate -> ammonia	TIA.P1.D	Amazonian - Tres Irmas Adjacent	4	4	Incomplete	Incomplete	True
cell_comparison	S67	3	M00530 | Dissimilatory nitrate reduction, nitrate -> ammonia	TIA.P1.R	Amazonian - Tres Irmas Adjacent	5	5	Incomplete	Incomplete	True
cell_comparison	S67	3	M00530 | Dissimilatory nitrate reduction, nitrate -> ammonia	TIA.P2.D	Amazonian - Tres Irmas Adjacent	6	6	Incomplete	Incomplete	True
cell_comparison	S67	3	M00530 | Dissimilatory nitrate reduction, nitrate -> ammonia	TIA.P2.R	Amazonian - Tres Irmas Adjacent	7	7	Incomplete	Incomplete	True
cell_comparison	S67	3	M00530 | Dissimilatory nitrate reduction, nitrate -> ammonia	TI.P1.D	Amazonian - Tres Irmas	8	8	1 block missing	1 block missing	True
cell_comparison	S67	3	M00530 | Dissimilatory nitrate reduction, nitrate -> ammonia	TI.P1.R	Amazonian - Tres Irmas	9	9	Incomplete	Incomplete	True
cell_comparison	S67	3	M00530 | Dissimilatory nitrate reduction, nitrate -> ammonia	TI.P2.D	Amazonian - Tres Irmas	10	10	Incomplete	Incomplete	True
cell_comparison	S67	3	M00530 | Dissimilatory nitrate reduction, nitrate -> ammonia	TI.P2.R	Amazonian - Tres Irmas	11	11	1 block missing	1 block missing	True
cell_comparison	S67	3	M00530 | Dissimilatory nitrate reduction, nitrate -> ammonia	TI.P3.D	Amazonian - Tres Irmas	12	12	1 block missing	1 block missing	True
cell_comparison	S67	3	M00530 | Dissimilatory nitrate reduction, nitrate -> ammonia	TI.P3.R	Amazonian - Tres Irmas	13	13	Incomplete	Incomplete	True
cell_comparison	S67	3	M00530 | Dissimilatory nitrate reduction, nitrate -> ammonia	TI.P4.D	Amazonian - Tres Irmas	14	14	1 block missing	1 block missing	True
cell_comparison	S67	3	M00530 | Dissimilatory nitrate reduction, nitrate -> ammonia	TI.P4.R	Amazonian - Tres Irmas	15	15	1 block missing	1 block missing	True
cell_comparison	S67	3	M00530 | Dissimilatory nitrate reduction, nitrate -> ammonia	VI.P1.D	Amazonian - Violao	16	16	Incomplete	Incomplete	True
cell_comparison	S67	3	M00530 | Dissimilatory nitrate reduction, nitrate -> ammonia	VI.P1.R	Amazonian - Violao	17	17	Incomplete	Incomplete	True
cell_comparison	S67	3	M00530 | Dissimilatory nitrate reduction, nitrate -> ammonia	VI.P2.D	Amazonian - Violao	18	18	1 block missing	1 block missing	True
cell_comparison	S67	3	M00530 | Dissimilatory nitrate reduction, nitrate -> ammonia	VI.P2.R	Amazonian - Violao	19	19	Incomplete	Incomplete	True
cell_comparison	S67	3	M00530 | Dissimilatory nitrate reduction, nitrate -> ammonia	Acid mine drainage 3300038494	Richmond-AMD	20	84	Incomplete	Incomplete	True
cell_comparison	S67	3	M00530 | Dissimilatory nitrate reduction, nitrate -> ammonia	Lab enriched acid 3300038413	Akron-AMD	21	29	Complete	Complete	True
cell_comparison	S67	3	M00530 | Dissimilatory nitrate reduction, nitrate -> ammonia	Acid mine drainage 3300008567	Richmond-AMD	22	68	Incomplete	Incomplete	True
cell_comparison	S67	3	M00530 | Dissimilatory nitrate reduction, nitrate -> ammonia	Acid mine drainage 3300030091	Richmond-AMD	23	64	Incomplete	Incomplete	True
cell_comparison	S67	3	M00530 | Dissimilatory nitrate reduction, nitrate -> ammonia	Hydrotherm Fe rich 3300023310	Hydrothermal-Fe-mats	24	34	Incomplete	Incomplete	True
cell_comparison	S67	3	M00530 | Dissimilatory nitrate reduction, nitrate -> ammonia	Metatransc of lab 3300046014	Akron-AMD	25	26	Incomplete	Incomplete	True
cell_comparison	S67	3	M00530 | Dissimilatory nitrate reduction, nitrate -> ammonia	Metatransc of lab 3300055056	Akron-AMD	26	20	Incomplete	Incomplete	True
cell_comparison	S67	3	M00530 | Dissimilatory nitrate reduction, nitrate -> ammonia	Freshwater sediment microbial 3300010391	Lake-Superior	27	49	Complete	Complete	True
cell_comparison	S67	3	M00530 | Dissimilatory nitrate reduction, nitrate -> ammonia	Freshwater sediment microbial 3300031898	Lake-Towuti	28	57	Complete	Complete	True
cell_comparison	S67	3	M00530 | Dissimilatory nitrate reduction, nitrate -> ammonia	Freshwater microbial communitie 3300024300	Lake-Matano	29	43	Complete	Complete	True
cell_comparison	S67	3	M00530 | Dissimilatory nitrate reduction, nitrate -> ammonia	Metatransc of lab 3300055061	Akron-AMD	30	22	Incomplete	Incomplete	True
cell_comparison	S67	3	M00530 | Dissimilatory nitrate reduction, nitrate -> ammonia	Hydrotherm Fe rich 3300023368	Hydrothermal-Fe-mats	31	37	Complete	Complete	True
cell_comparison	S67	3	M00530 | Dissimilatory nitrate reduction, nitrate -> ammonia	Acid mine drainage 3300038487	Richmond-AMD	32	63	Incomplete	Incomplete	True
cell_comparison	S67	3	M00530 | Dissimilatory nitrate reduction, nitrate -> ammonia	Freshwater sediment microbial 3300031593	Lake-Towuti	33	52	Incomplete	Incomplete	True
cell_comparison	S67	3	M00530 | Dissimilatory nitrate reduction, nitrate -> ammonia	Acid mine drainage 3300030082	Richmond-AMD	34	71	Incomplete	Incomplete	True
cell_comparison	S67	3	M00530 | Dissimilatory nitrate reduction, nitrate -> ammonia	Freshwater sediment microbial 3300031604	Lake-Towuti	35	50	Incomplete	Incomplete	True
cell_comparison	S67	3	M00530 | Dissimilatory nitrate reduction, nitrate -> ammonia	Freshwater sediment microbial 3300021518	Lake-Towuti	36	51	Complete	Complete	True
cell_comparison	S67	3	M00530 | Dissimilatory nitrate reduction, nitrate -> ammonia	Acid mine drainage 3300030398	Richmond-AMD	37	83	Incomplete	Incomplete	True
cell_comparison	S67	3	M00530 | Dissimilatory nitrate reduction, nitrate -> ammonia	Acid mine drainage 3300030242	Richmond-AMD	38	79	Incomplete	Incomplete	True
cell_comparison	S67	3	M00530 | Dissimilatory nitrate reduction, nitrate -> ammonia	Hydrotherm Fe rich 3300023439	Hydrothermal-Fe-mats	39	40	Incomplete	Incomplete	True
cell_comparison	S67	3	M00530 | Dissimilatory nitrate reduction, nitrate -> ammonia	Freshwater microbial communitie 3300024333	Lake-Matano	40	44	Complete	Complete	True
cell_comparison	S67	3	M00530 | Dissimilatory nitrate reduction, nitrate -> ammonia	Lab enriched sediment 3300039027	Burr-Oak-BO4	41	31	Incomplete	Incomplete	True
cell_comparison	S67	3	M00530 | Dissimilatory nitrate reduction, nitrate -> ammonia	Acid mine drainage 3300039205	Richmond-AMD	42	75	Incomplete	Incomplete	True
cell_comparison	S67	3	M00530 | Dissimilatory nitrate reduction, nitrate -> ammonia	Freshwater microbial communitie 3300043827	Lake-Matano	43	47	Incomplete	Incomplete	True
cell_comparison	S67	3	M00530 | Dissimilatory nitrate reduction, nitrate -> ammonia	Lab enriched acid 3300038471	Akron-AMD	44	24	Complete	Complete	True
cell_comparison	S67	3	M00530 | Dissimilatory nitrate reduction, nitrate -> ammonia	Acid mine drainage 3300030335	Richmond-AMD	45	65	Incomplete	Incomplete	True
cell_comparison	S67	3	M00530 | Dissimilatory nitrate reduction, nitrate -> ammonia	Freshwater microbial communitie 3300028737	Lake-Matano	46	46	Complete	Complete	True
cell_comparison	S67	3	M00530 | Dissimilatory nitrate reduction, nitrate -> ammonia	Lab enriched acid 3300038411	Akron-AMD	47	25	Complete	Complete	True
cell_comparison	S67	3	M00530 | Dissimilatory nitrate reduction, nitrate -> ammonia	Freshwater sediment microbial 3300031877	Lake-Towuti	48	53	1 block missing	1 block missing	True
cell_comparison	S67	3	M00530 | Dissimilatory nitrate reduction, nitrate -> ammonia	Acid mine drainage 3300038731	Richmond-AMD	49	62	Incomplete	Incomplete	True
cell_comparison	S67	3	M00530 | Dissimilatory nitrate reduction, nitrate -> ammonia	Acid mine drainage 3300038979	Richmond-AMD	50	73	Incomplete	Incomplete	True
cell_comparison	S67	3	M00530 | Dissimilatory nitrate reduction, nitrate -> ammonia	Hydrotherm Fe rich 3300023548	Hydrothermal-Fe-mats	51	41	Incomplete	Incomplete	True
cell_comparison	S67	3	M00530 | Dissimilatory nitrate reduction, nitrate -> ammonia	Metatransc of freshwater 3300061576	Lake-Superior	52	48	Incomplete	Incomplete	True
cell_comparison	S67	3	M00530 | Dissimilatory nitrate reduction, nitrate -> ammonia	Acid mine drainage 3300038486	Richmond-AMD	53	82	Incomplete	Incomplete	True
cell_comparison	S67	3	M00530 | Dissimilatory nitrate reduction, nitrate -> ammonia	Freshwater sediment microbial 3300031587	Lake-Towuti	54	59	Incomplete	Incomplete	True
cell_comparison	S67	3	M00530 | Dissimilatory nitrate reduction, nitrate -> ammonia	Acid Mine Drainage 3300005360	Richmond-AMD	55	74	Incomplete	Incomplete	True
cell_comparison	S67	3	M00530 | Dissimilatory nitrate reduction, nitrate -> ammonia	Acid mine drainage 3300008723	Richmond-AMD	56	67	Incomplete	Incomplete	True
cell_comparison	S67	3	M00530 | Dissimilatory nitrate reduction, nitrate -> ammonia	Acid mine drainage 3300038493	Richmond-AMD	57	81	Incomplete	Incomplete	True
cell_comparison	S67	3	M00530 | Dissimilatory nitrate reduction, nitrate -> ammonia	Freshwater sediment microbial 3300036045	Lake-Towuti	58	55	Complete	Complete	True
cell_comparison	S67	3	M00530 | Dissimilatory nitrate reduction, nitrate -> ammonia	Metatransc of lab 3300046013	Akron-AMD	59	28	Incomplete	Incomplete	True
cell_comparison	S67	3	M00530 | Dissimilatory nitrate reduction, nitrate -> ammonia	Acid mine drainage 3300038729	Richmond-AMD	60	72	Incomplete	Incomplete	True
cell_comparison	S67	3	M00530 | Dissimilatory nitrate reduction, nitrate -> ammonia	Acid mine drainage 3300030413	Richmond-AMD	61	85	Incomplete	Incomplete	True
cell_comparison	S67	3	M00530 | Dissimilatory nitrate reduction, nitrate -> ammonia	Lab enriched acid 3300038412	Akron-AMD	62	27	Complete	Complete	True
cell_comparison	S67	3	M00530 | Dissimilatory nitrate reduction, nitrate -> ammonia	Freshwater sediment microbial 3300031806	Lake-Towuti	63	60	Incomplete	Incomplete	True
cell_comparison	S67	3	M00530 | Dissimilatory nitrate reduction, nitrate -> ammonia	Metatransc of lab 3300055057	Akron-AMD	64	30	Incomplete	Incomplete	True
cell_comparison	S67	3	M00530 | Dissimilatory nitrate reduction, nitrate -> ammonia	Hydrotherm Fe rich 3300023440	Hydrothermal-Fe-mats	65	39	1 block missing	1 block missing	True
cell_comparison	S67	3	M00530 | Dissimilatory nitrate reduction, nitrate -> ammonia	Lab enriched sediment 3300039028	Burr-Oak-BO4	66	32	Complete	Complete	True
cell_comparison	S67	3	M00530 | Dissimilatory nitrate reduction, nitrate -> ammonia	Acid mine drainage 3300008566	Richmond-AMD	67	77	Incomplete	Incomplete	True
cell_comparison	S67	3	M00530 | Dissimilatory nitrate reduction, nitrate -> ammonia	Freshwater microbial communitie 3300024341	Lake-Matano	68	45	Complete	Complete	True
cell_comparison	S67	3	M00530 | Dissimilatory nitrate reduction, nitrate -> ammonia	Freshwater sediment microbial 3300021517	Lake-Towuti	69	56	Complete	Complete	True
cell_comparison	S67	3	M00530 | Dissimilatory nitrate reduction, nitrate -> ammonia	Metatransc of lab 3300055062	Akron-AMD	70	21	Incomplete	Incomplete	True
cell_comparison	S67	3	M00530 | Dissimilatory nitrate reduction, nitrate -> ammonia	Hydrotherm Fe rich 3300023442	Hydrothermal-Fe-mats	71	35	Complete	Complete	True
cell_comparison	S67	3	M00530 | Dissimilatory nitrate reduction, nitrate -> ammonia	Freshwater sediment microbial 3300036046	Lake-Towuti	72	54	Complete	Complete	True
cell_comparison	S67	3	M00530 | Dissimilatory nitrate reduction, nitrate -> ammonia	Hydrotherm Fe rich 3300023313	Hydrothermal-Fe-mats	73	36	Incomplete	Incomplete	True
cell_comparison	S67	3	M00530 | Dissimilatory nitrate reduction, nitrate -> ammonia	Acid mine drainage 3300039211	Richmond-AMD	74	80	Incomplete	Incomplete	True
cell_comparison	S67	3	M00530 | Dissimilatory nitrate reduction, nitrate -> ammonia	Acid mine drainage 3300008721	Richmond-AMD	75	78	Incomplete	Incomplete	True
cell_comparison	S67	3	M00530 | Dissimilatory nitrate reduction, nitrate -> ammonia	Pink biofilm microbial 3300003104	Richmond-AMD	76	69	Incomplete	Incomplete	True
cell_comparison	S67	3	M00530 | Dissimilatory nitrate reduction, nitrate -> ammonia	Acid mine drainage 3300038681	Richmond-AMD	77	86	Incomplete	Incomplete	True
cell_comparison	S67	3	M00530 | Dissimilatory nitrate reduction, nitrate -> ammonia	Acid mine drainage 3300030228	Richmond-AMD	78	70	Incomplete	Incomplete	True
cell_comparison	S67	3	M00530 | Dissimilatory nitrate reduction, nitrate -> ammonia	Metatransc of lab 3300055069	Akron-AMD	79	23	Incomplete	Incomplete	True
cell_comparison	S67	3	M00530 | Dissimilatory nitrate reduction, nitrate -> ammonia	Acid Mine Drainage 2010484004	Richmond-AMD	80	66	Incomplete	Incomplete	True
cell_comparison	S67	3	M00530 | Dissimilatory nitrate reduction, nitrate -> ammonia	Hydrotherm Fe rich 3300023307	Hydrothermal-Fe-mats	81	33	Incomplete	Incomplete	True
cell_comparison	S67	3	M00530 | Dissimilatory nitrate reduction, nitrate -> ammonia	Freshwater sediment microbial 3300031876	Lake-Towuti	82	58	Incomplete	Incomplete	True
cell_comparison	S67	3	M00530 | Dissimilatory nitrate reduction, nitrate -> ammonia	Freshwater microbial communitie 3300023177	Lake-Matano	83	42	Complete	Complete	True
cell_comparison	S67	3	M00530 | Dissimilatory nitrate reduction, nitrate -> ammonia	Biofilm microbial communitie 3300021476	Other-Fe	84	61	Complete	Complete	True
cell_comparison	S67	3	M00530 | Dissimilatory nitrate reduction, nitrate -> ammonia	Acid Mine Drainage 3300003083	Richmond-AMD	85	76	Incomplete	Incomplete	True
cell_comparison	S67	3	M00530 | Dissimilatory nitrate reduction, nitrate -> ammonia	Hydrotherm Fe rich 3300023444	Hydrothermal-Fe-mats	86	38	1 block missing	1 block missing	True
cell_comparison	S67	4	M00531 | Assimilatory nitrate reduction, nitrate -> ammonia	AM.P1.D	Amazonian - Amendoim	0	0	Complete	Complete	True
cell_comparison	S67	4	M00531 | Assimilatory nitrate reduction, nitrate -> ammonia	AM.P1.R	Amazonian - Amendoim	1	1	1 block missing	1 block missing	True
cell_comparison	S67	4	M00531 | Assimilatory nitrate reduction, nitrate -> ammonia	AM.P2.D	Amazonian - Amendoim	2	2	1 block missing	1 block missing	True
cell_comparison	S67	4	M00531 | Assimilatory nitrate reduction, nitrate -> ammonia	AM.P2.R	Amazonian - Amendoim	3	3	Complete	Complete	True
cell_comparison	S67	4	M00531 | Assimilatory nitrate reduction, nitrate -> ammonia	TIA.P1.D	Amazonian - Tres Irmas Adjacent	4	4	Complete	Complete	True
cell_comparison	S67	4	M00531 | Assimilatory nitrate reduction, nitrate -> ammonia	TIA.P1.R	Amazonian - Tres Irmas Adjacent	5	5	Incomplete	Incomplete	True
cell_comparison	S67	4	M00531 | Assimilatory nitrate reduction, nitrate -> ammonia	TIA.P2.D	Amazonian - Tres Irmas Adjacent	6	6	Complete	Complete	True
cell_comparison	S67	4	M00531 | Assimilatory nitrate reduction, nitrate -> ammonia	TIA.P2.R	Amazonian - Tres Irmas Adjacent	7	7	Incomplete	Incomplete	True
cell_comparison	S67	4	M00531 | Assimilatory nitrate reduction, nitrate -> ammonia	TI.P1.D	Amazonian - Tres Irmas	8	8	Complete	Complete	True
cell_comparison	S67	4	M00531 | Assimilatory nitrate reduction, nitrate -> ammonia	TI.P1.R	Amazonian - Tres Irmas	9	9	1 block missing	1 block missing	True
cell_comparison	S67	4	M00531 | Assimilatory nitrate reduction, nitrate -> ammonia	TI.P2.D	Amazonian - Tres Irmas	10	10	Incomplete	Incomplete	True
cell_comparison	S67	4	M00531 | Assimilatory nitrate reduction, nitrate -> ammonia	TI.P2.R	Amazonian - Tres Irmas	11	11	Complete	Complete	True
cell_comparison	S67	4	M00531 | Assimilatory nitrate reduction, nitrate -> ammonia	TI.P3.D	Amazonian - Tres Irmas	12	12	1 block missing	1 block missing	True
cell_comparison	S67	4	M00531 | Assimilatory nitrate reduction, nitrate -> ammonia	TI.P3.R	Amazonian - Tres Irmas	13	13	1 block missing	1 block missing	True
cell_comparison	S67	4	M00531 | Assimilatory nitrate reduction, nitrate -> ammonia	TI.P4.D	Amazonian - Tres Irmas	14	14	1 block missing	1 block missing	True
cell_comparison	S67	4	M00531 | Assimilatory nitrate reduction, nitrate -> ammonia	TI.P4.R	Amazonian - Tres Irmas	15	15	1 block missing	1 block missing	True
cell_comparison	S67	4	M00531 | Assimilatory nitrate reduction, nitrate -> ammonia	VI.P1.D	Amazonian - Violao	16	16	Incomplete	Incomplete	True
cell_comparison	S67	4	M00531 | Assimilatory nitrate reduction, nitrate -> ammonia	VI.P1.R	Amazonian - Violao	17	17	1 block missing	1 block missing	True
cell_comparison	S67	4	M00531 | Assimilatory nitrate reduction, nitrate -> ammonia	VI.P2.D	Amazonian - Violao	18	18	Incomplete	Incomplete	True
cell_comparison	S67	4	M00531 | Assimilatory nitrate reduction, nitrate -> ammonia	VI.P2.R	Amazonian - Violao	19	19	1 block missing	1 block missing	True
cell_comparison	S67	4	M00531 | Assimilatory nitrate reduction, nitrate -> ammonia	Acid mine drainage 3300038494	Richmond-AMD	20	84	Incomplete	Incomplete	True
cell_comparison	S67	4	M00531 | Assimilatory nitrate reduction, nitrate -> ammonia	Lab enriched acid 3300038413	Akron-AMD	21	29	Incomplete	Incomplete	True
cell_comparison	S67	4	M00531 | Assimilatory nitrate reduction, nitrate -> ammonia	Acid mine drainage 3300008567	Richmond-AMD	22	68	Incomplete	Incomplete	True
cell_comparison	S67	4	M00531 | Assimilatory nitrate reduction, nitrate -> ammonia	Acid mine drainage 3300030091	Richmond-AMD	23	64	Incomplete	Incomplete	True
cell_comparison	S67	4	M00531 | Assimilatory nitrate reduction, nitrate -> ammonia	Hydrotherm Fe rich 3300023310	Hydrothermal-Fe-mats	24	34	Incomplete	Incomplete	True
cell_comparison	S67	4	M00531 | Assimilatory nitrate reduction, nitrate -> ammonia	Metatransc of lab 3300046014	Akron-AMD	25	26	Incomplete	Incomplete	True
cell_comparison	S67	4	M00531 | Assimilatory nitrate reduction, nitrate -> ammonia	Metatransc of lab 3300055056	Akron-AMD	26	20	Incomplete	Incomplete	True
cell_comparison	S67	4	M00531 | Assimilatory nitrate reduction, nitrate -> ammonia	Freshwater sediment microbial 3300010391	Lake-Superior	27	49	Incomplete	Incomplete	True
cell_comparison	S67	4	M00531 | Assimilatory nitrate reduction, nitrate -> ammonia	Freshwater sediment microbial 3300031898	Lake-Towuti	28	57	Incomplete	Incomplete	True
cell_comparison	S67	4	M00531 | Assimilatory nitrate reduction, nitrate -> ammonia	Freshwater microbial communitie 3300024300	Lake-Matano	29	43	1 block missing	1 block missing	True
cell_comparison	S67	4	M00531 | Assimilatory nitrate reduction, nitrate -> ammonia	Metatransc of lab 3300055061	Akron-AMD	30	22	Incomplete	Incomplete	True
cell_comparison	S67	4	M00531 | Assimilatory nitrate reduction, nitrate -> ammonia	Hydrotherm Fe rich 3300023368	Hydrothermal-Fe-mats	31	37	Incomplete	Incomplete	True
cell_comparison	S67	4	M00531 | Assimilatory nitrate reduction, nitrate -> ammonia	Acid mine drainage 3300038487	Richmond-AMD	32	63	Incomplete	Incomplete	True
cell_comparison	S67	4	M00531 | Assimilatory nitrate reduction, nitrate -> ammonia	Freshwater sediment microbial 3300031593	Lake-Towuti	33	52	Incomplete	Incomplete	True
cell_comparison	S67	4	M00531 | Assimilatory nitrate reduction, nitrate -> ammonia	Acid mine drainage 3300030082	Richmond-AMD	34	71	Incomplete	Incomplete	True
cell_comparison	S67	4	M00531 | Assimilatory nitrate reduction, nitrate -> ammonia	Freshwater sediment microbial 3300031604	Lake-Towuti	35	50	Incomplete	Incomplete	True
cell_comparison	S67	4	M00531 | Assimilatory nitrate reduction, nitrate -> ammonia	Freshwater sediment microbial 3300021518	Lake-Towuti	36	51	Incomplete	Incomplete	True
cell_comparison	S67	4	M00531 | Assimilatory nitrate reduction, nitrate -> ammonia	Acid mine drainage 3300030398	Richmond-AMD	37	83	Incomplete	Incomplete	True
cell_comparison	S67	4	M00531 | Assimilatory nitrate reduction, nitrate -> ammonia	Acid mine drainage 3300030242	Richmond-AMD	38	79	Incomplete	Incomplete	True
cell_comparison	S67	4	M00531 | Assimilatory nitrate reduction, nitrate -> ammonia	Hydrotherm Fe rich 3300023439	Hydrothermal-Fe-mats	39	40	Incomplete	Incomplete	True
cell_comparison	S67	4	M00531 | Assimilatory nitrate reduction, nitrate -> ammonia	Freshwater microbial communitie 3300024333	Lake-Matano	40	44	1 block missing	1 block missing	True
cell_comparison	S67	4	M00531 | Assimilatory nitrate reduction, nitrate -> ammonia	Lab enriched sediment 3300039027	Burr-Oak-BO4	41	31	Incomplete	Incomplete	True
cell_comparison	S67	4	M00531 | Assimilatory nitrate reduction, nitrate -> ammonia	Acid mine drainage 3300039205	Richmond-AMD	42	75	Incomplete	Incomplete	True
cell_comparison	S67	4	M00531 | Assimilatory nitrate reduction, nitrate -> ammonia	Freshwater microbial communitie 3300043827	Lake-Matano	43	47	Incomplete	Incomplete	True
cell_comparison	S67	4	M00531 | Assimilatory nitrate reduction, nitrate -> ammonia	Lab enriched acid 3300038471	Akron-AMD	44	24	Incomplete	Incomplete	True
cell_comparison	S67	4	M00531 | Assimilatory nitrate reduction, nitrate -> ammonia	Acid mine drainage 3300030335	Richmond-AMD	45	65	Incomplete	Incomplete	True
cell_comparison	S67	4	M00531 | Assimilatory nitrate reduction, nitrate -> ammonia	Freshwater microbial communitie 3300028737	Lake-Matano	46	46	Incomplete	Incomplete	True
cell_comparison	S67	4	M00531 | Assimilatory nitrate reduction, nitrate -> ammonia	Lab enriched acid 3300038411	Akron-AMD	47	25	Incomplete	Incomplete	True
cell_comparison	S67	4	M00531 | Assimilatory nitrate reduction, nitrate -> ammonia	Freshwater sediment microbial 3300031877	Lake-Towuti	48	53	Incomplete	Incomplete	True
cell_comparison	S67	4	M00531 | Assimilatory nitrate reduction, nitrate -> ammonia	Acid mine drainage 3300038731	Richmond-AMD	49	62	Incomplete	Incomplete	True
cell_comparison	S67	4	M00531 | Assimilatory nitrate reduction, nitrate -> ammonia	Acid mine drainage 3300038979	Richmond-AMD	50	73	Incomplete	Incomplete	True
cell_comparison	S67	4	M00531 | Assimilatory nitrate reduction, nitrate -> ammonia	Hydrotherm Fe rich 3300023548	Hydrothermal-Fe-mats	51	41	Incomplete	Incomplete	True
cell_comparison	S67	4	M00531 | Assimilatory nitrate reduction, nitrate -> ammonia	Metatransc of freshwater 3300061576	Lake-Superior	52	48	Incomplete	Incomplete	True
cell_comparison	S67	4	M00531 | Assimilatory nitrate reduction, nitrate -> ammonia	Acid mine drainage 3300038486	Richmond-AMD	53	82	Incomplete	Incomplete	True
cell_comparison	S67	4	M00531 | Assimilatory nitrate reduction, nitrate -> ammonia	Freshwater sediment microbial 3300031587	Lake-Towuti	54	59	Incomplete	Incomplete	True
cell_comparison	S67	4	M00531 | Assimilatory nitrate reduction, nitrate -> ammonia	Acid Mine Drainage 3300005360	Richmond-AMD	55	74	Incomplete	Incomplete	True
cell_comparison	S67	4	M00531 | Assimilatory nitrate reduction, nitrate -> ammonia	Acid mine drainage 3300008723	Richmond-AMD	56	67	Incomplete	Incomplete	True
cell_comparison	S67	4	M00531 | Assimilatory nitrate reduction, nitrate -> ammonia	Acid mine drainage 3300038493	Richmond-AMD	57	81	Incomplete	Incomplete	True
cell_comparison	S67	4	M00531 | Assimilatory nitrate reduction, nitrate -> ammonia	Freshwater sediment microbial 3300036045	Lake-Towuti	58	55	Incomplete	Incomplete	True
cell_comparison	S67	4	M00531 | Assimilatory nitrate reduction, nitrate -> ammonia	Metatransc of lab 3300046013	Akron-AMD	59	28	Incomplete	Incomplete	True
cell_comparison	S67	4	M00531 | Assimilatory nitrate reduction, nitrate -> ammonia	Acid mine drainage 3300038729	Richmond-AMD	60	72	Incomplete	Incomplete	True
cell_comparison	S67	4	M00531 | Assimilatory nitrate reduction, nitrate -> ammonia	Acid mine drainage 3300030413	Richmond-AMD	61	85	Incomplete	Incomplete	True
cell_comparison	S67	4	M00531 | Assimilatory nitrate reduction, nitrate -> ammonia	Lab enriched acid 3300038412	Akron-AMD	62	27	Incomplete	Incomplete	True
cell_comparison	S67	4	M00531 | Assimilatory nitrate reduction, nitrate -> ammonia	Freshwater sediment microbial 3300031806	Lake-Towuti	63	60	Incomplete	Incomplete	True
cell_comparison	S67	4	M00531 | Assimilatory nitrate reduction, nitrate -> ammonia	Metatransc of lab 3300055057	Akron-AMD	64	30	Incomplete	Incomplete	True
cell_comparison	S67	4	M00531 | Assimilatory nitrate reduction, nitrate -> ammonia	Hydrotherm Fe rich 3300023440	Hydrothermal-Fe-mats	65	39	Incomplete	Incomplete	True
cell_comparison	S67	4	M00531 | Assimilatory nitrate reduction, nitrate -> ammonia	Lab enriched sediment 3300039028	Burr-Oak-BO4	66	32	Incomplete	Incomplete	True
cell_comparison	S67	4	M00531 | Assimilatory nitrate reduction, nitrate -> ammonia	Acid mine drainage 3300008566	Richmond-AMD	67	77	Incomplete	Incomplete	True
cell_comparison	S67	4	M00531 | Assimilatory nitrate reduction, nitrate -> ammonia	Freshwater microbial communitie 3300024341	Lake-Matano	68	45	Incomplete	Incomplete	True
cell_comparison	S67	4	M00531 | Assimilatory nitrate reduction, nitrate -> ammonia	Freshwater sediment microbial 3300021517	Lake-Towuti	69	56	Incomplete	Incomplete	True
cell_comparison	S67	4	M00531 | Assimilatory nitrate reduction, nitrate -> ammonia	Metatransc of lab 3300055062	Akron-AMD	70	21	Incomplete	Incomplete	True
cell_comparison	S67	4	M00531 | Assimilatory nitrate reduction, nitrate -> ammonia	Hydrotherm Fe rich 3300023442	Hydrothermal-Fe-mats	71	35	Incomplete	Incomplete	True
cell_comparison	S67	4	M00531 | Assimilatory nitrate reduction, nitrate -> ammonia	Freshwater sediment microbial 3300036046	Lake-Towuti	72	54	1 block missing	1 block missing	True
cell_comparison	S67	4	M00531 | Assimilatory nitrate reduction, nitrate -> ammonia	Hydrotherm Fe rich 3300023313	Hydrothermal-Fe-mats	73	36	Incomplete	Incomplete	True
cell_comparison	S67	4	M00531 | Assimilatory nitrate reduction, nitrate -> ammonia	Acid mine drainage 3300039211	Richmond-AMD	74	80	Incomplete	Incomplete	True
cell_comparison	S67	4	M00531 | Assimilatory nitrate reduction, nitrate -> ammonia	Acid mine drainage 3300008721	Richmond-AMD	75	78	Incomplete	Incomplete	True
cell_comparison	S67	4	M00531 | Assimilatory nitrate reduction, nitrate -> ammonia	Pink biofilm microbial 3300003104	Richmond-AMD	76	69	Incomplete	Incomplete	True
cell_comparison	S67	4	M00531 | Assimilatory nitrate reduction, nitrate -> ammonia	Acid mine drainage 3300038681	Richmond-AMD	77	86	Incomplete	Incomplete	True
cell_comparison	S67	4	M00531 | Assimilatory nitrate reduction, nitrate -> ammonia	Acid mine drainage 3300030228	Richmond-AMD	78	70	Incomplete	Incomplete	True
cell_comparison	S67	4	M00531 | Assimilatory nitrate reduction, nitrate -> ammonia	Metatransc of lab 3300055069	Akron-AMD	79	23	Incomplete	Incomplete	True
cell_comparison	S67	4	M00531 | Assimilatory nitrate reduction, nitrate -> ammonia	Acid Mine Drainage 2010484004	Richmond-AMD	80	66	Incomplete	Incomplete	True
cell_comparison	S67	4	M00531 | Assimilatory nitrate reduction, nitrate -> ammonia	Hydrotherm Fe rich 3300023307	Hydrothermal-Fe-mats	81	33	Incomplete	Incomplete	True
cell_comparison	S67	4	M00531 | Assimilatory nitrate reduction, nitrate -> ammonia	Freshwater sediment microbial 3300031876	Lake-Towuti	82	58	Incomplete	Incomplete	True
cell_comparison	S67	4	M00531 | Assimilatory nitrate reduction, nitrate -> ammonia	Freshwater microbial communitie 3300023177	Lake-Matano	83	42	1 block missing	1 block missing	True
cell_comparison	S67	4	M00531 | Assimilatory nitrate reduction, nitrate -> ammonia	Biofilm microbial communitie 3300021476	Other-Fe	84	61	1 block missing	1 block missing	True
cell_comparison	S67	4	M00531 | Assimilatory nitrate reduction, nitrate -> ammonia	Acid Mine Drainage 3300003083	Richmond-AMD	85	76	Incomplete	Incomplete	True
cell_comparison	S67	4	M00531 | Assimilatory nitrate reduction, nitrate -> ammonia	Hydrotherm Fe rich 3300023444	Hydrothermal-Fe-mats	86	38	Incomplete	Incomplete	True
cell_comparison	S67	5	M00804 | Complete nitrification, comammox, ammonia -> nitrite -> nitrate	AM.P1.D	Amazonian - Amendoim	0	0	Incomplete	Incomplete	True
cell_comparison	S67	5	M00804 | Complete nitrification, comammox, ammonia -> nitrite -> nitrate	AM.P1.R	Amazonian - Amendoim	1	1	Incomplete	Incomplete	True
cell_comparison	S67	5	M00804 | Complete nitrification, comammox, ammonia -> nitrite -> nitrate	AM.P2.D	Amazonian - Amendoim	2	2	Incomplete	Incomplete	True
cell_comparison	S67	5	M00804 | Complete nitrification, comammox, ammonia -> nitrite -> nitrate	AM.P2.R	Amazonian - Amendoim	3	3	Incomplete	Incomplete	True
cell_comparison	S67	5	M00804 | Complete nitrification, comammox, ammonia -> nitrite -> nitrate	TIA.P1.D	Amazonian - Tres Irmas Adjacent	4	4	Incomplete	Incomplete	True
cell_comparison	S67	5	M00804 | Complete nitrification, comammox, ammonia -> nitrite -> nitrate	TIA.P1.R	Amazonian - Tres Irmas Adjacent	5	5	Incomplete	Incomplete	True
cell_comparison	S67	5	M00804 | Complete nitrification, comammox, ammonia -> nitrite -> nitrate	TIA.P2.D	Amazonian - Tres Irmas Adjacent	6	6	Incomplete	Incomplete	True
cell_comparison	S67	5	M00804 | Complete nitrification, comammox, ammonia -> nitrite -> nitrate	TIA.P2.R	Amazonian - Tres Irmas Adjacent	7	7	Incomplete	Incomplete	True
cell_comparison	S67	5	M00804 | Complete nitrification, comammox, ammonia -> nitrite -> nitrate	TI.P1.D	Amazonian - Tres Irmas	8	8	Incomplete	Incomplete	True
cell_comparison	S67	5	M00804 | Complete nitrification, comammox, ammonia -> nitrite -> nitrate	TI.P1.R	Amazonian - Tres Irmas	9	9	Incomplete	Incomplete	True
cell_comparison	S67	5	M00804 | Complete nitrification, comammox, ammonia -> nitrite -> nitrate	TI.P2.D	Amazonian - Tres Irmas	10	10	Incomplete	Incomplete	True
cell_comparison	S67	5	M00804 | Complete nitrification, comammox, ammonia -> nitrite -> nitrate	TI.P2.R	Amazonian - Tres Irmas	11	11	Incomplete	Incomplete	True
cell_comparison	S67	5	M00804 | Complete nitrification, comammox, ammonia -> nitrite -> nitrate	TI.P3.D	Amazonian - Tres Irmas	12	12	Incomplete	Incomplete	True
cell_comparison	S67	5	M00804 | Complete nitrification, comammox, ammonia -> nitrite -> nitrate	TI.P3.R	Amazonian - Tres Irmas	13	13	Incomplete	Incomplete	True
cell_comparison	S67	5	M00804 | Complete nitrification, comammox, ammonia -> nitrite -> nitrate	TI.P4.D	Amazonian - Tres Irmas	14	14	Incomplete	Incomplete	True
cell_comparison	S67	5	M00804 | Complete nitrification, comammox, ammonia -> nitrite -> nitrate	TI.P4.R	Amazonian - Tres Irmas	15	15	Incomplete	Incomplete	True
cell_comparison	S67	5	M00804 | Complete nitrification, comammox, ammonia -> nitrite -> nitrate	VI.P1.D	Amazonian - Violao	16	16	Incomplete	Incomplete	True
cell_comparison	S67	5	M00804 | Complete nitrification, comammox, ammonia -> nitrite -> nitrate	VI.P1.R	Amazonian - Violao	17	17	Incomplete	Incomplete	True
cell_comparison	S67	5	M00804 | Complete nitrification, comammox, ammonia -> nitrite -> nitrate	VI.P2.D	Amazonian - Violao	18	18	Incomplete	Incomplete	True
cell_comparison	S67	5	M00804 | Complete nitrification, comammox, ammonia -> nitrite -> nitrate	VI.P2.R	Amazonian - Violao	19	19	Incomplete	Incomplete	True
cell_comparison	S67	5	M00804 | Complete nitrification, comammox, ammonia -> nitrite -> nitrate	Acid mine drainage 3300038494	Richmond-AMD	20	84	Incomplete	Incomplete	True
cell_comparison	S67	5	M00804 | Complete nitrification, comammox, ammonia -> nitrite -> nitrate	Lab enriched acid 3300038413	Akron-AMD	21	29	Complete	Complete	True
cell_comparison	S67	5	M00804 | Complete nitrification, comammox, ammonia -> nitrite -> nitrate	Acid mine drainage 3300008567	Richmond-AMD	22	68	Incomplete	Incomplete	True
cell_comparison	S67	5	M00804 | Complete nitrification, comammox, ammonia -> nitrite -> nitrate	Acid mine drainage 3300030091	Richmond-AMD	23	64	Incomplete	Incomplete	True
cell_comparison	S67	5	M00804 | Complete nitrification, comammox, ammonia -> nitrite -> nitrate	Hydrotherm Fe rich 3300023310	Hydrothermal-Fe-mats	24	34	1 block missing	1 block missing	True
cell_comparison	S67	5	M00804 | Complete nitrification, comammox, ammonia -> nitrite -> nitrate	Metatransc of lab 3300046014	Akron-AMD	25	26	Complete	Complete	True
cell_comparison	S67	5	M00804 | Complete nitrification, comammox, ammonia -> nitrite -> nitrate	Metatransc of lab 3300055056	Akron-AMD	26	20	1 block missing	1 block missing	True
cell_comparison	S67	5	M00804 | Complete nitrification, comammox, ammonia -> nitrite -> nitrate	Freshwater sediment microbial 3300010391	Lake-Superior	27	49	Complete	Complete	True
cell_comparison	S67	5	M00804 | Complete nitrification, comammox, ammonia -> nitrite -> nitrate	Freshwater sediment microbial 3300031898	Lake-Towuti	28	57	Incomplete	Incomplete	True
cell_comparison	S67	5	M00804 | Complete nitrification, comammox, ammonia -> nitrite -> nitrate	Freshwater microbial communitie 3300024300	Lake-Matano	29	43	Complete	Complete	True
cell_comparison	S67	5	M00804 | Complete nitrification, comammox, ammonia -> nitrite -> nitrate	Metatransc of lab 3300055061	Akron-AMD	30	22	1 block missing	1 block missing	True
cell_comparison	S67	5	M00804 | Complete nitrification, comammox, ammonia -> nitrite -> nitrate	Hydrotherm Fe rich 3300023368	Hydrothermal-Fe-mats	31	37	Complete	Complete	True
cell_comparison	S67	5	M00804 | Complete nitrification, comammox, ammonia -> nitrite -> nitrate	Acid mine drainage 3300038487	Richmond-AMD	32	63	Incomplete	Incomplete	True
cell_comparison	S67	5	M00804 | Complete nitrification, comammox, ammonia -> nitrite -> nitrate	Freshwater sediment microbial 3300031593	Lake-Towuti	33	52	Incomplete	Incomplete	True
cell_comparison	S67	5	M00804 | Complete nitrification, comammox, ammonia -> nitrite -> nitrate	Acid mine drainage 3300030082	Richmond-AMD	34	71	Incomplete	Incomplete	True
cell_comparison	S67	5	M00804 | Complete nitrification, comammox, ammonia -> nitrite -> nitrate	Freshwater sediment microbial 3300031604	Lake-Towuti	35	50	Incomplete	Incomplete	True
cell_comparison	S67	5	M00804 | Complete nitrification, comammox, ammonia -> nitrite -> nitrate	Freshwater sediment microbial 3300021518	Lake-Towuti	36	51	Incomplete	Incomplete	True
cell_comparison	S67	5	M00804 | Complete nitrification, comammox, ammonia -> nitrite -> nitrate	Acid mine drainage 3300030398	Richmond-AMD	37	83	Incomplete	Incomplete	True
cell_comparison	S67	5	M00804 | Complete nitrification, comammox, ammonia -> nitrite -> nitrate	Acid mine drainage 3300030242	Richmond-AMD	38	79	Incomplete	Incomplete	True
cell_comparison	S67	5	M00804 | Complete nitrification, comammox, ammonia -> nitrite -> nitrate	Hydrotherm Fe rich 3300023439	Hydrothermal-Fe-mats	39	40	Complete	Complete	True
cell_comparison	S67	5	M00804 | Complete nitrification, comammox, ammonia -> nitrite -> nitrate	Freshwater microbial communitie 3300024333	Lake-Matano	40	44	Complete	Complete	True
cell_comparison	S67	5	M00804 | Complete nitrification, comammox, ammonia -> nitrite -> nitrate	Lab enriched sediment 3300039027	Burr-Oak-BO4	41	31	1 block missing	1 block missing	True
cell_comparison	S67	5	M00804 | Complete nitrification, comammox, ammonia -> nitrite -> nitrate	Acid mine drainage 3300039205	Richmond-AMD	42	75	Incomplete	Incomplete	True
cell_comparison	S67	5	M00804 | Complete nitrification, comammox, ammonia -> nitrite -> nitrate	Freshwater microbial communitie 3300043827	Lake-Matano	43	47	Incomplete	Incomplete	True
cell_comparison	S67	5	M00804 | Complete nitrification, comammox, ammonia -> nitrite -> nitrate	Lab enriched acid 3300038471	Akron-AMD	44	24	Complete	Complete	True
cell_comparison	S67	5	M00804 | Complete nitrification, comammox, ammonia -> nitrite -> nitrate	Acid mine drainage 3300030335	Richmond-AMD	45	65	Incomplete	Incomplete	True
cell_comparison	S67	5	M00804 | Complete nitrification, comammox, ammonia -> nitrite -> nitrate	Freshwater microbial communitie 3300028737	Lake-Matano	46	46	Complete	Complete	True
cell_comparison	S67	5	M00804 | Complete nitrification, comammox, ammonia -> nitrite -> nitrate	Lab enriched acid 3300038411	Akron-AMD	47	25	Complete	Complete	True
cell_comparison	S67	5	M00804 | Complete nitrification, comammox, ammonia -> nitrite -> nitrate	Freshwater sediment microbial 3300031877	Lake-Towuti	48	53	Incomplete	Incomplete	True
cell_comparison	S67	5	M00804 | Complete nitrification, comammox, ammonia -> nitrite -> nitrate	Acid mine drainage 3300038731	Richmond-AMD	49	62	Incomplete	Incomplete	True
cell_comparison	S67	5	M00804 | Complete nitrification, comammox, ammonia -> nitrite -> nitrate	Acid mine drainage 3300038979	Richmond-AMD	50	73	Incomplete	Incomplete	True
cell_comparison	S67	5	M00804 | Complete nitrification, comammox, ammonia -> nitrite -> nitrate	Hydrotherm Fe rich 3300023548	Hydrothermal-Fe-mats	51	41	1 block missing	1 block missing	True
cell_comparison	S67	5	M00804 | Complete nitrification, comammox, ammonia -> nitrite -> nitrate	Metatransc of freshwater 3300061576	Lake-Superior	52	48	Complete	Complete	True
cell_comparison	S67	5	M00804 | Complete nitrification, comammox, ammonia -> nitrite -> nitrate	Acid mine drainage 3300038486	Richmond-AMD	53	82	Incomplete	Incomplete	True
cell_comparison	S67	5	M00804 | Complete nitrification, comammox, ammonia -> nitrite -> nitrate	Freshwater sediment microbial 3300031587	Lake-Towuti	54	59	Incomplete	Incomplete	True
cell_comparison	S67	5	M00804 | Complete nitrification, comammox, ammonia -> nitrite -> nitrate	Acid Mine Drainage 3300005360	Richmond-AMD	55	74	Incomplete	Incomplete	True
cell_comparison	S67	5	M00804 | Complete nitrification, comammox, ammonia -> nitrite -> nitrate	Acid mine drainage 3300008723	Richmond-AMD	56	67	Incomplete	Incomplete	True
cell_comparison	S67	5	M00804 | Complete nitrification, comammox, ammonia -> nitrite -> nitrate	Acid mine drainage 3300038493	Richmond-AMD	57	81	Incomplete	Incomplete	True
cell_comparison	S67	5	M00804 | Complete nitrification, comammox, ammonia -> nitrite -> nitrate	Freshwater sediment microbial 3300036045	Lake-Towuti	58	55	Complete	Complete	True
cell_comparison	S67	5	M00804 | Complete nitrification, comammox, ammonia -> nitrite -> nitrate	Metatransc of lab 3300046013	Akron-AMD	59	28	1 block missing	1 block missing	True
cell_comparison	S67	5	M00804 | Complete nitrification, comammox, ammonia -> nitrite -> nitrate	Acid mine drainage 3300038729	Richmond-AMD	60	72	Incomplete	Incomplete	True
cell_comparison	S67	5	M00804 | Complete nitrification, comammox, ammonia -> nitrite -> nitrate	Acid mine drainage 3300030413	Richmond-AMD	61	85	Incomplete	Incomplete	True
cell_comparison	S67	5	M00804 | Complete nitrification, comammox, ammonia -> nitrite -> nitrate	Lab enriched acid 3300038412	Akron-AMD	62	27	Complete	Complete	True
cell_comparison	S67	5	M00804 | Complete nitrification, comammox, ammonia -> nitrite -> nitrate	Freshwater sediment microbial 3300031806	Lake-Towuti	63	60	Incomplete	Incomplete	True
cell_comparison	S67	5	M00804 | Complete nitrification, comammox, ammonia -> nitrite -> nitrate	Metatransc of lab 3300055057	Akron-AMD	64	30	1 block missing	1 block missing	True
cell_comparison	S67	5	M00804 | Complete nitrification, comammox, ammonia -> nitrite -> nitrate	Hydrotherm Fe rich 3300023440	Hydrothermal-Fe-mats	65	39	Complete	Complete	True
cell_comparison	S67	5	M00804 | Complete nitrification, comammox, ammonia -> nitrite -> nitrate	Lab enriched sediment 3300039028	Burr-Oak-BO4	66	32	1 block missing	1 block missing	True
cell_comparison	S67	5	M00804 | Complete nitrification, comammox, ammonia -> nitrite -> nitrate	Acid mine drainage 3300008566	Richmond-AMD	67	77	Incomplete	Incomplete	True
cell_comparison	S67	5	M00804 | Complete nitrification, comammox, ammonia -> nitrite -> nitrate	Freshwater microbial communitie 3300024341	Lake-Matano	68	45	Complete	Complete	True
cell_comparison	S67	5	M00804 | Complete nitrification, comammox, ammonia -> nitrite -> nitrate	Freshwater sediment microbial 3300021517	Lake-Towuti	69	56	Incomplete	Incomplete	True
cell_comparison	S67	5	M00804 | Complete nitrification, comammox, ammonia -> nitrite -> nitrate	Metatransc of lab 3300055062	Akron-AMD	70	21	Incomplete	Incomplete	True
cell_comparison	S67	5	M00804 | Complete nitrification, comammox, ammonia -> nitrite -> nitrate	Hydrotherm Fe rich 3300023442	Hydrothermal-Fe-mats	71	35	Complete	Complete	True
cell_comparison	S67	5	M00804 | Complete nitrification, comammox, ammonia -> nitrite -> nitrate	Freshwater sediment microbial 3300036046	Lake-Towuti	72	54	Complete	Complete	True
cell_comparison	S67	5	M00804 | Complete nitrification, comammox, ammonia -> nitrite -> nitrate	Hydrotherm Fe rich 3300023313	Hydrothermal-Fe-mats	73	36	Complete	Complete	True
cell_comparison	S67	5	M00804 | Complete nitrification, comammox, ammonia -> nitrite -> nitrate	Acid mine drainage 3300039211	Richmond-AMD	74	80	Incomplete	Incomplete	True
cell_comparison	S67	5	M00804 | Complete nitrification, comammox, ammonia -> nitrite -> nitrate	Acid mine drainage 3300008721	Richmond-AMD	75	78	Incomplete	Incomplete	True
cell_comparison	S67	5	M00804 | Complete nitrification, comammox, ammonia -> nitrite -> nitrate	Pink biofilm microbial 3300003104	Richmond-AMD	76	69	Incomplete	Incomplete	True
cell_comparison	S67	5	M00804 | Complete nitrification, comammox, ammonia -> nitrite -> nitrate	Acid mine drainage 3300038681	Richmond-AMD	77	86	Incomplete	Incomplete	True
cell_comparison	S67	5	M00804 | Complete nitrification, comammox, ammonia -> nitrite -> nitrate	Acid mine drainage 3300030228	Richmond-AMD	78	70	Incomplete	Incomplete	True
cell_comparison	S67	5	M00804 | Complete nitrification, comammox, ammonia -> nitrite -> nitrate	Metatransc of lab 3300055069	Akron-AMD	79	23	Complete	Complete	True
cell_comparison	S67	5	M00804 | Complete nitrification, comammox, ammonia -> nitrite -> nitrate	Acid Mine Drainage 2010484004	Richmond-AMD	80	66	Incomplete	Incomplete	True
cell_comparison	S67	5	M00804 | Complete nitrification, comammox, ammonia -> nitrite -> nitrate	Hydrotherm Fe rich 3300023307	Hydrothermal-Fe-mats	81	33	1 block missing	1 block missing	True
cell_comparison	S67	5	M00804 | Complete nitrification, comammox, ammonia -> nitrite -> nitrate	Freshwater sediment microbial 3300031876	Lake-Towuti	82	58	Incomplete	Incomplete	True
cell_comparison	S67	5	M00804 | Complete nitrification, comammox, ammonia -> nitrite -> nitrate	Freshwater microbial communitie 3300023177	Lake-Matano	83	42	Complete	Complete	True
cell_comparison	S67	5	M00804 | Complete nitrification, comammox, ammonia -> nitrite -> nitrate	Biofilm microbial communitie 3300021476	Other-Fe	84	61	1 block missing	1 block missing	True
cell_comparison	S67	5	M00804 | Complete nitrification, comammox, ammonia -> nitrite -> nitrate	Acid Mine Drainage 3300003083	Richmond-AMD	85	76	Incomplete	Incomplete	True
cell_comparison	S67	5	M00804 | Complete nitrification, comammox, ammonia -> nitrite -> nitrate	Hydrotherm Fe rich 3300023444	Hydrothermal-Fe-mats	86	38	Complete	Complete	True
cell_comparison	S67	6	M00165 | Reductive pentose phosphate cycle (Calvin cycle)	AM.P1.D	Amazonian - Amendoim	0	0	Complete	Complete	True
cell_comparison	S67	6	M00165 | Reductive pentose phosphate cycle (Calvin cycle)	AM.P1.R	Amazonian - Amendoim	1	1	Complete	Complete	True
cell_comparison	S67	6	M00165 | Reductive pentose phosphate cycle (Calvin cycle)	AM.P2.D	Amazonian - Amendoim	2	2	1 block missing	1 block missing	True
cell_comparison	S67	6	M00165 | Reductive pentose phosphate cycle (Calvin cycle)	AM.P2.R	Amazonian - Amendoim	3	3	1 block missing	1 block missing	True
cell_comparison	S67	6	M00165 | Reductive pentose phosphate cycle (Calvin cycle)	TIA.P1.D	Amazonian - Tres Irmas Adjacent	4	4	Complete	Complete	True
cell_comparison	S67	6	M00165 | Reductive pentose phosphate cycle (Calvin cycle)	TIA.P1.R	Amazonian - Tres Irmas Adjacent	5	5	1 block missing	1 block missing	True
cell_comparison	S67	6	M00165 | Reductive pentose phosphate cycle (Calvin cycle)	TIA.P2.D	Amazonian - Tres Irmas Adjacent	6	6	1 block missing	1 block missing	True
cell_comparison	S67	6	M00165 | Reductive pentose phosphate cycle (Calvin cycle)	TIA.P2.R	Amazonian - Tres Irmas Adjacent	7	7	Complete	Complete	True
cell_comparison	S67	6	M00165 | Reductive pentose phosphate cycle (Calvin cycle)	TI.P1.D	Amazonian - Tres Irmas	8	8	Complete	Complete	True
cell_comparison	S67	6	M00165 | Reductive pentose phosphate cycle (Calvin cycle)	TI.P1.R	Amazonian - Tres Irmas	9	9	1 block missing	1 block missing	True
cell_comparison	S67	6	M00165 | Reductive pentose phosphate cycle (Calvin cycle)	TI.P2.D	Amazonian - Tres Irmas	10	10	1 block missing	1 block missing	True
cell_comparison	S67	6	M00165 | Reductive pentose phosphate cycle (Calvin cycle)	TI.P2.R	Amazonian - Tres Irmas	11	11	1 block missing	1 block missing	True
cell_comparison	S67	6	M00165 | Reductive pentose phosphate cycle (Calvin cycle)	TI.P3.D	Amazonian - Tres Irmas	12	12	Complete	Complete	True
cell_comparison	S67	6	M00165 | Reductive pentose phosphate cycle (Calvin cycle)	TI.P3.R	Amazonian - Tres Irmas	13	13	1 block missing	1 block missing	True
cell_comparison	S67	6	M00165 | Reductive pentose phosphate cycle (Calvin cycle)	TI.P4.D	Amazonian - Tres Irmas	14	14	Complete	Complete	True
cell_comparison	S67	6	M00165 | Reductive pentose phosphate cycle (Calvin cycle)	TI.P4.R	Amazonian - Tres Irmas	15	15	1 block missing	1 block missing	True
cell_comparison	S67	6	M00165 | Reductive pentose phosphate cycle (Calvin cycle)	VI.P1.D	Amazonian - Violao	16	16	1 block missing	1 block missing	True
cell_comparison	S67	6	M00165 | Reductive pentose phosphate cycle (Calvin cycle)	VI.P1.R	Amazonian - Violao	17	17	1 block missing	1 block missing	True
cell_comparison	S67	6	M00165 | Reductive pentose phosphate cycle (Calvin cycle)	VI.P2.D	Amazonian - Violao	18	18	1 block missing	1 block missing	True
cell_comparison	S67	6	M00165 | Reductive pentose phosphate cycle (Calvin cycle)	VI.P2.R	Amazonian - Violao	19	19	1 block missing	1 block missing	True
cell_comparison	S67	6	M00165 | Reductive pentose phosphate cycle (Calvin cycle)	Acid mine drainage 3300038494	Richmond-AMD	20	84	Incomplete	Incomplete	True
cell_comparison	S67	6	M00165 | Reductive pentose phosphate cycle (Calvin cycle)	Lab enriched acid 3300038413	Akron-AMD	21	29	Incomplete	Incomplete	True
cell_comparison	S67	6	M00165 | Reductive pentose phosphate cycle (Calvin cycle)	Acid mine drainage 3300008567	Richmond-AMD	22	68	Incomplete	Incomplete	True
cell_comparison	S67	6	M00165 | Reductive pentose phosphate cycle (Calvin cycle)	Acid mine drainage 3300030091	Richmond-AMD	23	64	Incomplete	Incomplete	True
cell_comparison	S67	6	M00165 | Reductive pentose phosphate cycle (Calvin cycle)	Hydrotherm Fe rich 3300023310	Hydrothermal-Fe-mats	24	34	Incomplete	Incomplete	True
cell_comparison	S67	6	M00165 | Reductive pentose phosphate cycle (Calvin cycle)	Metatransc of lab 3300046014	Akron-AMD	25	26	Incomplete	Incomplete	True
cell_comparison	S67	6	M00165 | Reductive pentose phosphate cycle (Calvin cycle)	Metatransc of lab 3300055056	Akron-AMD	26	20	Incomplete	Incomplete	True
cell_comparison	S67	6	M00165 | Reductive pentose phosphate cycle (Calvin cycle)	Freshwater sediment microbial 3300010391	Lake-Superior	27	49	Incomplete	Incomplete	True
cell_comparison	S67	6	M00165 | Reductive pentose phosphate cycle (Calvin cycle)	Freshwater sediment microbial 3300031898	Lake-Towuti	28	57	Incomplete	Incomplete	True
cell_comparison	S67	6	M00165 | Reductive pentose phosphate cycle (Calvin cycle)	Freshwater microbial communitie 3300024300	Lake-Matano	29	43	Incomplete	Incomplete	True
cell_comparison	S67	6	M00165 | Reductive pentose phosphate cycle (Calvin cycle)	Metatransc of lab 3300055061	Akron-AMD	30	22	Incomplete	Incomplete	True
cell_comparison	S67	6	M00165 | Reductive pentose phosphate cycle (Calvin cycle)	Hydrotherm Fe rich 3300023368	Hydrothermal-Fe-mats	31	37	Incomplete	Incomplete	True
cell_comparison	S67	6	M00165 | Reductive pentose phosphate cycle (Calvin cycle)	Acid mine drainage 3300038487	Richmond-AMD	32	63	Incomplete	Incomplete	True
cell_comparison	S67	6	M00165 | Reductive pentose phosphate cycle (Calvin cycle)	Freshwater sediment microbial 3300031593	Lake-Towuti	33	52	Incomplete	Incomplete	True
cell_comparison	S67	6	M00165 | Reductive pentose phosphate cycle (Calvin cycle)	Acid mine drainage 3300030082	Richmond-AMD	34	71	Incomplete	Incomplete	True
cell_comparison	S67	6	M00165 | Reductive pentose phosphate cycle (Calvin cycle)	Freshwater sediment microbial 3300031604	Lake-Towuti	35	50	Incomplete	Incomplete	True
cell_comparison	S67	6	M00165 | Reductive pentose phosphate cycle (Calvin cycle)	Freshwater sediment microbial 3300021518	Lake-Towuti	36	51	Incomplete	Incomplete	True
cell_comparison	S67	6	M00165 | Reductive pentose phosphate cycle (Calvin cycle)	Acid mine drainage 3300030398	Richmond-AMD	37	83	Incomplete	Incomplete	True
cell_comparison	S67	6	M00165 | Reductive pentose phosphate cycle (Calvin cycle)	Acid mine drainage 3300030242	Richmond-AMD	38	79	Incomplete	Incomplete	True
cell_comparison	S67	6	M00165 | Reductive pentose phosphate cycle (Calvin cycle)	Hydrotherm Fe rich 3300023439	Hydrothermal-Fe-mats	39	40	Incomplete	Incomplete	True
cell_comparison	S67	6	M00165 | Reductive pentose phosphate cycle (Calvin cycle)	Freshwater microbial communitie 3300024333	Lake-Matano	40	44	1 block missing	1 block missing	True
cell_comparison	S67	6	M00165 | Reductive pentose phosphate cycle (Calvin cycle)	Lab enriched sediment 3300039027	Burr-Oak-BO4	41	31	Incomplete	Incomplete	True
cell_comparison	S67	6	M00165 | Reductive pentose phosphate cycle (Calvin cycle)	Acid mine drainage 3300039205	Richmond-AMD	42	75	Incomplete	Incomplete	True
cell_comparison	S67	6	M00165 | Reductive pentose phosphate cycle (Calvin cycle)	Freshwater microbial communitie 3300043827	Lake-Matano	43	47	Incomplete	Incomplete	True
cell_comparison	S67	6	M00165 | Reductive pentose phosphate cycle (Calvin cycle)	Lab enriched acid 3300038471	Akron-AMD	44	24	Incomplete	Incomplete	True
cell_comparison	S67	6	M00165 | Reductive pentose phosphate cycle (Calvin cycle)	Acid mine drainage 3300030335	Richmond-AMD	45	65	Incomplete	Incomplete	True
cell_comparison	S67	6	M00165 | Reductive pentose phosphate cycle (Calvin cycle)	Freshwater microbial communitie 3300028737	Lake-Matano	46	46	Complete	Complete	True
cell_comparison	S67	6	M00165 | Reductive pentose phosphate cycle (Calvin cycle)	Lab enriched acid 3300038411	Akron-AMD	47	25	Incomplete	Incomplete	True
cell_comparison	S67	6	M00165 | Reductive pentose phosphate cycle (Calvin cycle)	Freshwater sediment microbial 3300031877	Lake-Towuti	48	53	Incomplete	Incomplete	True
cell_comparison	S67	6	M00165 | Reductive pentose phosphate cycle (Calvin cycle)	Acid mine drainage 3300038731	Richmond-AMD	49	62	Incomplete	Incomplete	True
cell_comparison	S67	6	M00165 | Reductive pentose phosphate cycle (Calvin cycle)	Acid mine drainage 3300038979	Richmond-AMD	50	73	Incomplete	Incomplete	True
cell_comparison	S67	6	M00165 | Reductive pentose phosphate cycle (Calvin cycle)	Hydrotherm Fe rich 3300023548	Hydrothermal-Fe-mats	51	41	Incomplete	Incomplete	True
cell_comparison	S67	6	M00165 | Reductive pentose phosphate cycle (Calvin cycle)	Metatransc of freshwater 3300061576	Lake-Superior	52	48	Incomplete	Incomplete	True
cell_comparison	S67	6	M00165 | Reductive pentose phosphate cycle (Calvin cycle)	Acid mine drainage 3300038486	Richmond-AMD	53	82	Incomplete	Incomplete	True
cell_comparison	S67	6	M00165 | Reductive pentose phosphate cycle (Calvin cycle)	Freshwater sediment microbial 3300031587	Lake-Towuti	54	59	Incomplete	Incomplete	True
cell_comparison	S67	6	M00165 | Reductive pentose phosphate cycle (Calvin cycle)	Acid Mine Drainage 3300005360	Richmond-AMD	55	74	Incomplete	Incomplete	True
cell_comparison	S67	6	M00165 | Reductive pentose phosphate cycle (Calvin cycle)	Acid mine drainage 3300008723	Richmond-AMD	56	67	Incomplete	Incomplete	True
cell_comparison	S67	6	M00165 | Reductive pentose phosphate cycle (Calvin cycle)	Acid mine drainage 3300038493	Richmond-AMD	57	81	Incomplete	Incomplete	True
cell_comparison	S67	6	M00165 | Reductive pentose phosphate cycle (Calvin cycle)	Freshwater sediment microbial 3300036045	Lake-Towuti	58	55	Incomplete	Incomplete	True
cell_comparison	S67	6	M00165 | Reductive pentose phosphate cycle (Calvin cycle)	Metatransc of lab 3300046013	Akron-AMD	59	28	Incomplete	Incomplete	True
cell_comparison	S67	6	M00165 | Reductive pentose phosphate cycle (Calvin cycle)	Acid mine drainage 3300038729	Richmond-AMD	60	72	Incomplete	Incomplete	True
cell_comparison	S67	6	M00165 | Reductive pentose phosphate cycle (Calvin cycle)	Acid mine drainage 3300030413	Richmond-AMD	61	85	Incomplete	Incomplete	True
cell_comparison	S67	6	M00165 | Reductive pentose phosphate cycle (Calvin cycle)	Lab enriched acid 3300038412	Akron-AMD	62	27	Incomplete	Incomplete	True
cell_comparison	S67	6	M00165 | Reductive pentose phosphate cycle (Calvin cycle)	Freshwater sediment microbial 3300031806	Lake-Towuti	63	60	Incomplete	Incomplete	True
cell_comparison	S67	6	M00165 | Reductive pentose phosphate cycle (Calvin cycle)	Metatransc of lab 3300055057	Akron-AMD	64	30	Incomplete	Incomplete	True
cell_comparison	S67	6	M00165 | Reductive pentose phosphate cycle (Calvin cycle)	Hydrotherm Fe rich 3300023440	Hydrothermal-Fe-mats	65	39	Incomplete	Incomplete	True
cell_comparison	S67	6	M00165 | Reductive pentose phosphate cycle (Calvin cycle)	Lab enriched sediment 3300039028	Burr-Oak-BO4	66	32	Incomplete	Incomplete	True
cell_comparison	S67	6	M00165 | Reductive pentose phosphate cycle (Calvin cycle)	Acid mine drainage 3300008566	Richmond-AMD	67	77	Incomplete	Incomplete	True
cell_comparison	S67	6	M00165 | Reductive pentose phosphate cycle (Calvin cycle)	Freshwater microbial communitie 3300024341	Lake-Matano	68	45	Complete	Complete	True
cell_comparison	S67	6	M00165 | Reductive pentose phosphate cycle (Calvin cycle)	Freshwater sediment microbial 3300021517	Lake-Towuti	69	56	Incomplete	Incomplete	True
cell_comparison	S67	6	M00165 | Reductive pentose phosphate cycle (Calvin cycle)	Metatransc of lab 3300055062	Akron-AMD	70	21	Incomplete	Incomplete	True
cell_comparison	S67	6	M00165 | Reductive pentose phosphate cycle (Calvin cycle)	Hydrotherm Fe rich 3300023442	Hydrothermal-Fe-mats	71	35	Incomplete	Incomplete	True
cell_comparison	S67	6	M00165 | Reductive pentose phosphate cycle (Calvin cycle)	Freshwater sediment microbial 3300036046	Lake-Towuti	72	54	Complete	Complete	True
cell_comparison	S67	6	M00165 | Reductive pentose phosphate cycle (Calvin cycle)	Hydrotherm Fe rich 3300023313	Hydrothermal-Fe-mats	73	36	Incomplete	Incomplete	True
cell_comparison	S67	6	M00165 | Reductive pentose phosphate cycle (Calvin cycle)	Acid mine drainage 3300039211	Richmond-AMD	74	80	Incomplete	Incomplete	True
cell_comparison	S67	6	M00165 | Reductive pentose phosphate cycle (Calvin cycle)	Acid mine drainage 3300008721	Richmond-AMD	75	78	Incomplete	Incomplete	True
cell_comparison	S67	6	M00165 | Reductive pentose phosphate cycle (Calvin cycle)	Pink biofilm microbial 3300003104	Richmond-AMD	76	69	Incomplete	Incomplete	True
cell_comparison	S67	6	M00165 | Reductive pentose phosphate cycle (Calvin cycle)	Acid mine drainage 3300038681	Richmond-AMD	77	86	Incomplete	Incomplete	True
cell_comparison	S67	6	M00165 | Reductive pentose phosphate cycle (Calvin cycle)	Acid mine drainage 3300030228	Richmond-AMD	78	70	Incomplete	Incomplete	True
cell_comparison	S67	6	M00165 | Reductive pentose phosphate cycle (Calvin cycle)	Metatransc of lab 3300055069	Akron-AMD	79	23	Incomplete	Incomplete	True
cell_comparison	S67	6	M00165 | Reductive pentose phosphate cycle (Calvin cycle)	Acid Mine Drainage 2010484004	Richmond-AMD	80	66	Incomplete	Incomplete	True
cell_comparison	S67	6	M00165 | Reductive pentose phosphate cycle (Calvin cycle)	Hydrotherm Fe rich 3300023307	Hydrothermal-Fe-mats	81	33	Incomplete	Incomplete	True
cell_comparison	S67	6	M00165 | Reductive pentose phosphate cycle (Calvin cycle)	Freshwater sediment microbial 3300031876	Lake-Towuti	82	58	Incomplete	Incomplete	True
cell_comparison	S67	6	M00165 | Reductive pentose phosphate cycle (Calvin cycle)	Freshwater microbial communitie 3300023177	Lake-Matano	83	42	1 block missing	1 block missing	True
cell_comparison	S67	6	M00165 | Reductive pentose phosphate cycle (Calvin cycle)	Biofilm microbial communitie 3300021476	Other-Fe	84	61	Incomplete	Incomplete	True
cell_comparison	S67	6	M00165 | Reductive pentose phosphate cycle (Calvin cycle)	Acid Mine Drainage 3300003083	Richmond-AMD	85	76	Incomplete	Incomplete	True
cell_comparison	S67	6	M00165 | Reductive pentose phosphate cycle (Calvin cycle)	Hydrotherm Fe rich 3300023444	Hydrothermal-Fe-mats	86	38	Incomplete	Incomplete	True
cell_comparison	S67	7	M00166 | Reductive pentose phosphate cycle, ribulose-5P -> glyceraldehyde-3P	AM.P1.D	Amazonian - Amendoim	0	0	Complete	Complete	True
cell_comparison	S67	7	M00166 | Reductive pentose phosphate cycle, ribulose-5P -> glyceraldehyde-3P	AM.P1.R	Amazonian - Amendoim	1	1	Complete	Complete	True
cell_comparison	S67	7	M00166 | Reductive pentose phosphate cycle, ribulose-5P -> glyceraldehyde-3P	AM.P2.D	Amazonian - Amendoim	2	2	Complete	Complete	True
cell_comparison	S67	7	M00166 | Reductive pentose phosphate cycle, ribulose-5P -> glyceraldehyde-3P	AM.P2.R	Amazonian - Amendoim	3	3	Complete	Complete	True
cell_comparison	S67	7	M00166 | Reductive pentose phosphate cycle, ribulose-5P -> glyceraldehyde-3P	TIA.P1.D	Amazonian - Tres Irmas Adjacent	4	4	Complete	Complete	True
cell_comparison	S67	7	M00166 | Reductive pentose phosphate cycle, ribulose-5P -> glyceraldehyde-3P	TIA.P1.R	Amazonian - Tres Irmas Adjacent	5	5	Complete	Complete	True
cell_comparison	S67	7	M00166 | Reductive pentose phosphate cycle, ribulose-5P -> glyceraldehyde-3P	TIA.P2.D	Amazonian - Tres Irmas Adjacent	6	6	Complete	Complete	True
cell_comparison	S67	7	M00166 | Reductive pentose phosphate cycle, ribulose-5P -> glyceraldehyde-3P	TIA.P2.R	Amazonian - Tres Irmas Adjacent	7	7	Complete	Complete	True
cell_comparison	S67	7	M00166 | Reductive pentose phosphate cycle, ribulose-5P -> glyceraldehyde-3P	TI.P1.D	Amazonian - Tres Irmas	8	8	Complete	Complete	True
cell_comparison	S67	7	M00166 | Reductive pentose phosphate cycle, ribulose-5P -> glyceraldehyde-3P	TI.P1.R	Amazonian - Tres Irmas	9	9	Complete	Complete	True
cell_comparison	S67	7	M00166 | Reductive pentose phosphate cycle, ribulose-5P -> glyceraldehyde-3P	TI.P2.D	Amazonian - Tres Irmas	10	10	Complete	Complete	True
cell_comparison	S67	7	M00166 | Reductive pentose phosphate cycle, ribulose-5P -> glyceraldehyde-3P	TI.P2.R	Amazonian - Tres Irmas	11	11	Complete	Complete	True
cell_comparison	S67	7	M00166 | Reductive pentose phosphate cycle, ribulose-5P -> glyceraldehyde-3P	TI.P3.D	Amazonian - Tres Irmas	12	12	Complete	Complete	True
cell_comparison	S67	7	M00166 | Reductive pentose phosphate cycle, ribulose-5P -> glyceraldehyde-3P	TI.P3.R	Amazonian - Tres Irmas	13	13	Complete	Complete	True
cell_comparison	S67	7	M00166 | Reductive pentose phosphate cycle, ribulose-5P -> glyceraldehyde-3P	TI.P4.D	Amazonian - Tres Irmas	14	14	Complete	Complete	True
cell_comparison	S67	7	M00166 | Reductive pentose phosphate cycle, ribulose-5P -> glyceraldehyde-3P	TI.P4.R	Amazonian - Tres Irmas	15	15	Complete	Complete	True
cell_comparison	S67	7	M00166 | Reductive pentose phosphate cycle, ribulose-5P -> glyceraldehyde-3P	VI.P1.D	Amazonian - Violao	16	16	Complete	Complete	True
cell_comparison	S67	7	M00166 | Reductive pentose phosphate cycle, ribulose-5P -> glyceraldehyde-3P	VI.P1.R	Amazonian - Violao	17	17	Complete	Complete	True
cell_comparison	S67	7	M00166 | Reductive pentose phosphate cycle, ribulose-5P -> glyceraldehyde-3P	VI.P2.D	Amazonian - Violao	18	18	Complete	Complete	True
cell_comparison	S67	7	M00166 | Reductive pentose phosphate cycle, ribulose-5P -> glyceraldehyde-3P	VI.P2.R	Amazonian - Violao	19	19	Complete	Complete	True
cell_comparison	S67	7	M00166 | Reductive pentose phosphate cycle, ribulose-5P -> glyceraldehyde-3P	Acid mine drainage 3300038494	Richmond-AMD	20	84	Incomplete	Incomplete	True
cell_comparison	S67	7	M00166 | Reductive pentose phosphate cycle, ribulose-5P -> glyceraldehyde-3P	Lab enriched acid 3300038413	Akron-AMD	21	29	1 block missing	1 block missing	True
cell_comparison	S67	7	M00166 | Reductive pentose phosphate cycle, ribulose-5P -> glyceraldehyde-3P	Acid mine drainage 3300008567	Richmond-AMD	22	68	Incomplete	Incomplete	True
cell_comparison	S67	7	M00166 | Reductive pentose phosphate cycle, ribulose-5P -> glyceraldehyde-3P	Acid mine drainage 3300030091	Richmond-AMD	23	64	Incomplete	Incomplete	True
cell_comparison	S67	7	M00166 | Reductive pentose phosphate cycle, ribulose-5P -> glyceraldehyde-3P	Hydrotherm Fe rich 3300023310	Hydrothermal-Fe-mats	24	34	Incomplete	Incomplete	True
cell_comparison	S67	7	M00166 | Reductive pentose phosphate cycle, ribulose-5P -> glyceraldehyde-3P	Metatransc of lab 3300046014	Akron-AMD	25	26	Incomplete	Incomplete	True
cell_comparison	S67	7	M00166 | Reductive pentose phosphate cycle, ribulose-5P -> glyceraldehyde-3P	Metatransc of lab 3300055056	Akron-AMD	26	20	1 block missing	1 block missing	True
cell_comparison	S67	7	M00166 | Reductive pentose phosphate cycle, ribulose-5P -> glyceraldehyde-3P	Freshwater sediment microbial 3300010391	Lake-Superior	27	49	1 block missing	1 block missing	True
cell_comparison	S67	7	M00166 | Reductive pentose phosphate cycle, ribulose-5P -> glyceraldehyde-3P	Freshwater sediment microbial 3300031898	Lake-Towuti	28	57	Incomplete	Incomplete	True
cell_comparison	S67	7	M00166 | Reductive pentose phosphate cycle, ribulose-5P -> glyceraldehyde-3P	Freshwater microbial communitie 3300024300	Lake-Matano	29	43	1 block missing	1 block missing	True
cell_comparison	S67	7	M00166 | Reductive pentose phosphate cycle, ribulose-5P -> glyceraldehyde-3P	Metatransc of lab 3300055061	Akron-AMD	30	22	Incomplete	Incomplete	True
cell_comparison	S67	7	M00166 | Reductive pentose phosphate cycle, ribulose-5P -> glyceraldehyde-3P	Hydrotherm Fe rich 3300023368	Hydrothermal-Fe-mats	31	37	1 block missing	1 block missing	True
cell_comparison	S67	7	M00166 | Reductive pentose phosphate cycle, ribulose-5P -> glyceraldehyde-3P	Acid mine drainage 3300038487	Richmond-AMD	32	63	Incomplete	Incomplete	True
cell_comparison	S67	7	M00166 | Reductive pentose phosphate cycle, ribulose-5P -> glyceraldehyde-3P	Freshwater sediment microbial 3300031593	Lake-Towuti	33	52	Incomplete	Incomplete	True
cell_comparison	S67	7	M00166 | Reductive pentose phosphate cycle, ribulose-5P -> glyceraldehyde-3P	Acid mine drainage 3300030082	Richmond-AMD	34	71	Incomplete	Incomplete	True
cell_comparison	S67	7	M00166 | Reductive pentose phosphate cycle, ribulose-5P -> glyceraldehyde-3P	Freshwater sediment microbial 3300031604	Lake-Towuti	35	50	Incomplete	Incomplete	True
cell_comparison	S67	7	M00166 | Reductive pentose phosphate cycle, ribulose-5P -> glyceraldehyde-3P	Freshwater sediment microbial 3300021518	Lake-Towuti	36	51	1 block missing	1 block missing	True
cell_comparison	S67	7	M00166 | Reductive pentose phosphate cycle, ribulose-5P -> glyceraldehyde-3P	Acid mine drainage 3300030398	Richmond-AMD	37	83	Incomplete	Incomplete	True
cell_comparison	S67	7	M00166 | Reductive pentose phosphate cycle, ribulose-5P -> glyceraldehyde-3P	Acid mine drainage 3300030242	Richmond-AMD	38	79	Incomplete	Incomplete	True
cell_comparison	S67	7	M00166 | Reductive pentose phosphate cycle, ribulose-5P -> glyceraldehyde-3P	Hydrotherm Fe rich 3300023439	Hydrothermal-Fe-mats	39	40	1 block missing	1 block missing	True
cell_comparison	S67	7	M00166 | Reductive pentose phosphate cycle, ribulose-5P -> glyceraldehyde-3P	Freshwater microbial communitie 3300024333	Lake-Matano	40	44	1 block missing	1 block missing	True
cell_comparison	S67	7	M00166 | Reductive pentose phosphate cycle, ribulose-5P -> glyceraldehyde-3P	Lab enriched sediment 3300039027	Burr-Oak-BO4	41	31	Incomplete	Incomplete	True
cell_comparison	S67	7	M00166 | Reductive pentose phosphate cycle, ribulose-5P -> glyceraldehyde-3P	Acid mine drainage 3300039205	Richmond-AMD	42	75	Incomplete	Incomplete	True
cell_comparison	S67	7	M00166 | Reductive pentose phosphate cycle, ribulose-5P -> glyceraldehyde-3P	Freshwater microbial communitie 3300043827	Lake-Matano	43	47	1 block missing	1 block missing	True
cell_comparison	S67	7	M00166 | Reductive pentose phosphate cycle, ribulose-5P -> glyceraldehyde-3P	Lab enriched acid 3300038471	Akron-AMD	44	24	1 block missing	1 block missing	True
cell_comparison	S67	7	M00166 | Reductive pentose phosphate cycle, ribulose-5P -> glyceraldehyde-3P	Acid mine drainage 3300030335	Richmond-AMD	45	65	Incomplete	Incomplete	True
cell_comparison	S67	7	M00166 | Reductive pentose phosphate cycle, ribulose-5P -> glyceraldehyde-3P	Freshwater microbial communitie 3300028737	Lake-Matano	46	46	Complete	Complete	True
cell_comparison	S67	7	M00166 | Reductive pentose phosphate cycle, ribulose-5P -> glyceraldehyde-3P	Lab enriched acid 3300038411	Akron-AMD	47	25	1 block missing	1 block missing	True
cell_comparison	S67	7	M00166 | Reductive pentose phosphate cycle, ribulose-5P -> glyceraldehyde-3P	Freshwater sediment microbial 3300031877	Lake-Towuti	48	53	Incomplete	Incomplete	True
cell_comparison	S67	7	M00166 | Reductive pentose phosphate cycle, ribulose-5P -> glyceraldehyde-3P	Acid mine drainage 3300038731	Richmond-AMD	49	62	Incomplete	Incomplete	True
cell_comparison	S67	7	M00166 | Reductive pentose phosphate cycle, ribulose-5P -> glyceraldehyde-3P	Acid mine drainage 3300038979	Richmond-AMD	50	73	Incomplete	Incomplete	True
cell_comparison	S67	7	M00166 | Reductive pentose phosphate cycle, ribulose-5P -> glyceraldehyde-3P	Hydrotherm Fe rich 3300023548	Hydrothermal-Fe-mats	51	41	Incomplete	Incomplete	True
cell_comparison	S67	7	M00166 | Reductive pentose phosphate cycle, ribulose-5P -> glyceraldehyde-3P	Metatransc of freshwater 3300061576	Lake-Superior	52	48	1 block missing	1 block missing	True
cell_comparison	S67	7	M00166 | Reductive pentose phosphate cycle, ribulose-5P -> glyceraldehyde-3P	Acid mine drainage 3300038486	Richmond-AMD	53	82	Incomplete	Incomplete	True
cell_comparison	S67	7	M00166 | Reductive pentose phosphate cycle, ribulose-5P -> glyceraldehyde-3P	Freshwater sediment microbial 3300031587	Lake-Towuti	54	59	Incomplete	Incomplete	True
cell_comparison	S67	7	M00166 | Reductive pentose phosphate cycle, ribulose-5P -> glyceraldehyde-3P	Acid Mine Drainage 3300005360	Richmond-AMD	55	74	Incomplete	Incomplete	True
cell_comparison	S67	7	M00166 | Reductive pentose phosphate cycle, ribulose-5P -> glyceraldehyde-3P	Acid mine drainage 3300008723	Richmond-AMD	56	67	Incomplete	Incomplete	True
cell_comparison	S67	7	M00166 | Reductive pentose phosphate cycle, ribulose-5P -> glyceraldehyde-3P	Acid mine drainage 3300038493	Richmond-AMD	57	81	Incomplete	Incomplete	True
cell_comparison	S67	7	M00166 | Reductive pentose phosphate cycle, ribulose-5P -> glyceraldehyde-3P	Freshwater sediment microbial 3300036045	Lake-Towuti	58	55	1 block missing	1 block missing	True
cell_comparison	S67	7	M00166 | Reductive pentose phosphate cycle, ribulose-5P -> glyceraldehyde-3P	Metatransc of lab 3300046013	Akron-AMD	59	28	1 block missing	1 block missing	True
cell_comparison	S67	7	M00166 | Reductive pentose phosphate cycle, ribulose-5P -> glyceraldehyde-3P	Acid mine drainage 3300038729	Richmond-AMD	60	72	Incomplete	Incomplete	True
cell_comparison	S67	7	M00166 | Reductive pentose phosphate cycle, ribulose-5P -> glyceraldehyde-3P	Acid mine drainage 3300030413	Richmond-AMD	61	85	Incomplete	Incomplete	True
cell_comparison	S67	7	M00166 | Reductive pentose phosphate cycle, ribulose-5P -> glyceraldehyde-3P	Lab enriched acid 3300038412	Akron-AMD	62	27	1 block missing	1 block missing	True
cell_comparison	S67	7	M00166 | Reductive pentose phosphate cycle, ribulose-5P -> glyceraldehyde-3P	Freshwater sediment microbial 3300031806	Lake-Towuti	63	60	Incomplete	Incomplete	True
cell_comparison	S67	7	M00166 | Reductive pentose phosphate cycle, ribulose-5P -> glyceraldehyde-3P	Metatransc of lab 3300055057	Akron-AMD	64	30	Incomplete	Incomplete	True
cell_comparison	S67	7	M00166 | Reductive pentose phosphate cycle, ribulose-5P -> glyceraldehyde-3P	Hydrotherm Fe rich 3300023440	Hydrothermal-Fe-mats	65	39	1 block missing	1 block missing	True
cell_comparison	S67	7	M00166 | Reductive pentose phosphate cycle, ribulose-5P -> glyceraldehyde-3P	Lab enriched sediment 3300039028	Burr-Oak-BO4	66	32	1 block missing	1 block missing	True
cell_comparison	S67	7	M00166 | Reductive pentose phosphate cycle, ribulose-5P -> glyceraldehyde-3P	Acid mine drainage 3300008566	Richmond-AMD	67	77	Incomplete	Incomplete	True
cell_comparison	S67	7	M00166 | Reductive pentose phosphate cycle, ribulose-5P -> glyceraldehyde-3P	Freshwater microbial communitie 3300024341	Lake-Matano	68	45	Complete	Complete	True
cell_comparison	S67	7	M00166 | Reductive pentose phosphate cycle, ribulose-5P -> glyceraldehyde-3P	Freshwater sediment microbial 3300021517	Lake-Towuti	69	56	1 block missing	1 block missing	True
cell_comparison	S67	7	M00166 | Reductive pentose phosphate cycle, ribulose-5P -> glyceraldehyde-3P	Metatransc of lab 3300055062	Akron-AMD	70	21	1 block missing	1 block missing	True
cell_comparison	S67	7	M00166 | Reductive pentose phosphate cycle, ribulose-5P -> glyceraldehyde-3P	Hydrotherm Fe rich 3300023442	Hydrothermal-Fe-mats	71	35	1 block missing	1 block missing	True
cell_comparison	S67	7	M00166 | Reductive pentose phosphate cycle, ribulose-5P -> glyceraldehyde-3P	Freshwater sediment microbial 3300036046	Lake-Towuti	72	54	Complete	Complete	True
cell_comparison	S67	7	M00166 | Reductive pentose phosphate cycle, ribulose-5P -> glyceraldehyde-3P	Hydrotherm Fe rich 3300023313	Hydrothermal-Fe-mats	73	36	1 block missing	1 block missing	True
cell_comparison	S67	7	M00166 | Reductive pentose phosphate cycle, ribulose-5P -> glyceraldehyde-3P	Acid mine drainage 3300039211	Richmond-AMD	74	80	Incomplete	Incomplete	True
cell_comparison	S67	7	M00166 | Reductive pentose phosphate cycle, ribulose-5P -> glyceraldehyde-3P	Acid mine drainage 3300008721	Richmond-AMD	75	78	Incomplete	Incomplete	True
cell_comparison	S67	7	M00166 | Reductive pentose phosphate cycle, ribulose-5P -> glyceraldehyde-3P	Pink biofilm microbial 3300003104	Richmond-AMD	76	69	Incomplete	Incomplete	True
cell_comparison	S67	7	M00166 | Reductive pentose phosphate cycle, ribulose-5P -> glyceraldehyde-3P	Acid mine drainage 3300038681	Richmond-AMD	77	86	Incomplete	Incomplete	True
cell_comparison	S67	7	M00166 | Reductive pentose phosphate cycle, ribulose-5P -> glyceraldehyde-3P	Acid mine drainage 3300030228	Richmond-AMD	78	70	Incomplete	Incomplete	True
cell_comparison	S67	7	M00166 | Reductive pentose phosphate cycle, ribulose-5P -> glyceraldehyde-3P	Metatransc of lab 3300055069	Akron-AMD	79	23	Incomplete	Incomplete	True
cell_comparison	S67	7	M00166 | Reductive pentose phosphate cycle, ribulose-5P -> glyceraldehyde-3P	Acid Mine Drainage 2010484004	Richmond-AMD	80	66	Incomplete	Incomplete	True
cell_comparison	S67	7	M00166 | Reductive pentose phosphate cycle, ribulose-5P -> glyceraldehyde-3P	Hydrotherm Fe rich 3300023307	Hydrothermal-Fe-mats	81	33	Incomplete	Incomplete	True
cell_comparison	S67	7	M00166 | Reductive pentose phosphate cycle, ribulose-5P -> glyceraldehyde-3P	Freshwater sediment microbial 3300031876	Lake-Towuti	82	58	Incomplete	Incomplete	True
cell_comparison	S67	7	M00166 | Reductive pentose phosphate cycle, ribulose-5P -> glyceraldehyde-3P	Freshwater microbial communitie 3300023177	Lake-Matano	83	42	1 block missing	1 block missing	True
cell_comparison	S67	7	M00166 | Reductive pentose phosphate cycle, ribulose-5P -> glyceraldehyde-3P	Biofilm microbial communitie 3300021476	Other-Fe	84	61	1 block missing	1 block missing	True
cell_comparison	S67	7	M00166 | Reductive pentose phosphate cycle, ribulose-5P -> glyceraldehyde-3P	Acid Mine Drainage 3300003083	Richmond-AMD	85	76	Incomplete	Incomplete	True
cell_comparison	S67	7	M00166 | Reductive pentose phosphate cycle, ribulose-5P -> glyceraldehyde-3P	Hydrotherm Fe rich 3300023444	Hydrothermal-Fe-mats	86	38	Complete	Complete	True
cell_comparison	S67	8	M00376 | 3-Hydroxypropionate bi-cycle	AM.P1.D	Amazonian - Amendoim	0	0	Incomplete	Incomplete	True
cell_comparison	S67	8	M00376 | 3-Hydroxypropionate bi-cycle	AM.P1.R	Amazonian - Amendoim	1	1	Incomplete	Incomplete	True
cell_comparison	S67	8	M00376 | 3-Hydroxypropionate bi-cycle	AM.P2.D	Amazonian - Amendoim	2	2	Incomplete	Incomplete	True
cell_comparison	S67	8	M00376 | 3-Hydroxypropionate bi-cycle	AM.P2.R	Amazonian - Amendoim	3	3	Incomplete	Incomplete	True
cell_comparison	S67	8	M00376 | 3-Hydroxypropionate bi-cycle	TIA.P1.D	Amazonian - Tres Irmas Adjacent	4	4	Incomplete	Incomplete	True
cell_comparison	S67	8	M00376 | 3-Hydroxypropionate bi-cycle	TIA.P1.R	Amazonian - Tres Irmas Adjacent	5	5	Incomplete	Incomplete	True
cell_comparison	S67	8	M00376 | 3-Hydroxypropionate bi-cycle	TIA.P2.D	Amazonian - Tres Irmas Adjacent	6	6	Incomplete	Incomplete	True
cell_comparison	S67	8	M00376 | 3-Hydroxypropionate bi-cycle	TIA.P2.R	Amazonian - Tres Irmas Adjacent	7	7	Incomplete	Incomplete	True
cell_comparison	S67	8	M00376 | 3-Hydroxypropionate bi-cycle	TI.P1.D	Amazonian - Tres Irmas	8	8	Incomplete	Incomplete	True
cell_comparison	S67	8	M00376 | 3-Hydroxypropionate bi-cycle	TI.P1.R	Amazonian - Tres Irmas	9	9	Incomplete	Incomplete	True
cell_comparison	S67	8	M00376 | 3-Hydroxypropionate bi-cycle	TI.P2.D	Amazonian - Tres Irmas	10	10	Incomplete	Incomplete	True
cell_comparison	S67	8	M00376 | 3-Hydroxypropionate bi-cycle	TI.P2.R	Amazonian - Tres Irmas	11	11	Incomplete	Incomplete	True
cell_comparison	S67	8	M00376 | 3-Hydroxypropionate bi-cycle	TI.P3.D	Amazonian - Tres Irmas	12	12	Incomplete	Incomplete	True
cell_comparison	S67	8	M00376 | 3-Hydroxypropionate bi-cycle	TI.P3.R	Amazonian - Tres Irmas	13	13	Incomplete	Incomplete	True
cell_comparison	S67	8	M00376 | 3-Hydroxypropionate bi-cycle	TI.P4.D	Amazonian - Tres Irmas	14	14	Incomplete	Incomplete	True
cell_comparison	S67	8	M00376 | 3-Hydroxypropionate bi-cycle	TI.P4.R	Amazonian - Tres Irmas	15	15	Incomplete	Incomplete	True
cell_comparison	S67	8	M00376 | 3-Hydroxypropionate bi-cycle	VI.P1.D	Amazonian - Violao	16	16	Incomplete	Incomplete	True
cell_comparison	S67	8	M00376 | 3-Hydroxypropionate bi-cycle	VI.P1.R	Amazonian - Violao	17	17	Incomplete	Incomplete	True
cell_comparison	S67	8	M00376 | 3-Hydroxypropionate bi-cycle	VI.P2.D	Amazonian - Violao	18	18	Incomplete	Incomplete	True
cell_comparison	S67	8	M00376 | 3-Hydroxypropionate bi-cycle	VI.P2.R	Amazonian - Violao	19	19	Incomplete	Incomplete	True
cell_comparison	S67	8	M00376 | 3-Hydroxypropionate bi-cycle	Acid mine drainage 3300038494	Richmond-AMD	20	84	Incomplete	Incomplete	True
cell_comparison	S67	8	M00376 | 3-Hydroxypropionate bi-cycle	Lab enriched acid 3300038413	Akron-AMD	21	29	Complete	Complete	True
cell_comparison	S67	8	M00376 | 3-Hydroxypropionate bi-cycle	Acid mine drainage 3300008567	Richmond-AMD	22	68	Incomplete	Incomplete	True
cell_comparison	S67	8	M00376 | 3-Hydroxypropionate bi-cycle	Acid mine drainage 3300030091	Richmond-AMD	23	64	Incomplete	Incomplete	True
cell_comparison	S67	8	M00376 | 3-Hydroxypropionate bi-cycle	Hydrotherm Fe rich 3300023310	Hydrothermal-Fe-mats	24	34	Incomplete	Incomplete	True
cell_comparison	S67	8	M00376 | 3-Hydroxypropionate bi-cycle	Metatransc of lab 3300046014	Akron-AMD	25	26	Incomplete	Incomplete	True
cell_comparison	S67	8	M00376 | 3-Hydroxypropionate bi-cycle	Metatransc of lab 3300055056	Akron-AMD	26	20	Incomplete	Incomplete	True
cell_comparison	S67	8	M00376 | 3-Hydroxypropionate bi-cycle	Freshwater sediment microbial 3300010391	Lake-Superior	27	49	1 block missing	1 block missing	True
cell_comparison	S67	8	M00376 | 3-Hydroxypropionate bi-cycle	Freshwater sediment microbial 3300031898	Lake-Towuti	28	57	Incomplete	Incomplete	True
cell_comparison	S67	8	M00376 | 3-Hydroxypropionate bi-cycle	Freshwater microbial communitie 3300024300	Lake-Matano	29	43	1 block missing	1 block missing	True
cell_comparison	S67	8	M00376 | 3-Hydroxypropionate bi-cycle	Metatransc of lab 3300055061	Akron-AMD	30	22	Incomplete	Incomplete	True
cell_comparison	S67	8	M00376 | 3-Hydroxypropionate bi-cycle	Hydrotherm Fe rich 3300023368	Hydrothermal-Fe-mats	31	37	Incomplete	Incomplete	True
cell_comparison	S67	8	M00376 | 3-Hydroxypropionate bi-cycle	Acid mine drainage 3300038487	Richmond-AMD	32	63	Incomplete	Incomplete	True
cell_comparison	S67	8	M00376 | 3-Hydroxypropionate bi-cycle	Freshwater sediment microbial 3300031593	Lake-Towuti	33	52	Incomplete	Incomplete	True
cell_comparison	S67	8	M00376 | 3-Hydroxypropionate bi-cycle	Acid mine drainage 3300030082	Richmond-AMD	34	71	Incomplete	Incomplete	True
cell_comparison	S67	8	M00376 | 3-Hydroxypropionate bi-cycle	Freshwater sediment microbial 3300031604	Lake-Towuti	35	50	Incomplete	Incomplete	True
cell_comparison	S67	8	M00376 | 3-Hydroxypropionate bi-cycle	Freshwater sediment microbial 3300021518	Lake-Towuti	36	51	Complete	Complete	True
cell_comparison	S67	8	M00376 | 3-Hydroxypropionate bi-cycle	Acid mine drainage 3300030398	Richmond-AMD	37	83	Incomplete	Incomplete	True
cell_comparison	S67	8	M00376 | 3-Hydroxypropionate bi-cycle	Acid mine drainage 3300030242	Richmond-AMD	38	79	Incomplete	Incomplete	True
cell_comparison	S67	8	M00376 | 3-Hydroxypropionate bi-cycle	Hydrotherm Fe rich 3300023439	Hydrothermal-Fe-mats	39	40	Incomplete	Incomplete	True
cell_comparison	S67	8	M00376 | 3-Hydroxypropionate bi-cycle	Freshwater microbial communitie 3300024333	Lake-Matano	40	44	1 block missing	1 block missing	True
cell_comparison	S67	8	M00376 | 3-Hydroxypropionate bi-cycle	Lab enriched sediment 3300039027	Burr-Oak-BO4	41	31	Incomplete	Incomplete	True
cell_comparison	S67	8	M00376 | 3-Hydroxypropionate bi-cycle	Acid mine drainage 3300039205	Richmond-AMD	42	75	Incomplete	Incomplete	True
cell_comparison	S67	8	M00376 | 3-Hydroxypropionate bi-cycle	Freshwater microbial communitie 3300043827	Lake-Matano	43	47	Incomplete	Incomplete	True
cell_comparison	S67	8	M00376 | 3-Hydroxypropionate bi-cycle	Lab enriched acid 3300038471	Akron-AMD	44	24	Incomplete	Incomplete	True
cell_comparison	S67	8	M00376 | 3-Hydroxypropionate bi-cycle	Acid mine drainage 3300030335	Richmond-AMD	45	65	Incomplete	Incomplete	True
cell_comparison	S67	8	M00376 | 3-Hydroxypropionate bi-cycle	Freshwater microbial communitie 3300028737	Lake-Matano	46	46	Complete	Complete	True
cell_comparison	S67	8	M00376 | 3-Hydroxypropionate bi-cycle	Lab enriched acid 3300038411	Akron-AMD	47	25	1 block missing	1 block missing	True
cell_comparison	S67	8	M00376 | 3-Hydroxypropionate bi-cycle	Freshwater sediment microbial 3300031877	Lake-Towuti	48	53	Incomplete	Incomplete	True
cell_comparison	S67	8	M00376 | 3-Hydroxypropionate bi-cycle	Acid mine drainage 3300038731	Richmond-AMD	49	62	Incomplete	Incomplete	True
cell_comparison	S67	8	M00376 | 3-Hydroxypropionate bi-cycle	Acid mine drainage 3300038979	Richmond-AMD	50	73	Incomplete	Incomplete	True
cell_comparison	S67	8	M00376 | 3-Hydroxypropionate bi-cycle	Hydrotherm Fe rich 3300023548	Hydrothermal-Fe-mats	51	41	Incomplete	Incomplete	True
cell_comparison	S67	8	M00376 | 3-Hydroxypropionate bi-cycle	Metatransc of freshwater 3300061576	Lake-Superior	52	48	Incomplete	Incomplete	True
cell_comparison	S67	8	M00376 | 3-Hydroxypropionate bi-cycle	Acid mine drainage 3300038486	Richmond-AMD	53	82	Incomplete	Incomplete	True
cell_comparison	S67	8	M00376 | 3-Hydroxypropionate bi-cycle	Freshwater sediment microbial 3300031587	Lake-Towuti	54	59	Incomplete	Incomplete	True
cell_comparison	S67	8	M00376 | 3-Hydroxypropionate bi-cycle	Acid Mine Drainage 3300005360	Richmond-AMD	55	74	Incomplete	Incomplete	True
cell_comparison	S67	8	M00376 | 3-Hydroxypropionate bi-cycle	Acid mine drainage 3300008723	Richmond-AMD	56	67	Incomplete	Incomplete	True
cell_comparison	S67	8	M00376 | 3-Hydroxypropionate bi-cycle	Acid mine drainage 3300038493	Richmond-AMD	57	81	Incomplete	Incomplete	True
cell_comparison	S67	8	M00376 | 3-Hydroxypropionate bi-cycle	Freshwater sediment microbial 3300036045	Lake-Towuti	58	55	Complete	Complete	True
cell_comparison	S67	8	M00376 | 3-Hydroxypropionate bi-cycle	Metatransc of lab 3300046013	Akron-AMD	59	28	Incomplete	Incomplete	True
cell_comparison	S67	8	M00376 | 3-Hydroxypropionate bi-cycle	Acid mine drainage 3300038729	Richmond-AMD	60	72	Incomplete	Incomplete	True
cell_comparison	S67	8	M00376 | 3-Hydroxypropionate bi-cycle	Acid mine drainage 3300030413	Richmond-AMD	61	85	Incomplete	Incomplete	True
cell_comparison	S67	8	M00376 | 3-Hydroxypropionate bi-cycle	Lab enriched acid 3300038412	Akron-AMD	62	27	Incomplete	Incomplete	True
cell_comparison	S67	8	M00376 | 3-Hydroxypropionate bi-cycle	Freshwater sediment microbial 3300031806	Lake-Towuti	63	60	Incomplete	Incomplete	True
cell_comparison	S67	8	M00376 | 3-Hydroxypropionate bi-cycle	Metatransc of lab 3300055057	Akron-AMD	64	30	Incomplete	Incomplete	True
cell_comparison	S67	8	M00376 | 3-Hydroxypropionate bi-cycle	Hydrotherm Fe rich 3300023440	Hydrothermal-Fe-mats	65	39	Incomplete	Incomplete	True
cell_comparison	S67	8	M00376 | 3-Hydroxypropionate bi-cycle	Lab enriched sediment 3300039028	Burr-Oak-BO4	66	32	Incomplete	Incomplete	True
cell_comparison	S67	8	M00376 | 3-Hydroxypropionate bi-cycle	Acid mine drainage 3300008566	Richmond-AMD	67	77	Incomplete	Incomplete	True
cell_comparison	S67	8	M00376 | 3-Hydroxypropionate bi-cycle	Freshwater microbial communitie 3300024341	Lake-Matano	68	45	Complete	Complete	True
cell_comparison	S67	8	M00376 | 3-Hydroxypropionate bi-cycle	Freshwater sediment microbial 3300021517	Lake-Towuti	69	56	Complete	Complete	True
cell_comparison	S67	8	M00376 | 3-Hydroxypropionate bi-cycle	Metatransc of lab 3300055062	Akron-AMD	70	21	Incomplete	Incomplete	True
cell_comparison	S67	8	M00376 | 3-Hydroxypropionate bi-cycle	Hydrotherm Fe rich 3300023442	Hydrothermal-Fe-mats	71	35	1 block missing	1 block missing	True
cell_comparison	S67	8	M00376 | 3-Hydroxypropionate bi-cycle	Freshwater sediment microbial 3300036046	Lake-Towuti	72	54	Complete	Complete	True
cell_comparison	S67	8	M00376 | 3-Hydroxypropionate bi-cycle	Hydrotherm Fe rich 3300023313	Hydrothermal-Fe-mats	73	36	Incomplete	Incomplete	True
cell_comparison	S67	8	M00376 | 3-Hydroxypropionate bi-cycle	Acid mine drainage 3300039211	Richmond-AMD	74	80	Incomplete	Incomplete	True
cell_comparison	S67	8	M00376 | 3-Hydroxypropionate bi-cycle	Acid mine drainage 3300008721	Richmond-AMD	75	78	Incomplete	Incomplete	True
cell_comparison	S67	8	M00376 | 3-Hydroxypropionate bi-cycle	Pink biofilm microbial 3300003104	Richmond-AMD	76	69	Incomplete	Incomplete	True
cell_comparison	S67	8	M00376 | 3-Hydroxypropionate bi-cycle	Acid mine drainage 3300038681	Richmond-AMD	77	86	Incomplete	Incomplete	True
cell_comparison	S67	8	M00376 | 3-Hydroxypropionate bi-cycle	Acid mine drainage 3300030228	Richmond-AMD	78	70	Incomplete	Incomplete	True
cell_comparison	S67	8	M00376 | 3-Hydroxypropionate bi-cycle	Metatransc of lab 3300055069	Akron-AMD	79	23	Incomplete	Incomplete	True
cell_comparison	S67	8	M00376 | 3-Hydroxypropionate bi-cycle	Acid Mine Drainage 2010484004	Richmond-AMD	80	66	Incomplete	Incomplete	True
cell_comparison	S67	8	M00376 | 3-Hydroxypropionate bi-cycle	Hydrotherm Fe rich 3300023307	Hydrothermal-Fe-mats	81	33	Incomplete	Incomplete	True
cell_comparison	S67	8	M00376 | 3-Hydroxypropionate bi-cycle	Freshwater sediment microbial 3300031876	Lake-Towuti	82	58	Incomplete	Incomplete	True
cell_comparison	S67	8	M00376 | 3-Hydroxypropionate bi-cycle	Freshwater microbial communitie 3300023177	Lake-Matano	83	42	Complete	Complete	True
cell_comparison	S67	8	M00376 | 3-Hydroxypropionate bi-cycle	Biofilm microbial communitie 3300021476	Other-Fe	84	61	1 block missing	1 block missing	True
cell_comparison	S67	8	M00376 | 3-Hydroxypropionate bi-cycle	Acid Mine Drainage 3300003083	Richmond-AMD	85	76	Incomplete	Incomplete	True
cell_comparison	S67	8	M00376 | 3-Hydroxypropionate bi-cycle	Hydrotherm Fe rich 3300023444	Hydrothermal-Fe-mats	86	38	Incomplete	Incomplete	True
cell_comparison	S67	9	M00377 | Reductive acetyl-CoA pathway (Wood-Ljungdahl pathway)	AM.P1.D	Amazonian - Amendoim	0	0	Incomplete	Incomplete	True
cell_comparison	S67	9	M00377 | Reductive acetyl-CoA pathway (Wood-Ljungdahl pathway)	AM.P1.R	Amazonian - Amendoim	1	1	Incomplete	Incomplete	True
cell_comparison	S67	9	M00377 | Reductive acetyl-CoA pathway (Wood-Ljungdahl pathway)	AM.P2.D	Amazonian - Amendoim	2	2	Incomplete	Incomplete	True
cell_comparison	S67	9	M00377 | Reductive acetyl-CoA pathway (Wood-Ljungdahl pathway)	AM.P2.R	Amazonian - Amendoim	3	3	Incomplete	Incomplete	True
cell_comparison	S67	9	M00377 | Reductive acetyl-CoA pathway (Wood-Ljungdahl pathway)	TIA.P1.D	Amazonian - Tres Irmas Adjacent	4	4	Incomplete	Incomplete	True
cell_comparison	S67	9	M00377 | Reductive acetyl-CoA pathway (Wood-Ljungdahl pathway)	TIA.P1.R	Amazonian - Tres Irmas Adjacent	5	5	Incomplete	Incomplete	True
cell_comparison	S67	9	M00377 | Reductive acetyl-CoA pathway (Wood-Ljungdahl pathway)	TIA.P2.D	Amazonian - Tres Irmas Adjacent	6	6	Incomplete	Incomplete	True
cell_comparison	S67	9	M00377 | Reductive acetyl-CoA pathway (Wood-Ljungdahl pathway)	TIA.P2.R	Amazonian - Tres Irmas Adjacent	7	7	Incomplete	Incomplete	True
cell_comparison	S67	9	M00377 | Reductive acetyl-CoA pathway (Wood-Ljungdahl pathway)	TI.P1.D	Amazonian - Tres Irmas	8	8	Incomplete	Incomplete	True
cell_comparison	S67	9	M00377 | Reductive acetyl-CoA pathway (Wood-Ljungdahl pathway)	TI.P1.R	Amazonian - Tres Irmas	9	9	Incomplete	Incomplete	True
cell_comparison	S67	9	M00377 | Reductive acetyl-CoA pathway (Wood-Ljungdahl pathway)	TI.P2.D	Amazonian - Tres Irmas	10	10	Incomplete	Incomplete	True
cell_comparison	S67	9	M00377 | Reductive acetyl-CoA pathway (Wood-Ljungdahl pathway)	TI.P2.R	Amazonian - Tres Irmas	11	11	Incomplete	Incomplete	True
cell_comparison	S67	9	M00377 | Reductive acetyl-CoA pathway (Wood-Ljungdahl pathway)	TI.P3.D	Amazonian - Tres Irmas	12	12	Incomplete	Incomplete	True
cell_comparison	S67	9	M00377 | Reductive acetyl-CoA pathway (Wood-Ljungdahl pathway)	TI.P3.R	Amazonian - Tres Irmas	13	13	Incomplete	Incomplete	True
cell_comparison	S67	9	M00377 | Reductive acetyl-CoA pathway (Wood-Ljungdahl pathway)	TI.P4.D	Amazonian - Tres Irmas	14	14	Incomplete	Incomplete	True
cell_comparison	S67	9	M00377 | Reductive acetyl-CoA pathway (Wood-Ljungdahl pathway)	TI.P4.R	Amazonian - Tres Irmas	15	15	Incomplete	Incomplete	True
cell_comparison	S67	9	M00377 | Reductive acetyl-CoA pathway (Wood-Ljungdahl pathway)	VI.P1.D	Amazonian - Violao	16	16	Incomplete	Incomplete	True
cell_comparison	S67	9	M00377 | Reductive acetyl-CoA pathway (Wood-Ljungdahl pathway)	VI.P1.R	Amazonian - Violao	17	17	Incomplete	Incomplete	True
cell_comparison	S67	9	M00377 | Reductive acetyl-CoA pathway (Wood-Ljungdahl pathway)	VI.P2.D	Amazonian - Violao	18	18	Incomplete	Incomplete	True
cell_comparison	S67	9	M00377 | Reductive acetyl-CoA pathway (Wood-Ljungdahl pathway)	VI.P2.R	Amazonian - Violao	19	19	Incomplete	Incomplete	True
cell_comparison	S67	9	M00377 | Reductive acetyl-CoA pathway (Wood-Ljungdahl pathway)	Acid mine drainage 3300038494	Richmond-AMD	20	84	Incomplete	Incomplete	True
cell_comparison	S67	9	M00377 | Reductive acetyl-CoA pathway (Wood-Ljungdahl pathway)	Lab enriched acid 3300038413	Akron-AMD	21	29	Incomplete	Incomplete	True
cell_comparison	S67	9	M00377 | Reductive acetyl-CoA pathway (Wood-Ljungdahl pathway)	Acid mine drainage 3300008567	Richmond-AMD	22	68	Incomplete	Incomplete	True
cell_comparison	S67	9	M00377 | Reductive acetyl-CoA pathway (Wood-Ljungdahl pathway)	Acid mine drainage 3300030091	Richmond-AMD	23	64	Incomplete	Incomplete	True
cell_comparison	S67	9	M00377 | Reductive acetyl-CoA pathway (Wood-Ljungdahl pathway)	Hydrotherm Fe rich 3300023310	Hydrothermal-Fe-mats	24	34	Incomplete	Incomplete	True
cell_comparison	S67	9	M00377 | Reductive acetyl-CoA pathway (Wood-Ljungdahl pathway)	Metatransc of lab 3300046014	Akron-AMD	25	26	Incomplete	Incomplete	True
cell_comparison	S67	9	M00377 | Reductive acetyl-CoA pathway (Wood-Ljungdahl pathway)	Metatransc of lab 3300055056	Akron-AMD	26	20	Incomplete	Incomplete	True
cell_comparison	S67	9	M00377 | Reductive acetyl-CoA pathway (Wood-Ljungdahl pathway)	Freshwater sediment microbial 3300010391	Lake-Superior	27	49	Complete	Complete	True
cell_comparison	S67	9	M00377 | Reductive acetyl-CoA pathway (Wood-Ljungdahl pathway)	Freshwater sediment microbial 3300031898	Lake-Towuti	28	57	Complete	Complete	True
cell_comparison	S67	9	M00377 | Reductive acetyl-CoA pathway (Wood-Ljungdahl pathway)	Freshwater microbial communitie 3300024300	Lake-Matano	29	43	Complete	Complete	True
cell_comparison	S67	9	M00377 | Reductive acetyl-CoA pathway (Wood-Ljungdahl pathway)	Metatransc of lab 3300055061	Akron-AMD	30	22	Incomplete	Incomplete	True
cell_comparison	S67	9	M00377 | Reductive acetyl-CoA pathway (Wood-Ljungdahl pathway)	Hydrotherm Fe rich 3300023368	Hydrothermal-Fe-mats	31	37	Complete	Complete	True
cell_comparison	S67	9	M00377 | Reductive acetyl-CoA pathway (Wood-Ljungdahl pathway)	Acid mine drainage 3300038487	Richmond-AMD	32	63	Incomplete	Incomplete	True
cell_comparison	S67	9	M00377 | Reductive acetyl-CoA pathway (Wood-Ljungdahl pathway)	Freshwater sediment microbial 3300031593	Lake-Towuti	33	52	Complete	Complete	True
cell_comparison	S67	9	M00377 | Reductive acetyl-CoA pathway (Wood-Ljungdahl pathway)	Acid mine drainage 3300030082	Richmond-AMD	34	71	Incomplete	Incomplete	True
cell_comparison	S67	9	M00377 | Reductive acetyl-CoA pathway (Wood-Ljungdahl pathway)	Freshwater sediment microbial 3300031604	Lake-Towuti	35	50	Complete	Complete	True
cell_comparison	S67	9	M00377 | Reductive acetyl-CoA pathway (Wood-Ljungdahl pathway)	Freshwater sediment microbial 3300021518	Lake-Towuti	36	51	1 block missing	1 block missing	True
cell_comparison	S67	9	M00377 | Reductive acetyl-CoA pathway (Wood-Ljungdahl pathway)	Acid mine drainage 3300030398	Richmond-AMD	37	83	Incomplete	Incomplete	True
cell_comparison	S67	9	M00377 | Reductive acetyl-CoA pathway (Wood-Ljungdahl pathway)	Acid mine drainage 3300030242	Richmond-AMD	38	79	Incomplete	Incomplete	True
cell_comparison	S67	9	M00377 | Reductive acetyl-CoA pathway (Wood-Ljungdahl pathway)	Hydrotherm Fe rich 3300023439	Hydrothermal-Fe-mats	39	40	Complete	Complete	True
cell_comparison	S67	9	M00377 | Reductive acetyl-CoA pathway (Wood-Ljungdahl pathway)	Freshwater microbial communitie 3300024333	Lake-Matano	40	44	Complete	Complete	True
cell_comparison	S67	9	M00377 | Reductive acetyl-CoA pathway (Wood-Ljungdahl pathway)	Lab enriched sediment 3300039027	Burr-Oak-BO4	41	31	Incomplete	Incomplete	True
cell_comparison	S67	9	M00377 | Reductive acetyl-CoA pathway (Wood-Ljungdahl pathway)	Acid mine drainage 3300039205	Richmond-AMD	42	75	Incomplete	Incomplete	True
cell_comparison	S67	9	M00377 | Reductive acetyl-CoA pathway (Wood-Ljungdahl pathway)	Freshwater microbial communitie 3300043827	Lake-Matano	43	47	Incomplete	Incomplete	True
cell_comparison	S67	9	M00377 | Reductive acetyl-CoA pathway (Wood-Ljungdahl pathway)	Lab enriched acid 3300038471	Akron-AMD	44	24	Incomplete	Incomplete	True
cell_comparison	S67	9	M00377 | Reductive acetyl-CoA pathway (Wood-Ljungdahl pathway)	Acid mine drainage 3300030335	Richmond-AMD	45	65	Incomplete	Incomplete	True
cell_comparison	S67	9	M00377 | Reductive acetyl-CoA pathway (Wood-Ljungdahl pathway)	Freshwater microbial communitie 3300028737	Lake-Matano	46	46	Complete	Complete	True
cell_comparison	S67	9	M00377 | Reductive acetyl-CoA pathway (Wood-Ljungdahl pathway)	Lab enriched acid 3300038411	Akron-AMD	47	25	Incomplete	Incomplete	True
cell_comparison	S67	9	M00377 | Reductive acetyl-CoA pathway (Wood-Ljungdahl pathway)	Freshwater sediment microbial 3300031877	Lake-Towuti	48	53	Complete	Complete	True
cell_comparison	S67	9	M00377 | Reductive acetyl-CoA pathway (Wood-Ljungdahl pathway)	Acid mine drainage 3300038731	Richmond-AMD	49	62	Incomplete	Incomplete	True
cell_comparison	S67	9	M00377 | Reductive acetyl-CoA pathway (Wood-Ljungdahl pathway)	Acid mine drainage 3300038979	Richmond-AMD	50	73	Incomplete	Incomplete	True
cell_comparison	S67	9	M00377 | Reductive acetyl-CoA pathway (Wood-Ljungdahl pathway)	Hydrotherm Fe rich 3300023548	Hydrothermal-Fe-mats	51	41	Complete	Complete	True
cell_comparison	S67	9	M00377 | Reductive acetyl-CoA pathway (Wood-Ljungdahl pathway)	Metatransc of freshwater 3300061576	Lake-Superior	52	48	Incomplete	Incomplete	True
cell_comparison	S67	9	M00377 | Reductive acetyl-CoA pathway (Wood-Ljungdahl pathway)	Acid mine drainage 3300038486	Richmond-AMD	53	82	Incomplete	Incomplete	True
cell_comparison	S67	9	M00377 | Reductive acetyl-CoA pathway (Wood-Ljungdahl pathway)	Freshwater sediment microbial 3300031587	Lake-Towuti	54	59	Complete	Complete	True
cell_comparison	S67	9	M00377 | Reductive acetyl-CoA pathway (Wood-Ljungdahl pathway)	Acid Mine Drainage 3300005360	Richmond-AMD	55	74	Incomplete	Incomplete	True
cell_comparison	S67	9	M00377 | Reductive acetyl-CoA pathway (Wood-Ljungdahl pathway)	Acid mine drainage 3300008723	Richmond-AMD	56	67	Incomplete	Incomplete	True
cell_comparison	S67	9	M00377 | Reductive acetyl-CoA pathway (Wood-Ljungdahl pathway)	Acid mine drainage 3300038493	Richmond-AMD	57	81	Incomplete	Incomplete	True
cell_comparison	S67	9	M00377 | Reductive acetyl-CoA pathway (Wood-Ljungdahl pathway)	Freshwater sediment microbial 3300036045	Lake-Towuti	58	55	Complete	Complete	True
cell_comparison	S67	9	M00377 | Reductive acetyl-CoA pathway (Wood-Ljungdahl pathway)	Metatransc of lab 3300046013	Akron-AMD	59	28	Incomplete	Incomplete	True
cell_comparison	S67	9	M00377 | Reductive acetyl-CoA pathway (Wood-Ljungdahl pathway)	Acid mine drainage 3300038729	Richmond-AMD	60	72	Incomplete	Incomplete	True
cell_comparison	S67	9	M00377 | Reductive acetyl-CoA pathway (Wood-Ljungdahl pathway)	Acid mine drainage 3300030413	Richmond-AMD	61	85	Incomplete	Incomplete	True
cell_comparison	S67	9	M00377 | Reductive acetyl-CoA pathway (Wood-Ljungdahl pathway)	Lab enriched acid 3300038412	Akron-AMD	62	27	Incomplete	Incomplete	True
cell_comparison	S67	9	M00377 | Reductive acetyl-CoA pathway (Wood-Ljungdahl pathway)	Freshwater sediment microbial 3300031806	Lake-Towuti	63	60	Complete	Complete	True
cell_comparison	S67	9	M00377 | Reductive acetyl-CoA pathway (Wood-Ljungdahl pathway)	Metatransc of lab 3300055057	Akron-AMD	64	30	Incomplete	Incomplete	True
cell_comparison	S67	9	M00377 | Reductive acetyl-CoA pathway (Wood-Ljungdahl pathway)	Hydrotherm Fe rich 3300023440	Hydrothermal-Fe-mats	65	39	Complete	Complete	True
cell_comparison	S67	9	M00377 | Reductive acetyl-CoA pathway (Wood-Ljungdahl pathway)	Lab enriched sediment 3300039028	Burr-Oak-BO4	66	32	Incomplete	Incomplete	True
cell_comparison	S67	9	M00377 | Reductive acetyl-CoA pathway (Wood-Ljungdahl pathway)	Acid mine drainage 3300008566	Richmond-AMD	67	77	Incomplete	Incomplete	True
cell_comparison	S67	9	M00377 | Reductive acetyl-CoA pathway (Wood-Ljungdahl pathway)	Freshwater microbial communitie 3300024341	Lake-Matano	68	45	Complete	Complete	True
cell_comparison	S67	9	M00377 | Reductive acetyl-CoA pathway (Wood-Ljungdahl pathway)	Freshwater sediment microbial 3300021517	Lake-Towuti	69	56	1 block missing	1 block missing	True
cell_comparison	S67	9	M00377 | Reductive acetyl-CoA pathway (Wood-Ljungdahl pathway)	Metatransc of lab 3300055062	Akron-AMD	70	21	Incomplete	Incomplete	True
cell_comparison	S67	9	M00377 | Reductive acetyl-CoA pathway (Wood-Ljungdahl pathway)	Hydrotherm Fe rich 3300023442	Hydrothermal-Fe-mats	71	35	Complete	Complete	True
cell_comparison	S67	9	M00377 | Reductive acetyl-CoA pathway (Wood-Ljungdahl pathway)	Freshwater sediment microbial 3300036046	Lake-Towuti	72	54	1 block missing	1 block missing	True
cell_comparison	S67	9	M00377 | Reductive acetyl-CoA pathway (Wood-Ljungdahl pathway)	Hydrotherm Fe rich 3300023313	Hydrothermal-Fe-mats	73	36	Incomplete	Incomplete	True
cell_comparison	S67	9	M00377 | Reductive acetyl-CoA pathway (Wood-Ljungdahl pathway)	Acid mine drainage 3300039211	Richmond-AMD	74	80	Incomplete	Incomplete	True
cell_comparison	S67	9	M00377 | Reductive acetyl-CoA pathway (Wood-Ljungdahl pathway)	Acid mine drainage 3300008721	Richmond-AMD	75	78	Incomplete	Incomplete	True
cell_comparison	S67	9	M00377 | Reductive acetyl-CoA pathway (Wood-Ljungdahl pathway)	Pink biofilm microbial 3300003104	Richmond-AMD	76	69	Incomplete	Incomplete	True
cell_comparison	S67	9	M00377 | Reductive acetyl-CoA pathway (Wood-Ljungdahl pathway)	Acid mine drainage 3300038681	Richmond-AMD	77	86	Incomplete	Incomplete	True
cell_comparison	S67	9	M00377 | Reductive acetyl-CoA pathway (Wood-Ljungdahl pathway)	Acid mine drainage 3300030228	Richmond-AMD	78	70	Incomplete	Incomplete	True
cell_comparison	S67	9	M00377 | Reductive acetyl-CoA pathway (Wood-Ljungdahl pathway)	Metatransc of lab 3300055069	Akron-AMD	79	23	Incomplete	Incomplete	True
cell_comparison	S67	9	M00377 | Reductive acetyl-CoA pathway (Wood-Ljungdahl pathway)	Acid Mine Drainage 2010484004	Richmond-AMD	80	66	Incomplete	Incomplete	True
cell_comparison	S67	9	M00377 | Reductive acetyl-CoA pathway (Wood-Ljungdahl pathway)	Hydrotherm Fe rich 3300023307	Hydrothermal-Fe-mats	81	33	Incomplete	Incomplete	True
cell_comparison	S67	9	M00377 | Reductive acetyl-CoA pathway (Wood-Ljungdahl pathway)	Freshwater sediment microbial 3300031876	Lake-Towuti	82	58	Complete	Complete	True
cell_comparison	S67	9	M00377 | Reductive acetyl-CoA pathway (Wood-Ljungdahl pathway)	Freshwater microbial communitie 3300023177	Lake-Matano	83	42	Complete	Complete	True
cell_comparison	S67	9	M00377 | Reductive acetyl-CoA pathway (Wood-Ljungdahl pathway)	Biofilm microbial communitie 3300021476	Other-Fe	84	61	1 block missing	1 block missing	True
cell_comparison	S67	9	M00377 | Reductive acetyl-CoA pathway (Wood-Ljungdahl pathway)	Acid Mine Drainage 3300003083	Richmond-AMD	85	76	Incomplete	Incomplete	True
cell_comparison	S67	9	M00377 | Reductive acetyl-CoA pathway (Wood-Ljungdahl pathway)	Hydrotherm Fe rich 3300023444	Hydrothermal-Fe-mats	86	38	Complete	Complete	True
cell_comparison	S67	10	M00422 | Acetyl-CoA pathway, CO2 -> acetyl-CoA	AM.P1.D	Amazonian - Amendoim	0	0	Complete	Complete	True
cell_comparison	S67	10	M00422 | Acetyl-CoA pathway, CO2 -> acetyl-CoA	AM.P1.R	Amazonian - Amendoim	1	1	1 block missing	1 block missing	True
cell_comparison	S67	10	M00422 | Acetyl-CoA pathway, CO2 -> acetyl-CoA	AM.P2.D	Amazonian - Amendoim	2	2	1 block missing	1 block missing	True
cell_comparison	S67	10	M00422 | Acetyl-CoA pathway, CO2 -> acetyl-CoA	AM.P2.R	Amazonian - Amendoim	3	3	1 block missing	1 block missing	True
cell_comparison	S67	10	M00422 | Acetyl-CoA pathway, CO2 -> acetyl-CoA	TIA.P1.D	Amazonian - Tres Irmas Adjacent	4	4	Incomplete	Incomplete	True
cell_comparison	S67	10	M00422 | Acetyl-CoA pathway, CO2 -> acetyl-CoA	TIA.P1.R	Amazonian - Tres Irmas Adjacent	5	5	1 block missing	1 block missing	True
cell_comparison	S67	10	M00422 | Acetyl-CoA pathway, CO2 -> acetyl-CoA	TIA.P2.D	Amazonian - Tres Irmas Adjacent	6	6	1 block missing	1 block missing	True
cell_comparison	S67	10	M00422 | Acetyl-CoA pathway, CO2 -> acetyl-CoA	TIA.P2.R	Amazonian - Tres Irmas Adjacent	7	7	Incomplete	Incomplete	True
cell_comparison	S67	10	M00422 | Acetyl-CoA pathway, CO2 -> acetyl-CoA	TI.P1.D	Amazonian - Tres Irmas	8	8	Incomplete	Incomplete	True
cell_comparison	S67	10	M00422 | Acetyl-CoA pathway, CO2 -> acetyl-CoA	TI.P1.R	Amazonian - Tres Irmas	9	9	Incomplete	Incomplete	True
cell_comparison	S67	10	M00422 | Acetyl-CoA pathway, CO2 -> acetyl-CoA	TI.P2.D	Amazonian - Tres Irmas	10	10	Complete	Complete	True
cell_comparison	S67	10	M00422 | Acetyl-CoA pathway, CO2 -> acetyl-CoA	TI.P2.R	Amazonian - Tres Irmas	11	11	Complete	Complete	True
cell_comparison	S67	10	M00422 | Acetyl-CoA pathway, CO2 -> acetyl-CoA	TI.P3.D	Amazonian - Tres Irmas	12	12	1 block missing	1 block missing	True
cell_comparison	S67	10	M00422 | Acetyl-CoA pathway, CO2 -> acetyl-CoA	TI.P3.R	Amazonian - Tres Irmas	13	13	1 block missing	1 block missing	True
cell_comparison	S67	10	M00422 | Acetyl-CoA pathway, CO2 -> acetyl-CoA	TI.P4.D	Amazonian - Tres Irmas	14	14	Incomplete	Incomplete	True
cell_comparison	S67	10	M00422 | Acetyl-CoA pathway, CO2 -> acetyl-CoA	TI.P4.R	Amazonian - Tres Irmas	15	15	Incomplete	Incomplete	True
cell_comparison	S67	10	M00422 | Acetyl-CoA pathway, CO2 -> acetyl-CoA	VI.P1.D	Amazonian - Violao	16	16	1 block missing	1 block missing	True
cell_comparison	S67	10	M00422 | Acetyl-CoA pathway, CO2 -> acetyl-CoA	VI.P1.R	Amazonian - Violao	17	17	1 block missing	1 block missing	True
cell_comparison	S67	10	M00422 | Acetyl-CoA pathway, CO2 -> acetyl-CoA	VI.P2.D	Amazonian - Violao	18	18	1 block missing	1 block missing	True
cell_comparison	S67	10	M00422 | Acetyl-CoA pathway, CO2 -> acetyl-CoA	VI.P2.R	Amazonian - Violao	19	19	Complete	Complete	True
cell_comparison	S67	10	M00422 | Acetyl-CoA pathway, CO2 -> acetyl-CoA	Acid mine drainage 3300038494	Richmond-AMD	20	84	Incomplete	Incomplete	True
cell_comparison	S67	10	M00422 | Acetyl-CoA pathway, CO2 -> acetyl-CoA	Lab enriched acid 3300038413	Akron-AMD	21	29	Incomplete	Incomplete	True
cell_comparison	S67	10	M00422 | Acetyl-CoA pathway, CO2 -> acetyl-CoA	Acid mine drainage 3300008567	Richmond-AMD	22	68	Incomplete	Incomplete	True
cell_comparison	S67	10	M00422 | Acetyl-CoA pathway, CO2 -> acetyl-CoA	Acid mine drainage 3300030091	Richmond-AMD	23	64	Incomplete	Incomplete	True
cell_comparison	S67	10	M00422 | Acetyl-CoA pathway, CO2 -> acetyl-CoA	Hydrotherm Fe rich 3300023310	Hydrothermal-Fe-mats	24	34	1 block missing	1 block missing	True
cell_comparison	S67	10	M00422 | Acetyl-CoA pathway, CO2 -> acetyl-CoA	Metatransc of lab 3300046014	Akron-AMD	25	26	Incomplete	Incomplete	True
cell_comparison	S67	10	M00422 | Acetyl-CoA pathway, CO2 -> acetyl-CoA	Metatransc of lab 3300055056	Akron-AMD	26	20	Incomplete	Incomplete	True
cell_comparison	S67	10	M00422 | Acetyl-CoA pathway, CO2 -> acetyl-CoA	Freshwater sediment microbial 3300010391	Lake-Superior	27	49	1 block missing	1 block missing	True
cell_comparison	S67	10	M00422 | Acetyl-CoA pathway, CO2 -> acetyl-CoA	Freshwater sediment microbial 3300031898	Lake-Towuti	28	57	Complete	Complete	True
cell_comparison	S67	10	M00422 | Acetyl-CoA pathway, CO2 -> acetyl-CoA	Freshwater microbial communitie 3300024300	Lake-Matano	29	43	Complete	Complete	True
cell_comparison	S67	10	M00422 | Acetyl-CoA pathway, CO2 -> acetyl-CoA	Metatransc of lab 3300055061	Akron-AMD	30	22	Incomplete	Incomplete	True
cell_comparison	S67	10	M00422 | Acetyl-CoA pathway, CO2 -> acetyl-CoA	Hydrotherm Fe rich 3300023368	Hydrothermal-Fe-mats	31	37	Incomplete	Incomplete	True
cell_comparison	S67	10	M00422 | Acetyl-CoA pathway, CO2 -> acetyl-CoA	Acid mine drainage 3300038487	Richmond-AMD	32	63	Incomplete	Incomplete	True
cell_comparison	S67	10	M00422 | Acetyl-CoA pathway, CO2 -> acetyl-CoA	Freshwater sediment microbial 3300031593	Lake-Towuti	33	52	Complete	Complete	True
cell_comparison	S67	10	M00422 | Acetyl-CoA pathway, CO2 -> acetyl-CoA	Acid mine drainage 3300030082	Richmond-AMD	34	71	Incomplete	Incomplete	True
cell_comparison	S67	10	M00422 | Acetyl-CoA pathway, CO2 -> acetyl-CoA	Freshwater sediment microbial 3300031604	Lake-Towuti	35	50	Complete	Complete	True
cell_comparison	S67	10	M00422 | Acetyl-CoA pathway, CO2 -> acetyl-CoA	Freshwater sediment microbial 3300021518	Lake-Towuti	36	51	Incomplete	Incomplete	True
cell_comparison	S67	10	M00422 | Acetyl-CoA pathway, CO2 -> acetyl-CoA	Acid mine drainage 3300030398	Richmond-AMD	37	83	Incomplete	Incomplete	True
cell_comparison	S67	10	M00422 | Acetyl-CoA pathway, CO2 -> acetyl-CoA	Acid mine drainage 3300030242	Richmond-AMD	38	79	Incomplete	Incomplete	True
cell_comparison	S67	10	M00422 | Acetyl-CoA pathway, CO2 -> acetyl-CoA	Hydrotherm Fe rich 3300023439	Hydrothermal-Fe-mats	39	40	Complete	Complete	True
cell_comparison	S67	10	M00422 | Acetyl-CoA pathway, CO2 -> acetyl-CoA	Freshwater microbial communitie 3300024333	Lake-Matano	40	44	Complete	Complete	True
cell_comparison	S67	10	M00422 | Acetyl-CoA pathway, CO2 -> acetyl-CoA	Lab enriched sediment 3300039027	Burr-Oak-BO4	41	31	Incomplete	Incomplete	True
cell_comparison	S67	10	M00422 | Acetyl-CoA pathway, CO2 -> acetyl-CoA	Acid mine drainage 3300039205	Richmond-AMD	42	75	Incomplete	Incomplete	True
cell_comparison	S67	10	M00422 | Acetyl-CoA pathway, CO2 -> acetyl-CoA	Freshwater microbial communitie 3300043827	Lake-Matano	43	47	Incomplete	Incomplete	True
cell_comparison	S67	10	M00422 | Acetyl-CoA pathway, CO2 -> acetyl-CoA	Lab enriched acid 3300038471	Akron-AMD	44	24	Incomplete	Incomplete	True
cell_comparison	S67	10	M00422 | Acetyl-CoA pathway, CO2 -> acetyl-CoA	Acid mine drainage 3300030335	Richmond-AMD	45	65	Incomplete	Incomplete	True
cell_comparison	S67	10	M00422 | Acetyl-CoA pathway, CO2 -> acetyl-CoA	Freshwater microbial communitie 3300028737	Lake-Matano	46	46	1 block missing	1 block missing	True
cell_comparison	S67	10	M00422 | Acetyl-CoA pathway, CO2 -> acetyl-CoA	Lab enriched acid 3300038411	Akron-AMD	47	25	Incomplete	Incomplete	True
cell_comparison	S67	10	M00422 | Acetyl-CoA pathway, CO2 -> acetyl-CoA	Freshwater sediment microbial 3300031877	Lake-Towuti	48	53	Complete	Complete	True
cell_comparison	S67	10	M00422 | Acetyl-CoA pathway, CO2 -> acetyl-CoA	Acid mine drainage 3300038731	Richmond-AMD	49	62	Incomplete	Incomplete	True
cell_comparison	S67	10	M00422 | Acetyl-CoA pathway, CO2 -> acetyl-CoA	Acid mine drainage 3300038979	Richmond-AMD	50	73	Incomplete	Incomplete	True
cell_comparison	S67	10	M00422 | Acetyl-CoA pathway, CO2 -> acetyl-CoA	Hydrotherm Fe rich 3300023548	Hydrothermal-Fe-mats	51	41	Incomplete	Incomplete	True
cell_comparison	S67	10	M00422 | Acetyl-CoA pathway, CO2 -> acetyl-CoA	Metatransc of freshwater 3300061576	Lake-Superior	52	48	Incomplete	Incomplete	True
cell_comparison	S67	10	M00422 | Acetyl-CoA pathway, CO2 -> acetyl-CoA	Acid mine drainage 3300038486	Richmond-AMD	53	82	Incomplete	Incomplete	True
cell_comparison	S67	10	M00422 | Acetyl-CoA pathway, CO2 -> acetyl-CoA	Freshwater sediment microbial 3300031587	Lake-Towuti	54	59	Complete	Complete	True
cell_comparison	S67	10	M00422 | Acetyl-CoA pathway, CO2 -> acetyl-CoA	Acid Mine Drainage 3300005360	Richmond-AMD	55	74	Incomplete	Incomplete	True
cell_comparison	S67	10	M00422 | Acetyl-CoA pathway, CO2 -> acetyl-CoA	Acid mine drainage 3300008723	Richmond-AMD	56	67	Incomplete	Incomplete	True
cell_comparison	S67	10	M00422 | Acetyl-CoA pathway, CO2 -> acetyl-CoA	Acid mine drainage 3300038493	Richmond-AMD	57	81	Incomplete	Incomplete	True
cell_comparison	S67	10	M00422 | Acetyl-CoA pathway, CO2 -> acetyl-CoA	Freshwater sediment microbial 3300036045	Lake-Towuti	58	55	Incomplete	Incomplete	True
cell_comparison	S67	10	M00422 | Acetyl-CoA pathway, CO2 -> acetyl-CoA	Metatransc of lab 3300046013	Akron-AMD	59	28	Incomplete	Incomplete	True
cell_comparison	S67	10	M00422 | Acetyl-CoA pathway, CO2 -> acetyl-CoA	Acid mine drainage 3300038729	Richmond-AMD	60	72	Incomplete	Incomplete	True
cell_comparison	S67	10	M00422 | Acetyl-CoA pathway, CO2 -> acetyl-CoA	Acid mine drainage 3300030413	Richmond-AMD	61	85	Incomplete	Incomplete	True
cell_comparison	S67	10	M00422 | Acetyl-CoA pathway, CO2 -> acetyl-CoA	Lab enriched acid 3300038412	Akron-AMD	62	27	Incomplete	Incomplete	True
cell_comparison	S67	10	M00422 | Acetyl-CoA pathway, CO2 -> acetyl-CoA	Freshwater sediment microbial 3300031806	Lake-Towuti	63	60	Complete	Complete	True
cell_comparison	S67	10	M00422 | Acetyl-CoA pathway, CO2 -> acetyl-CoA	Metatransc of lab 3300055057	Akron-AMD	64	30	Incomplete	Incomplete	True
cell_comparison	S67	10	M00422 | Acetyl-CoA pathway, CO2 -> acetyl-CoA	Hydrotherm Fe rich 3300023440	Hydrothermal-Fe-mats	65	39	Complete	Complete	True
cell_comparison	S67	10	M00422 | Acetyl-CoA pathway, CO2 -> acetyl-CoA	Lab enriched sediment 3300039028	Burr-Oak-BO4	66	32	Incomplete	Incomplete	True
cell_comparison	S67	10	M00422 | Acetyl-CoA pathway, CO2 -> acetyl-CoA	Acid mine drainage 3300008566	Richmond-AMD	67	77	Incomplete	Incomplete	True
cell_comparison	S67	10	M00422 | Acetyl-CoA pathway, CO2 -> acetyl-CoA	Freshwater microbial communitie 3300024341	Lake-Matano	68	45	Complete	Complete	True
cell_comparison	S67	10	M00422 | Acetyl-CoA pathway, CO2 -> acetyl-CoA	Freshwater sediment microbial 3300021517	Lake-Towuti	69	56	Incomplete	Incomplete	True
cell_comparison	S67	10	M00422 | Acetyl-CoA pathway, CO2 -> acetyl-CoA	Metatransc of lab 3300055062	Akron-AMD	70	21	Incomplete	Incomplete	True
cell_comparison	S67	10	M00422 | Acetyl-CoA pathway, CO2 -> acetyl-CoA	Hydrotherm Fe rich 3300023442	Hydrothermal-Fe-mats	71	35	Complete	Complete	True
cell_comparison	S67	10	M00422 | Acetyl-CoA pathway, CO2 -> acetyl-CoA	Freshwater sediment microbial 3300036046	Lake-Towuti	72	54	Incomplete	Incomplete	True
cell_comparison	S67	10	M00422 | Acetyl-CoA pathway, CO2 -> acetyl-CoA	Hydrotherm Fe rich 3300023313	Hydrothermal-Fe-mats	73	36	Incomplete	Incomplete	True
cell_comparison	S67	10	M00422 | Acetyl-CoA pathway, CO2 -> acetyl-CoA	Acid mine drainage 3300039211	Richmond-AMD	74	80	Incomplete	Incomplete	True
cell_comparison	S67	10	M00422 | Acetyl-CoA pathway, CO2 -> acetyl-CoA	Acid mine drainage 3300008721	Richmond-AMD	75	78	Incomplete	Incomplete	True
cell_comparison	S67	10	M00422 | Acetyl-CoA pathway, CO2 -> acetyl-CoA	Pink biofilm microbial 3300003104	Richmond-AMD	76	69	Incomplete	Incomplete	True
cell_comparison	S67	10	M00422 | Acetyl-CoA pathway, CO2 -> acetyl-CoA	Acid mine drainage 3300038681	Richmond-AMD	77	86	Incomplete	Incomplete	True
cell_comparison	S67	10	M00422 | Acetyl-CoA pathway, CO2 -> acetyl-CoA	Acid mine drainage 3300030228	Richmond-AMD	78	70	Incomplete	Incomplete	True
cell_comparison	S67	10	M00422 | Acetyl-CoA pathway, CO2 -> acetyl-CoA	Metatransc of lab 3300055069	Akron-AMD	79	23	Incomplete	Incomplete	True
cell_comparison	S67	10	M00422 | Acetyl-CoA pathway, CO2 -> acetyl-CoA	Acid Mine Drainage 2010484004	Richmond-AMD	80	66	Incomplete	Incomplete	True
cell_comparison	S67	10	M00422 | Acetyl-CoA pathway, CO2 -> acetyl-CoA	Hydrotherm Fe rich 3300023307	Hydrothermal-Fe-mats	81	33	Incomplete	Incomplete	True
cell_comparison	S67	10	M00422 | Acetyl-CoA pathway, CO2 -> acetyl-CoA	Freshwater sediment microbial 3300031876	Lake-Towuti	82	58	Complete	Complete	True
cell_comparison	S67	10	M00422 | Acetyl-CoA pathway, CO2 -> acetyl-CoA	Freshwater microbial communitie 3300023177	Lake-Matano	83	42	Complete	Complete	True
cell_comparison	S67	10	M00422 | Acetyl-CoA pathway, CO2 -> acetyl-CoA	Biofilm microbial communitie 3300021476	Other-Fe	84	61	Incomplete	Incomplete	True
cell_comparison	S67	10	M00422 | Acetyl-CoA pathway, CO2 -> acetyl-CoA	Acid Mine Drainage 3300003083	Richmond-AMD	85	76	Incomplete	Incomplete	True
cell_comparison	S67	10	M00422 | Acetyl-CoA pathway, CO2 -> acetyl-CoA	Hydrotherm Fe rich 3300023444	Hydrothermal-Fe-mats	86	38	Complete	Complete	True
cell_comparison	S67	11	M00579 | Phosphate acetyltransferase-acetate kinase pathway, acetyl-CoA -> acetate	AM.P1.D	Amazonian - Amendoim	0	0	Complete	Complete	True
cell_comparison	S67	11	M00579 | Phosphate acetyltransferase-acetate kinase pathway, acetyl-CoA -> acetate	AM.P1.R	Amazonian - Amendoim	1	1	Complete	Complete	True
cell_comparison	S67	11	M00579 | Phosphate acetyltransferase-acetate kinase pathway, acetyl-CoA -> acetate	AM.P2.D	Amazonian - Amendoim	2	2	Complete	Complete	True
cell_comparison	S67	11	M00579 | Phosphate acetyltransferase-acetate kinase pathway, acetyl-CoA -> acetate	AM.P2.R	Amazonian - Amendoim	3	3	Complete	Complete	True
cell_comparison	S67	11	M00579 | Phosphate acetyltransferase-acetate kinase pathway, acetyl-CoA -> acetate	TIA.P1.D	Amazonian - Tres Irmas Adjacent	4	4	Complete	Complete	True
cell_comparison	S67	11	M00579 | Phosphate acetyltransferase-acetate kinase pathway, acetyl-CoA -> acetate	TIA.P1.R	Amazonian - Tres Irmas Adjacent	5	5	Complete	Complete	True
cell_comparison	S67	11	M00579 | Phosphate acetyltransferase-acetate kinase pathway, acetyl-CoA -> acetate	TIA.P2.D	Amazonian - Tres Irmas Adjacent	6	6	Complete	Complete	True
cell_comparison	S67	11	M00579 | Phosphate acetyltransferase-acetate kinase pathway, acetyl-CoA -> acetate	TIA.P2.R	Amazonian - Tres Irmas Adjacent	7	7	Complete	Complete	True
cell_comparison	S67	11	M00579 | Phosphate acetyltransferase-acetate kinase pathway, acetyl-CoA -> acetate	TI.P1.D	Amazonian - Tres Irmas	8	8	Complete	Complete	True
cell_comparison	S67	11	M00579 | Phosphate acetyltransferase-acetate kinase pathway, acetyl-CoA -> acetate	TI.P1.R	Amazonian - Tres Irmas	9	9	Complete	Complete	True
cell_comparison	S67	11	M00579 | Phosphate acetyltransferase-acetate kinase pathway, acetyl-CoA -> acetate	TI.P2.D	Amazonian - Tres Irmas	10	10	Complete	Complete	True
cell_comparison	S67	11	M00579 | Phosphate acetyltransferase-acetate kinase pathway, acetyl-CoA -> acetate	TI.P2.R	Amazonian - Tres Irmas	11	11	Complete	Complete	True
cell_comparison	S67	11	M00579 | Phosphate acetyltransferase-acetate kinase pathway, acetyl-CoA -> acetate	TI.P3.D	Amazonian - Tres Irmas	12	12	Complete	Complete	True
cell_comparison	S67	11	M00579 | Phosphate acetyltransferase-acetate kinase pathway, acetyl-CoA -> acetate	TI.P3.R	Amazonian - Tres Irmas	13	13	Complete	Complete	True
cell_comparison	S67	11	M00579 | Phosphate acetyltransferase-acetate kinase pathway, acetyl-CoA -> acetate	TI.P4.D	Amazonian - Tres Irmas	14	14	Complete	Complete	True
cell_comparison	S67	11	M00579 | Phosphate acetyltransferase-acetate kinase pathway, acetyl-CoA -> acetate	TI.P4.R	Amazonian - Tres Irmas	15	15	Complete	Complete	True
cell_comparison	S67	11	M00579 | Phosphate acetyltransferase-acetate kinase pathway, acetyl-CoA -> acetate	VI.P1.D	Amazonian - Violao	16	16	Complete	Complete	True
cell_comparison	S67	11	M00579 | Phosphate acetyltransferase-acetate kinase pathway, acetyl-CoA -> acetate	VI.P1.R	Amazonian - Violao	17	17	Complete	Complete	True
cell_comparison	S67	11	M00579 | Phosphate acetyltransferase-acetate kinase pathway, acetyl-CoA -> acetate	VI.P2.D	Amazonian - Violao	18	18	Complete	Complete	True
cell_comparison	S67	11	M00579 | Phosphate acetyltransferase-acetate kinase pathway, acetyl-CoA -> acetate	VI.P2.R	Amazonian - Violao	19	19	Complete	Complete	True
cell_comparison	S67	11	M00579 | Phosphate acetyltransferase-acetate kinase pathway, acetyl-CoA -> acetate	Acid mine drainage 3300038494	Richmond-AMD	20	84	Incomplete	Incomplete	True
cell_comparison	S67	11	M00579 | Phosphate acetyltransferase-acetate kinase pathway, acetyl-CoA -> acetate	Lab enriched acid 3300038413	Akron-AMD	21	29	Complete	Complete	True
cell_comparison	S67	11	M00579 | Phosphate acetyltransferase-acetate kinase pathway, acetyl-CoA -> acetate	Acid mine drainage 3300008567	Richmond-AMD	22	68	Incomplete	Incomplete	True
cell_comparison	S67	11	M00579 | Phosphate acetyltransferase-acetate kinase pathway, acetyl-CoA -> acetate	Acid mine drainage 3300030091	Richmond-AMD	23	64	Incomplete	Incomplete	True
cell_comparison	S67	11	M00579 | Phosphate acetyltransferase-acetate kinase pathway, acetyl-CoA -> acetate	Hydrotherm Fe rich 3300023310	Hydrothermal-Fe-mats	24	34	1 block missing	1 block missing	True
cell_comparison	S67	11	M00579 | Phosphate acetyltransferase-acetate kinase pathway, acetyl-CoA -> acetate	Metatransc of lab 3300046014	Akron-AMD	25	26	Incomplete	Incomplete	True
cell_comparison	S67	11	M00579 | Phosphate acetyltransferase-acetate kinase pathway, acetyl-CoA -> acetate	Metatransc of lab 3300055056	Akron-AMD	26	20	Incomplete	Incomplete	True
cell_comparison	S67	11	M00579 | Phosphate acetyltransferase-acetate kinase pathway, acetyl-CoA -> acetate	Freshwater sediment microbial 3300010391	Lake-Superior	27	49	Complete	Complete	True
cell_comparison	S67	11	M00579 | Phosphate acetyltransferase-acetate kinase pathway, acetyl-CoA -> acetate	Freshwater sediment microbial 3300031898	Lake-Towuti	28	57	Complete	Complete	True
cell_comparison	S67	11	M00579 | Phosphate acetyltransferase-acetate kinase pathway, acetyl-CoA -> acetate	Freshwater microbial communitie 3300024300	Lake-Matano	29	43	Complete	Complete	True
cell_comparison	S67	11	M00579 | Phosphate acetyltransferase-acetate kinase pathway, acetyl-CoA -> acetate	Metatransc of lab 3300055061	Akron-AMD	30	22	Incomplete	Incomplete	True
cell_comparison	S67	11	M00579 | Phosphate acetyltransferase-acetate kinase pathway, acetyl-CoA -> acetate	Hydrotherm Fe rich 3300023368	Hydrothermal-Fe-mats	31	37	Complete	Complete	True
cell_comparison	S67	11	M00579 | Phosphate acetyltransferase-acetate kinase pathway, acetyl-CoA -> acetate	Acid mine drainage 3300038487	Richmond-AMD	32	63	Incomplete	Incomplete	True
cell_comparison	S67	11	M00579 | Phosphate acetyltransferase-acetate kinase pathway, acetyl-CoA -> acetate	Freshwater sediment microbial 3300031593	Lake-Towuti	33	52	Complete	Complete	True
cell_comparison	S67	11	M00579 | Phosphate acetyltransferase-acetate kinase pathway, acetyl-CoA -> acetate	Acid mine drainage 3300030082	Richmond-AMD	34	71	Incomplete	Incomplete	True
cell_comparison	S67	11	M00579 | Phosphate acetyltransferase-acetate kinase pathway, acetyl-CoA -> acetate	Freshwater sediment microbial 3300031604	Lake-Towuti	35	50	1 block missing	1 block missing	True
cell_comparison	S67	11	M00579 | Phosphate acetyltransferase-acetate kinase pathway, acetyl-CoA -> acetate	Freshwater sediment microbial 3300021518	Lake-Towuti	36	51	Complete	Complete	True
cell_comparison	S67	11	M00579 | Phosphate acetyltransferase-acetate kinase pathway, acetyl-CoA -> acetate	Acid mine drainage 3300030398	Richmond-AMD	37	83	Incomplete	Incomplete	True
cell_comparison	S67	11	M00579 | Phosphate acetyltransferase-acetate kinase pathway, acetyl-CoA -> acetate	Acid mine drainage 3300030242	Richmond-AMD	38	79	Incomplete	Incomplete	True
cell_comparison	S67	11	M00579 | Phosphate acetyltransferase-acetate kinase pathway, acetyl-CoA -> acetate	Hydrotherm Fe rich 3300023439	Hydrothermal-Fe-mats	39	40	1 block missing	1 block missing	True
cell_comparison	S67	11	M00579 | Phosphate acetyltransferase-acetate kinase pathway, acetyl-CoA -> acetate	Freshwater microbial communitie 3300024333	Lake-Matano	40	44	Complete	Complete	True
cell_comparison	S67	11	M00579 | Phosphate acetyltransferase-acetate kinase pathway, acetyl-CoA -> acetate	Lab enriched sediment 3300039027	Burr-Oak-BO4	41	31	Incomplete	Incomplete	True
cell_comparison	S67	11	M00579 | Phosphate acetyltransferase-acetate kinase pathway, acetyl-CoA -> acetate	Acid mine drainage 3300039205	Richmond-AMD	42	75	Incomplete	Incomplete	True
cell_comparison	S67	11	M00579 | Phosphate acetyltransferase-acetate kinase pathway, acetyl-CoA -> acetate	Freshwater microbial communitie 3300043827	Lake-Matano	43	47	Complete	Complete	True
cell_comparison	S67	11	M00579 | Phosphate acetyltransferase-acetate kinase pathway, acetyl-CoA -> acetate	Lab enriched acid 3300038471	Akron-AMD	44	24	Complete	Complete	True
cell_comparison	S67	11	M00579 | Phosphate acetyltransferase-acetate kinase pathway, acetyl-CoA -> acetate	Acid mine drainage 3300030335	Richmond-AMD	45	65	Incomplete	Incomplete	True
cell_comparison	S67	11	M00579 | Phosphate acetyltransferase-acetate kinase pathway, acetyl-CoA -> acetate	Freshwater microbial communitie 3300028737	Lake-Matano	46	46	Complete	Complete	True
cell_comparison	S67	11	M00579 | Phosphate acetyltransferase-acetate kinase pathway, acetyl-CoA -> acetate	Lab enriched acid 3300038411	Akron-AMD	47	25	Complete	Complete	True
cell_comparison	S67	11	M00579 | Phosphate acetyltransferase-acetate kinase pathway, acetyl-CoA -> acetate	Freshwater sediment microbial 3300031877	Lake-Towuti	48	53	Complete	Complete	True
cell_comparison	S67	11	M00579 | Phosphate acetyltransferase-acetate kinase pathway, acetyl-CoA -> acetate	Acid mine drainage 3300038731	Richmond-AMD	49	62	Incomplete	Incomplete	True
cell_comparison	S67	11	M00579 | Phosphate acetyltransferase-acetate kinase pathway, acetyl-CoA -> acetate	Acid mine drainage 3300038979	Richmond-AMD	50	73	Incomplete	Incomplete	True
cell_comparison	S67	11	M00579 | Phosphate acetyltransferase-acetate kinase pathway, acetyl-CoA -> acetate	Hydrotherm Fe rich 3300023548	Hydrothermal-Fe-mats	51	41	1 block missing	1 block missing	True
cell_comparison	S67	11	M00579 | Phosphate acetyltransferase-acetate kinase pathway, acetyl-CoA -> acetate	Metatransc of freshwater 3300061576	Lake-Superior	52	48	1 block missing	1 block missing	True
cell_comparison	S67	11	M00579 | Phosphate acetyltransferase-acetate kinase pathway, acetyl-CoA -> acetate	Acid mine drainage 3300038486	Richmond-AMD	53	82	Incomplete	Incomplete	True
cell_comparison	S67	11	M00579 | Phosphate acetyltransferase-acetate kinase pathway, acetyl-CoA -> acetate	Freshwater sediment microbial 3300031587	Lake-Towuti	54	59	1 block missing	1 block missing	True
cell_comparison	S67	11	M00579 | Phosphate acetyltransferase-acetate kinase pathway, acetyl-CoA -> acetate	Acid Mine Drainage 3300005360	Richmond-AMD	55	74	Incomplete	Incomplete	True
cell_comparison	S67	11	M00579 | Phosphate acetyltransferase-acetate kinase pathway, acetyl-CoA -> acetate	Acid mine drainage 3300008723	Richmond-AMD	56	67	Incomplete	Incomplete	True
cell_comparison	S67	11	M00579 | Phosphate acetyltransferase-acetate kinase pathway, acetyl-CoA -> acetate	Acid mine drainage 3300038493	Richmond-AMD	57	81	Incomplete	Incomplete	True
cell_comparison	S67	11	M00579 | Phosphate acetyltransferase-acetate kinase pathway, acetyl-CoA -> acetate	Freshwater sediment microbial 3300036045	Lake-Towuti	58	55	Complete	Complete	True
cell_comparison	S67	11	M00579 | Phosphate acetyltransferase-acetate kinase pathway, acetyl-CoA -> acetate	Metatransc of lab 3300046013	Akron-AMD	59	28	Incomplete	Incomplete	True
cell_comparison	S67	11	M00579 | Phosphate acetyltransferase-acetate kinase pathway, acetyl-CoA -> acetate	Acid mine drainage 3300038729	Richmond-AMD	60	72	Incomplete	Incomplete	True
cell_comparison	S67	11	M00579 | Phosphate acetyltransferase-acetate kinase pathway, acetyl-CoA -> acetate	Acid mine drainage 3300030413	Richmond-AMD	61	85	Incomplete	Incomplete	True
cell_comparison	S67	11	M00579 | Phosphate acetyltransferase-acetate kinase pathway, acetyl-CoA -> acetate	Lab enriched acid 3300038412	Akron-AMD	62	27	Complete	Complete	True
cell_comparison	S67	11	M00579 | Phosphate acetyltransferase-acetate kinase pathway, acetyl-CoA -> acetate	Freshwater sediment microbial 3300031806	Lake-Towuti	63	60	Complete	Complete	True
cell_comparison	S67	11	M00579 | Phosphate acetyltransferase-acetate kinase pathway, acetyl-CoA -> acetate	Metatransc of lab 3300055057	Akron-AMD	64	30	Incomplete	Incomplete	True
cell_comparison	S67	11	M00579 | Phosphate acetyltransferase-acetate kinase pathway, acetyl-CoA -> acetate	Hydrotherm Fe rich 3300023440	Hydrothermal-Fe-mats	65	39	Complete	Complete	True
cell_comparison	S67	11	M00579 | Phosphate acetyltransferase-acetate kinase pathway, acetyl-CoA -> acetate	Lab enriched sediment 3300039028	Burr-Oak-BO4	66	32	Incomplete	Incomplete	True
cell_comparison	S67	11	M00579 | Phosphate acetyltransferase-acetate kinase pathway, acetyl-CoA -> acetate	Acid mine drainage 3300008566	Richmond-AMD	67	77	Incomplete	Incomplete	True
cell_comparison	S67	11	M00579 | Phosphate acetyltransferase-acetate kinase pathway, acetyl-CoA -> acetate	Freshwater microbial communitie 3300024341	Lake-Matano	68	45	Complete	Complete	True
cell_comparison	S67	11	M00579 | Phosphate acetyltransferase-acetate kinase pathway, acetyl-CoA -> acetate	Freshwater sediment microbial 3300021517	Lake-Towuti	69	56	Complete	Complete	True
cell_comparison	S67	11	M00579 | Phosphate acetyltransferase-acetate kinase pathway, acetyl-CoA -> acetate	Metatransc of lab 3300055062	Akron-AMD	70	21	Incomplete	Incomplete	True
cell_comparison	S67	11	M00579 | Phosphate acetyltransferase-acetate kinase pathway, acetyl-CoA -> acetate	Hydrotherm Fe rich 3300023442	Hydrothermal-Fe-mats	71	35	Complete	Complete	True
cell_comparison	S67	11	M00579 | Phosphate acetyltransferase-acetate kinase pathway, acetyl-CoA -> acetate	Freshwater sediment microbial 3300036046	Lake-Towuti	72	54	Complete	Complete	True
cell_comparison	S67	11	M00579 | Phosphate acetyltransferase-acetate kinase pathway, acetyl-CoA -> acetate	Hydrotherm Fe rich 3300023313	Hydrothermal-Fe-mats	73	36	1 block missing	1 block missing	True
cell_comparison	S67	11	M00579 | Phosphate acetyltransferase-acetate kinase pathway, acetyl-CoA -> acetate	Acid mine drainage 3300039211	Richmond-AMD	74	80	Incomplete	Incomplete	True
cell_comparison	S67	11	M00579 | Phosphate acetyltransferase-acetate kinase pathway, acetyl-CoA -> acetate	Acid mine drainage 3300008721	Richmond-AMD	75	78	Incomplete	Incomplete	True
cell_comparison	S67	11	M00579 | Phosphate acetyltransferase-acetate kinase pathway, acetyl-CoA -> acetate	Pink biofilm microbial 3300003104	Richmond-AMD	76	69	Incomplete	Incomplete	True
cell_comparison	S67	11	M00579 | Phosphate acetyltransferase-acetate kinase pathway, acetyl-CoA -> acetate	Acid mine drainage 3300038681	Richmond-AMD	77	86	Incomplete	Incomplete	True
cell_comparison	S67	11	M00579 | Phosphate acetyltransferase-acetate kinase pathway, acetyl-CoA -> acetate	Acid mine drainage 3300030228	Richmond-AMD	78	70	Incomplete	Incomplete	True
cell_comparison	S67	11	M00579 | Phosphate acetyltransferase-acetate kinase pathway, acetyl-CoA -> acetate	Metatransc of lab 3300055069	Akron-AMD	79	23	Incomplete	Incomplete	True
cell_comparison	S67	11	M00579 | Phosphate acetyltransferase-acetate kinase pathway, acetyl-CoA -> acetate	Acid Mine Drainage 2010484004	Richmond-AMD	80	66	Incomplete	Incomplete	True
cell_comparison	S67	11	M00579 | Phosphate acetyltransferase-acetate kinase pathway, acetyl-CoA -> acetate	Hydrotherm Fe rich 3300023307	Hydrothermal-Fe-mats	81	33	1 block missing	1 block missing	True
cell_comparison	S67	11	M00579 | Phosphate acetyltransferase-acetate kinase pathway, acetyl-CoA -> acetate	Freshwater sediment microbial 3300031876	Lake-Towuti	82	58	Complete	Complete	True
cell_comparison	S67	11	M00579 | Phosphate acetyltransferase-acetate kinase pathway, acetyl-CoA -> acetate	Freshwater microbial communitie 3300023177	Lake-Matano	83	42	Complete	Complete	True
cell_comparison	S67	11	M00579 | Phosphate acetyltransferase-acetate kinase pathway, acetyl-CoA -> acetate	Biofilm microbial communitie 3300021476	Other-Fe	84	61	Complete	Complete	True
cell_comparison	S67	11	M00579 | Phosphate acetyltransferase-acetate kinase pathway, acetyl-CoA -> acetate	Acid Mine Drainage 3300003083	Richmond-AMD	85	76	Incomplete	Incomplete	True
cell_comparison	S67	11	M00579 | Phosphate acetyltransferase-acetate kinase pathway, acetyl-CoA -> acetate	Hydrotherm Fe rich 3300023444	Hydrothermal-Fe-mats	86	38	Complete	Complete	True
cell_comparison	S67	12	M00618 | Acetogen	AM.P1.D	Amazonian - Amendoim	0	0	Incomplete	Incomplete	True
cell_comparison	S67	12	M00618 | Acetogen	AM.P1.R	Amazonian - Amendoim	1	1	Incomplete	Incomplete	True
cell_comparison	S67	12	M00618 | Acetogen	AM.P2.D	Amazonian - Amendoim	2	2	Incomplete	Incomplete	True
cell_comparison	S67	12	M00618 | Acetogen	AM.P2.R	Amazonian - Amendoim	3	3	Incomplete	Incomplete	True
cell_comparison	S67	12	M00618 | Acetogen	TIA.P1.D	Amazonian - Tres Irmas Adjacent	4	4	Incomplete	Incomplete	True
cell_comparison	S67	12	M00618 | Acetogen	TIA.P1.R	Amazonian - Tres Irmas Adjacent	5	5	Incomplete	Incomplete	True
cell_comparison	S67	12	M00618 | Acetogen	TIA.P2.D	Amazonian - Tres Irmas Adjacent	6	6	Incomplete	Incomplete	True
cell_comparison	S67	12	M00618 | Acetogen	TIA.P2.R	Amazonian - Tres Irmas Adjacent	7	7	Incomplete	Incomplete	True
cell_comparison	S67	12	M00618 | Acetogen	TI.P1.D	Amazonian - Tres Irmas	8	8	Incomplete	Incomplete	True
cell_comparison	S67	12	M00618 | Acetogen	TI.P1.R	Amazonian - Tres Irmas	9	9	Incomplete	Incomplete	True
cell_comparison	S67	12	M00618 | Acetogen	TI.P2.D	Amazonian - Tres Irmas	10	10	Incomplete	Incomplete	True
cell_comparison	S67	12	M00618 | Acetogen	TI.P2.R	Amazonian - Tres Irmas	11	11	Incomplete	Incomplete	True
cell_comparison	S67	12	M00618 | Acetogen	TI.P3.D	Amazonian - Tres Irmas	12	12	Incomplete	Incomplete	True
cell_comparison	S67	12	M00618 | Acetogen	TI.P3.R	Amazonian - Tres Irmas	13	13	Incomplete	Incomplete	True
cell_comparison	S67	12	M00618 | Acetogen	TI.P4.D	Amazonian - Tres Irmas	14	14	Incomplete	Incomplete	True
cell_comparison	S67	12	M00618 | Acetogen	TI.P4.R	Amazonian - Tres Irmas	15	15	Incomplete	Incomplete	True
cell_comparison	S67	12	M00618 | Acetogen	VI.P1.D	Amazonian - Violao	16	16	Incomplete	Incomplete	True
cell_comparison	S67	12	M00618 | Acetogen	VI.P1.R	Amazonian - Violao	17	17	Incomplete	Incomplete	True
cell_comparison	S67	12	M00618 | Acetogen	VI.P2.D	Amazonian - Violao	18	18	Incomplete	Incomplete	True
cell_comparison	S67	12	M00618 | Acetogen	VI.P2.R	Amazonian - Violao	19	19	Incomplete	Incomplete	True
cell_comparison	S67	12	M00618 | Acetogen	Acid mine drainage 3300038494	Richmond-AMD	20	84	Incomplete	Incomplete	True
cell_comparison	S67	12	M00618 | Acetogen	Lab enriched acid 3300038413	Akron-AMD	21	29	Incomplete	Incomplete	True
cell_comparison	S67	12	M00618 | Acetogen	Acid mine drainage 3300008567	Richmond-AMD	22	68	Incomplete	Incomplete	True
cell_comparison	S67	12	M00618 | Acetogen	Acid mine drainage 3300030091	Richmond-AMD	23	64	Incomplete	Incomplete	True
cell_comparison	S67	12	M00618 | Acetogen	Hydrotherm Fe rich 3300023310	Hydrothermal-Fe-mats	24	34	Incomplete	Incomplete	True
cell_comparison	S67	12	M00618 | Acetogen	Metatransc of lab 3300046014	Akron-AMD	25	26	Incomplete	Incomplete	True
cell_comparison	S67	12	M00618 | Acetogen	Metatransc of lab 3300055056	Akron-AMD	26	20	Incomplete	Incomplete	True
cell_comparison	S67	12	M00618 | Acetogen	Freshwater sediment microbial 3300010391	Lake-Superior	27	49	Complete	Complete	True
cell_comparison	S67	12	M00618 | Acetogen	Freshwater sediment microbial 3300031898	Lake-Towuti	28	57	Complete	Complete	True
cell_comparison	S67	12	M00618 | Acetogen	Freshwater microbial communitie 3300024300	Lake-Matano	29	43	Complete	Complete	True
cell_comparison	S67	12	M00618 | Acetogen	Metatransc of lab 3300055061	Akron-AMD	30	22	Incomplete	Incomplete	True
cell_comparison	S67	12	M00618 | Acetogen	Hydrotherm Fe rich 3300023368	Hydrothermal-Fe-mats	31	37	Complete	Complete	True
cell_comparison	S67	12	M00618 | Acetogen	Acid mine drainage 3300038487	Richmond-AMD	32	63	Incomplete	Incomplete	True
cell_comparison	S67	12	M00618 | Acetogen	Freshwater sediment microbial 3300031593	Lake-Towuti	33	52	Complete	Complete	True
cell_comparison	S67	12	M00618 | Acetogen	Acid mine drainage 3300030082	Richmond-AMD	34	71	Incomplete	Incomplete	True
cell_comparison	S67	12	M00618 | Acetogen	Freshwater sediment microbial 3300031604	Lake-Towuti	35	50	1 block missing	1 block missing	True
cell_comparison	S67	12	M00618 | Acetogen	Freshwater sediment microbial 3300021518	Lake-Towuti	36	51	1 block missing	1 block missing	True
cell_comparison	S67	12	M00618 | Acetogen	Acid mine drainage 3300030398	Richmond-AMD	37	83	Incomplete	Incomplete	True
cell_comparison	S67	12	M00618 | Acetogen	Acid mine drainage 3300030242	Richmond-AMD	38	79	Incomplete	Incomplete	True
cell_comparison	S67	12	M00618 | Acetogen	Hydrotherm Fe rich 3300023439	Hydrothermal-Fe-mats	39	40	1 block missing	1 block missing	True
cell_comparison	S67	12	M00618 | Acetogen	Freshwater microbial communitie 3300024333	Lake-Matano	40	44	Complete	Complete	True
cell_comparison	S67	12	M00618 | Acetogen	Lab enriched sediment 3300039027	Burr-Oak-BO4	41	31	Incomplete	Incomplete	True
cell_comparison	S67	12	M00618 | Acetogen	Acid mine drainage 3300039205	Richmond-AMD	42	75	Incomplete	Incomplete	True
cell_comparison	S67	12	M00618 | Acetogen	Freshwater microbial communitie 3300043827	Lake-Matano	43	47	Incomplete	Incomplete	True
cell_comparison	S67	12	M00618 | Acetogen	Lab enriched acid 3300038471	Akron-AMD	44	24	Incomplete	Incomplete	True
cell_comparison	S67	12	M00618 | Acetogen	Acid mine drainage 3300030335	Richmond-AMD	45	65	Incomplete	Incomplete	True
cell_comparison	S67	12	M00618 | Acetogen	Freshwater microbial communitie 3300028737	Lake-Matano	46	46	Complete	Complete	True
cell_comparison	S67	12	M00618 | Acetogen	Lab enriched acid 3300038411	Akron-AMD	47	25	Incomplete	Incomplete	True
cell_comparison	S67	12	M00618 | Acetogen	Freshwater sediment microbial 3300031877	Lake-Towuti	48	53	Complete	Complete	True
cell_comparison	S67	12	M00618 | Acetogen	Acid mine drainage 3300038731	Richmond-AMD	49	62	Incomplete	Incomplete	True
cell_comparison	S67	12	M00618 | Acetogen	Acid mine drainage 3300038979	Richmond-AMD	50	73	Incomplete	Incomplete	True
cell_comparison	S67	12	M00618 | Acetogen	Hydrotherm Fe rich 3300023548	Hydrothermal-Fe-mats	51	41	1 block missing	1 block missing	True
cell_comparison	S67	12	M00618 | Acetogen	Metatransc of freshwater 3300061576	Lake-Superior	52	48	Incomplete	Incomplete	True
cell_comparison	S67	12	M00618 | Acetogen	Acid mine drainage 3300038486	Richmond-AMD	53	82	Incomplete	Incomplete	True
cell_comparison	S67	12	M00618 | Acetogen	Freshwater sediment microbial 3300031587	Lake-Towuti	54	59	1 block missing	1 block missing	True
cell_comparison	S67	12	M00618 | Acetogen	Acid Mine Drainage 3300005360	Richmond-AMD	55	74	Incomplete	Incomplete	True
cell_comparison	S67	12	M00618 | Acetogen	Acid mine drainage 3300008723	Richmond-AMD	56	67	Incomplete	Incomplete	True
cell_comparison	S67	12	M00618 | Acetogen	Acid mine drainage 3300038493	Richmond-AMD	57	81	Incomplete	Incomplete	True
cell_comparison	S67	12	M00618 | Acetogen	Freshwater sediment microbial 3300036045	Lake-Towuti	58	55	Complete	Complete	True
cell_comparison	S67	12	M00618 | Acetogen	Metatransc of lab 3300046013	Akron-AMD	59	28	Incomplete	Incomplete	True
cell_comparison	S67	12	M00618 | Acetogen	Acid mine drainage 3300038729	Richmond-AMD	60	72	Incomplete	Incomplete	True
cell_comparison	S67	12	M00618 | Acetogen	Acid mine drainage 3300030413	Richmond-AMD	61	85	Incomplete	Incomplete	True
cell_comparison	S67	12	M00618 | Acetogen	Lab enriched acid 3300038412	Akron-AMD	62	27	Incomplete	Incomplete	True
cell_comparison	S67	12	M00618 | Acetogen	Freshwater sediment microbial 3300031806	Lake-Towuti	63	60	Complete	Complete	True
cell_comparison	S67	12	M00618 | Acetogen	Metatransc of lab 3300055057	Akron-AMD	64	30	Incomplete	Incomplete	True
cell_comparison	S67	12	M00618 | Acetogen	Hydrotherm Fe rich 3300023440	Hydrothermal-Fe-mats	65	39	Complete	Complete	True
cell_comparison	S67	12	M00618 | Acetogen	Lab enriched sediment 3300039028	Burr-Oak-BO4	66	32	Incomplete	Incomplete	True
cell_comparison	S67	12	M00618 | Acetogen	Acid mine drainage 3300008566	Richmond-AMD	67	77	Incomplete	Incomplete	True
cell_comparison	S67	12	M00618 | Acetogen	Freshwater microbial communitie 3300024341	Lake-Matano	68	45	Complete	Complete	True
cell_comparison	S67	12	M00618 | Acetogen	Freshwater sediment microbial 3300021517	Lake-Towuti	69	56	1 block missing	1 block missing	True
cell_comparison	S67	12	M00618 | Acetogen	Metatransc of lab 3300055062	Akron-AMD	70	21	Incomplete	Incomplete	True
cell_comparison	S67	12	M00618 | Acetogen	Hydrotherm Fe rich 3300023442	Hydrothermal-Fe-mats	71	35	Complete	Complete	True
cell_comparison	S67	12	M00618 | Acetogen	Freshwater sediment microbial 3300036046	Lake-Towuti	72	54	1 block missing	1 block missing	True
cell_comparison	S67	12	M00618 | Acetogen	Hydrotherm Fe rich 3300023313	Hydrothermal-Fe-mats	73	36	Incomplete	Incomplete	True
cell_comparison	S67	12	M00618 | Acetogen	Acid mine drainage 3300039211	Richmond-AMD	74	80	Incomplete	Incomplete	True
cell_comparison	S67	12	M00618 | Acetogen	Acid mine drainage 3300008721	Richmond-AMD	75	78	Incomplete	Incomplete	True
cell_comparison	S67	12	M00618 | Acetogen	Pink biofilm microbial 3300003104	Richmond-AMD	76	69	Incomplete	Incomplete	True
cell_comparison	S67	12	M00618 | Acetogen	Acid mine drainage 3300038681	Richmond-AMD	77	86	Incomplete	Incomplete	True
cell_comparison	S67	12	M00618 | Acetogen	Acid mine drainage 3300030228	Richmond-AMD	78	70	Incomplete	Incomplete	True
cell_comparison	S67	12	M00618 | Acetogen	Metatransc of lab 3300055069	Akron-AMD	79	23	Incomplete	Incomplete	True
cell_comparison	S67	12	M00618 | Acetogen	Acid Mine Drainage 2010484004	Richmond-AMD	80	66	Incomplete	Incomplete	True
cell_comparison	S67	12	M00618 | Acetogen	Hydrotherm Fe rich 3300023307	Hydrothermal-Fe-mats	81	33	Incomplete	Incomplete	True
cell_comparison	S67	12	M00618 | Acetogen	Freshwater sediment microbial 3300031876	Lake-Towuti	82	58	Complete	Complete	True
cell_comparison	S67	12	M00618 | Acetogen	Freshwater microbial communitie 3300023177	Lake-Matano	83	42	Complete	Complete	True
cell_comparison	S67	12	M00618 | Acetogen	Biofilm microbial communitie 3300021476	Other-Fe	84	61	1 block missing	1 block missing	True
cell_comparison	S67	12	M00618 | Acetogen	Acid Mine Drainage 3300003083	Richmond-AMD	85	76	Incomplete	Incomplete	True
cell_comparison	S67	12	M00618 | Acetogen	Hydrotherm Fe rich 3300023444	Hydrothermal-Fe-mats	86	38	Complete	Complete	True
cell_comparison	S67	13	M00620 | Incomplete reductive citrate cycle, acetyl-CoA -> oxoglutarate	AM.P1.D	Amazonian - Amendoim	0	0	Incomplete	Incomplete	True
cell_comparison	S67	13	M00620 | Incomplete reductive citrate cycle, acetyl-CoA -> oxoglutarate	AM.P1.R	Amazonian - Amendoim	1	1	Incomplete	Incomplete	True
cell_comparison	S67	13	M00620 | Incomplete reductive citrate cycle, acetyl-CoA -> oxoglutarate	AM.P2.D	Amazonian - Amendoim	2	2	1 block missing	1 block missing	True
cell_comparison	S67	13	M00620 | Incomplete reductive citrate cycle, acetyl-CoA -> oxoglutarate	AM.P2.R	Amazonian - Amendoim	3	3	1 block missing	1 block missing	True
cell_comparison	S67	13	M00620 | Incomplete reductive citrate cycle, acetyl-CoA -> oxoglutarate	TIA.P1.D	Amazonian - Tres Irmas Adjacent	4	4	1 block missing	1 block missing	True
cell_comparison	S67	13	M00620 | Incomplete reductive citrate cycle, acetyl-CoA -> oxoglutarate	TIA.P1.R	Amazonian - Tres Irmas Adjacent	5	5	Incomplete	Incomplete	True
cell_comparison	S67	13	M00620 | Incomplete reductive citrate cycle, acetyl-CoA -> oxoglutarate	TIA.P2.D	Amazonian - Tres Irmas Adjacent	6	6	Incomplete	Incomplete	True
cell_comparison	S67	13	M00620 | Incomplete reductive citrate cycle, acetyl-CoA -> oxoglutarate	TIA.P2.R	Amazonian - Tres Irmas Adjacent	7	7	Incomplete	Incomplete	True
cell_comparison	S67	13	M00620 | Incomplete reductive citrate cycle, acetyl-CoA -> oxoglutarate	TI.P1.D	Amazonian - Tres Irmas	8	8	Incomplete	Incomplete	True
cell_comparison	S67	13	M00620 | Incomplete reductive citrate cycle, acetyl-CoA -> oxoglutarate	TI.P1.R	Amazonian - Tres Irmas	9	9	1 block missing	1 block missing	True
cell_comparison	S67	13	M00620 | Incomplete reductive citrate cycle, acetyl-CoA -> oxoglutarate	TI.P2.D	Amazonian - Tres Irmas	10	10	1 block missing	1 block missing	True
cell_comparison	S67	13	M00620 | Incomplete reductive citrate cycle, acetyl-CoA -> oxoglutarate	TI.P2.R	Amazonian - Tres Irmas	11	11	1 block missing	1 block missing	True
cell_comparison	S67	13	M00620 | Incomplete reductive citrate cycle, acetyl-CoA -> oxoglutarate	TI.P3.D	Amazonian - Tres Irmas	12	12	1 block missing	1 block missing	True
cell_comparison	S67	13	M00620 | Incomplete reductive citrate cycle, acetyl-CoA -> oxoglutarate	TI.P3.R	Amazonian - Tres Irmas	13	13	1 block missing	1 block missing	True
cell_comparison	S67	13	M00620 | Incomplete reductive citrate cycle, acetyl-CoA -> oxoglutarate	TI.P4.D	Amazonian - Tres Irmas	14	14	Incomplete	Incomplete	True
cell_comparison	S67	13	M00620 | Incomplete reductive citrate cycle, acetyl-CoA -> oxoglutarate	TI.P4.R	Amazonian - Tres Irmas	15	15	1 block missing	1 block missing	True
cell_comparison	S67	13	M00620 | Incomplete reductive citrate cycle, acetyl-CoA -> oxoglutarate	VI.P1.D	Amazonian - Violao	16	16	Incomplete	Incomplete	True
cell_comparison	S67	13	M00620 | Incomplete reductive citrate cycle, acetyl-CoA -> oxoglutarate	VI.P1.R	Amazonian - Violao	17	17	1 block missing	1 block missing	True
cell_comparison	S67	13	M00620 | Incomplete reductive citrate cycle, acetyl-CoA -> oxoglutarate	VI.P2.D	Amazonian - Violao	18	18	Incomplete	Incomplete	True
cell_comparison	S67	13	M00620 | Incomplete reductive citrate cycle, acetyl-CoA -> oxoglutarate	VI.P2.R	Amazonian - Violao	19	19	1 block missing	1 block missing	True
cell_comparison	S67	13	M00620 | Incomplete reductive citrate cycle, acetyl-CoA -> oxoglutarate	Acid mine drainage 3300038494	Richmond-AMD	20	84	Incomplete	Incomplete	True
cell_comparison	S67	13	M00620 | Incomplete reductive citrate cycle, acetyl-CoA -> oxoglutarate	Lab enriched acid 3300038413	Akron-AMD	21	29	Complete	Complete	True
cell_comparison	S67	13	M00620 | Incomplete reductive citrate cycle, acetyl-CoA -> oxoglutarate	Acid mine drainage 3300008567	Richmond-AMD	22	68	Incomplete	Incomplete	True
cell_comparison	S67	13	M00620 | Incomplete reductive citrate cycle, acetyl-CoA -> oxoglutarate	Acid mine drainage 3300030091	Richmond-AMD	23	64	Incomplete	Incomplete	True
cell_comparison	S67	13	M00620 | Incomplete reductive citrate cycle, acetyl-CoA -> oxoglutarate	Hydrotherm Fe rich 3300023310	Hydrothermal-Fe-mats	24	34	Incomplete	Incomplete	True
cell_comparison	S67	13	M00620 | Incomplete reductive citrate cycle, acetyl-CoA -> oxoglutarate	Metatransc of lab 3300046014	Akron-AMD	25	26	Incomplete	Incomplete	True
cell_comparison	S67	13	M00620 | Incomplete reductive citrate cycle, acetyl-CoA -> oxoglutarate	Metatransc of lab 3300055056	Akron-AMD	26	20	Incomplete	Incomplete	True
cell_comparison	S67	13	M00620 | Incomplete reductive citrate cycle, acetyl-CoA -> oxoglutarate	Freshwater sediment microbial 3300010391	Lake-Superior	27	49	Complete	Complete	True
cell_comparison	S67	13	M00620 | Incomplete reductive citrate cycle, acetyl-CoA -> oxoglutarate	Freshwater sediment microbial 3300031898	Lake-Towuti	28	57	Complete	Complete	True
cell_comparison	S67	13	M00620 | Incomplete reductive citrate cycle, acetyl-CoA -> oxoglutarate	Freshwater microbial communitie 3300024300	Lake-Matano	29	43	Complete	Complete	True
cell_comparison	S67	13	M00620 | Incomplete reductive citrate cycle, acetyl-CoA -> oxoglutarate	Metatransc of lab 3300055061	Akron-AMD	30	22	Incomplete	Incomplete	True
cell_comparison	S67	13	M00620 | Incomplete reductive citrate cycle, acetyl-CoA -> oxoglutarate	Hydrotherm Fe rich 3300023368	Hydrothermal-Fe-mats	31	37	Incomplete	Incomplete	True
cell_comparison	S67	13	M00620 | Incomplete reductive citrate cycle, acetyl-CoA -> oxoglutarate	Acid mine drainage 3300038487	Richmond-AMD	32	63	Incomplete	Incomplete	True
cell_comparison	S67	13	M00620 | Incomplete reductive citrate cycle, acetyl-CoA -> oxoglutarate	Freshwater sediment microbial 3300031593	Lake-Towuti	33	52	Complete	Complete	True
cell_comparison	S67	13	M00620 | Incomplete reductive citrate cycle, acetyl-CoA -> oxoglutarate	Acid mine drainage 3300030082	Richmond-AMD	34	71	Incomplete	Incomplete	True
cell_comparison	S67	13	M00620 | Incomplete reductive citrate cycle, acetyl-CoA -> oxoglutarate	Freshwater sediment microbial 3300031604	Lake-Towuti	35	50	Complete	Complete	True
cell_comparison	S67	13	M00620 | Incomplete reductive citrate cycle, acetyl-CoA -> oxoglutarate	Freshwater sediment microbial 3300021518	Lake-Towuti	36	51	Incomplete	Incomplete	True
cell_comparison	S67	13	M00620 | Incomplete reductive citrate cycle, acetyl-CoA -> oxoglutarate	Acid mine drainage 3300030398	Richmond-AMD	37	83	Incomplete	Incomplete	True
cell_comparison	S67	13	M00620 | Incomplete reductive citrate cycle, acetyl-CoA -> oxoglutarate	Acid mine drainage 3300030242	Richmond-AMD	38	79	Incomplete	Incomplete	True
cell_comparison	S67	13	M00620 | Incomplete reductive citrate cycle, acetyl-CoA -> oxoglutarate	Hydrotherm Fe rich 3300023439	Hydrothermal-Fe-mats	39	40	Complete	Complete	True
cell_comparison	S67	13	M00620 | Incomplete reductive citrate cycle, acetyl-CoA -> oxoglutarate	Freshwater microbial communitie 3300024333	Lake-Matano	40	44	Complete	Complete	True
cell_comparison	S67	13	M00620 | Incomplete reductive citrate cycle, acetyl-CoA -> oxoglutarate	Lab enriched sediment 3300039027	Burr-Oak-BO4	41	31	Incomplete	Incomplete	True
cell_comparison	S67	13	M00620 | Incomplete reductive citrate cycle, acetyl-CoA -> oxoglutarate	Acid mine drainage 3300039205	Richmond-AMD	42	75	Incomplete	Incomplete	True
cell_comparison	S67	13	M00620 | Incomplete reductive citrate cycle, acetyl-CoA -> oxoglutarate	Freshwater microbial communitie 3300043827	Lake-Matano	43	47	Incomplete	Incomplete	True
cell_comparison	S67	13	M00620 | Incomplete reductive citrate cycle, acetyl-CoA -> oxoglutarate	Lab enriched acid 3300038471	Akron-AMD	44	24	1 block missing	1 block missing	True
cell_comparison	S67	13	M00620 | Incomplete reductive citrate cycle, acetyl-CoA -> oxoglutarate	Acid mine drainage 3300030335	Richmond-AMD	45	65	Incomplete	Incomplete	True
cell_comparison	S67	13	M00620 | Incomplete reductive citrate cycle, acetyl-CoA -> oxoglutarate	Freshwater microbial communitie 3300028737	Lake-Matano	46	46	1 block missing	1 block missing	True
cell_comparison	S67	13	M00620 | Incomplete reductive citrate cycle, acetyl-CoA -> oxoglutarate	Lab enriched acid 3300038411	Akron-AMD	47	25	1 block missing	1 block missing	True
cell_comparison	S67	13	M00620 | Incomplete reductive citrate cycle, acetyl-CoA -> oxoglutarate	Freshwater sediment microbial 3300031877	Lake-Towuti	48	53	Complete	Complete	True
cell_comparison	S67	13	M00620 | Incomplete reductive citrate cycle, acetyl-CoA -> oxoglutarate	Acid mine drainage 3300038731	Richmond-AMD	49	62	Incomplete	Incomplete	True
cell_comparison	S67	13	M00620 | Incomplete reductive citrate cycle, acetyl-CoA -> oxoglutarate	Acid mine drainage 3300038979	Richmond-AMD	50	73	Incomplete	Incomplete	True
cell_comparison	S67	13	M00620 | Incomplete reductive citrate cycle, acetyl-CoA -> oxoglutarate	Hydrotherm Fe rich 3300023548	Hydrothermal-Fe-mats	51	41	Complete	Complete	True
cell_comparison	S67	13	M00620 | Incomplete reductive citrate cycle, acetyl-CoA -> oxoglutarate	Metatransc of freshwater 3300061576	Lake-Superior	52	48	Incomplete	Incomplete	True
cell_comparison	S67	13	M00620 | Incomplete reductive citrate cycle, acetyl-CoA -> oxoglutarate	Acid mine drainage 3300038486	Richmond-AMD	53	82	Incomplete	Incomplete	True
cell_comparison	S67	13	M00620 | Incomplete reductive citrate cycle, acetyl-CoA -> oxoglutarate	Freshwater sediment microbial 3300031587	Lake-Towuti	54	59	Complete	Complete	True
cell_comparison	S67	13	M00620 | Incomplete reductive citrate cycle, acetyl-CoA -> oxoglutarate	Acid Mine Drainage 3300005360	Richmond-AMD	55	74	Incomplete	Incomplete	True
cell_comparison	S67	13	M00620 | Incomplete reductive citrate cycle, acetyl-CoA -> oxoglutarate	Acid mine drainage 3300008723	Richmond-AMD	56	67	Incomplete	Incomplete	True
cell_comparison	S67	13	M00620 | Incomplete reductive citrate cycle, acetyl-CoA -> oxoglutarate	Acid mine drainage 3300038493	Richmond-AMD	57	81	Incomplete	Incomplete	True
cell_comparison	S67	13	M00620 | Incomplete reductive citrate cycle, acetyl-CoA -> oxoglutarate	Freshwater sediment microbial 3300036045	Lake-Towuti	58	55	1 block missing	1 block missing	True
cell_comparison	S67	13	M00620 | Incomplete reductive citrate cycle, acetyl-CoA -> oxoglutarate	Metatransc of lab 3300046013	Akron-AMD	59	28	Incomplete	Incomplete	True
cell_comparison	S67	13	M00620 | Incomplete reductive citrate cycle, acetyl-CoA -> oxoglutarate	Acid mine drainage 3300038729	Richmond-AMD	60	72	Incomplete	Incomplete	True
cell_comparison	S67	13	M00620 | Incomplete reductive citrate cycle, acetyl-CoA -> oxoglutarate	Acid mine drainage 3300030413	Richmond-AMD	61	85	Incomplete	Incomplete	True
cell_comparison	S67	13	M00620 | Incomplete reductive citrate cycle, acetyl-CoA -> oxoglutarate	Lab enriched acid 3300038412	Akron-AMD	62	27	Incomplete	Incomplete	True
cell_comparison	S67	13	M00620 | Incomplete reductive citrate cycle, acetyl-CoA -> oxoglutarate	Freshwater sediment microbial 3300031806	Lake-Towuti	63	60	Complete	Complete	True
cell_comparison	S67	13	M00620 | Incomplete reductive citrate cycle, acetyl-CoA -> oxoglutarate	Metatransc of lab 3300055057	Akron-AMD	64	30	Incomplete	Incomplete	True
cell_comparison	S67	13	M00620 | Incomplete reductive citrate cycle, acetyl-CoA -> oxoglutarate	Hydrotherm Fe rich 3300023440	Hydrothermal-Fe-mats	65	39	1 block missing	1 block missing	True
cell_comparison	S67	13	M00620 | Incomplete reductive citrate cycle, acetyl-CoA -> oxoglutarate	Lab enriched sediment 3300039028	Burr-Oak-BO4	66	32	Incomplete	Incomplete	True
cell_comparison	S67	13	M00620 | Incomplete reductive citrate cycle, acetyl-CoA -> oxoglutarate	Acid mine drainage 3300008566	Richmond-AMD	67	77	Incomplete	Incomplete	True
cell_comparison	S67	13	M00620 | Incomplete reductive citrate cycle, acetyl-CoA -> oxoglutarate	Freshwater microbial communitie 3300024341	Lake-Matano	68	45	Complete	Complete	True
cell_comparison	S67	13	M00620 | Incomplete reductive citrate cycle, acetyl-CoA -> oxoglutarate	Freshwater sediment microbial 3300021517	Lake-Towuti	69	56	1 block missing	1 block missing	True
cell_comparison	S67	13	M00620 | Incomplete reductive citrate cycle, acetyl-CoA -> oxoglutarate	Metatransc of lab 3300055062	Akron-AMD	70	21	Incomplete	Incomplete	True
cell_comparison	S67	13	M00620 | Incomplete reductive citrate cycle, acetyl-CoA -> oxoglutarate	Hydrotherm Fe rich 3300023442	Hydrothermal-Fe-mats	71	35	1 block missing	1 block missing	True
cell_comparison	S67	13	M00620 | Incomplete reductive citrate cycle, acetyl-CoA -> oxoglutarate	Freshwater sediment microbial 3300036046	Lake-Towuti	72	54	Incomplete	Incomplete	True
cell_comparison	S67	13	M00620 | Incomplete reductive citrate cycle, acetyl-CoA -> oxoglutarate	Hydrotherm Fe rich 3300023313	Hydrothermal-Fe-mats	73	36	Incomplete	Incomplete	True
cell_comparison	S67	13	M00620 | Incomplete reductive citrate cycle, acetyl-CoA -> oxoglutarate	Acid mine drainage 3300039211	Richmond-AMD	74	80	Incomplete	Incomplete	True
cell_comparison	S67	13	M00620 | Incomplete reductive citrate cycle, acetyl-CoA -> oxoglutarate	Acid mine drainage 3300008721	Richmond-AMD	75	78	Incomplete	Incomplete	True
cell_comparison	S67	13	M00620 | Incomplete reductive citrate cycle, acetyl-CoA -> oxoglutarate	Pink biofilm microbial 3300003104	Richmond-AMD	76	69	Incomplete	Incomplete	True
cell_comparison	S67	13	M00620 | Incomplete reductive citrate cycle, acetyl-CoA -> oxoglutarate	Acid mine drainage 3300038681	Richmond-AMD	77	86	Incomplete	Incomplete	True
cell_comparison	S67	13	M00620 | Incomplete reductive citrate cycle, acetyl-CoA -> oxoglutarate	Acid mine drainage 3300030228	Richmond-AMD	78	70	Incomplete	Incomplete	True
cell_comparison	S67	13	M00620 | Incomplete reductive citrate cycle, acetyl-CoA -> oxoglutarate	Metatransc of lab 3300055069	Akron-AMD	79	23	Incomplete	Incomplete	True
cell_comparison	S67	13	M00620 | Incomplete reductive citrate cycle, acetyl-CoA -> oxoglutarate	Acid Mine Drainage 2010484004	Richmond-AMD	80	66	Incomplete	Incomplete	True
cell_comparison	S67	13	M00620 | Incomplete reductive citrate cycle, acetyl-CoA -> oxoglutarate	Hydrotherm Fe rich 3300023307	Hydrothermal-Fe-mats	81	33	Incomplete	Incomplete	True
cell_comparison	S67	13	M00620 | Incomplete reductive citrate cycle, acetyl-CoA -> oxoglutarate	Freshwater sediment microbial 3300031876	Lake-Towuti	82	58	Complete	Complete	True
cell_comparison	S67	13	M00620 | Incomplete reductive citrate cycle, acetyl-CoA -> oxoglutarate	Freshwater microbial communitie 3300023177	Lake-Matano	83	42	Complete	Complete	True
cell_comparison	S67	13	M00620 | Incomplete reductive citrate cycle, acetyl-CoA -> oxoglutarate	Biofilm microbial communitie 3300021476	Other-Fe	84	61	1 block missing	1 block missing	True
cell_comparison	S67	13	M00620 | Incomplete reductive citrate cycle, acetyl-CoA -> oxoglutarate	Acid Mine Drainage 3300003083	Richmond-AMD	85	76	Incomplete	Incomplete	True
cell_comparison	S67	13	M00620 | Incomplete reductive citrate cycle, acetyl-CoA -> oxoglutarate	Hydrotherm Fe rich 3300023444	Hydrothermal-Fe-mats	86	38	Complete	Complete	True
cell_comparison	S67	14	M00174 | Methane oxidation, methanotroph, methane -> formaldehyde	AM.P1.D	Amazonian - Amendoim	0	0	Incomplete	Incomplete	True
cell_comparison	S67	14	M00174 | Methane oxidation, methanotroph, methane -> formaldehyde	AM.P1.R	Amazonian - Amendoim	1	1	Incomplete	Incomplete	True
cell_comparison	S67	14	M00174 | Methane oxidation, methanotroph, methane -> formaldehyde	AM.P2.D	Amazonian - Amendoim	2	2	Incomplete	Incomplete	True
cell_comparison	S67	14	M00174 | Methane oxidation, methanotroph, methane -> formaldehyde	AM.P2.R	Amazonian - Amendoim	3	3	Incomplete	Incomplete	True
cell_comparison	S67	14	M00174 | Methane oxidation, methanotroph, methane -> formaldehyde	TIA.P1.D	Amazonian - Tres Irmas Adjacent	4	4	Incomplete	Incomplete	True
cell_comparison	S67	14	M00174 | Methane oxidation, methanotroph, methane -> formaldehyde	TIA.P1.R	Amazonian - Tres Irmas Adjacent	5	5	Incomplete	Incomplete	True
cell_comparison	S67	14	M00174 | Methane oxidation, methanotroph, methane -> formaldehyde	TIA.P2.D	Amazonian - Tres Irmas Adjacent	6	6	Incomplete	Incomplete	True
cell_comparison	S67	14	M00174 | Methane oxidation, methanotroph, methane -> formaldehyde	TIA.P2.R	Amazonian - Tres Irmas Adjacent	7	7	Incomplete	Incomplete	True
cell_comparison	S67	14	M00174 | Methane oxidation, methanotroph, methane -> formaldehyde	TI.P1.D	Amazonian - Tres Irmas	8	8	Incomplete	Incomplete	True
cell_comparison	S67	14	M00174 | Methane oxidation, methanotroph, methane -> formaldehyde	TI.P1.R	Amazonian - Tres Irmas	9	9	Incomplete	Incomplete	True
cell_comparison	S67	14	M00174 | Methane oxidation, methanotroph, methane -> formaldehyde	TI.P2.D	Amazonian - Tres Irmas	10	10	Incomplete	Incomplete	True
cell_comparison	S67	14	M00174 | Methane oxidation, methanotroph, methane -> formaldehyde	TI.P2.R	Amazonian - Tres Irmas	11	11	Incomplete	Incomplete	True
cell_comparison	S67	14	M00174 | Methane oxidation, methanotroph, methane -> formaldehyde	TI.P3.D	Amazonian - Tres Irmas	12	12	Incomplete	Incomplete	True
cell_comparison	S67	14	M00174 | Methane oxidation, methanotroph, methane -> formaldehyde	TI.P3.R	Amazonian - Tres Irmas	13	13	Incomplete	Incomplete	True
cell_comparison	S67	14	M00174 | Methane oxidation, methanotroph, methane -> formaldehyde	TI.P4.D	Amazonian - Tres Irmas	14	14	Incomplete	Incomplete	True
cell_comparison	S67	14	M00174 | Methane oxidation, methanotroph, methane -> formaldehyde	TI.P4.R	Amazonian - Tres Irmas	15	15	Incomplete	Incomplete	True
cell_comparison	S67	14	M00174 | Methane oxidation, methanotroph, methane -> formaldehyde	VI.P1.D	Amazonian - Violao	16	16	Incomplete	Incomplete	True
cell_comparison	S67	14	M00174 | Methane oxidation, methanotroph, methane -> formaldehyde	VI.P1.R	Amazonian - Violao	17	17	Incomplete	Incomplete	True
cell_comparison	S67	14	M00174 | Methane oxidation, methanotroph, methane -> formaldehyde	VI.P2.D	Amazonian - Violao	18	18	Incomplete	Incomplete	True
cell_comparison	S67	14	M00174 | Methane oxidation, methanotroph, methane -> formaldehyde	VI.P2.R	Amazonian - Violao	19	19	Incomplete	Incomplete	True
cell_comparison	S67	14	M00174 | Methane oxidation, methanotroph, methane -> formaldehyde	Acid mine drainage 3300038494	Richmond-AMD	20	84	Incomplete	Incomplete	True
cell_comparison	S67	14	M00174 | Methane oxidation, methanotroph, methane -> formaldehyde	Lab enriched acid 3300038413	Akron-AMD	21	29	Incomplete	Incomplete	True
cell_comparison	S67	14	M00174 | Methane oxidation, methanotroph, methane -> formaldehyde	Acid mine drainage 3300008567	Richmond-AMD	22	68	Incomplete	Incomplete	True
cell_comparison	S67	14	M00174 | Methane oxidation, methanotroph, methane -> formaldehyde	Acid mine drainage 3300030091	Richmond-AMD	23	64	Incomplete	Incomplete	True
cell_comparison	S67	14	M00174 | Methane oxidation, methanotroph, methane -> formaldehyde	Hydrotherm Fe rich 3300023310	Hydrothermal-Fe-mats	24	34	Incomplete	Incomplete	True
cell_comparison	S67	14	M00174 | Methane oxidation, methanotroph, methane -> formaldehyde	Metatransc of lab 3300046014	Akron-AMD	25	26	Incomplete	Incomplete	True
cell_comparison	S67	14	M00174 | Methane oxidation, methanotroph, methane -> formaldehyde	Metatransc of lab 3300055056	Akron-AMD	26	20	Incomplete	Incomplete	True
cell_comparison	S67	14	M00174 | Methane oxidation, methanotroph, methane -> formaldehyde	Freshwater sediment microbial 3300010391	Lake-Superior	27	49	Incomplete	Incomplete	True
cell_comparison	S67	14	M00174 | Methane oxidation, methanotroph, methane -> formaldehyde	Freshwater sediment microbial 3300031898	Lake-Towuti	28	57	Incomplete	Incomplete	True
cell_comparison	S67	14	M00174 | Methane oxidation, methanotroph, methane -> formaldehyde	Freshwater microbial communitie 3300024300	Lake-Matano	29	43	1 block missing	1 block missing	True
cell_comparison	S67	14	M00174 | Methane oxidation, methanotroph, methane -> formaldehyde	Metatransc of lab 3300055061	Akron-AMD	30	22	Incomplete	Incomplete	True
cell_comparison	S67	14	M00174 | Methane oxidation, methanotroph, methane -> formaldehyde	Hydrotherm Fe rich 3300023368	Hydrothermal-Fe-mats	31	37	Incomplete	Incomplete	True
cell_comparison	S67	14	M00174 | Methane oxidation, methanotroph, methane -> formaldehyde	Acid mine drainage 3300038487	Richmond-AMD	32	63	Incomplete	Incomplete	True
cell_comparison	S67	14	M00174 | Methane oxidation, methanotroph, methane -> formaldehyde	Freshwater sediment microbial 3300031593	Lake-Towuti	33	52	Incomplete	Incomplete	True
cell_comparison	S67	14	M00174 | Methane oxidation, methanotroph, methane -> formaldehyde	Acid mine drainage 3300030082	Richmond-AMD	34	71	Incomplete	Incomplete	True
cell_comparison	S67	14	M00174 | Methane oxidation, methanotroph, methane -> formaldehyde	Freshwater sediment microbial 3300031604	Lake-Towuti	35	50	Incomplete	Incomplete	True
cell_comparison	S67	14	M00174 | Methane oxidation, methanotroph, methane -> formaldehyde	Freshwater sediment microbial 3300021518	Lake-Towuti	36	51	Incomplete	Incomplete	True
cell_comparison	S67	14	M00174 | Methane oxidation, methanotroph, methane -> formaldehyde	Acid mine drainage 3300030398	Richmond-AMD	37	83	Incomplete	Incomplete	True
cell_comparison	S67	14	M00174 | Methane oxidation, methanotroph, methane -> formaldehyde	Acid mine drainage 3300030242	Richmond-AMD	38	79	Incomplete	Incomplete	True
cell_comparison	S67	14	M00174 | Methane oxidation, methanotroph, methane -> formaldehyde	Hydrotherm Fe rich 3300023439	Hydrothermal-Fe-mats	39	40	Incomplete	Incomplete	True
cell_comparison	S67	14	M00174 | Methane oxidation, methanotroph, methane -> formaldehyde	Freshwater microbial communitie 3300024333	Lake-Matano	40	44	Incomplete	Incomplete	True
cell_comparison	S67	14	M00174 | Methane oxidation, methanotroph, methane -> formaldehyde	Lab enriched sediment 3300039027	Burr-Oak-BO4	41	31	Incomplete	Incomplete	True
cell_comparison	S67	14	M00174 | Methane oxidation, methanotroph, methane -> formaldehyde	Acid mine drainage 3300039205	Richmond-AMD	42	75	Incomplete	Incomplete	True
cell_comparison	S67	14	M00174 | Methane oxidation, methanotroph, methane -> formaldehyde	Freshwater microbial communitie 3300043827	Lake-Matano	43	47	Incomplete	Incomplete	True
cell_comparison	S67	14	M00174 | Methane oxidation, methanotroph, methane -> formaldehyde	Lab enriched acid 3300038471	Akron-AMD	44	24	Incomplete	Incomplete	True
cell_comparison	S67	14	M00174 | Methane oxidation, methanotroph, methane -> formaldehyde	Acid mine drainage 3300030335	Richmond-AMD	45	65	Incomplete	Incomplete	True
cell_comparison	S67	14	M00174 | Methane oxidation, methanotroph, methane -> formaldehyde	Freshwater microbial communitie 3300028737	Lake-Matano	46	46	1 block missing	1 block missing	True
cell_comparison	S67	14	M00174 | Methane oxidation, methanotroph, methane -> formaldehyde	Lab enriched acid 3300038411	Akron-AMD	47	25	Incomplete	Incomplete	True
cell_comparison	S67	14	M00174 | Methane oxidation, methanotroph, methane -> formaldehyde	Freshwater sediment microbial 3300031877	Lake-Towuti	48	53	Incomplete	Incomplete	True
cell_comparison	S67	14	M00174 | Methane oxidation, methanotroph, methane -> formaldehyde	Acid mine drainage 3300038731	Richmond-AMD	49	62	Incomplete	Incomplete	True
cell_comparison	S67	14	M00174 | Methane oxidation, methanotroph, methane -> formaldehyde	Acid mine drainage 3300038979	Richmond-AMD	50	73	Incomplete	Incomplete	True
cell_comparison	S67	14	M00174 | Methane oxidation, methanotroph, methane -> formaldehyde	Hydrotherm Fe rich 3300023548	Hydrothermal-Fe-mats	51	41	Incomplete	Incomplete	True
cell_comparison	S67	14	M00174 | Methane oxidation, methanotroph, methane -> formaldehyde	Metatransc of freshwater 3300061576	Lake-Superior	52	48	Incomplete	Incomplete	True
cell_comparison	S67	14	M00174 | Methane oxidation, methanotroph, methane -> formaldehyde	Acid mine drainage 3300038486	Richmond-AMD	53	82	Incomplete	Incomplete	True
cell_comparison	S67	14	M00174 | Methane oxidation, methanotroph, methane -> formaldehyde	Freshwater sediment microbial 3300031587	Lake-Towuti	54	59	Incomplete	Incomplete	True
cell_comparison	S67	14	M00174 | Methane oxidation, methanotroph, methane -> formaldehyde	Acid Mine Drainage 3300005360	Richmond-AMD	55	74	Incomplete	Incomplete	True
cell_comparison	S67	14	M00174 | Methane oxidation, methanotroph, methane -> formaldehyde	Acid mine drainage 3300008723	Richmond-AMD	56	67	Incomplete	Incomplete	True
cell_comparison	S67	14	M00174 | Methane oxidation, methanotroph, methane -> formaldehyde	Acid mine drainage 3300038493	Richmond-AMD	57	81	Incomplete	Incomplete	True
cell_comparison	S67	14	M00174 | Methane oxidation, methanotroph, methane -> formaldehyde	Freshwater sediment microbial 3300036045	Lake-Towuti	58	55	Incomplete	Incomplete	True
cell_comparison	S67	14	M00174 | Methane oxidation, methanotroph, methane -> formaldehyde	Metatransc of lab 3300046013	Akron-AMD	59	28	Incomplete	Incomplete	True
cell_comparison	S67	14	M00174 | Methane oxidation, methanotroph, methane -> formaldehyde	Acid mine drainage 3300038729	Richmond-AMD	60	72	Incomplete	Incomplete	True
cell_comparison	S67	14	M00174 | Methane oxidation, methanotroph, methane -> formaldehyde	Acid mine drainage 3300030413	Richmond-AMD	61	85	Incomplete	Incomplete	True
cell_comparison	S67	14	M00174 | Methane oxidation, methanotroph, methane -> formaldehyde	Lab enriched acid 3300038412	Akron-AMD	62	27	Incomplete	Incomplete	True
cell_comparison	S67	14	M00174 | Methane oxidation, methanotroph, methane -> formaldehyde	Freshwater sediment microbial 3300031806	Lake-Towuti	63	60	Incomplete	Incomplete	True
cell_comparison	S67	14	M00174 | Methane oxidation, methanotroph, methane -> formaldehyde	Metatransc of lab 3300055057	Akron-AMD	64	30	Incomplete	Incomplete	True
cell_comparison	S67	14	M00174 | Methane oxidation, methanotroph, methane -> formaldehyde	Hydrotherm Fe rich 3300023440	Hydrothermal-Fe-mats	65	39	1 block missing	1 block missing	True
cell_comparison	S67	14	M00174 | Methane oxidation, methanotroph, methane -> formaldehyde	Lab enriched sediment 3300039028	Burr-Oak-BO4	66	32	Incomplete	Incomplete	True
cell_comparison	S67	14	M00174 | Methane oxidation, methanotroph, methane -> formaldehyde	Acid mine drainage 3300008566	Richmond-AMD	67	77	Incomplete	Incomplete	True
cell_comparison	S67	14	M00174 | Methane oxidation, methanotroph, methane -> formaldehyde	Freshwater microbial communitie 3300024341	Lake-Matano	68	45	Incomplete	Incomplete	True
cell_comparison	S67	14	M00174 | Methane oxidation, methanotroph, methane -> formaldehyde	Freshwater sediment microbial 3300021517	Lake-Towuti	69	56	Incomplete	Incomplete	True
cell_comparison	S67	14	M00174 | Methane oxidation, methanotroph, methane -> formaldehyde	Metatransc of lab 3300055062	Akron-AMD	70	21	Incomplete	Incomplete	True
cell_comparison	S67	14	M00174 | Methane oxidation, methanotroph, methane -> formaldehyde	Hydrotherm Fe rich 3300023442	Hydrothermal-Fe-mats	71	35	Complete	Complete	True
cell_comparison	S67	14	M00174 | Methane oxidation, methanotroph, methane -> formaldehyde	Freshwater sediment microbial 3300036046	Lake-Towuti	72	54	Incomplete	Incomplete	True
cell_comparison	S67	14	M00174 | Methane oxidation, methanotroph, methane -> formaldehyde	Hydrotherm Fe rich 3300023313	Hydrothermal-Fe-mats	73	36	Incomplete	Incomplete	True
cell_comparison	S67	14	M00174 | Methane oxidation, methanotroph, methane -> formaldehyde	Acid mine drainage 3300039211	Richmond-AMD	74	80	Incomplete	Incomplete	True
cell_comparison	S67	14	M00174 | Methane oxidation, methanotroph, methane -> formaldehyde	Acid mine drainage 3300008721	Richmond-AMD	75	78	Incomplete	Incomplete	True
cell_comparison	S67	14	M00174 | Methane oxidation, methanotroph, methane -> formaldehyde	Pink biofilm microbial 3300003104	Richmond-AMD	76	69	Incomplete	Incomplete	True
cell_comparison	S67	14	M00174 | Methane oxidation, methanotroph, methane -> formaldehyde	Acid mine drainage 3300038681	Richmond-AMD	77	86	Incomplete	Incomplete	True
cell_comparison	S67	14	M00174 | Methane oxidation, methanotroph, methane -> formaldehyde	Acid mine drainage 3300030228	Richmond-AMD	78	70	Incomplete	Incomplete	True
cell_comparison	S67	14	M00174 | Methane oxidation, methanotroph, methane -> formaldehyde	Metatransc of lab 3300055069	Akron-AMD	79	23	Incomplete	Incomplete	True
cell_comparison	S67	14	M00174 | Methane oxidation, methanotroph, methane -> formaldehyde	Acid Mine Drainage 2010484004	Richmond-AMD	80	66	Incomplete	Incomplete	True
cell_comparison	S67	14	M00174 | Methane oxidation, methanotroph, methane -> formaldehyde	Hydrotherm Fe rich 3300023307	Hydrothermal-Fe-mats	81	33	Incomplete	Incomplete	True
cell_comparison	S67	14	M00174 | Methane oxidation, methanotroph, methane -> formaldehyde	Freshwater sediment microbial 3300031876	Lake-Towuti	82	58	Incomplete	Incomplete	True
cell_comparison	S67	14	M00174 | Methane oxidation, methanotroph, methane -> formaldehyde	Freshwater microbial communitie 3300023177	Lake-Matano	83	42	Incomplete	Incomplete	True
cell_comparison	S67	14	M00174 | Methane oxidation, methanotroph, methane -> formaldehyde	Biofilm microbial communitie 3300021476	Other-Fe	84	61	Incomplete	Incomplete	True
cell_comparison	S67	14	M00174 | Methane oxidation, methanotroph, methane -> formaldehyde	Acid Mine Drainage 3300003083	Richmond-AMD	85	76	Incomplete	Incomplete	True
cell_comparison	S67	14	M00174 | Methane oxidation, methanotroph, methane -> formaldehyde	Hydrotherm Fe rich 3300023444	Hydrothermal-Fe-mats	86	38	Incomplete	Incomplete	True
cell_comparison	S67	15	M00358 | Coenzyme M biosynthesis	AM.P1.D	Amazonian - Amendoim	0	0	1 block missing	1 block missing	True
cell_comparison	S67	15	M00358 | Coenzyme M biosynthesis	AM.P1.R	Amazonian - Amendoim	1	1	1 block missing	1 block missing	True
cell_comparison	S67	15	M00358 | Coenzyme M biosynthesis	AM.P2.D	Amazonian - Amendoim	2	2	1 block missing	1 block missing	True
cell_comparison	S67	15	M00358 | Coenzyme M biosynthesis	AM.P2.R	Amazonian - Amendoim	3	3	1 block missing	1 block missing	True
cell_comparison	S67	15	M00358 | Coenzyme M biosynthesis	TIA.P1.D	Amazonian - Tres Irmas Adjacent	4	4	1 block missing	1 block missing	True
cell_comparison	S67	15	M00358 | Coenzyme M biosynthesis	TIA.P1.R	Amazonian - Tres Irmas Adjacent	5	5	1 block missing	1 block missing	True
cell_comparison	S67	15	M00358 | Coenzyme M biosynthesis	TIA.P2.D	Amazonian - Tres Irmas Adjacent	6	6	1 block missing	1 block missing	True
cell_comparison	S67	15	M00358 | Coenzyme M biosynthesis	TIA.P2.R	Amazonian - Tres Irmas Adjacent	7	7	Incomplete	Incomplete	True
cell_comparison	S67	15	M00358 | Coenzyme M biosynthesis	TI.P1.D	Amazonian - Tres Irmas	8	8	1 block missing	1 block missing	True
cell_comparison	S67	15	M00358 | Coenzyme M biosynthesis	TI.P1.R	Amazonian - Tres Irmas	9	9	1 block missing	1 block missing	True
cell_comparison	S67	15	M00358 | Coenzyme M biosynthesis	TI.P2.D	Amazonian - Tres Irmas	10	10	1 block missing	1 block missing	True
cell_comparison	S67	15	M00358 | Coenzyme M biosynthesis	TI.P2.R	Amazonian - Tres Irmas	11	11	1 block missing	1 block missing	True
cell_comparison	S67	15	M00358 | Coenzyme M biosynthesis	TI.P3.D	Amazonian - Tres Irmas	12	12	1 block missing	1 block missing	True
cell_comparison	S67	15	M00358 | Coenzyme M biosynthesis	TI.P3.R	Amazonian - Tres Irmas	13	13	1 block missing	1 block missing	True
cell_comparison	S67	15	M00358 | Coenzyme M biosynthesis	TI.P4.D	Amazonian - Tres Irmas	14	14	1 block missing	1 block missing	True
cell_comparison	S67	15	M00358 | Coenzyme M biosynthesis	TI.P4.R	Amazonian - Tres Irmas	15	15	1 block missing	1 block missing	True
cell_comparison	S67	15	M00358 | Coenzyme M biosynthesis	VI.P1.D	Amazonian - Violao	16	16	Incomplete	Incomplete	True
cell_comparison	S67	15	M00358 | Coenzyme M biosynthesis	VI.P1.R	Amazonian - Violao	17	17	1 block missing	1 block missing	True
cell_comparison	S67	15	M00358 | Coenzyme M biosynthesis	VI.P2.D	Amazonian - Violao	18	18	1 block missing	1 block missing	True
cell_comparison	S67	15	M00358 | Coenzyme M biosynthesis	VI.P2.R	Amazonian - Violao	19	19	1 block missing	1 block missing	True
cell_comparison	S67	15	M00358 | Coenzyme M biosynthesis	Acid mine drainage 3300038494	Richmond-AMD	20	84	Incomplete	Incomplete	True
cell_comparison	S67	15	M00358 | Coenzyme M biosynthesis	Lab enriched acid 3300038413	Akron-AMD	21	29	Complete	Complete	True
cell_comparison	S67	15	M00358 | Coenzyme M biosynthesis	Acid mine drainage 3300008567	Richmond-AMD	22	68	Incomplete	Incomplete	True
cell_comparison	S67	15	M00358 | Coenzyme M biosynthesis	Acid mine drainage 3300030091	Richmond-AMD	23	64	Incomplete	Incomplete	True
cell_comparison	S67	15	M00358 | Coenzyme M biosynthesis	Hydrotherm Fe rich 3300023310	Hydrothermal-Fe-mats	24	34	1 block missing	1 block missing	True
cell_comparison	S67	15	M00358 | Coenzyme M biosynthesis	Metatransc of lab 3300046014	Akron-AMD	25	26	Incomplete	Incomplete	True
cell_comparison	S67	15	M00358 | Coenzyme M biosynthesis	Metatransc of lab 3300055056	Akron-AMD	26	20	Incomplete	Incomplete	True
cell_comparison	S67	15	M00358 | Coenzyme M biosynthesis	Freshwater sediment microbial 3300010391	Lake-Superior	27	49	Complete	Complete	True
cell_comparison	S67	15	M00358 | Coenzyme M biosynthesis	Freshwater sediment microbial 3300031898	Lake-Towuti	28	57	Complete	Complete	True
cell_comparison	S67	15	M00358 | Coenzyme M biosynthesis	Freshwater microbial communitie 3300024300	Lake-Matano	29	43	Complete	Complete	True
cell_comparison	S67	15	M00358 | Coenzyme M biosynthesis	Metatransc of lab 3300055061	Akron-AMD	30	22	Incomplete	Incomplete	True
cell_comparison	S67	15	M00358 | Coenzyme M biosynthesis	Hydrotherm Fe rich 3300023368	Hydrothermal-Fe-mats	31	37	1 block missing	1 block missing	True
cell_comparison	S67	15	M00358 | Coenzyme M biosynthesis	Acid mine drainage 3300038487	Richmond-AMD	32	63	Incomplete	Incomplete	True
cell_comparison	S67	15	M00358 | Coenzyme M biosynthesis	Freshwater sediment microbial 3300031593	Lake-Towuti	33	52	Complete	Complete	True
cell_comparison	S67	15	M00358 | Coenzyme M biosynthesis	Acid mine drainage 3300030082	Richmond-AMD	34	71	Incomplete	Incomplete	True
cell_comparison	S67	15	M00358 | Coenzyme M biosynthesis	Freshwater sediment microbial 3300031604	Lake-Towuti	35	50	Complete	Complete	True
cell_comparison	S67	15	M00358 | Coenzyme M biosynthesis	Freshwater sediment microbial 3300021518	Lake-Towuti	36	51	Complete	Complete	True
cell_comparison	S67	15	M00358 | Coenzyme M biosynthesis	Acid mine drainage 3300030398	Richmond-AMD	37	83	Incomplete	Incomplete	True
cell_comparison	S67	15	M00358 | Coenzyme M biosynthesis	Acid mine drainage 3300030242	Richmond-AMD	38	79	Incomplete	Incomplete	True
cell_comparison	S67	15	M00358 | Coenzyme M biosynthesis	Hydrotherm Fe rich 3300023439	Hydrothermal-Fe-mats	39	40	1 block missing	1 block missing	True
cell_comparison	S67	15	M00358 | Coenzyme M biosynthesis	Freshwater microbial communitie 3300024333	Lake-Matano	40	44	Complete	Complete	True
cell_comparison	S67	15	M00358 | Coenzyme M biosynthesis	Lab enriched sediment 3300039027	Burr-Oak-BO4	41	31	Incomplete	Incomplete	True
cell_comparison	S67	15	M00358 | Coenzyme M biosynthesis	Acid mine drainage 3300039205	Richmond-AMD	42	75	Incomplete	Incomplete	True
cell_comparison	S67	15	M00358 | Coenzyme M biosynthesis	Freshwater microbial communitie 3300043827	Lake-Matano	43	47	Incomplete	Incomplete	True
cell_comparison	S67	15	M00358 | Coenzyme M biosynthesis	Lab enriched acid 3300038471	Akron-AMD	44	24	Complete	Complete	True
cell_comparison	S67	15	M00358 | Coenzyme M biosynthesis	Acid mine drainage 3300030335	Richmond-AMD	45	65	Incomplete	Incomplete	True
cell_comparison	S67	15	M00358 | Coenzyme M biosynthesis	Freshwater microbial communitie 3300028737	Lake-Matano	46	46	Complete	Complete	True
cell_comparison	S67	15	M00358 | Coenzyme M biosynthesis	Lab enriched acid 3300038411	Akron-AMD	47	25	Complete	Complete	True
cell_comparison	S67	15	M00358 | Coenzyme M biosynthesis	Freshwater sediment microbial 3300031877	Lake-Towuti	48	53	Complete	Complete	True
cell_comparison	S67	15	M00358 | Coenzyme M biosynthesis	Acid mine drainage 3300038731	Richmond-AMD	49	62	Incomplete	Incomplete	True
cell_comparison	S67	15	M00358 | Coenzyme M biosynthesis	Acid mine drainage 3300038979	Richmond-AMD	50	73	Incomplete	Incomplete	True
cell_comparison	S67	15	M00358 | Coenzyme M biosynthesis	Hydrotherm Fe rich 3300023548	Hydrothermal-Fe-mats	51	41	Complete	Complete	True
cell_comparison	S67	15	M00358 | Coenzyme M biosynthesis	Metatransc of freshwater 3300061576	Lake-Superior	52	48	Incomplete	Incomplete	True
cell_comparison	S67	15	M00358 | Coenzyme M biosynthesis	Acid mine drainage 3300038486	Richmond-AMD	53	82	Incomplete	Incomplete	True
cell_comparison	S67	15	M00358 | Coenzyme M biosynthesis	Freshwater sediment microbial 3300031587	Lake-Towuti	54	59	Complete	Complete	True
cell_comparison	S67	15	M00358 | Coenzyme M biosynthesis	Acid Mine Drainage 3300005360	Richmond-AMD	55	74	Incomplete	Incomplete	True
cell_comparison	S67	15	M00358 | Coenzyme M biosynthesis	Acid mine drainage 3300008723	Richmond-AMD	56	67	Incomplete	Incomplete	True
cell_comparison	S67	15	M00358 | Coenzyme M biosynthesis	Acid mine drainage 3300038493	Richmond-AMD	57	81	Incomplete	Incomplete	True
cell_comparison	S67	15	M00358 | Coenzyme M biosynthesis	Freshwater sediment microbial 3300036045	Lake-Towuti	58	55	Complete	Complete	True
cell_comparison	S67	15	M00358 | Coenzyme M biosynthesis	Metatransc of lab 3300046013	Akron-AMD	59	28	1 block missing	1 block missing	True
cell_comparison	S67	15	M00358 | Coenzyme M biosynthesis	Acid mine drainage 3300038729	Richmond-AMD	60	72	Incomplete	Incomplete	True
cell_comparison	S67	15	M00358 | Coenzyme M biosynthesis	Acid mine drainage 3300030413	Richmond-AMD	61	85	Incomplete	Incomplete	True
cell_comparison	S67	15	M00358 | Coenzyme M biosynthesis	Lab enriched acid 3300038412	Akron-AMD	62	27	Complete	Complete	True
cell_comparison	S67	15	M00358 | Coenzyme M biosynthesis	Freshwater sediment microbial 3300031806	Lake-Towuti	63	60	Complete	Complete	True
cell_comparison	S67	15	M00358 | Coenzyme M biosynthesis	Metatransc of lab 3300055057	Akron-AMD	64	30	Incomplete	Incomplete	True
cell_comparison	S67	15	M00358 | Coenzyme M biosynthesis	Hydrotherm Fe rich 3300023440	Hydrothermal-Fe-mats	65	39	1 block missing	1 block missing	True
cell_comparison	S67	15	M00358 | Coenzyme M biosynthesis	Lab enriched sediment 3300039028	Burr-Oak-BO4	66	32	Incomplete	Incomplete	True
cell_comparison	S67	15	M00358 | Coenzyme M biosynthesis	Acid mine drainage 3300008566	Richmond-AMD	67	77	Incomplete	Incomplete	True
cell_comparison	S67	15	M00358 | Coenzyme M biosynthesis	Freshwater microbial communitie 3300024341	Lake-Matano	68	45	Complete	Complete	True
cell_comparison	S67	15	M00358 | Coenzyme M biosynthesis	Freshwater sediment microbial 3300021517	Lake-Towuti	69	56	Complete	Complete	True
cell_comparison	S67	15	M00358 | Coenzyme M biosynthesis	Metatransc of lab 3300055062	Akron-AMD	70	21	Incomplete	Incomplete	True
cell_comparison	S67	15	M00358 | Coenzyme M biosynthesis	Hydrotherm Fe rich 3300023442	Hydrothermal-Fe-mats	71	35	Complete	Complete	True
cell_comparison	S67	15	M00358 | Coenzyme M biosynthesis	Freshwater sediment microbial 3300036046	Lake-Towuti	72	54	Complete	Complete	True
cell_comparison	S67	15	M00358 | Coenzyme M biosynthesis	Hydrotherm Fe rich 3300023313	Hydrothermal-Fe-mats	73	36	Incomplete	Incomplete	True
cell_comparison	S67	15	M00358 | Coenzyme M biosynthesis	Acid mine drainage 3300039211	Richmond-AMD	74	80	Incomplete	Incomplete	True
cell_comparison	S67	15	M00358 | Coenzyme M biosynthesis	Acid mine drainage 3300008721	Richmond-AMD	75	78	Incomplete	Incomplete	True
cell_comparison	S67	15	M00358 | Coenzyme M biosynthesis	Pink biofilm microbial 3300003104	Richmond-AMD	76	69	Incomplete	Incomplete	True
cell_comparison	S67	15	M00358 | Coenzyme M biosynthesis	Acid mine drainage 3300038681	Richmond-AMD	77	86	Incomplete	Incomplete	True
cell_comparison	S67	15	M00358 | Coenzyme M biosynthesis	Acid mine drainage 3300030228	Richmond-AMD	78	70	Incomplete	Incomplete	True
cell_comparison	S67	15	M00358 | Coenzyme M biosynthesis	Metatransc of lab 3300055069	Akron-AMD	79	23	Incomplete	Incomplete	True
cell_comparison	S67	15	M00358 | Coenzyme M biosynthesis	Acid Mine Drainage 2010484004	Richmond-AMD	80	66	Incomplete	Incomplete	True
cell_comparison	S67	15	M00358 | Coenzyme M biosynthesis	Hydrotherm Fe rich 3300023307	Hydrothermal-Fe-mats	81	33	Incomplete	Incomplete	True
cell_comparison	S67	15	M00358 | Coenzyme M biosynthesis	Freshwater sediment microbial 3300031876	Lake-Towuti	82	58	Complete	Complete	True
cell_comparison	S67	15	M00358 | Coenzyme M biosynthesis	Freshwater microbial communitie 3300023177	Lake-Matano	83	42	Complete	Complete	True
cell_comparison	S67	15	M00358 | Coenzyme M biosynthesis	Biofilm microbial communitie 3300021476	Other-Fe	84	61	Complete	Complete	True
cell_comparison	S67	15	M00358 | Coenzyme M biosynthesis	Acid Mine Drainage 3300003083	Richmond-AMD	85	76	Incomplete	Incomplete	True
cell_comparison	S67	15	M00358 | Coenzyme M biosynthesis	Hydrotherm Fe rich 3300023444	Hydrothermal-Fe-mats	86	38	Complete	Complete	True
cell_comparison	S67	16	M00378 | F420 biosynthesis	AM.P1.D	Amazonian - Amendoim	0	0	Complete	Complete	True
cell_comparison	S67	16	M00378 | F420 biosynthesis	AM.P1.R	Amazonian - Amendoim	1	1	1 block missing	1 block missing	True
cell_comparison	S67	16	M00378 | F420 biosynthesis	AM.P2.D	Amazonian - Amendoim	2	2	1 block missing	1 block missing	True
cell_comparison	S67	16	M00378 | F420 biosynthesis	AM.P2.R	Amazonian - Amendoim	3	3	1 block missing	1 block missing	True
cell_comparison	S67	16	M00378 | F420 biosynthesis	TIA.P1.D	Amazonian - Tres Irmas Adjacent	4	4	1 block missing	1 block missing	True
cell_comparison	S67	16	M00378 | F420 biosynthesis	TIA.P1.R	Amazonian - Tres Irmas Adjacent	5	5	1 block missing	1 block missing	True
cell_comparison	S67	16	M00378 | F420 biosynthesis	TIA.P2.D	Amazonian - Tres Irmas Adjacent	6	6	Complete	Complete	True
cell_comparison	S67	16	M00378 | F420 biosynthesis	TIA.P2.R	Amazonian - Tres Irmas Adjacent	7	7	1 block missing	1 block missing	True
cell_comparison	S67	16	M00378 | F420 biosynthesis	TI.P1.D	Amazonian - Tres Irmas	8	8	Complete	Complete	True
cell_comparison	S67	16	M00378 | F420 biosynthesis	TI.P1.R	Amazonian - Tres Irmas	9	9	Complete	Complete	True
cell_comparison	S67	16	M00378 | F420 biosynthesis	TI.P2.D	Amazonian - Tres Irmas	10	10	Complete	Complete	True
cell_comparison	S67	16	M00378 | F420 biosynthesis	TI.P2.R	Amazonian - Tres Irmas	11	11	Complete	Complete	True
cell_comparison	S67	16	M00378 | F420 biosynthesis	TI.P3.D	Amazonian - Tres Irmas	12	12	1 block missing	1 block missing	True
cell_comparison	S67	16	M00378 | F420 biosynthesis	TI.P3.R	Amazonian - Tres Irmas	13	13	Complete	Complete	True
cell_comparison	S67	16	M00378 | F420 biosynthesis	TI.P4.D	Amazonian - Tres Irmas	14	14	Incomplete	Incomplete	True
cell_comparison	S67	16	M00378 | F420 biosynthesis	TI.P4.R	Amazonian - Tres Irmas	15	15	Incomplete	Incomplete	True
cell_comparison	S67	16	M00378 | F420 biosynthesis	VI.P1.D	Amazonian - Violao	16	16	1 block missing	1 block missing	True
cell_comparison	S67	16	M00378 | F420 biosynthesis	VI.P1.R	Amazonian - Violao	17	17	Complete	Complete	True
cell_comparison	S67	16	M00378 | F420 biosynthesis	VI.P2.D	Amazonian - Violao	18	18	1 block missing	1 block missing	True
cell_comparison	S67	16	M00378 | F420 biosynthesis	VI.P2.R	Amazonian - Violao	19	19	Complete	Complete	True
cell_comparison	S67	16	M00378 | F420 biosynthesis	Acid mine drainage 3300038494	Richmond-AMD	20	84	Incomplete	Incomplete	True
cell_comparison	S67	16	M00378 | F420 biosynthesis	Lab enriched acid 3300038413	Akron-AMD	21	29	1 block missing	1 block missing	True
cell_comparison	S67	16	M00378 | F420 biosynthesis	Acid mine drainage 3300008567	Richmond-AMD	22	68	Incomplete	Incomplete	True
cell_comparison	S67	16	M00378 | F420 biosynthesis	Acid mine drainage 3300030091	Richmond-AMD	23	64	Incomplete	Incomplete	True
cell_comparison	S67	16	M00378 | F420 biosynthesis	Hydrotherm Fe rich 3300023310	Hydrothermal-Fe-mats	24	34	Incomplete	Incomplete	True
cell_comparison	S67	16	M00378 | F420 biosynthesis	Metatransc of lab 3300046014	Akron-AMD	25	26	Incomplete	Incomplete	True
cell_comparison	S67	16	M00378 | F420 biosynthesis	Metatransc of lab 3300055056	Akron-AMD	26	20	Incomplete	Incomplete	True
cell_comparison	S67	16	M00378 | F420 biosynthesis	Freshwater sediment microbial 3300010391	Lake-Superior	27	49	Complete	Complete	True
cell_comparison	S67	16	M00378 | F420 biosynthesis	Freshwater sediment microbial 3300031898	Lake-Towuti	28	57	Complete	Complete	True
cell_comparison	S67	16	M00378 | F420 biosynthesis	Freshwater microbial communitie 3300024300	Lake-Matano	29	43	Complete	Complete	True
cell_comparison	S67	16	M00378 | F420 biosynthesis	Metatransc of lab 3300055061	Akron-AMD	30	22	Incomplete	Incomplete	True
cell_comparison	S67	16	M00378 | F420 biosynthesis	Hydrotherm Fe rich 3300023368	Hydrothermal-Fe-mats	31	37	1 block missing	1 block missing	True
cell_comparison	S67	16	M00378 | F420 biosynthesis	Acid mine drainage 3300038487	Richmond-AMD	32	63	Incomplete	Incomplete	True
cell_comparison	S67	16	M00378 | F420 biosynthesis	Freshwater sediment microbial 3300031593	Lake-Towuti	33	52	Complete	Complete	True
cell_comparison	S67	16	M00378 | F420 biosynthesis	Acid mine drainage 3300030082	Richmond-AMD	34	71	Incomplete	Incomplete	True
cell_comparison	S67	16	M00378 | F420 biosynthesis	Freshwater sediment microbial 3300031604	Lake-Towuti	35	50	Complete	Complete	True
cell_comparison	S67	16	M00378 | F420 biosynthesis	Freshwater sediment microbial 3300021518	Lake-Towuti	36	51	Complete	Complete	True
cell_comparison	S67	16	M00378 | F420 biosynthesis	Acid mine drainage 3300030398	Richmond-AMD	37	83	Incomplete	Incomplete	True
cell_comparison	S67	16	M00378 | F420 biosynthesis	Acid mine drainage 3300030242	Richmond-AMD	38	79	Incomplete	Incomplete	True
cell_comparison	S67	16	M00378 | F420 biosynthesis	Hydrotherm Fe rich 3300023439	Hydrothermal-Fe-mats	39	40	Complete	Complete	True
cell_comparison	S67	16	M00378 | F420 biosynthesis	Freshwater microbial communitie 3300024333	Lake-Matano	40	44	Complete	Complete	True
cell_comparison	S67	16	M00378 | F420 biosynthesis	Lab enriched sediment 3300039027	Burr-Oak-BO4	41	31	Incomplete	Incomplete	True
cell_comparison	S67	16	M00378 | F420 biosynthesis	Acid mine drainage 3300039205	Richmond-AMD	42	75	Incomplete	Incomplete	True
cell_comparison	S67	16	M00378 | F420 biosynthesis	Freshwater microbial communitie 3300043827	Lake-Matano	43	47	Complete	Complete	True
cell_comparison	S67	16	M00378 | F420 biosynthesis	Lab enriched acid 3300038471	Akron-AMD	44	24	1 block missing	1 block missing	True
cell_comparison	S67	16	M00378 | F420 biosynthesis	Acid mine drainage 3300030335	Richmond-AMD	45	65	Incomplete	Incomplete	True
cell_comparison	S67	16	M00378 | F420 biosynthesis	Freshwater microbial communitie 3300028737	Lake-Matano	46	46	Complete	Complete	True
cell_comparison	S67	16	M00378 | F420 biosynthesis	Lab enriched acid 3300038411	Akron-AMD	47	25	1 block missing	1 block missing	True
cell_comparison	S67	16	M00378 | F420 biosynthesis	Freshwater sediment microbial 3300031877	Lake-Towuti	48	53	Complete	Complete	True
cell_comparison	S67	16	M00378 | F420 biosynthesis	Acid mine drainage 3300038731	Richmond-AMD	49	62	Incomplete	Incomplete	True
cell_comparison	S67	16	M00378 | F420 biosynthesis	Acid mine drainage 3300038979	Richmond-AMD	50	73	Incomplete	Incomplete	True
cell_comparison	S67	16	M00378 | F420 biosynthesis	Hydrotherm Fe rich 3300023548	Hydrothermal-Fe-mats	51	41	1 block missing	1 block missing	True
cell_comparison	S67	16	M00378 | F420 biosynthesis	Metatransc of freshwater 3300061576	Lake-Superior	52	48	Incomplete	Incomplete	True
cell_comparison	S67	16	M00378 | F420 biosynthesis	Acid mine drainage 3300038486	Richmond-AMD	53	82	Incomplete	Incomplete	True
cell_comparison	S67	16	M00378 | F420 biosynthesis	Freshwater sediment microbial 3300031587	Lake-Towuti	54	59	Complete	Complete	True
cell_comparison	S67	16	M00378 | F420 biosynthesis	Acid Mine Drainage 3300005360	Richmond-AMD	55	74	Incomplete	Incomplete	True
cell_comparison	S67	16	M00378 | F420 biosynthesis	Acid mine drainage 3300008723	Richmond-AMD	56	67	Incomplete	Incomplete	True
cell_comparison	S67	16	M00378 | F420 biosynthesis	Acid mine drainage 3300038493	Richmond-AMD	57	81	Incomplete	Incomplete	True
cell_comparison	S67	16	M00378 | F420 biosynthesis	Freshwater sediment microbial 3300036045	Lake-Towuti	58	55	Complete	Complete	True
cell_comparison	S67	16	M00378 | F420 biosynthesis	Metatransc of lab 3300046013	Akron-AMD	59	28	Incomplete	Incomplete	True
cell_comparison	S67	16	M00378 | F420 biosynthesis	Acid mine drainage 3300038729	Richmond-AMD	60	72	Incomplete	Incomplete	True
cell_comparison	S67	16	M00378 | F420 biosynthesis	Acid mine drainage 3300030413	Richmond-AMD	61	85	Incomplete	Incomplete	True
cell_comparison	S67	16	M00378 | F420 biosynthesis	Lab enriched acid 3300038412	Akron-AMD	62	27	1 block missing	1 block missing	True
cell_comparison	S67	16	M00378 | F420 biosynthesis	Freshwater sediment microbial 3300031806	Lake-Towuti	63	60	Complete	Complete	True
cell_comparison	S67	16	M00378 | F420 biosynthesis	Metatransc of lab 3300055057	Akron-AMD	64	30	Incomplete	Incomplete	True
cell_comparison	S67	16	M00378 | F420 biosynthesis	Hydrotherm Fe rich 3300023440	Hydrothermal-Fe-mats	65	39	Complete	Complete	True
cell_comparison	S67	16	M00378 | F420 biosynthesis	Lab enriched sediment 3300039028	Burr-Oak-BO4	66	32	Incomplete	Incomplete	True
cell_comparison	S67	16	M00378 | F420 biosynthesis	Acid mine drainage 3300008566	Richmond-AMD	67	77	Incomplete	Incomplete	True
cell_comparison	S67	16	M00378 | F420 biosynthesis	Freshwater microbial communitie 3300024341	Lake-Matano	68	45	Complete	Complete	True
cell_comparison	S67	16	M00378 | F420 biosynthesis	Freshwater sediment microbial 3300021517	Lake-Towuti	69	56	Complete	Complete	True
cell_comparison	S67	16	M00378 | F420 biosynthesis	Metatransc of lab 3300055062	Akron-AMD	70	21	Incomplete	Incomplete	True
cell_comparison	S67	16	M00378 | F420 biosynthesis	Hydrotherm Fe rich 3300023442	Hydrothermal-Fe-mats	71	35	Complete	Complete	True
cell_comparison	S67	16	M00378 | F420 biosynthesis	Freshwater sediment microbial 3300036046	Lake-Towuti	72	54	Complete	Complete	True
cell_comparison	S67	16	M00378 | F420 biosynthesis	Hydrotherm Fe rich 3300023313	Hydrothermal-Fe-mats	73	36	Incomplete	Incomplete	True
cell_comparison	S67	16	M00378 | F420 biosynthesis	Acid mine drainage 3300039211	Richmond-AMD	74	80	Incomplete	Incomplete	True
cell_comparison	S67	16	M00378 | F420 biosynthesis	Acid mine drainage 3300008721	Richmond-AMD	75	78	Incomplete	Incomplete	True
cell_comparison	S67	16	M00378 | F420 biosynthesis	Pink biofilm microbial 3300003104	Richmond-AMD	76	69	Incomplete	Incomplete	True
cell_comparison	S67	16	M00378 | F420 biosynthesis	Acid mine drainage 3300038681	Richmond-AMD	77	86	Incomplete	Incomplete	True
cell_comparison	S67	16	M00378 | F420 biosynthesis	Acid mine drainage 3300030228	Richmond-AMD	78	70	Incomplete	Incomplete	True
cell_comparison	S67	16	M00378 | F420 biosynthesis	Metatransc of lab 3300055069	Akron-AMD	79	23	Incomplete	Incomplete	True
cell_comparison	S67	16	M00378 | F420 biosynthesis	Acid Mine Drainage 2010484004	Richmond-AMD	80	66	Incomplete	Incomplete	True
cell_comparison	S67	16	M00378 | F420 biosynthesis	Hydrotherm Fe rich 3300023307	Hydrothermal-Fe-mats	81	33	Incomplete	Incomplete	True
cell_comparison	S67	16	M00378 | F420 biosynthesis	Freshwater sediment microbial 3300031876	Lake-Towuti	82	58	Complete	Complete	True
cell_comparison	S67	16	M00378 | F420 biosynthesis	Freshwater microbial communitie 3300023177	Lake-Matano	83	42	Complete	Complete	True
cell_comparison	S67	16	M00378 | F420 biosynthesis	Biofilm microbial communitie 3300021476	Other-Fe	84	61	Complete	Complete	True
cell_comparison	S67	16	M00378 | F420 biosynthesis	Acid Mine Drainage 3300003083	Richmond-AMD	85	76	Incomplete	Incomplete	True
cell_comparison	S67	16	M00378 | F420 biosynthesis	Hydrotherm Fe rich 3300023444	Hydrothermal-Fe-mats	86	38	Complete	Complete	True
cell_comparison	S67	17	M00021 | Cysteine biosynthesis, serine -> cysteine	AM.P1.D	Amazonian - Amendoim	0	0	Complete	Complete	True
cell_comparison	S67	17	M00021 | Cysteine biosynthesis, serine -> cysteine	AM.P1.R	Amazonian - Amendoim	1	1	Complete	Complete	True
cell_comparison	S67	17	M00021 | Cysteine biosynthesis, serine -> cysteine	AM.P2.D	Amazonian - Amendoim	2	2	Complete	Complete	True
cell_comparison	S67	17	M00021 | Cysteine biosynthesis, serine -> cysteine	AM.P2.R	Amazonian - Amendoim	3	3	Complete	Complete	True
cell_comparison	S67	17	M00021 | Cysteine biosynthesis, serine -> cysteine	TIA.P1.D	Amazonian - Tres Irmas Adjacent	4	4	Complete	Complete	True
cell_comparison	S67	17	M00021 | Cysteine biosynthesis, serine -> cysteine	TIA.P1.R	Amazonian - Tres Irmas Adjacent	5	5	Complete	Complete	True
cell_comparison	S67	17	M00021 | Cysteine biosynthesis, serine -> cysteine	TIA.P2.D	Amazonian - Tres Irmas Adjacent	6	6	Complete	Complete	True
cell_comparison	S67	17	M00021 | Cysteine biosynthesis, serine -> cysteine	TIA.P2.R	Amazonian - Tres Irmas Adjacent	7	7	Complete	Complete	True
cell_comparison	S67	17	M00021 | Cysteine biosynthesis, serine -> cysteine	TI.P1.D	Amazonian - Tres Irmas	8	8	Complete	Complete	True
cell_comparison	S67	17	M00021 | Cysteine biosynthesis, serine -> cysteine	TI.P1.R	Amazonian - Tres Irmas	9	9	Complete	Complete	True
cell_comparison	S67	17	M00021 | Cysteine biosynthesis, serine -> cysteine	TI.P2.D	Amazonian - Tres Irmas	10	10	Complete	Complete	True
cell_comparison	S67	17	M00021 | Cysteine biosynthesis, serine -> cysteine	TI.P2.R	Amazonian - Tres Irmas	11	11	Complete	Complete	True
cell_comparison	S67	17	M00021 | Cysteine biosynthesis, serine -> cysteine	TI.P3.D	Amazonian - Tres Irmas	12	12	Complete	Complete	True
cell_comparison	S67	17	M00021 | Cysteine biosynthesis, serine -> cysteine	TI.P3.R	Amazonian - Tres Irmas	13	13	Complete	Complete	True
cell_comparison	S67	17	M00021 | Cysteine biosynthesis, serine -> cysteine	TI.P4.D	Amazonian - Tres Irmas	14	14	Complete	Complete	True
cell_comparison	S67	17	M00021 | Cysteine biosynthesis, serine -> cysteine	TI.P4.R	Amazonian - Tres Irmas	15	15	Complete	Complete	True
cell_comparison	S67	17	M00021 | Cysteine biosynthesis, serine -> cysteine	VI.P1.D	Amazonian - Violao	16	16	1 block missing	1 block missing	True
cell_comparison	S67	17	M00021 | Cysteine biosynthesis, serine -> cysteine	VI.P1.R	Amazonian - Violao	17	17	Complete	Complete	True
cell_comparison	S67	17	M00021 | Cysteine biosynthesis, serine -> cysteine	VI.P2.D	Amazonian - Violao	18	18	Complete	Complete	True
cell_comparison	S67	17	M00021 | Cysteine biosynthesis, serine -> cysteine	VI.P2.R	Amazonian - Violao	19	19	Complete	Complete	True
cell_comparison	S67	17	M00021 | Cysteine biosynthesis, serine -> cysteine	Acid mine drainage 3300038494	Richmond-AMD	20	84	Incomplete	Incomplete	True
cell_comparison	S67	17	M00021 | Cysteine biosynthesis, serine -> cysteine	Lab enriched acid 3300038413	Akron-AMD	21	29	Incomplete	Incomplete	True
cell_comparison	S67	17	M00021 | Cysteine biosynthesis, serine -> cysteine	Acid mine drainage 3300008567	Richmond-AMD	22	68	Incomplete	Incomplete	True
cell_comparison	S67	17	M00021 | Cysteine biosynthesis, serine -> cysteine	Acid mine drainage 3300030091	Richmond-AMD	23	64	Incomplete	Incomplete	True
cell_comparison	S67	17	M00021 | Cysteine biosynthesis, serine -> cysteine	Hydrotherm Fe rich 3300023310	Hydrothermal-Fe-mats	24	34	Incomplete	Incomplete	True
cell_comparison	S67	17	M00021 | Cysteine biosynthesis, serine -> cysteine	Metatransc of lab 3300046014	Akron-AMD	25	26	Incomplete	Incomplete	True
cell_comparison	S67	17	M00021 | Cysteine biosynthesis, serine -> cysteine	Metatransc of lab 3300055056	Akron-AMD	26	20	Incomplete	Incomplete	True
cell_comparison	S67	17	M00021 | Cysteine biosynthesis, serine -> cysteine	Freshwater sediment microbial 3300010391	Lake-Superior	27	49	Incomplete	Incomplete	True
cell_comparison	S67	17	M00021 | Cysteine biosynthesis, serine -> cysteine	Freshwater sediment microbial 3300031898	Lake-Towuti	28	57	Incomplete	Incomplete	True
cell_comparison	S67	17	M00021 | Cysteine biosynthesis, serine -> cysteine	Freshwater microbial communitie 3300024300	Lake-Matano	29	43	Incomplete	Incomplete	True
cell_comparison	S67	17	M00021 | Cysteine biosynthesis, serine -> cysteine	Metatransc of lab 3300055061	Akron-AMD	30	22	Incomplete	Incomplete	True
cell_comparison	S67	17	M00021 | Cysteine biosynthesis, serine -> cysteine	Hydrotherm Fe rich 3300023368	Hydrothermal-Fe-mats	31	37	Incomplete	Incomplete	True
cell_comparison	S67	17	M00021 | Cysteine biosynthesis, serine -> cysteine	Acid mine drainage 3300038487	Richmond-AMD	32	63	Incomplete	Incomplete	True
cell_comparison	S67	17	M00021 | Cysteine biosynthesis, serine -> cysteine	Freshwater sediment microbial 3300031593	Lake-Towuti	33	52	Incomplete	Incomplete	True
cell_comparison	S67	17	M00021 | Cysteine biosynthesis, serine -> cysteine	Acid mine drainage 3300030082	Richmond-AMD	34	71	Incomplete	Incomplete	True
cell_comparison	S67	17	M00021 | Cysteine biosynthesis, serine -> cysteine	Freshwater sediment microbial 3300031604	Lake-Towuti	35	50	Incomplete	Incomplete	True
cell_comparison	S67	17	M00021 | Cysteine biosynthesis, serine -> cysteine	Freshwater sediment microbial 3300021518	Lake-Towuti	36	51	Incomplete	Incomplete	True
cell_comparison	S67	17	M00021 | Cysteine biosynthesis, serine -> cysteine	Acid mine drainage 3300030398	Richmond-AMD	37	83	Incomplete	Incomplete	True
cell_comparison	S67	17	M00021 | Cysteine biosynthesis, serine -> cysteine	Acid mine drainage 3300030242	Richmond-AMD	38	79	Incomplete	Incomplete	True
cell_comparison	S67	17	M00021 | Cysteine biosynthesis, serine -> cysteine	Hydrotherm Fe rich 3300023439	Hydrothermal-Fe-mats	39	40	Incomplete	Incomplete	True
cell_comparison	S67	17	M00021 | Cysteine biosynthesis, serine -> cysteine	Freshwater microbial communitie 3300024333	Lake-Matano	40	44	Incomplete	Incomplete	True
cell_comparison	S67	17	M00021 | Cysteine biosynthesis, serine -> cysteine	Lab enriched sediment 3300039027	Burr-Oak-BO4	41	31	Incomplete	Incomplete	True
cell_comparison	S67	17	M00021 | Cysteine biosynthesis, serine -> cysteine	Acid mine drainage 3300039205	Richmond-AMD	42	75	Incomplete	Incomplete	True
cell_comparison	S67	17	M00021 | Cysteine biosynthesis, serine -> cysteine	Freshwater microbial communitie 3300043827	Lake-Matano	43	47	Incomplete	Incomplete	True
cell_comparison	S67	17	M00021 | Cysteine biosynthesis, serine -> cysteine	Lab enriched acid 3300038471	Akron-AMD	44	24	Incomplete	Incomplete	True
cell_comparison	S67	17	M00021 | Cysteine biosynthesis, serine -> cysteine	Acid mine drainage 3300030335	Richmond-AMD	45	65	Incomplete	Incomplete	True
cell_comparison	S67	17	M00021 | Cysteine biosynthesis, serine -> cysteine	Freshwater microbial communitie 3300028737	Lake-Matano	46	46	Incomplete	Incomplete	True
cell_comparison	S67	17	M00021 | Cysteine biosynthesis, serine -> cysteine	Lab enriched acid 3300038411	Akron-AMD	47	25	Incomplete	Incomplete	True
cell_comparison	S67	17	M00021 | Cysteine biosynthesis, serine -> cysteine	Freshwater sediment microbial 3300031877	Lake-Towuti	48	53	Incomplete	Incomplete	True
cell_comparison	S67	17	M00021 | Cysteine biosynthesis, serine -> cysteine	Acid mine drainage 3300038731	Richmond-AMD	49	62	Incomplete	Incomplete	True
cell_comparison	S67	17	M00021 | Cysteine biosynthesis, serine -> cysteine	Acid mine drainage 3300038979	Richmond-AMD	50	73	Incomplete	Incomplete	True
cell_comparison	S67	17	M00021 | Cysteine biosynthesis, serine -> cysteine	Hydrotherm Fe rich 3300023548	Hydrothermal-Fe-mats	51	41	Incomplete	Incomplete	True
cell_comparison	S67	17	M00021 | Cysteine biosynthesis, serine -> cysteine	Metatransc of freshwater 3300061576	Lake-Superior	52	48	Incomplete	Incomplete	True
cell_comparison	S67	17	M00021 | Cysteine biosynthesis, serine -> cysteine	Acid mine drainage 3300038486	Richmond-AMD	53	82	Incomplete	Incomplete	True
cell_comparison	S67	17	M00021 | Cysteine biosynthesis, serine -> cysteine	Freshwater sediment microbial 3300031587	Lake-Towuti	54	59	Incomplete	Incomplete	True
cell_comparison	S67	17	M00021 | Cysteine biosynthesis, serine -> cysteine	Acid Mine Drainage 3300005360	Richmond-AMD	55	74	Incomplete	Incomplete	True
cell_comparison	S67	17	M00021 | Cysteine biosynthesis, serine -> cysteine	Acid mine drainage 3300008723	Richmond-AMD	56	67	Incomplete	Incomplete	True
cell_comparison	S67	17	M00021 | Cysteine biosynthesis, serine -> cysteine	Acid mine drainage 3300038493	Richmond-AMD	57	81	Incomplete	Incomplete	True
cell_comparison	S67	17	M00021 | Cysteine biosynthesis, serine -> cysteine	Freshwater sediment microbial 3300036045	Lake-Towuti	58	55	Incomplete	Incomplete	True
cell_comparison	S67	17	M00021 | Cysteine biosynthesis, serine -> cysteine	Metatransc of lab 3300046013	Akron-AMD	59	28	Incomplete	Incomplete	True
cell_comparison	S67	17	M00021 | Cysteine biosynthesis, serine -> cysteine	Acid mine drainage 3300038729	Richmond-AMD	60	72	Incomplete	Incomplete	True
cell_comparison	S67	17	M00021 | Cysteine biosynthesis, serine -> cysteine	Acid mine drainage 3300030413	Richmond-AMD	61	85	Incomplete	Incomplete	True
cell_comparison	S67	17	M00021 | Cysteine biosynthesis, serine -> cysteine	Lab enriched acid 3300038412	Akron-AMD	62	27	Incomplete	Incomplete	True
cell_comparison	S67	17	M00021 | Cysteine biosynthesis, serine -> cysteine	Freshwater sediment microbial 3300031806	Lake-Towuti	63	60	Incomplete	Incomplete	True
cell_comparison	S67	17	M00021 | Cysteine biosynthesis, serine -> cysteine	Metatransc of lab 3300055057	Akron-AMD	64	30	Incomplete	Incomplete	True
cell_comparison	S67	17	M00021 | Cysteine biosynthesis, serine -> cysteine	Hydrotherm Fe rich 3300023440	Hydrothermal-Fe-mats	65	39	Incomplete	Incomplete	True
cell_comparison	S67	17	M00021 | Cysteine biosynthesis, serine -> cysteine	Lab enriched sediment 3300039028	Burr-Oak-BO4	66	32	Incomplete	Incomplete	True
cell_comparison	S67	17	M00021 | Cysteine biosynthesis, serine -> cysteine	Acid mine drainage 3300008566	Richmond-AMD	67	77	Incomplete	Incomplete	True
cell_comparison	S67	17	M00021 | Cysteine biosynthesis, serine -> cysteine	Freshwater microbial communitie 3300024341	Lake-Matano	68	45	Incomplete	Incomplete	True
cell_comparison	S67	17	M00021 | Cysteine biosynthesis, serine -> cysteine	Freshwater sediment microbial 3300021517	Lake-Towuti	69	56	Incomplete	Incomplete	True
cell_comparison	S67	17	M00021 | Cysteine biosynthesis, serine -> cysteine	Metatransc of lab 3300055062	Akron-AMD	70	21	Incomplete	Incomplete	True
cell_comparison	S67	17	M00021 | Cysteine biosynthesis, serine -> cysteine	Hydrotherm Fe rich 3300023442	Hydrothermal-Fe-mats	71	35	Incomplete	Incomplete	True
cell_comparison	S67	17	M00021 | Cysteine biosynthesis, serine -> cysteine	Freshwater sediment microbial 3300036046	Lake-Towuti	72	54	Incomplete	Incomplete	True
cell_comparison	S67	17	M00021 | Cysteine biosynthesis, serine -> cysteine	Hydrotherm Fe rich 3300023313	Hydrothermal-Fe-mats	73	36	Incomplete	Incomplete	True
cell_comparison	S67	17	M00021 | Cysteine biosynthesis, serine -> cysteine	Acid mine drainage 3300039211	Richmond-AMD	74	80	Incomplete	Incomplete	True
cell_comparison	S67	17	M00021 | Cysteine biosynthesis, serine -> cysteine	Acid mine drainage 3300008721	Richmond-AMD	75	78	Incomplete	Incomplete	True
cell_comparison	S67	17	M00021 | Cysteine biosynthesis, serine -> cysteine	Pink biofilm microbial 3300003104	Richmond-AMD	76	69	Incomplete	Incomplete	True
cell_comparison	S67	17	M00021 | Cysteine biosynthesis, serine -> cysteine	Acid mine drainage 3300038681	Richmond-AMD	77	86	Incomplete	Incomplete	True
cell_comparison	S67	17	M00021 | Cysteine biosynthesis, serine -> cysteine	Acid mine drainage 3300030228	Richmond-AMD	78	70	Incomplete	Incomplete	True
cell_comparison	S67	17	M00021 | Cysteine biosynthesis, serine -> cysteine	Metatransc of lab 3300055069	Akron-AMD	79	23	Incomplete	Incomplete	True
cell_comparison	S67	17	M00021 | Cysteine biosynthesis, serine -> cysteine	Acid Mine Drainage 2010484004	Richmond-AMD	80	66	Incomplete	Incomplete	True
cell_comparison	S67	17	M00021 | Cysteine biosynthesis, serine -> cysteine	Hydrotherm Fe rich 3300023307	Hydrothermal-Fe-mats	81	33	Incomplete	Incomplete	True
cell_comparison	S67	17	M00021 | Cysteine biosynthesis, serine -> cysteine	Freshwater sediment microbial 3300031876	Lake-Towuti	82	58	Incomplete	Incomplete	True
cell_comparison	S67	17	M00021 | Cysteine biosynthesis, serine -> cysteine	Freshwater microbial communitie 3300023177	Lake-Matano	83	42	Incomplete	Incomplete	True
cell_comparison	S67	17	M00021 | Cysteine biosynthesis, serine -> cysteine	Biofilm microbial communitie 3300021476	Other-Fe	84	61	Incomplete	Incomplete	True
cell_comparison	S67	17	M00021 | Cysteine biosynthesis, serine -> cysteine	Acid Mine Drainage 3300003083	Richmond-AMD	85	76	Incomplete	Incomplete	True
cell_comparison	S67	17	M00021 | Cysteine biosynthesis, serine -> cysteine	Hydrotherm Fe rich 3300023444	Hydrothermal-Fe-mats	86	38	Incomplete	Incomplete	True
cell_comparison	S67	18	M00176 | Assimilatory sulfate reduction, sulfate -> H2S	AM.P1.D	Amazonian - Amendoim	0	0	Complete	Complete	True
cell_comparison	S67	18	M00176 | Assimilatory sulfate reduction, sulfate -> H2S	AM.P1.R	Amazonian - Amendoim	1	1	Complete	Complete	True
cell_comparison	S67	18	M00176 | Assimilatory sulfate reduction, sulfate -> H2S	AM.P2.D	Amazonian - Amendoim	2	2	1 block missing	1 block missing	True
cell_comparison	S67	18	M00176 | Assimilatory sulfate reduction, sulfate -> H2S	AM.P2.R	Amazonian - Amendoim	3	3	Complete	Complete	True
cell_comparison	S67	18	M00176 | Assimilatory sulfate reduction, sulfate -> H2S	TIA.P1.D	Amazonian - Tres Irmas Adjacent	4	4	1 block missing	1 block missing	True
cell_comparison	S67	18	M00176 | Assimilatory sulfate reduction, sulfate -> H2S	TIA.P1.R	Amazonian - Tres Irmas Adjacent	5	5	Complete	Complete	True
cell_comparison	S67	18	M00176 | Assimilatory sulfate reduction, sulfate -> H2S	TIA.P2.D	Amazonian - Tres Irmas Adjacent	6	6	1 block missing	1 block missing	True
cell_comparison	S67	18	M00176 | Assimilatory sulfate reduction, sulfate -> H2S	TIA.P2.R	Amazonian - Tres Irmas Adjacent	7	7	1 block missing	1 block missing	True
cell_comparison	S67	18	M00176 | Assimilatory sulfate reduction, sulfate -> H2S	TI.P1.D	Amazonian - Tres Irmas	8	8	Complete	Complete	True
cell_comparison	S67	18	M00176 | Assimilatory sulfate reduction, sulfate -> H2S	TI.P1.R	Amazonian - Tres Irmas	9	9	1 block missing	1 block missing	True
cell_comparison	S67	18	M00176 | Assimilatory sulfate reduction, sulfate -> H2S	TI.P2.D	Amazonian - Tres Irmas	10	10	1 block missing	1 block missing	True
cell_comparison	S67	18	M00176 | Assimilatory sulfate reduction, sulfate -> H2S	TI.P2.R	Amazonian - Tres Irmas	11	11	1 block missing	1 block missing	True
cell_comparison	S67	18	M00176 | Assimilatory sulfate reduction, sulfate -> H2S	TI.P3.D	Amazonian - Tres Irmas	12	12	Complete	Complete	True
cell_comparison	S67	18	M00176 | Assimilatory sulfate reduction, sulfate -> H2S	TI.P3.R	Amazonian - Tres Irmas	13	13	1 block missing	1 block missing	True
cell_comparison	S67	18	M00176 | Assimilatory sulfate reduction, sulfate -> H2S	TI.P4.D	Amazonian - Tres Irmas	14	14	Complete	Complete	True
cell_comparison	S67	18	M00176 | Assimilatory sulfate reduction, sulfate -> H2S	TI.P4.R	Amazonian - Tres Irmas	15	15	Complete	Complete	True
cell_comparison	S67	18	M00176 | Assimilatory sulfate reduction, sulfate -> H2S	VI.P1.D	Amazonian - Violao	16	16	Incomplete	Incomplete	True
cell_comparison	S67	18	M00176 | Assimilatory sulfate reduction, sulfate -> H2S	VI.P1.R	Amazonian - Violao	17	17	1 block missing	1 block missing	True
cell_comparison	S67	18	M00176 | Assimilatory sulfate reduction, sulfate -> H2S	VI.P2.D	Amazonian - Violao	18	18	1 block missing	1 block missing	True
cell_comparison	S67	18	M00176 | Assimilatory sulfate reduction, sulfate -> H2S	VI.P2.R	Amazonian - Violao	19	19	1 block missing	1 block missing	True
cell_comparison	S67	18	M00176 | Assimilatory sulfate reduction, sulfate -> H2S	Acid mine drainage 3300038494	Richmond-AMD	20	84	Incomplete	Incomplete	True
cell_comparison	S67	18	M00176 | Assimilatory sulfate reduction, sulfate -> H2S	Lab enriched acid 3300038413	Akron-AMD	21	29	Complete	Complete	True
cell_comparison	S67	18	M00176 | Assimilatory sulfate reduction, sulfate -> H2S	Acid mine drainage 3300008567	Richmond-AMD	22	68	Incomplete	Incomplete	True
cell_comparison	S67	18	M00176 | Assimilatory sulfate reduction, sulfate -> H2S	Acid mine drainage 3300030091	Richmond-AMD	23	64	Incomplete	Incomplete	True
cell_comparison	S67	18	M00176 | Assimilatory sulfate reduction, sulfate -> H2S	Hydrotherm Fe rich 3300023310	Hydrothermal-Fe-mats	24	34	1 block missing	1 block missing	True
cell_comparison	S67	18	M00176 | Assimilatory sulfate reduction, sulfate -> H2S	Metatransc of lab 3300046014	Akron-AMD	25	26	Incomplete	Incomplete	True
cell_comparison	S67	18	M00176 | Assimilatory sulfate reduction, sulfate -> H2S	Metatransc of lab 3300055056	Akron-AMD	26	20	Incomplete	Incomplete	True
cell_comparison	S67	18	M00176 | Assimilatory sulfate reduction, sulfate -> H2S	Freshwater sediment microbial 3300010391	Lake-Superior	27	49	Complete	Complete	True
cell_comparison	S67	18	M00176 | Assimilatory sulfate reduction, sulfate -> H2S	Freshwater sediment microbial 3300031898	Lake-Towuti	28	57	Complete	Complete	True
cell_comparison	S67	18	M00176 | Assimilatory sulfate reduction, sulfate -> H2S	Freshwater microbial communitie 3300024300	Lake-Matano	29	43	Complete	Complete	True
cell_comparison	S67	18	M00176 | Assimilatory sulfate reduction, sulfate -> H2S	Metatransc of lab 3300055061	Akron-AMD	30	22	Incomplete	Incomplete	True
cell_comparison	S67	18	M00176 | Assimilatory sulfate reduction, sulfate -> H2S	Hydrotherm Fe rich 3300023368	Hydrothermal-Fe-mats	31	37	1 block missing	1 block missing	True
cell_comparison	S67	18	M00176 | Assimilatory sulfate reduction, sulfate -> H2S	Acid mine drainage 3300038487	Richmond-AMD	32	63	Incomplete	Incomplete	True
cell_comparison	S67	18	M00176 | Assimilatory sulfate reduction, sulfate -> H2S	Freshwater sediment microbial 3300031593	Lake-Towuti	33	52	Complete	Complete	True
cell_comparison	S67	18	M00176 | Assimilatory sulfate reduction, sulfate -> H2S	Acid mine drainage 3300030082	Richmond-AMD	34	71	Incomplete	Incomplete	True
cell_comparison	S67	18	M00176 | Assimilatory sulfate reduction, sulfate -> H2S	Freshwater sediment microbial 3300031604	Lake-Towuti	35	50	1 block missing	1 block missing	True
cell_comparison	S67	18	M00176 | Assimilatory sulfate reduction, sulfate -> H2S	Freshwater sediment microbial 3300021518	Lake-Towuti	36	51	Complete	Complete	True
cell_comparison	S67	18	M00176 | Assimilatory sulfate reduction, sulfate -> H2S	Acid mine drainage 3300030398	Richmond-AMD	37	83	Incomplete	Incomplete	True
cell_comparison	S67	18	M00176 | Assimilatory sulfate reduction, sulfate -> H2S	Acid mine drainage 3300030242	Richmond-AMD	38	79	Incomplete	Incomplete	True
cell_comparison	S67	18	M00176 | Assimilatory sulfate reduction, sulfate -> H2S	Hydrotherm Fe rich 3300023439	Hydrothermal-Fe-mats	39	40	1 block missing	1 block missing	True
cell_comparison	S67	18	M00176 | Assimilatory sulfate reduction, sulfate -> H2S	Freshwater microbial communitie 3300024333	Lake-Matano	40	44	Complete	Complete	True
cell_comparison	S67	18	M00176 | Assimilatory sulfate reduction, sulfate -> H2S	Lab enriched sediment 3300039027	Burr-Oak-BO4	41	31	Incomplete	Incomplete	True
cell_comparison	S67	18	M00176 | Assimilatory sulfate reduction, sulfate -> H2S	Acid mine drainage 3300039205	Richmond-AMD	42	75	Incomplete	Incomplete	True
cell_comparison	S67	18	M00176 | Assimilatory sulfate reduction, sulfate -> H2S	Freshwater microbial communitie 3300043827	Lake-Matano	43	47	1 block missing	1 block missing	True
cell_comparison	S67	18	M00176 | Assimilatory sulfate reduction, sulfate -> H2S	Lab enriched acid 3300038471	Akron-AMD	44	24	1 block missing	1 block missing	True
cell_comparison	S67	18	M00176 | Assimilatory sulfate reduction, sulfate -> H2S	Acid mine drainage 3300030335	Richmond-AMD	45	65	Incomplete	Incomplete	True
cell_comparison	S67	18	M00176 | Assimilatory sulfate reduction, sulfate -> H2S	Freshwater microbial communitie 3300028737	Lake-Matano	46	46	Complete	Complete	True
cell_comparison	S67	18	M00176 | Assimilatory sulfate reduction, sulfate -> H2S	Lab enriched acid 3300038411	Akron-AMD	47	25	Complete	Complete	True
cell_comparison	S67	18	M00176 | Assimilatory sulfate reduction, sulfate -> H2S	Freshwater sediment microbial 3300031877	Lake-Towuti	48	53	Complete	Complete	True
cell_comparison	S67	18	M00176 | Assimilatory sulfate reduction, sulfate -> H2S	Acid mine drainage 3300038731	Richmond-AMD	49	62	Incomplete	Incomplete	True
cell_comparison	S67	18	M00176 | Assimilatory sulfate reduction, sulfate -> H2S	Acid mine drainage 3300038979	Richmond-AMD	50	73	Incomplete	Incomplete	True
cell_comparison	S67	18	M00176 | Assimilatory sulfate reduction, sulfate -> H2S	Hydrotherm Fe rich 3300023548	Hydrothermal-Fe-mats	51	41	1 block missing	1 block missing	True
cell_comparison	S67	18	M00176 | Assimilatory sulfate reduction, sulfate -> H2S	Metatransc of freshwater 3300061576	Lake-Superior	52	48	Complete	Complete	True
cell_comparison	S67	18	M00176 | Assimilatory sulfate reduction, sulfate -> H2S	Acid mine drainage 3300038486	Richmond-AMD	53	82	Incomplete	Incomplete	True
cell_comparison	S67	18	M00176 | Assimilatory sulfate reduction, sulfate -> H2S	Freshwater sediment microbial 3300031587	Lake-Towuti	54	59	1 block missing	1 block missing	True
cell_comparison	S67	18	M00176 | Assimilatory sulfate reduction, sulfate -> H2S	Acid Mine Drainage 3300005360	Richmond-AMD	55	74	Incomplete	Incomplete	True
cell_comparison	S67	18	M00176 | Assimilatory sulfate reduction, sulfate -> H2S	Acid mine drainage 3300008723	Richmond-AMD	56	67	Incomplete	Incomplete	True
cell_comparison	S67	18	M00176 | Assimilatory sulfate reduction, sulfate -> H2S	Acid mine drainage 3300038493	Richmond-AMD	57	81	Incomplete	Incomplete	True
cell_comparison	S67	18	M00176 | Assimilatory sulfate reduction, sulfate -> H2S	Freshwater sediment microbial 3300036045	Lake-Towuti	58	55	Complete	Complete	True
cell_comparison	S67	18	M00176 | Assimilatory sulfate reduction, sulfate -> H2S	Metatransc of lab 3300046013	Akron-AMD	59	28	Complete	Complete	True
cell_comparison	S67	18	M00176 | Assimilatory sulfate reduction, sulfate -> H2S	Acid mine drainage 3300038729	Richmond-AMD	60	72	Incomplete	Incomplete	True
cell_comparison	S67	18	M00176 | Assimilatory sulfate reduction, sulfate -> H2S	Acid mine drainage 3300030413	Richmond-AMD	61	85	Incomplete	Incomplete	True
cell_comparison	S67	18	M00176 | Assimilatory sulfate reduction, sulfate -> H2S	Lab enriched acid 3300038412	Akron-AMD	62	27	1 block missing	1 block missing	True
cell_comparison	S67	18	M00176 | Assimilatory sulfate reduction, sulfate -> H2S	Freshwater sediment microbial 3300031806	Lake-Towuti	63	60	Complete	Complete	True
cell_comparison	S67	18	M00176 | Assimilatory sulfate reduction, sulfate -> H2S	Metatransc of lab 3300055057	Akron-AMD	64	30	Incomplete	Incomplete	True
cell_comparison	S67	18	M00176 | Assimilatory sulfate reduction, sulfate -> H2S	Hydrotherm Fe rich 3300023440	Hydrothermal-Fe-mats	65	39	Complete	Complete	True
cell_comparison	S67	18	M00176 | Assimilatory sulfate reduction, sulfate -> H2S	Lab enriched sediment 3300039028	Burr-Oak-BO4	66	32	1 block missing	1 block missing	True
cell_comparison	S67	18	M00176 | Assimilatory sulfate reduction, sulfate -> H2S	Acid mine drainage 3300008566	Richmond-AMD	67	77	Incomplete	Incomplete	True
cell_comparison	S67	18	M00176 | Assimilatory sulfate reduction, sulfate -> H2S	Freshwater microbial communitie 3300024341	Lake-Matano	68	45	Complete	Complete	True
cell_comparison	S67	18	M00176 | Assimilatory sulfate reduction, sulfate -> H2S	Freshwater sediment microbial 3300021517	Lake-Towuti	69	56	Complete	Complete	True
cell_comparison	S67	18	M00176 | Assimilatory sulfate reduction, sulfate -> H2S	Metatransc of lab 3300055062	Akron-AMD	70	21	Incomplete	Incomplete	True
cell_comparison	S67	18	M00176 | Assimilatory sulfate reduction, sulfate -> H2S	Hydrotherm Fe rich 3300023442	Hydrothermal-Fe-mats	71	35	Complete	Complete	True
cell_comparison	S67	18	M00176 | Assimilatory sulfate reduction, sulfate -> H2S	Freshwater sediment microbial 3300036046	Lake-Towuti	72	54	Complete	Complete	True
cell_comparison	S67	18	M00176 | Assimilatory sulfate reduction, sulfate -> H2S	Hydrotherm Fe rich 3300023313	Hydrothermal-Fe-mats	73	36	Complete	Complete	True
cell_comparison	S67	18	M00176 | Assimilatory sulfate reduction, sulfate -> H2S	Acid mine drainage 3300039211	Richmond-AMD	74	80	Incomplete	Incomplete	True
cell_comparison	S67	18	M00176 | Assimilatory sulfate reduction, sulfate -> H2S	Acid mine drainage 3300008721	Richmond-AMD	75	78	Incomplete	Incomplete	True
cell_comparison	S67	18	M00176 | Assimilatory sulfate reduction, sulfate -> H2S	Pink biofilm microbial 3300003104	Richmond-AMD	76	69	Incomplete	Incomplete	True
cell_comparison	S67	18	M00176 | Assimilatory sulfate reduction, sulfate -> H2S	Acid mine drainage 3300038681	Richmond-AMD	77	86	Incomplete	Incomplete	True
cell_comparison	S67	18	M00176 | Assimilatory sulfate reduction, sulfate -> H2S	Acid mine drainage 3300030228	Richmond-AMD	78	70	Incomplete	Incomplete	True
cell_comparison	S67	18	M00176 | Assimilatory sulfate reduction, sulfate -> H2S	Metatransc of lab 3300055069	Akron-AMD	79	23	Incomplete	Incomplete	True
cell_comparison	S67	18	M00176 | Assimilatory sulfate reduction, sulfate -> H2S	Acid Mine Drainage 2010484004	Richmond-AMD	80	66	Incomplete	Incomplete	True
cell_comparison	S67	18	M00176 | Assimilatory sulfate reduction, sulfate -> H2S	Hydrotherm Fe rich 3300023307	Hydrothermal-Fe-mats	81	33	1 block missing	1 block missing	True
cell_comparison	S67	18	M00176 | Assimilatory sulfate reduction, sulfate -> H2S	Freshwater sediment microbial 3300031876	Lake-Towuti	82	58	Complete	Complete	True
cell_comparison	S67	18	M00176 | Assimilatory sulfate reduction, sulfate -> H2S	Freshwater microbial communitie 3300023177	Lake-Matano	83	42	Complete	Complete	True
cell_comparison	S67	18	M00176 | Assimilatory sulfate reduction, sulfate -> H2S	Biofilm microbial communitie 3300021476	Other-Fe	84	61	Complete	Complete	True
cell_comparison	S67	18	M00176 | Assimilatory sulfate reduction, sulfate -> H2S	Acid Mine Drainage 3300003083	Richmond-AMD	85	76	Incomplete	Incomplete	True
cell_comparison	S67	18	M00176 | Assimilatory sulfate reduction, sulfate -> H2S	Hydrotherm Fe rich 3300023444	Hydrothermal-Fe-mats	86	38	Complete	Complete	True
cell_comparison	S67	19	M00338 | Cysteine biosynthesis, homocysteine + serine -> cysteine	AM.P1.D	Amazonian - Amendoim	0	0	Complete	Complete	True
cell_comparison	S67	19	M00338 | Cysteine biosynthesis, homocysteine + serine -> cysteine	AM.P1.R	Amazonian - Amendoim	1	1	Complete	Complete	True
cell_comparison	S67	19	M00338 | Cysteine biosynthesis, homocysteine + serine -> cysteine	AM.P2.D	Amazonian - Amendoim	2	2	1 block missing	1 block missing	True
cell_comparison	S67	19	M00338 | Cysteine biosynthesis, homocysteine + serine -> cysteine	AM.P2.R	Amazonian - Amendoim	3	3	Complete	Complete	True
cell_comparison	S67	19	M00338 | Cysteine biosynthesis, homocysteine + serine -> cysteine	TIA.P1.D	Amazonian - Tres Irmas Adjacent	4	4	1 block missing	1 block missing	True
cell_comparison	S67	19	M00338 | Cysteine biosynthesis, homocysteine + serine -> cysteine	TIA.P1.R	Amazonian - Tres Irmas Adjacent	5	5	Complete	Complete	True
cell_comparison	S67	19	M00338 | Cysteine biosynthesis, homocysteine + serine -> cysteine	TIA.P2.D	Amazonian - Tres Irmas Adjacent	6	6	Complete	Complete	True
cell_comparison	S67	19	M00338 | Cysteine biosynthesis, homocysteine + serine -> cysteine	TIA.P2.R	Amazonian - Tres Irmas Adjacent	7	7	Complete	Complete	True
cell_comparison	S67	19	M00338 | Cysteine biosynthesis, homocysteine + serine -> cysteine	TI.P1.D	Amazonian - Tres Irmas	8	8	Complete	Complete	True
cell_comparison	S67	19	M00338 | Cysteine biosynthesis, homocysteine + serine -> cysteine	TI.P1.R	Amazonian - Tres Irmas	9	9	Complete	Complete	True
cell_comparison	S67	19	M00338 | Cysteine biosynthesis, homocysteine + serine -> cysteine	TI.P2.D	Amazonian - Tres Irmas	10	10	1 block missing	1 block missing	True
cell_comparison	S67	19	M00338 | Cysteine biosynthesis, homocysteine + serine -> cysteine	TI.P2.R	Amazonian - Tres Irmas	11	11	1 block missing	1 block missing	True
cell_comparison	S67	19	M00338 | Cysteine biosynthesis, homocysteine + serine -> cysteine	TI.P3.D	Amazonian - Tres Irmas	12	12	Complete	Complete	True
cell_comparison	S67	19	M00338 | Cysteine biosynthesis, homocysteine + serine -> cysteine	TI.P3.R	Amazonian - Tres Irmas	13	13	Complete	Complete	True
cell_comparison	S67	19	M00338 | Cysteine biosynthesis, homocysteine + serine -> cysteine	TI.P4.D	Amazonian - Tres Irmas	14	14	Complete	Complete	True
cell_comparison	S67	19	M00338 | Cysteine biosynthesis, homocysteine + serine -> cysteine	TI.P4.R	Amazonian - Tres Irmas	15	15	Complete	Complete	True
cell_comparison	S67	19	M00338 | Cysteine biosynthesis, homocysteine + serine -> cysteine	VI.P1.D	Amazonian - Violao	16	16	Complete	Complete	True
cell_comparison	S67	19	M00338 | Cysteine biosynthesis, homocysteine + serine -> cysteine	VI.P1.R	Amazonian - Violao	17	17	Complete	Complete	True
cell_comparison	S67	19	M00338 | Cysteine biosynthesis, homocysteine + serine -> cysteine	VI.P2.D	Amazonian - Violao	18	18	Complete	Complete	True
cell_comparison	S67	19	M00338 | Cysteine biosynthesis, homocysteine + serine -> cysteine	VI.P2.R	Amazonian - Violao	19	19	Complete	Complete	True
cell_comparison	S67	19	M00338 | Cysteine biosynthesis, homocysteine + serine -> cysteine	Acid mine drainage 3300038494	Richmond-AMD	20	84	Incomplete	Incomplete	True
cell_comparison	S67	19	M00338 | Cysteine biosynthesis, homocysteine + serine -> cysteine	Lab enriched acid 3300038413	Akron-AMD	21	29	1 block missing	1 block missing	True
cell_comparison	S67	19	M00338 | Cysteine biosynthesis, homocysteine + serine -> cysteine	Acid mine drainage 3300008567	Richmond-AMD	22	68	Incomplete	Incomplete	True
cell_comparison	S67	19	M00338 | Cysteine biosynthesis, homocysteine + serine -> cysteine	Acid mine drainage 3300030091	Richmond-AMD	23	64	1 block missing	1 block missing	True
cell_comparison	S67	19	M00338 | Cysteine biosynthesis, homocysteine + serine -> cysteine	Hydrotherm Fe rich 3300023310	Hydrothermal-Fe-mats	24	34	1 block missing	1 block missing	True
cell_comparison	S67	19	M00338 | Cysteine biosynthesis, homocysteine + serine -> cysteine	Metatransc of lab 3300046014	Akron-AMD	25	26	Incomplete	Incomplete	True
cell_comparison	S67	19	M00338 | Cysteine biosynthesis, homocysteine + serine -> cysteine	Metatransc of lab 3300055056	Akron-AMD	26	20	Incomplete	Incomplete	True
cell_comparison	S67	19	M00338 | Cysteine biosynthesis, homocysteine + serine -> cysteine	Freshwater sediment microbial 3300010391	Lake-Superior	27	49	1 block missing	1 block missing	True
cell_comparison	S67	19	M00338 | Cysteine biosynthesis, homocysteine + serine -> cysteine	Freshwater sediment microbial 3300031898	Lake-Towuti	28	57	Complete	Complete	True
cell_comparison	S67	19	M00338 | Cysteine biosynthesis, homocysteine + serine -> cysteine	Freshwater microbial communitie 3300024300	Lake-Matano	29	43	1 block missing	1 block missing	True
cell_comparison	S67	19	M00338 | Cysteine biosynthesis, homocysteine + serine -> cysteine	Metatransc of lab 3300055061	Akron-AMD	30	22	1 block missing	1 block missing	True
cell_comparison	S67	19	M00338 | Cysteine biosynthesis, homocysteine + serine -> cysteine	Hydrotherm Fe rich 3300023368	Hydrothermal-Fe-mats	31	37	1 block missing	1 block missing	True
cell_comparison	S67	19	M00338 | Cysteine biosynthesis, homocysteine + serine -> cysteine	Acid mine drainage 3300038487	Richmond-AMD	32	63	Incomplete	Incomplete	True
cell_comparison	S67	19	M00338 | Cysteine biosynthesis, homocysteine + serine -> cysteine	Freshwater sediment microbial 3300031593	Lake-Towuti	33	52	Complete	Complete	True
cell_comparison	S67	19	M00338 | Cysteine biosynthesis, homocysteine + serine -> cysteine	Acid mine drainage 3300030082	Richmond-AMD	34	71	1 block missing	1 block missing	True
cell_comparison	S67	19	M00338 | Cysteine biosynthesis, homocysteine + serine -> cysteine	Freshwater sediment microbial 3300031604	Lake-Towuti	35	50	Complete	Complete	True
cell_comparison	S67	19	M00338 | Cysteine biosynthesis, homocysteine + serine -> cysteine	Freshwater sediment microbial 3300021518	Lake-Towuti	36	51	1 block missing	1 block missing	True
cell_comparison	S67	19	M00338 | Cysteine biosynthesis, homocysteine + serine -> cysteine	Acid mine drainage 3300030398	Richmond-AMD	37	83	1 block missing	1 block missing	True
cell_comparison	S67	19	M00338 | Cysteine biosynthesis, homocysteine + serine -> cysteine	Acid mine drainage 3300030242	Richmond-AMD	38	79	1 block missing	1 block missing	True
cell_comparison	S67	19	M00338 | Cysteine biosynthesis, homocysteine + serine -> cysteine	Hydrotherm Fe rich 3300023439	Hydrothermal-Fe-mats	39	40	Complete	Complete	True
cell_comparison	S67	19	M00338 | Cysteine biosynthesis, homocysteine + serine -> cysteine	Freshwater microbial communitie 3300024333	Lake-Matano	40	44	1 block missing	1 block missing	True
cell_comparison	S67	19	M00338 | Cysteine biosynthesis, homocysteine + serine -> cysteine	Lab enriched sediment 3300039027	Burr-Oak-BO4	41	31	Incomplete	Incomplete	True
cell_comparison	S67	19	M00338 | Cysteine biosynthesis, homocysteine + serine -> cysteine	Acid mine drainage 3300039205	Richmond-AMD	42	75	Incomplete	Incomplete	True
cell_comparison	S67	19	M00338 | Cysteine biosynthesis, homocysteine + serine -> cysteine	Freshwater microbial communitie 3300043827	Lake-Matano	43	47	1 block missing	1 block missing	True
cell_comparison	S67	19	M00338 | Cysteine biosynthesis, homocysteine + serine -> cysteine	Lab enriched acid 3300038471	Akron-AMD	44	24	1 block missing	1 block missing	True
cell_comparison	S67	19	M00338 | Cysteine biosynthesis, homocysteine + serine -> cysteine	Acid mine drainage 3300030335	Richmond-AMD	45	65	Incomplete	Incomplete	True
cell_comparison	S67	19	M00338 | Cysteine biosynthesis, homocysteine + serine -> cysteine	Freshwater microbial communitie 3300028737	Lake-Matano	46	46	1 block missing	1 block missing	True
cell_comparison	S67	19	M00338 | Cysteine biosynthesis, homocysteine + serine -> cysteine	Lab enriched acid 3300038411	Akron-AMD	47	25	1 block missing	1 block missing	True
cell_comparison	S67	19	M00338 | Cysteine biosynthesis, homocysteine + serine -> cysteine	Freshwater sediment microbial 3300031877	Lake-Towuti	48	53	1 block missing	1 block missing	True
cell_comparison	S67	19	M00338 | Cysteine biosynthesis, homocysteine + serine -> cysteine	Acid mine drainage 3300038731	Richmond-AMD	49	62	Incomplete	Incomplete	True
cell_comparison	S67	19	M00338 | Cysteine biosynthesis, homocysteine + serine -> cysteine	Acid mine drainage 3300038979	Richmond-AMD	50	73	Incomplete	Incomplete	True
cell_comparison	S67	19	M00338 | Cysteine biosynthesis, homocysteine + serine -> cysteine	Hydrotherm Fe rich 3300023548	Hydrothermal-Fe-mats	51	41	1 block missing	1 block missing	True
cell_comparison	S67	19	M00338 | Cysteine biosynthesis, homocysteine + serine -> cysteine	Metatransc of freshwater 3300061576	Lake-Superior	52	48	1 block missing	1 block missing	True
cell_comparison	S67	19	M00338 | Cysteine biosynthesis, homocysteine + serine -> cysteine	Acid mine drainage 3300038486	Richmond-AMD	53	82	Incomplete	Incomplete	True
cell_comparison	S67	19	M00338 | Cysteine biosynthesis, homocysteine + serine -> cysteine	Freshwater sediment microbial 3300031587	Lake-Towuti	54	59	Complete	Complete	True
cell_comparison	S67	19	M00338 | Cysteine biosynthesis, homocysteine + serine -> cysteine	Acid Mine Drainage 3300005360	Richmond-AMD	55	74	Incomplete	Incomplete	True
cell_comparison	S67	19	M00338 | Cysteine biosynthesis, homocysteine + serine -> cysteine	Acid mine drainage 3300008723	Richmond-AMD	56	67	Incomplete	Incomplete	True
cell_comparison	S67	19	M00338 | Cysteine biosynthesis, homocysteine + serine -> cysteine	Acid mine drainage 3300038493	Richmond-AMD	57	81	Incomplete	Incomplete	True
cell_comparison	S67	19	M00338 | Cysteine biosynthesis, homocysteine + serine -> cysteine	Freshwater sediment microbial 3300036045	Lake-Towuti	58	55	1 block missing	1 block missing	True
cell_comparison	S67	19	M00338 | Cysteine biosynthesis, homocysteine + serine -> cysteine	Metatransc of lab 3300046013	Akron-AMD	59	28	1 block missing	1 block missing	True
cell_comparison	S67	19	M00338 | Cysteine biosynthesis, homocysteine + serine -> cysteine	Acid mine drainage 3300038729	Richmond-AMD	60	72	Incomplete	Incomplete	True
cell_comparison	S67	19	M00338 | Cysteine biosynthesis, homocysteine + serine -> cysteine	Acid mine drainage 3300030413	Richmond-AMD	61	85	1 block missing	1 block missing	True
cell_comparison	S67	19	M00338 | Cysteine biosynthesis, homocysteine + serine -> cysteine	Lab enriched acid 3300038412	Akron-AMD	62	27	1 block missing	1 block missing	True
cell_comparison	S67	19	M00338 | Cysteine biosynthesis, homocysteine + serine -> cysteine	Freshwater sediment microbial 3300031806	Lake-Towuti	63	60	Complete	Complete	True
cell_comparison	S67	19	M00338 | Cysteine biosynthesis, homocysteine + serine -> cysteine	Metatransc of lab 3300055057	Akron-AMD	64	30	Incomplete	Incomplete	True
cell_comparison	S67	19	M00338 | Cysteine biosynthesis, homocysteine + serine -> cysteine	Hydrotherm Fe rich 3300023440	Hydrothermal-Fe-mats	65	39	Complete	Complete	True
cell_comparison	S67	19	M00338 | Cysteine biosynthesis, homocysteine + serine -> cysteine	Lab enriched sediment 3300039028	Burr-Oak-BO4	66	32	1 block missing	1 block missing	True
cell_comparison	S67	19	M00338 | Cysteine biosynthesis, homocysteine + serine -> cysteine	Acid mine drainage 3300008566	Richmond-AMD	67	77	Incomplete	Incomplete	True
cell_comparison	S67	19	M00338 | Cysteine biosynthesis, homocysteine + serine -> cysteine	Freshwater microbial communitie 3300024341	Lake-Matano	68	45	1 block missing	1 block missing	True
cell_comparison	S67	19	M00338 | Cysteine biosynthesis, homocysteine + serine -> cysteine	Freshwater sediment microbial 3300021517	Lake-Towuti	69	56	1 block missing	1 block missing	True
cell_comparison	S67	19	M00338 | Cysteine biosynthesis, homocysteine + serine -> cysteine	Metatransc of lab 3300055062	Akron-AMD	70	21	1 block missing	1 block missing	True
cell_comparison	S67	19	M00338 | Cysteine biosynthesis, homocysteine + serine -> cysteine	Hydrotherm Fe rich 3300023442	Hydrothermal-Fe-mats	71	35	1 block missing	1 block missing	True
cell_comparison	S67	19	M00338 | Cysteine biosynthesis, homocysteine + serine -> cysteine	Freshwater sediment microbial 3300036046	Lake-Towuti	72	54	1 block missing	1 block missing	True
cell_comparison	S67	19	M00338 | Cysteine biosynthesis, homocysteine + serine -> cysteine	Hydrotherm Fe rich 3300023313	Hydrothermal-Fe-mats	73	36	Complete	Complete	True
cell_comparison	S67	19	M00338 | Cysteine biosynthesis, homocysteine + serine -> cysteine	Acid mine drainage 3300039211	Richmond-AMD	74	80	Incomplete	Incomplete	True
cell_comparison	S67	19	M00338 | Cysteine biosynthesis, homocysteine + serine -> cysteine	Acid mine drainage 3300008721	Richmond-AMD	75	78	Incomplete	Incomplete	True
cell_comparison	S67	19	M00338 | Cysteine biosynthesis, homocysteine + serine -> cysteine	Pink biofilm microbial 3300003104	Richmond-AMD	76	69	Incomplete	Incomplete	True
cell_comparison	S67	19	M00338 | Cysteine biosynthesis, homocysteine + serine -> cysteine	Acid mine drainage 3300038681	Richmond-AMD	77	86	Incomplete	Incomplete	True
cell_comparison	S67	19	M00338 | Cysteine biosynthesis, homocysteine + serine -> cysteine	Acid mine drainage 3300030228	Richmond-AMD	78	70	1 block missing	1 block missing	True
cell_comparison	S67	19	M00338 | Cysteine biosynthesis, homocysteine + serine -> cysteine	Metatransc of lab 3300055069	Akron-AMD	79	23	Incomplete	Incomplete	True
cell_comparison	S67	19	M00338 | Cysteine biosynthesis, homocysteine + serine -> cysteine	Acid Mine Drainage 2010484004	Richmond-AMD	80	66	1 block missing	1 block missing	True
cell_comparison	S67	19	M00338 | Cysteine biosynthesis, homocysteine + serine -> cysteine	Hydrotherm Fe rich 3300023307	Hydrothermal-Fe-mats	81	33	Incomplete	Incomplete	True
cell_comparison	S67	19	M00338 | Cysteine biosynthesis, homocysteine + serine -> cysteine	Freshwater sediment microbial 3300031876	Lake-Towuti	82	58	Complete	Complete	True
cell_comparison	S67	19	M00338 | Cysteine biosynthesis, homocysteine + serine -> cysteine	Freshwater microbial communitie 3300023177	Lake-Matano	83	42	1 block missing	1 block missing	True
cell_comparison	S67	19	M00338 | Cysteine biosynthesis, homocysteine + serine -> cysteine	Biofilm microbial communitie 3300021476	Other-Fe	84	61	1 block missing	1 block missing	True
cell_comparison	S67	19	M00338 | Cysteine biosynthesis, homocysteine + serine -> cysteine	Acid Mine Drainage 3300003083	Richmond-AMD	85	76	Incomplete	Incomplete	True
cell_comparison	S67	19	M00338 | Cysteine biosynthesis, homocysteine + serine -> cysteine	Hydrotherm Fe rich 3300023444	Hydrothermal-Fe-mats	86	38	1 block missing	1 block missing	True
cell_comparison	S67	20	M00596 | Dissimilatory sulfate reduction, sulfate -> H2S	AM.P1.D	Amazonian - Amendoim	0	0	Incomplete	Incomplete	True
cell_comparison	S67	20	M00596 | Dissimilatory sulfate reduction, sulfate -> H2S	AM.P1.R	Amazonian - Amendoim	1	1	Incomplete	Incomplete	True
cell_comparison	S67	20	M00596 | Dissimilatory sulfate reduction, sulfate -> H2S	AM.P2.D	Amazonian - Amendoim	2	2	Incomplete	Incomplete	True
cell_comparison	S67	20	M00596 | Dissimilatory sulfate reduction, sulfate -> H2S	AM.P2.R	Amazonian - Amendoim	3	3	Incomplete	Incomplete	True
cell_comparison	S67	20	M00596 | Dissimilatory sulfate reduction, sulfate -> H2S	TIA.P1.D	Amazonian - Tres Irmas Adjacent	4	4	Incomplete	Incomplete	True
cell_comparison	S67	20	M00596 | Dissimilatory sulfate reduction, sulfate -> H2S	TIA.P1.R	Amazonian - Tres Irmas Adjacent	5	5	Incomplete	Incomplete	True
cell_comparison	S67	20	M00596 | Dissimilatory sulfate reduction, sulfate -> H2S	TIA.P2.D	Amazonian - Tres Irmas Adjacent	6	6	Incomplete	Incomplete	True
cell_comparison	S67	20	M00596 | Dissimilatory sulfate reduction, sulfate -> H2S	TIA.P2.R	Amazonian - Tres Irmas Adjacent	7	7	Incomplete	Incomplete	True
cell_comparison	S67	20	M00596 | Dissimilatory sulfate reduction, sulfate -> H2S	TI.P1.D	Amazonian - Tres Irmas	8	8	Incomplete	Incomplete	True
cell_comparison	S67	20	M00596 | Dissimilatory sulfate reduction, sulfate -> H2S	TI.P1.R	Amazonian - Tres Irmas	9	9	Incomplete	Incomplete	True
cell_comparison	S67	20	M00596 | Dissimilatory sulfate reduction, sulfate -> H2S	TI.P2.D	Amazonian - Tres Irmas	10	10	Incomplete	Incomplete	True
cell_comparison	S67	20	M00596 | Dissimilatory sulfate reduction, sulfate -> H2S	TI.P2.R	Amazonian - Tres Irmas	11	11	Incomplete	Incomplete	True
cell_comparison	S67	20	M00596 | Dissimilatory sulfate reduction, sulfate -> H2S	TI.P3.D	Amazonian - Tres Irmas	12	12	Incomplete	Incomplete	True
cell_comparison	S67	20	M00596 | Dissimilatory sulfate reduction, sulfate -> H2S	TI.P3.R	Amazonian - Tres Irmas	13	13	Incomplete	Incomplete	True
cell_comparison	S67	20	M00596 | Dissimilatory sulfate reduction, sulfate -> H2S	TI.P4.D	Amazonian - Tres Irmas	14	14	Incomplete	Incomplete	True
cell_comparison	S67	20	M00596 | Dissimilatory sulfate reduction, sulfate -> H2S	TI.P4.R	Amazonian - Tres Irmas	15	15	Incomplete	Incomplete	True
cell_comparison	S67	20	M00596 | Dissimilatory sulfate reduction, sulfate -> H2S	VI.P1.D	Amazonian - Violao	16	16	Incomplete	Incomplete	True
cell_comparison	S67	20	M00596 | Dissimilatory sulfate reduction, sulfate -> H2S	VI.P1.R	Amazonian - Violao	17	17	Incomplete	Incomplete	True
cell_comparison	S67	20	M00596 | Dissimilatory sulfate reduction, sulfate -> H2S	VI.P2.D	Amazonian - Violao	18	18	Incomplete	Incomplete	True
cell_comparison	S67	20	M00596 | Dissimilatory sulfate reduction, sulfate -> H2S	VI.P2.R	Amazonian - Violao	19	19	Incomplete	Incomplete	True
cell_comparison	S67	20	M00596 | Dissimilatory sulfate reduction, sulfate -> H2S	Acid mine drainage 3300038494	Richmond-AMD	20	84	Incomplete	Incomplete	True
cell_comparison	S67	20	M00596 | Dissimilatory sulfate reduction, sulfate -> H2S	Lab enriched acid 3300038413	Akron-AMD	21	29	Complete	Complete	True
cell_comparison	S67	20	M00596 | Dissimilatory sulfate reduction, sulfate -> H2S	Acid mine drainage 3300008567	Richmond-AMD	22	68	Incomplete	Incomplete	True
cell_comparison	S67	20	M00596 | Dissimilatory sulfate reduction, sulfate -> H2S	Acid mine drainage 3300030091	Richmond-AMD	23	64	Incomplete	Incomplete	True
cell_comparison	S67	20	M00596 | Dissimilatory sulfate reduction, sulfate -> H2S	Hydrotherm Fe rich 3300023310	Hydrothermal-Fe-mats	24	34	Complete	Complete	True
cell_comparison	S67	20	M00596 | Dissimilatory sulfate reduction, sulfate -> H2S	Metatransc of lab 3300046014	Akron-AMD	25	26	Incomplete	Incomplete	True
cell_comparison	S67	20	M00596 | Dissimilatory sulfate reduction, sulfate -> H2S	Metatransc of lab 3300055056	Akron-AMD	26	20	Incomplete	Incomplete	True
cell_comparison	S67	20	M00596 | Dissimilatory sulfate reduction, sulfate -> H2S	Freshwater sediment microbial 3300010391	Lake-Superior	27	49	Complete	Complete	True
cell_comparison	S67	20	M00596 | Dissimilatory sulfate reduction, sulfate -> H2S	Freshwater sediment microbial 3300031898	Lake-Towuti	28	57	Complete	Complete	True
cell_comparison	S67	20	M00596 | Dissimilatory sulfate reduction, sulfate -> H2S	Freshwater microbial communitie 3300024300	Lake-Matano	29	43	Complete	Complete	True
cell_comparison	S67	20	M00596 | Dissimilatory sulfate reduction, sulfate -> H2S	Metatransc of lab 3300055061	Akron-AMD	30	22	Incomplete	Incomplete	True
cell_comparison	S67	20	M00596 | Dissimilatory sulfate reduction, sulfate -> H2S	Hydrotherm Fe rich 3300023368	Hydrothermal-Fe-mats	31	37	Complete	Complete	True
cell_comparison	S67	20	M00596 | Dissimilatory sulfate reduction, sulfate -> H2S	Acid mine drainage 3300038487	Richmond-AMD	32	63	Incomplete	Incomplete	True
cell_comparison	S67	20	M00596 | Dissimilatory sulfate reduction, sulfate -> H2S	Freshwater sediment microbial 3300031593	Lake-Towuti	33	52	Complete	Complete	True
cell_comparison	S67	20	M00596 | Dissimilatory sulfate reduction, sulfate -> H2S	Acid mine drainage 3300030082	Richmond-AMD	34	71	Incomplete	Incomplete	True
cell_comparison	S67	20	M00596 | Dissimilatory sulfate reduction, sulfate -> H2S	Freshwater sediment microbial 3300031604	Lake-Towuti	35	50	Complete	Complete	True
cell_comparison	S67	20	M00596 | Dissimilatory sulfate reduction, sulfate -> H2S	Freshwater sediment microbial 3300021518	Lake-Towuti	36	51	Complete	Complete	True
cell_comparison	S67	20	M00596 | Dissimilatory sulfate reduction, sulfate -> H2S	Acid mine drainage 3300030398	Richmond-AMD	37	83	Incomplete	Incomplete	True
cell_comparison	S67	20	M00596 | Dissimilatory sulfate reduction, sulfate -> H2S	Acid mine drainage 3300030242	Richmond-AMD	38	79	Incomplete	Incomplete	True
cell_comparison	S67	20	M00596 | Dissimilatory sulfate reduction, sulfate -> H2S	Hydrotherm Fe rich 3300023439	Hydrothermal-Fe-mats	39	40	Complete	Complete	True
cell_comparison	S67	20	M00596 | Dissimilatory sulfate reduction, sulfate -> H2S	Freshwater microbial communitie 3300024333	Lake-Matano	40	44	Complete	Complete	True
cell_comparison	S67	20	M00596 | Dissimilatory sulfate reduction, sulfate -> H2S	Lab enriched sediment 3300039027	Burr-Oak-BO4	41	31	Incomplete	Incomplete	True
cell_comparison	S67	20	M00596 | Dissimilatory sulfate reduction, sulfate -> H2S	Acid mine drainage 3300039205	Richmond-AMD	42	75	Incomplete	Incomplete	True
cell_comparison	S67	20	M00596 | Dissimilatory sulfate reduction, sulfate -> H2S	Freshwater microbial communitie 3300043827	Lake-Matano	43	47	Incomplete	Incomplete	True
cell_comparison	S67	20	M00596 | Dissimilatory sulfate reduction, sulfate -> H2S	Lab enriched acid 3300038471	Akron-AMD	44	24	Complete	Complete	True
cell_comparison	S67	20	M00596 | Dissimilatory sulfate reduction, sulfate -> H2S	Acid mine drainage 3300030335	Richmond-AMD	45	65	Incomplete	Incomplete	True
cell_comparison	S67	20	M00596 | Dissimilatory sulfate reduction, sulfate -> H2S	Freshwater microbial communitie 3300028737	Lake-Matano	46	46	Complete	Complete	True
cell_comparison	S67	20	M00596 | Dissimilatory sulfate reduction, sulfate -> H2S	Lab enriched acid 3300038411	Akron-AMD	47	25	Complete	Complete	True
cell_comparison	S67	20	M00596 | Dissimilatory sulfate reduction, sulfate -> H2S	Freshwater sediment microbial 3300031877	Lake-Towuti	48	53	Complete	Complete	True
cell_comparison	S67	20	M00596 | Dissimilatory sulfate reduction, sulfate -> H2S	Acid mine drainage 3300038731	Richmond-AMD	49	62	Incomplete	Incomplete	True
cell_comparison	S67	20	M00596 | Dissimilatory sulfate reduction, sulfate -> H2S	Acid mine drainage 3300038979	Richmond-AMD	50	73	Incomplete	Incomplete	True
cell_comparison	S67	20	M00596 | Dissimilatory sulfate reduction, sulfate -> H2S	Hydrotherm Fe rich 3300023548	Hydrothermal-Fe-mats	51	41	Complete	Complete	True
cell_comparison	S67	20	M00596 | Dissimilatory sulfate reduction, sulfate -> H2S	Metatransc of freshwater 3300061576	Lake-Superior	52	48	Incomplete	Incomplete	True
cell_comparison	S67	20	M00596 | Dissimilatory sulfate reduction, sulfate -> H2S	Acid mine drainage 3300038486	Richmond-AMD	53	82	Incomplete	Incomplete	True
cell_comparison	S67	20	M00596 | Dissimilatory sulfate reduction, sulfate -> H2S	Freshwater sediment microbial 3300031587	Lake-Towuti	54	59	Complete	Complete	True
cell_comparison	S67	20	M00596 | Dissimilatory sulfate reduction, sulfate -> H2S	Acid Mine Drainage 3300005360	Richmond-AMD	55	74	Incomplete	Incomplete	True
cell_comparison	S67	20	M00596 | Dissimilatory sulfate reduction, sulfate -> H2S	Acid mine drainage 3300008723	Richmond-AMD	56	67	Incomplete	Incomplete	True
cell_comparison	S67	20	M00596 | Dissimilatory sulfate reduction, sulfate -> H2S	Acid mine drainage 3300038493	Richmond-AMD	57	81	Incomplete	Incomplete	True
cell_comparison	S67	20	M00596 | Dissimilatory sulfate reduction, sulfate -> H2S	Freshwater sediment microbial 3300036045	Lake-Towuti	58	55	Complete	Complete	True
cell_comparison	S67	20	M00596 | Dissimilatory sulfate reduction, sulfate -> H2S	Metatransc of lab 3300046013	Akron-AMD	59	28	Complete	Complete	True
cell_comparison	S67	20	M00596 | Dissimilatory sulfate reduction, sulfate -> H2S	Acid mine drainage 3300038729	Richmond-AMD	60	72	Incomplete	Incomplete	True
cell_comparison	S67	20	M00596 | Dissimilatory sulfate reduction, sulfate -> H2S	Acid mine drainage 3300030413	Richmond-AMD	61	85	Incomplete	Incomplete	True
cell_comparison	S67	20	M00596 | Dissimilatory sulfate reduction, sulfate -> H2S	Lab enriched acid 3300038412	Akron-AMD	62	27	Complete	Complete	True
cell_comparison	S67	20	M00596 | Dissimilatory sulfate reduction, sulfate -> H2S	Freshwater sediment microbial 3300031806	Lake-Towuti	63	60	Complete	Complete	True
cell_comparison	S67	20	M00596 | Dissimilatory sulfate reduction, sulfate -> H2S	Metatransc of lab 3300055057	Akron-AMD	64	30	Incomplete	Incomplete	True
cell_comparison	S67	20	M00596 | Dissimilatory sulfate reduction, sulfate -> H2S	Hydrotherm Fe rich 3300023440	Hydrothermal-Fe-mats	65	39	Complete	Complete	True
cell_comparison	S67	20	M00596 | Dissimilatory sulfate reduction, sulfate -> H2S	Lab enriched sediment 3300039028	Burr-Oak-BO4	66	32	Incomplete	Incomplete	True
cell_comparison	S67	20	M00596 | Dissimilatory sulfate reduction, sulfate -> H2S	Acid mine drainage 3300008566	Richmond-AMD	67	77	Incomplete	Incomplete	True
cell_comparison	S67	20	M00596 | Dissimilatory sulfate reduction, sulfate -> H2S	Freshwater microbial communitie 3300024341	Lake-Matano	68	45	Complete	Complete	True
cell_comparison	S67	20	M00596 | Dissimilatory sulfate reduction, sulfate -> H2S	Freshwater sediment microbial 3300021517	Lake-Towuti	69	56	1 block missing	1 block missing	True
cell_comparison	S67	20	M00596 | Dissimilatory sulfate reduction, sulfate -> H2S	Metatransc of lab 3300055062	Akron-AMD	70	21	1 block missing	1 block missing	True
cell_comparison	S67	20	M00596 | Dissimilatory sulfate reduction, sulfate -> H2S	Hydrotherm Fe rich 3300023442	Hydrothermal-Fe-mats	71	35	Complete	Complete	True
cell_comparison	S67	20	M00596 | Dissimilatory sulfate reduction, sulfate -> H2S	Freshwater sediment microbial 3300036046	Lake-Towuti	72	54	Complete	Complete	True
cell_comparison	S67	20	M00596 | Dissimilatory sulfate reduction, sulfate -> H2S	Hydrotherm Fe rich 3300023313	Hydrothermal-Fe-mats	73	36	Complete	Complete	True
cell_comparison	S67	20	M00596 | Dissimilatory sulfate reduction, sulfate -> H2S	Acid mine drainage 3300039211	Richmond-AMD	74	80	Incomplete	Incomplete	True
cell_comparison	S67	20	M00596 | Dissimilatory sulfate reduction, sulfate -> H2S	Acid mine drainage 3300008721	Richmond-AMD	75	78	Incomplete	Incomplete	True
cell_comparison	S67	20	M00596 | Dissimilatory sulfate reduction, sulfate -> H2S	Pink biofilm microbial 3300003104	Richmond-AMD	76	69	Incomplete	Incomplete	True
cell_comparison	S67	20	M00596 | Dissimilatory sulfate reduction, sulfate -> H2S	Acid mine drainage 3300038681	Richmond-AMD	77	86	Incomplete	Incomplete	True
cell_comparison	S67	20	M00596 | Dissimilatory sulfate reduction, sulfate -> H2S	Acid mine drainage 3300030228	Richmond-AMD	78	70	Incomplete	Incomplete	True
cell_comparison	S67	20	M00596 | Dissimilatory sulfate reduction, sulfate -> H2S	Metatransc of lab 3300055069	Akron-AMD	79	23	Incomplete	Incomplete	True
cell_comparison	S67	20	M00596 | Dissimilatory sulfate reduction, sulfate -> H2S	Acid Mine Drainage 2010484004	Richmond-AMD	80	66	Incomplete	Incomplete	True
cell_comparison	S67	20	M00596 | Dissimilatory sulfate reduction, sulfate -> H2S	Hydrotherm Fe rich 3300023307	Hydrothermal-Fe-mats	81	33	Incomplete	Incomplete	True
cell_comparison	S67	20	M00596 | Dissimilatory sulfate reduction, sulfate -> H2S	Freshwater sediment microbial 3300031876	Lake-Towuti	82	58	Complete	Complete	True
cell_comparison	S67	20	M00596 | Dissimilatory sulfate reduction, sulfate -> H2S	Freshwater microbial communitie 3300023177	Lake-Matano	83	42	Complete	Complete	True
cell_comparison	S67	20	M00596 | Dissimilatory sulfate reduction, sulfate -> H2S	Biofilm microbial communitie 3300021476	Other-Fe	84	61	Complete	Complete	True
cell_comparison	S67	20	M00596 | Dissimilatory sulfate reduction, sulfate -> H2S	Acid Mine Drainage 3300003083	Richmond-AMD	85	76	Incomplete	Incomplete	True
cell_comparison	S67	20	M00596 | Dissimilatory sulfate reduction, sulfate -> H2S	Hydrotherm Fe rich 3300023444	Hydrothermal-Fe-mats	86	38	Complete	Complete	True
cell_comparison	S67	21	M00609 | Cysteine biosynthesis, methionine -> cysteine	AM.P1.D	Amazonian - Amendoim	0	0	Incomplete	Incomplete	True
cell_comparison	S67	21	M00609 | Cysteine biosynthesis, methionine -> cysteine	AM.P1.R	Amazonian - Amendoim	1	1	Incomplete	Incomplete	True
cell_comparison	S67	21	M00609 | Cysteine biosynthesis, methionine -> cysteine	AM.P2.D	Amazonian - Amendoim	2	2	Incomplete	Incomplete	True
cell_comparison	S67	21	M00609 | Cysteine biosynthesis, methionine -> cysteine	AM.P2.R	Amazonian - Amendoim	3	3	Incomplete	Incomplete	True
cell_comparison	S67	21	M00609 | Cysteine biosynthesis, methionine -> cysteine	TIA.P1.D	Amazonian - Tres Irmas Adjacent	4	4	Incomplete	Incomplete	True
cell_comparison	S67	21	M00609 | Cysteine biosynthesis, methionine -> cysteine	TIA.P1.R	Amazonian - Tres Irmas Adjacent	5	5	Incomplete	Incomplete	True
cell_comparison	S67	21	M00609 | Cysteine biosynthesis, methionine -> cysteine	TIA.P2.D	Amazonian - Tres Irmas Adjacent	6	6	Incomplete	Incomplete	True
cell_comparison	S67	21	M00609 | Cysteine biosynthesis, methionine -> cysteine	TIA.P2.R	Amazonian - Tres Irmas Adjacent	7	7	Incomplete	Incomplete	True
cell_comparison	S67	21	M00609 | Cysteine biosynthesis, methionine -> cysteine	TI.P1.D	Amazonian - Tres Irmas	8	8	Incomplete	Incomplete	True
cell_comparison	S67	21	M00609 | Cysteine biosynthesis, methionine -> cysteine	TI.P1.R	Amazonian - Tres Irmas	9	9	Incomplete	Incomplete	True
cell_comparison	S67	21	M00609 | Cysteine biosynthesis, methionine -> cysteine	TI.P2.D	Amazonian - Tres Irmas	10	10	Incomplete	Incomplete	True
cell_comparison	S67	21	M00609 | Cysteine biosynthesis, methionine -> cysteine	TI.P2.R	Amazonian - Tres Irmas	11	11	Incomplete	Incomplete	True
cell_comparison	S67	21	M00609 | Cysteine biosynthesis, methionine -> cysteine	TI.P3.D	Amazonian - Tres Irmas	12	12	Incomplete	Incomplete	True
cell_comparison	S67	21	M00609 | Cysteine biosynthesis, methionine -> cysteine	TI.P3.R	Amazonian - Tres Irmas	13	13	Incomplete	Incomplete	True
cell_comparison	S67	21	M00609 | Cysteine biosynthesis, methionine -> cysteine	TI.P4.D	Amazonian - Tres Irmas	14	14	Incomplete	Incomplete	True
cell_comparison	S67	21	M00609 | Cysteine biosynthesis, methionine -> cysteine	TI.P4.R	Amazonian - Tres Irmas	15	15	Incomplete	Incomplete	True
cell_comparison	S67	21	M00609 | Cysteine biosynthesis, methionine -> cysteine	VI.P1.D	Amazonian - Violao	16	16	Incomplete	Incomplete	True
cell_comparison	S67	21	M00609 | Cysteine biosynthesis, methionine -> cysteine	VI.P1.R	Amazonian - Violao	17	17	Incomplete	Incomplete	True
cell_comparison	S67	21	M00609 | Cysteine biosynthesis, methionine -> cysteine	VI.P2.D	Amazonian - Violao	18	18	Incomplete	Incomplete	True
cell_comparison	S67	21	M00609 | Cysteine biosynthesis, methionine -> cysteine	VI.P2.R	Amazonian - Violao	19	19	Incomplete	Incomplete	True
cell_comparison	S67	21	M00609 | Cysteine biosynthesis, methionine -> cysteine	Acid mine drainage 3300038494	Richmond-AMD	20	84	Incomplete	Incomplete	True
cell_comparison	S67	21	M00609 | Cysteine biosynthesis, methionine -> cysteine	Lab enriched acid 3300038413	Akron-AMD	21	29	Incomplete	Incomplete	True
cell_comparison	S67	21	M00609 | Cysteine biosynthesis, methionine -> cysteine	Acid mine drainage 3300008567	Richmond-AMD	22	68	Incomplete	Incomplete	True
cell_comparison	S67	21	M00609 | Cysteine biosynthesis, methionine -> cysteine	Acid mine drainage 3300030091	Richmond-AMD	23	64	Incomplete	Incomplete	True
cell_comparison	S67	21	M00609 | Cysteine biosynthesis, methionine -> cysteine	Hydrotherm Fe rich 3300023310	Hydrothermal-Fe-mats	24	34	Incomplete	Incomplete	True
cell_comparison	S67	21	M00609 | Cysteine biosynthesis, methionine -> cysteine	Metatransc of lab 3300046014	Akron-AMD	25	26	Incomplete	Incomplete	True
cell_comparison	S67	21	M00609 | Cysteine biosynthesis, methionine -> cysteine	Metatransc of lab 3300055056	Akron-AMD	26	20	Incomplete	Incomplete	True
cell_comparison	S67	21	M00609 | Cysteine biosynthesis, methionine -> cysteine	Freshwater sediment microbial 3300010391	Lake-Superior	27	49	1 block missing	1 block missing	True
cell_comparison	S67	21	M00609 | Cysteine biosynthesis, methionine -> cysteine	Freshwater sediment microbial 3300031898	Lake-Towuti	28	57	1 block missing	1 block missing	True
cell_comparison	S67	21	M00609 | Cysteine biosynthesis, methionine -> cysteine	Freshwater microbial communitie 3300024300	Lake-Matano	29	43	1 block missing	1 block missing	True
cell_comparison	S67	21	M00609 | Cysteine biosynthesis, methionine -> cysteine	Metatransc of lab 3300055061	Akron-AMD	30	22	Incomplete	Incomplete	True
cell_comparison	S67	21	M00609 | Cysteine biosynthesis, methionine -> cysteine	Hydrotherm Fe rich 3300023368	Hydrothermal-Fe-mats	31	37	Incomplete	Incomplete	True
cell_comparison	S67	21	M00609 | Cysteine biosynthesis, methionine -> cysteine	Acid mine drainage 3300038487	Richmond-AMD	32	63	Incomplete	Incomplete	True
cell_comparison	S67	21	M00609 | Cysteine biosynthesis, methionine -> cysteine	Freshwater sediment microbial 3300031593	Lake-Towuti	33	52	Incomplete	Incomplete	True
cell_comparison	S67	21	M00609 | Cysteine biosynthesis, methionine -> cysteine	Acid mine drainage 3300030082	Richmond-AMD	34	71	Incomplete	Incomplete	True
cell_comparison	S67	21	M00609 | Cysteine biosynthesis, methionine -> cysteine	Freshwater sediment microbial 3300031604	Lake-Towuti	35	50	1 block missing	1 block missing	True
cell_comparison	S67	21	M00609 | Cysteine biosynthesis, methionine -> cysteine	Freshwater sediment microbial 3300021518	Lake-Towuti	36	51	Complete	Complete	True
cell_comparison	S67	21	M00609 | Cysteine biosynthesis, methionine -> cysteine	Acid mine drainage 3300030398	Richmond-AMD	37	83	Incomplete	Incomplete	True
cell_comparison	S67	21	M00609 | Cysteine biosynthesis, methionine -> cysteine	Acid mine drainage 3300030242	Richmond-AMD	38	79	Incomplete	Incomplete	True
cell_comparison	S67	21	M00609 | Cysteine biosynthesis, methionine -> cysteine	Hydrotherm Fe rich 3300023439	Hydrothermal-Fe-mats	39	40	Incomplete	Incomplete	True
cell_comparison	S67	21	M00609 | Cysteine biosynthesis, methionine -> cysteine	Freshwater microbial communitie 3300024333	Lake-Matano	40	44	1 block missing	1 block missing	True
cell_comparison	S67	21	M00609 | Cysteine biosynthesis, methionine -> cysteine	Lab enriched sediment 3300039027	Burr-Oak-BO4	41	31	Incomplete	Incomplete	True
cell_comparison	S67	21	M00609 | Cysteine biosynthesis, methionine -> cysteine	Acid mine drainage 3300039205	Richmond-AMD	42	75	Incomplete	Incomplete	True
cell_comparison	S67	21	M00609 | Cysteine biosynthesis, methionine -> cysteine	Freshwater microbial communitie 3300043827	Lake-Matano	43	47	Incomplete	Incomplete	True
cell_comparison	S67	21	M00609 | Cysteine biosynthesis, methionine -> cysteine	Lab enriched acid 3300038471	Akron-AMD	44	24	Incomplete	Incomplete	True
cell_comparison	S67	21	M00609 | Cysteine biosynthesis, methionine -> cysteine	Acid mine drainage 3300030335	Richmond-AMD	45	65	Incomplete	Incomplete	True
cell_comparison	S67	21	M00609 | Cysteine biosynthesis, methionine -> cysteine	Freshwater microbial communitie 3300028737	Lake-Matano	46	46	Incomplete	Incomplete	True
cell_comparison	S67	21	M00609 | Cysteine biosynthesis, methionine -> cysteine	Lab enriched acid 3300038411	Akron-AMD	47	25	1 block missing	1 block missing	True
cell_comparison	S67	21	M00609 | Cysteine biosynthesis, methionine -> cysteine	Freshwater sediment microbial 3300031877	Lake-Towuti	48	53	1 block missing	1 block missing	True
cell_comparison	S67	21	M00609 | Cysteine biosynthesis, methionine -> cysteine	Acid mine drainage 3300038731	Richmond-AMD	49	62	Incomplete	Incomplete	True
cell_comparison	S67	21	M00609 | Cysteine biosynthesis, methionine -> cysteine	Acid mine drainage 3300038979	Richmond-AMD	50	73	Incomplete	Incomplete	True
cell_comparison	S67	21	M00609 | Cysteine biosynthesis, methionine -> cysteine	Hydrotherm Fe rich 3300023548	Hydrothermal-Fe-mats	51	41	Incomplete	Incomplete	True
cell_comparison	S67	21	M00609 | Cysteine biosynthesis, methionine -> cysteine	Metatransc of freshwater 3300061576	Lake-Superior	52	48	Incomplete	Incomplete	True
cell_comparison	S67	21	M00609 | Cysteine biosynthesis, methionine -> cysteine	Acid mine drainage 3300038486	Richmond-AMD	53	82	Incomplete	Incomplete	True
cell_comparison	S67	21	M00609 | Cysteine biosynthesis, methionine -> cysteine	Freshwater sediment microbial 3300031587	Lake-Towuti	54	59	Incomplete	Incomplete	True
cell_comparison	S67	21	M00609 | Cysteine biosynthesis, methionine -> cysteine	Acid Mine Drainage 3300005360	Richmond-AMD	55	74	Incomplete	Incomplete	True
cell_comparison	S67	21	M00609 | Cysteine biosynthesis, methionine -> cysteine	Acid mine drainage 3300008723	Richmond-AMD	56	67	Incomplete	Incomplete	True
cell_comparison	S67	21	M00609 | Cysteine biosynthesis, methionine -> cysteine	Acid mine drainage 3300038493	Richmond-AMD	57	81	Incomplete	Incomplete	True
cell_comparison	S67	21	M00609 | Cysteine biosynthesis, methionine -> cysteine	Freshwater sediment microbial 3300036045	Lake-Towuti	58	55	Complete	Complete	True
cell_comparison	S67	21	M00609 | Cysteine biosynthesis, methionine -> cysteine	Metatransc of lab 3300046013	Akron-AMD	59	28	Incomplete	Incomplete	True
cell_comparison	S67	21	M00609 | Cysteine biosynthesis, methionine -> cysteine	Acid mine drainage 3300038729	Richmond-AMD	60	72	Incomplete	Incomplete	True
cell_comparison	S67	21	M00609 | Cysteine biosynthesis, methionine -> cysteine	Acid mine drainage 3300030413	Richmond-AMD	61	85	Incomplete	Incomplete	True
cell_comparison	S67	21	M00609 | Cysteine biosynthesis, methionine -> cysteine	Lab enriched acid 3300038412	Akron-AMD	62	27	Incomplete	Incomplete	True
cell_comparison	S67	21	M00609 | Cysteine biosynthesis, methionine -> cysteine	Freshwater sediment microbial 3300031806	Lake-Towuti	63	60	Incomplete	Incomplete	True
cell_comparison	S67	21	M00609 | Cysteine biosynthesis, methionine -> cysteine	Metatransc of lab 3300055057	Akron-AMD	64	30	Incomplete	Incomplete	True
cell_comparison	S67	21	M00609 | Cysteine biosynthesis, methionine -> cysteine	Hydrotherm Fe rich 3300023440	Hydrothermal-Fe-mats	65	39	1 block missing	1 block missing	True
cell_comparison	S67	21	M00609 | Cysteine biosynthesis, methionine -> cysteine	Lab enriched sediment 3300039028	Burr-Oak-BO4	66	32	Incomplete	Incomplete	True
cell_comparison	S67	21	M00609 | Cysteine biosynthesis, methionine -> cysteine	Acid mine drainage 3300008566	Richmond-AMD	67	77	Incomplete	Incomplete	True
cell_comparison	S67	21	M00609 | Cysteine biosynthesis, methionine -> cysteine	Freshwater microbial communitie 3300024341	Lake-Matano	68	45	1 block missing	1 block missing	True
cell_comparison	S67	21	M00609 | Cysteine biosynthesis, methionine -> cysteine	Freshwater sediment microbial 3300021517	Lake-Towuti	69	56	Complete	Complete	True
cell_comparison	S67	21	M00609 | Cysteine biosynthesis, methionine -> cysteine	Metatransc of lab 3300055062	Akron-AMD	70	21	Incomplete	Incomplete	True
cell_comparison	S67	21	M00609 | Cysteine biosynthesis, methionine -> cysteine	Hydrotherm Fe rich 3300023442	Hydrothermal-Fe-mats	71	35	Incomplete	Incomplete	True
cell_comparison	S67	21	M00609 | Cysteine biosynthesis, methionine -> cysteine	Freshwater sediment microbial 3300036046	Lake-Towuti	72	54	Complete	Complete	True
cell_comparison	S67	21	M00609 | Cysteine biosynthesis, methionine -> cysteine	Hydrotherm Fe rich 3300023313	Hydrothermal-Fe-mats	73	36	Incomplete	Incomplete	True
cell_comparison	S67	21	M00609 | Cysteine biosynthesis, methionine -> cysteine	Acid mine drainage 3300039211	Richmond-AMD	74	80	Incomplete	Incomplete	True
cell_comparison	S67	21	M00609 | Cysteine biosynthesis, methionine -> cysteine	Acid mine drainage 3300008721	Richmond-AMD	75	78	Incomplete	Incomplete	True
cell_comparison	S67	21	M00609 | Cysteine biosynthesis, methionine -> cysteine	Pink biofilm microbial 3300003104	Richmond-AMD	76	69	Incomplete	Incomplete	True
cell_comparison	S67	21	M00609 | Cysteine biosynthesis, methionine -> cysteine	Acid mine drainage 3300038681	Richmond-AMD	77	86	Incomplete	Incomplete	True
cell_comparison	S67	21	M00609 | Cysteine biosynthesis, methionine -> cysteine	Acid mine drainage 3300030228	Richmond-AMD	78	70	Incomplete	Incomplete	True
cell_comparison	S67	21	M00609 | Cysteine biosynthesis, methionine -> cysteine	Metatransc of lab 3300055069	Akron-AMD	79	23	Incomplete	Incomplete	True
cell_comparison	S67	21	M00609 | Cysteine biosynthesis, methionine -> cysteine	Acid Mine Drainage 2010484004	Richmond-AMD	80	66	Incomplete	Incomplete	True
cell_comparison	S67	21	M00609 | Cysteine biosynthesis, methionine -> cysteine	Hydrotherm Fe rich 3300023307	Hydrothermal-Fe-mats	81	33	Incomplete	Incomplete	True
cell_comparison	S67	21	M00609 | Cysteine biosynthesis, methionine -> cysteine	Freshwater sediment microbial 3300031876	Lake-Towuti	82	58	1 block missing	1 block missing	True
cell_comparison	S67	21	M00609 | Cysteine biosynthesis, methionine -> cysteine	Freshwater microbial communitie 3300023177	Lake-Matano	83	42	1 block missing	1 block missing	True
cell_comparison	S67	21	M00609 | Cysteine biosynthesis, methionine -> cysteine	Biofilm microbial communitie 3300021476	Other-Fe	84	61	Incomplete	Incomplete	True
cell_comparison	S67	21	M00609 | Cysteine biosynthesis, methionine -> cysteine	Acid Mine Drainage 3300003083	Richmond-AMD	85	76	Incomplete	Incomplete	True
cell_comparison	S67	21	M00609 | Cysteine biosynthesis, methionine -> cysteine	Hydrotherm Fe rich 3300023444	Hydrothermal-Fe-mats	86	38	1 block missing	1 block missing	True
cell_comparison	S67	22	M00616 | Sulfate-sulfur assimilation	AM.P1.D	Amazonian - Amendoim	0	0	Complete	Complete	True
cell_comparison	S67	22	M00616 | Sulfate-sulfur assimilation	AM.P1.R	Amazonian - Amendoim	1	1	Complete	Complete	True
cell_comparison	S67	22	M00616 | Sulfate-sulfur assimilation	AM.P2.D	Amazonian - Amendoim	2	2	Incomplete	Incomplete	True
cell_comparison	S67	22	M00616 | Sulfate-sulfur assimilation	AM.P2.R	Amazonian - Amendoim	3	3	Complete	Complete	True
cell_comparison	S67	22	M00616 | Sulfate-sulfur assimilation	TIA.P1.D	Amazonian - Tres Irmas Adjacent	4	4	Incomplete	Incomplete	True
cell_comparison	S67	22	M00616 | Sulfate-sulfur assimilation	TIA.P1.R	Amazonian - Tres Irmas Adjacent	5	5	Complete	Complete	True
cell_comparison	S67	22	M00616 | Sulfate-sulfur assimilation	TIA.P2.D	Amazonian - Tres Irmas Adjacent	6	6	1 block missing	1 block missing	True
cell_comparison	S67	22	M00616 | Sulfate-sulfur assimilation	TIA.P2.R	Amazonian - Tres Irmas Adjacent	7	7	Incomplete	Incomplete	True
cell_comparison	S67	22	M00616 | Sulfate-sulfur assimilation	TI.P1.D	Amazonian - Tres Irmas	8	8	1 block missing	1 block missing	True
cell_comparison	S67	22	M00616 | Sulfate-sulfur assimilation	TI.P1.R	Amazonian - Tres Irmas	9	9	1 block missing	1 block missing	True
cell_comparison	S67	22	M00616 | Sulfate-sulfur assimilation	TI.P2.D	Amazonian - Tres Irmas	10	10	Incomplete	Incomplete	True
cell_comparison	S67	22	M00616 | Sulfate-sulfur assimilation	TI.P2.R	Amazonian - Tres Irmas	11	11	1 block missing	1 block missing	True
cell_comparison	S67	22	M00616 | Sulfate-sulfur assimilation	TI.P3.D	Amazonian - Tres Irmas	12	12	1 block missing	1 block missing	True
cell_comparison	S67	22	M00616 | Sulfate-sulfur assimilation	TI.P3.R	Amazonian - Tres Irmas	13	13	Incomplete	Incomplete	True
cell_comparison	S67	22	M00616 | Sulfate-sulfur assimilation	TI.P4.D	Amazonian - Tres Irmas	14	14	1 block missing	1 block missing	True
cell_comparison	S67	22	M00616 | Sulfate-sulfur assimilation	TI.P4.R	Amazonian - Tres Irmas	15	15	1 block missing	1 block missing	True
cell_comparison	S67	22	M00616 | Sulfate-sulfur assimilation	VI.P1.D	Amazonian - Violao	16	16	Incomplete	Incomplete	True
cell_comparison	S67	22	M00616 | Sulfate-sulfur assimilation	VI.P1.R	Amazonian - Violao	17	17	1 block missing	1 block missing	True
cell_comparison	S67	22	M00616 | Sulfate-sulfur assimilation	VI.P2.D	Amazonian - Violao	18	18	Incomplete	Incomplete	True
cell_comparison	S67	22	M00616 | Sulfate-sulfur assimilation	VI.P2.R	Amazonian - Violao	19	19	Incomplete	Incomplete	True
cell_comparison	S67	22	M00616 | Sulfate-sulfur assimilation	Acid mine drainage 3300038494	Richmond-AMD	20	84	Incomplete	Incomplete	True
cell_comparison	S67	22	M00616 | Sulfate-sulfur assimilation	Lab enriched acid 3300038413	Akron-AMD	21	29	1 block missing	1 block missing	True
cell_comparison	S67	22	M00616 | Sulfate-sulfur assimilation	Acid mine drainage 3300008567	Richmond-AMD	22	68	Incomplete	Incomplete	True
cell_comparison	S67	22	M00616 | Sulfate-sulfur assimilation	Acid mine drainage 3300030091	Richmond-AMD	23	64	Incomplete	Incomplete	True
cell_comparison	S67	22	M00616 | Sulfate-sulfur assimilation	Hydrotherm Fe rich 3300023310	Hydrothermal-Fe-mats	24	34	Incomplete	Incomplete	True
cell_comparison	S67	22	M00616 | Sulfate-sulfur assimilation	Metatransc of lab 3300046014	Akron-AMD	25	26	Incomplete	Incomplete	True
cell_comparison	S67	22	M00616 | Sulfate-sulfur assimilation	Metatransc of lab 3300055056	Akron-AMD	26	20	Incomplete	Incomplete	True
cell_comparison	S67	22	M00616 | Sulfate-sulfur assimilation	Freshwater sediment microbial 3300010391	Lake-Superior	27	49	1 block missing	1 block missing	True
cell_comparison	S67	22	M00616 | Sulfate-sulfur assimilation	Freshwater sediment microbial 3300031898	Lake-Towuti	28	57	Incomplete	Incomplete	True
cell_comparison	S67	22	M00616 | Sulfate-sulfur assimilation	Freshwater microbial communitie 3300024300	Lake-Matano	29	43	1 block missing	1 block missing	True
cell_comparison	S67	22	M00616 | Sulfate-sulfur assimilation	Metatransc of lab 3300055061	Akron-AMD	30	22	Incomplete	Incomplete	True
cell_comparison	S67	22	M00616 | Sulfate-sulfur assimilation	Hydrotherm Fe rich 3300023368	Hydrothermal-Fe-mats	31	37	Incomplete	Incomplete	True
cell_comparison	S67	22	M00616 | Sulfate-sulfur assimilation	Acid mine drainage 3300038487	Richmond-AMD	32	63	Incomplete	Incomplete	True
cell_comparison	S67	22	M00616 | Sulfate-sulfur assimilation	Freshwater sediment microbial 3300031593	Lake-Towuti	33	52	1 block missing	1 block missing	True
cell_comparison	S67	22	M00616 | Sulfate-sulfur assimilation	Acid mine drainage 3300030082	Richmond-AMD	34	71	Incomplete	Incomplete	True
cell_comparison	S67	22	M00616 | Sulfate-sulfur assimilation	Freshwater sediment microbial 3300031604	Lake-Towuti	35	50	Incomplete	Incomplete	True
cell_comparison	S67	22	M00616 | Sulfate-sulfur assimilation	Freshwater sediment microbial 3300021518	Lake-Towuti	36	51	1 block missing	1 block missing	True
cell_comparison	S67	22	M00616 | Sulfate-sulfur assimilation	Acid mine drainage 3300030398	Richmond-AMD	37	83	Incomplete	Incomplete	True
cell_comparison	S67	22	M00616 | Sulfate-sulfur assimilation	Acid mine drainage 3300030242	Richmond-AMD	38	79	Incomplete	Incomplete	True
cell_comparison	S67	22	M00616 | Sulfate-sulfur assimilation	Hydrotherm Fe rich 3300023439	Hydrothermal-Fe-mats	39	40	Incomplete	Incomplete	True
cell_comparison	S67	22	M00616 | Sulfate-sulfur assimilation	Freshwater microbial communitie 3300024333	Lake-Matano	40	44	1 block missing	1 block missing	True
cell_comparison	S67	22	M00616 | Sulfate-sulfur assimilation	Lab enriched sediment 3300039027	Burr-Oak-BO4	41	31	Incomplete	Incomplete	True
cell_comparison	S67	22	M00616 | Sulfate-sulfur assimilation	Acid mine drainage 3300039205	Richmond-AMD	42	75	Incomplete	Incomplete	True
cell_comparison	S67	22	M00616 | Sulfate-sulfur assimilation	Freshwater microbial communitie 3300043827	Lake-Matano	43	47	Incomplete	Incomplete	True
cell_comparison	S67	22	M00616 | Sulfate-sulfur assimilation	Lab enriched acid 3300038471	Akron-AMD	44	24	Incomplete	Incomplete	True
cell_comparison	S67	22	M00616 | Sulfate-sulfur assimilation	Acid mine drainage 3300030335	Richmond-AMD	45	65	Incomplete	Incomplete	True
cell_comparison	S67	22	M00616 | Sulfate-sulfur assimilation	Freshwater microbial communitie 3300028737	Lake-Matano	46	46	1 block missing	1 block missing	True
cell_comparison	S67	22	M00616 | Sulfate-sulfur assimilation	Lab enriched acid 3300038411	Akron-AMD	47	25	1 block missing	1 block missing	True
cell_comparison	S67	22	M00616 | Sulfate-sulfur assimilation	Freshwater sediment microbial 3300031877	Lake-Towuti	48	53	1 block missing	1 block missing	True
cell_comparison	S67	22	M00616 | Sulfate-sulfur assimilation	Acid mine drainage 3300038731	Richmond-AMD	49	62	Incomplete	Incomplete	True
cell_comparison	S67	22	M00616 | Sulfate-sulfur assimilation	Acid mine drainage 3300038979	Richmond-AMD	50	73	Incomplete	Incomplete	True
cell_comparison	S67	22	M00616 | Sulfate-sulfur assimilation	Hydrotherm Fe rich 3300023548	Hydrothermal-Fe-mats	51	41	Incomplete	Incomplete	True
cell_comparison	S67	22	M00616 | Sulfate-sulfur assimilation	Metatransc of freshwater 3300061576	Lake-Superior	52	48	Incomplete	Incomplete	True
cell_comparison	S67	22	M00616 | Sulfate-sulfur assimilation	Acid mine drainage 3300038486	Richmond-AMD	53	82	Incomplete	Incomplete	True
cell_comparison	S67	22	M00616 | Sulfate-sulfur assimilation	Freshwater sediment microbial 3300031587	Lake-Towuti	54	59	Incomplete	Incomplete	True
cell_comparison	S67	22	M00616 | Sulfate-sulfur assimilation	Acid Mine Drainage 3300005360	Richmond-AMD	55	74	Incomplete	Incomplete	True
cell_comparison	S67	22	M00616 | Sulfate-sulfur assimilation	Acid mine drainage 3300008723	Richmond-AMD	56	67	Incomplete	Incomplete	True
cell_comparison	S67	22	M00616 | Sulfate-sulfur assimilation	Acid mine drainage 3300038493	Richmond-AMD	57	81	Incomplete	Incomplete	True
cell_comparison	S67	22	M00616 | Sulfate-sulfur assimilation	Freshwater sediment microbial 3300036045	Lake-Towuti	58	55	1 block missing	1 block missing	True
cell_comparison	S67	22	M00616 | Sulfate-sulfur assimilation	Metatransc of lab 3300046013	Akron-AMD	59	28	Incomplete	Incomplete	True
cell_comparison	S67	22	M00616 | Sulfate-sulfur assimilation	Acid mine drainage 3300038729	Richmond-AMD	60	72	Incomplete	Incomplete	True
cell_comparison	S67	22	M00616 | Sulfate-sulfur assimilation	Acid mine drainage 3300030413	Richmond-AMD	61	85	Incomplete	Incomplete	True
cell_comparison	S67	22	M00616 | Sulfate-sulfur assimilation	Lab enriched acid 3300038412	Akron-AMD	62	27	Incomplete	Incomplete	True
cell_comparison	S67	22	M00616 | Sulfate-sulfur assimilation	Freshwater sediment microbial 3300031806	Lake-Towuti	63	60	Incomplete	Incomplete	True
cell_comparison	S67	22	M00616 | Sulfate-sulfur assimilation	Metatransc of lab 3300055057	Akron-AMD	64	30	Incomplete	Incomplete	True
cell_comparison	S67	22	M00616 | Sulfate-sulfur assimilation	Hydrotherm Fe rich 3300023440	Hydrothermal-Fe-mats	65	39	Incomplete	Incomplete	True
cell_comparison	S67	22	M00616 | Sulfate-sulfur assimilation	Lab enriched sediment 3300039028	Burr-Oak-BO4	66	32	Incomplete	Incomplete	True
cell_comparison	S67	22	M00616 | Sulfate-sulfur assimilation	Acid mine drainage 3300008566	Richmond-AMD	67	77	Incomplete	Incomplete	True
cell_comparison	S67	22	M00616 | Sulfate-sulfur assimilation	Freshwater microbial communitie 3300024341	Lake-Matano	68	45	1 block missing	1 block missing	True
cell_comparison	S67	22	M00616 | Sulfate-sulfur assimilation	Freshwater sediment microbial 3300021517	Lake-Towuti	69	56	1 block missing	1 block missing	True
cell_comparison	S67	22	M00616 | Sulfate-sulfur assimilation	Metatransc of lab 3300055062	Akron-AMD	70	21	Incomplete	Incomplete	True
cell_comparison	S67	22	M00616 | Sulfate-sulfur assimilation	Hydrotherm Fe rich 3300023442	Hydrothermal-Fe-mats	71	35	Incomplete	Incomplete	True
cell_comparison	S67	22	M00616 | Sulfate-sulfur assimilation	Freshwater sediment microbial 3300036046	Lake-Towuti	72	54	1 block missing	1 block missing	True
cell_comparison	S67	22	M00616 | Sulfate-sulfur assimilation	Hydrotherm Fe rich 3300023313	Hydrothermal-Fe-mats	73	36	Incomplete	Incomplete	True
cell_comparison	S67	22	M00616 | Sulfate-sulfur assimilation	Acid mine drainage 3300039211	Richmond-AMD	74	80	Incomplete	Incomplete	True
cell_comparison	S67	22	M00616 | Sulfate-sulfur assimilation	Acid mine drainage 3300008721	Richmond-AMD	75	78	Incomplete	Incomplete	True
cell_comparison	S67	22	M00616 | Sulfate-sulfur assimilation	Pink biofilm microbial 3300003104	Richmond-AMD	76	69	Incomplete	Incomplete	True
cell_comparison	S67	22	M00616 | Sulfate-sulfur assimilation	Acid mine drainage 3300038681	Richmond-AMD	77	86	Incomplete	Incomplete	True
cell_comparison	S67	22	M00616 | Sulfate-sulfur assimilation	Acid mine drainage 3300030228	Richmond-AMD	78	70	Incomplete	Incomplete	True
cell_comparison	S67	22	M00616 | Sulfate-sulfur assimilation	Metatransc of lab 3300055069	Akron-AMD	79	23	Incomplete	Incomplete	True
cell_comparison	S67	22	M00616 | Sulfate-sulfur assimilation	Acid Mine Drainage 2010484004	Richmond-AMD	80	66	Incomplete	Incomplete	True
cell_comparison	S67	22	M00616 | Sulfate-sulfur assimilation	Hydrotherm Fe rich 3300023307	Hydrothermal-Fe-mats	81	33	Incomplete	Incomplete	True
cell_comparison	S67	22	M00616 | Sulfate-sulfur assimilation	Freshwater sediment microbial 3300031876	Lake-Towuti	82	58	Incomplete	Incomplete	True
cell_comparison	S67	22	M00616 | Sulfate-sulfur assimilation	Freshwater microbial communitie 3300023177	Lake-Matano	83	42	1 block missing	1 block missing	True
cell_comparison	S67	22	M00616 | Sulfate-sulfur assimilation	Biofilm microbial communitie 3300021476	Other-Fe	84	61	1 block missing	1 block missing	True
cell_comparison	S67	22	M00616 | Sulfate-sulfur assimilation	Acid Mine Drainage 3300003083	Richmond-AMD	85	76	Incomplete	Incomplete	True
cell_comparison	S67	22	M00616 | Sulfate-sulfur assimilation	Hydrotherm Fe rich 3300023444	Hydrothermal-Fe-mats	86	38	Incomplete	Incomplete	True
cell_comparison	S67	23	M00161 | Photosystem II	AM.P1.D	Amazonian - Amendoim	0	0	1 block missing	1 block missing	True
cell_comparison	S67	23	M00161 | Photosystem II	AM.P1.R	Amazonian - Amendoim	1	1	1 block missing	1 block missing	True
cell_comparison	S67	23	M00161 | Photosystem II	AM.P2.D	Amazonian - Amendoim	2	2	1 block missing	1 block missing	True
cell_comparison	S67	23	M00161 | Photosystem II	AM.P2.R	Amazonian - Amendoim	3	3	1 block missing	1 block missing	True
cell_comparison	S67	23	M00161 | Photosystem II	TIA.P1.D	Amazonian - Tres Irmas Adjacent	4	4	1 block missing	1 block missing	True
cell_comparison	S67	23	M00161 | Photosystem II	TIA.P1.R	Amazonian - Tres Irmas Adjacent	5	5	1 block missing	1 block missing	True
cell_comparison	S67	23	M00161 | Photosystem II	TIA.P2.D	Amazonian - Tres Irmas Adjacent	6	6	1 block missing	1 block missing	True
cell_comparison	S67	23	M00161 | Photosystem II	TIA.P2.R	Amazonian - Tres Irmas Adjacent	7	7	1 block missing	1 block missing	True
cell_comparison	S67	23	M00161 | Photosystem II	TI.P1.D	Amazonian - Tres Irmas	8	8	Complete	Complete	True
cell_comparison	S67	23	M00161 | Photosystem II	TI.P1.R	Amazonian - Tres Irmas	9	9	1 block missing	1 block missing	True
cell_comparison	S67	23	M00161 | Photosystem II	TI.P2.D	Amazonian - Tres Irmas	10	10	1 block missing	1 block missing	True
cell_comparison	S67	23	M00161 | Photosystem II	TI.P2.R	Amazonian - Tres Irmas	11	11	1 block missing	1 block missing	True
cell_comparison	S67	23	M00161 | Photosystem II	TI.P3.D	Amazonian - Tres Irmas	12	12	1 block missing	1 block missing	True
cell_comparison	S67	23	M00161 | Photosystem II	TI.P3.R	Amazonian - Tres Irmas	13	13	1 block missing	1 block missing	True
cell_comparison	S67	23	M00161 | Photosystem II	TI.P4.D	Amazonian - Tres Irmas	14	14	1 block missing	1 block missing	True
cell_comparison	S67	23	M00161 | Photosystem II	TI.P4.R	Amazonian - Tres Irmas	15	15	1 block missing	1 block missing	True
cell_comparison	S67	23	M00161 | Photosystem II	VI.P1.D	Amazonian - Violao	16	16	1 block missing	1 block missing	True
cell_comparison	S67	23	M00161 | Photosystem II	VI.P1.R	Amazonian - Violao	17	17	1 block missing	1 block missing	True
cell_comparison	S67	23	M00161 | Photosystem II	VI.P2.D	Amazonian - Violao	18	18	1 block missing	1 block missing	True
cell_comparison	S67	23	M00161 | Photosystem II	VI.P2.R	Amazonian - Violao	19	19	1 block missing	1 block missing	True
cell_comparison	S67	23	M00161 | Photosystem II	Acid mine drainage 3300038494	Richmond-AMD	20	84	Incomplete	Incomplete	True
cell_comparison	S67	23	M00161 | Photosystem II	Lab enriched acid 3300038413	Akron-AMD	21	29	Incomplete	Incomplete	True
cell_comparison	S67	23	M00161 | Photosystem II	Acid mine drainage 3300008567	Richmond-AMD	22	68	Incomplete	Incomplete	True
cell_comparison	S67	23	M00161 | Photosystem II	Acid mine drainage 3300030091	Richmond-AMD	23	64	Incomplete	Incomplete	True
cell_comparison	S67	23	M00161 | Photosystem II	Hydrotherm Fe rich 3300023310	Hydrothermal-Fe-mats	24	34	Incomplete	Incomplete	True
cell_comparison	S67	23	M00161 | Photosystem II	Metatransc of lab 3300046014	Akron-AMD	25	26	1 block missing	1 block missing	True
cell_comparison	S67	23	M00161 | Photosystem II	Metatransc of lab 3300055056	Akron-AMD	26	20	Complete	Complete	True
cell_comparison	S67	23	M00161 | Photosystem II	Freshwater sediment microbial 3300010391	Lake-Superior	27	49	Incomplete	Incomplete	True
cell_comparison	S67	23	M00161 | Photosystem II	Freshwater sediment microbial 3300031898	Lake-Towuti	28	57	Incomplete	Incomplete	True
cell_comparison	S67	23	M00161 | Photosystem II	Freshwater microbial communitie 3300024300	Lake-Matano	29	43	Incomplete	Incomplete	True
cell_comparison	S67	23	M00161 | Photosystem II	Metatransc of lab 3300055061	Akron-AMD	30	22	Incomplete	Incomplete	True
cell_comparison	S67	23	M00161 | Photosystem II	Hydrotherm Fe rich 3300023368	Hydrothermal-Fe-mats	31	37	Incomplete	Incomplete	True
cell_comparison	S67	23	M00161 | Photosystem II	Acid mine drainage 3300038487	Richmond-AMD	32	63	Incomplete	Incomplete	True
cell_comparison	S67	23	M00161 | Photosystem II	Freshwater sediment microbial 3300031593	Lake-Towuti	33	52	Incomplete	Incomplete	True
cell_comparison	S67	23	M00161 | Photosystem II	Acid mine drainage 3300030082	Richmond-AMD	34	71	Incomplete	Incomplete	True
cell_comparison	S67	23	M00161 | Photosystem II	Freshwater sediment microbial 3300031604	Lake-Towuti	35	50	Incomplete	Incomplete	True
cell_comparison	S67	23	M00161 | Photosystem II	Freshwater sediment microbial 3300021518	Lake-Towuti	36	51	Complete	Complete	True
cell_comparison	S67	23	M00161 | Photosystem II	Acid mine drainage 3300030398	Richmond-AMD	37	83	Incomplete	Incomplete	True
cell_comparison	S67	23	M00161 | Photosystem II	Acid mine drainage 3300030242	Richmond-AMD	38	79	Incomplete	Incomplete	True
cell_comparison	S67	23	M00161 | Photosystem II	Hydrotherm Fe rich 3300023439	Hydrothermal-Fe-mats	39	40	Incomplete	Incomplete	True
cell_comparison	S67	23	M00161 | Photosystem II	Freshwater microbial communitie 3300024333	Lake-Matano	40	44	Incomplete	Incomplete	True
cell_comparison	S67	23	M00161 | Photosystem II	Lab enriched sediment 3300039027	Burr-Oak-BO4	41	31	Incomplete	Incomplete	True
cell_comparison	S67	23	M00161 | Photosystem II	Acid mine drainage 3300039205	Richmond-AMD	42	75	Incomplete	Incomplete	True
cell_comparison	S67	23	M00161 | Photosystem II	Freshwater microbial communitie 3300043827	Lake-Matano	43	47	Complete	Complete	True
cell_comparison	S67	23	M00161 | Photosystem II	Lab enriched acid 3300038471	Akron-AMD	44	24	1 block missing	1 block missing	True
cell_comparison	S67	23	M00161 | Photosystem II	Acid mine drainage 3300030335	Richmond-AMD	45	65	Incomplete	Incomplete	True
cell_comparison	S67	23	M00161 | Photosystem II	Freshwater microbial communitie 3300028737	Lake-Matano	46	46	Incomplete	Incomplete	True
cell_comparison	S67	23	M00161 | Photosystem II	Lab enriched acid 3300038411	Akron-AMD	47	25	Incomplete	Incomplete	True
cell_comparison	S67	23	M00161 | Photosystem II	Freshwater sediment microbial 3300031877	Lake-Towuti	48	53	Incomplete	Incomplete	True
cell_comparison	S67	23	M00161 | Photosystem II	Acid mine drainage 3300038731	Richmond-AMD	49	62	Incomplete	Incomplete	True
cell_comparison	S67	23	M00161 | Photosystem II	Acid mine drainage 3300038979	Richmond-AMD	50	73	Incomplete	Incomplete	True
cell_comparison	S67	23	M00161 | Photosystem II	Hydrotherm Fe rich 3300023548	Hydrothermal-Fe-mats	51	41	Incomplete	Incomplete	True
cell_comparison	S67	23	M00161 | Photosystem II	Metatransc of freshwater 3300061576	Lake-Superior	52	48	Complete	Complete	True
cell_comparison	S67	23	M00161 | Photosystem II	Acid mine drainage 3300038486	Richmond-AMD	53	82	Incomplete	Incomplete	True
cell_comparison	S67	23	M00161 | Photosystem II	Freshwater sediment microbial 3300031587	Lake-Towuti	54	59	Incomplete	Incomplete	True
cell_comparison	S67	23	M00161 | Photosystem II	Acid Mine Drainage 3300005360	Richmond-AMD	55	74	Incomplete	Incomplete	True
cell_comparison	S67	23	M00161 | Photosystem II	Acid mine drainage 3300008723	Richmond-AMD	56	67	Incomplete	Incomplete	True
cell_comparison	S67	23	M00161 | Photosystem II	Acid mine drainage 3300038493	Richmond-AMD	57	81	Incomplete	Incomplete	True
cell_comparison	S67	23	M00161 | Photosystem II	Freshwater sediment microbial 3300036045	Lake-Towuti	58	55	Complete	Complete	True
cell_comparison	S67	23	M00161 | Photosystem II	Metatransc of lab 3300046013	Akron-AMD	59	28	1 block missing	1 block missing	True
cell_comparison	S67	23	M00161 | Photosystem II	Acid mine drainage 3300038729	Richmond-AMD	60	72	Incomplete	Incomplete	True
cell_comparison	S67	23	M00161 | Photosystem II	Acid mine drainage 3300030413	Richmond-AMD	61	85	Incomplete	Incomplete	True
cell_comparison	S67	23	M00161 | Photosystem II	Lab enriched acid 3300038412	Akron-AMD	62	27	Incomplete	Incomplete	True
cell_comparison	S67	23	M00161 | Photosystem II	Freshwater sediment microbial 3300031806	Lake-Towuti	63	60	Incomplete	Incomplete	True
cell_comparison	S67	23	M00161 | Photosystem II	Metatransc of lab 3300055057	Akron-AMD	64	30	1 block missing	1 block missing	True
cell_comparison	S67	23	M00161 | Photosystem II	Hydrotherm Fe rich 3300023440	Hydrothermal-Fe-mats	65	39	Incomplete	Incomplete	True
cell_comparison	S67	23	M00161 | Photosystem II	Lab enriched sediment 3300039028	Burr-Oak-BO4	66	32	Incomplete	Incomplete	True
cell_comparison	S67	23	M00161 | Photosystem II	Acid mine drainage 3300008566	Richmond-AMD	67	77	Incomplete	Incomplete	True
cell_comparison	S67	23	M00161 | Photosystem II	Freshwater microbial communitie 3300024341	Lake-Matano	68	45	Incomplete	Incomplete	True
cell_comparison	S67	23	M00161 | Photosystem II	Freshwater sediment microbial 3300021517	Lake-Towuti	69	56	Complete	Complete	True
cell_comparison	S67	23	M00161 | Photosystem II	Metatransc of lab 3300055062	Akron-AMD	70	21	Incomplete	Incomplete	True
cell_comparison	S67	23	M00161 | Photosystem II	Hydrotherm Fe rich 3300023442	Hydrothermal-Fe-mats	71	35	Incomplete	Incomplete	True
cell_comparison	S67	23	M00161 | Photosystem II	Freshwater sediment microbial 3300036046	Lake-Towuti	72	54	Complete	Complete	True
cell_comparison	S67	23	M00161 | Photosystem II	Hydrotherm Fe rich 3300023313	Hydrothermal-Fe-mats	73	36	Incomplete	Incomplete	True
cell_comparison	S67	23	M00161 | Photosystem II	Acid mine drainage 3300039211	Richmond-AMD	74	80	Incomplete	Incomplete	True
cell_comparison	S67	23	M00161 | Photosystem II	Acid mine drainage 3300008721	Richmond-AMD	75	78	Incomplete	Incomplete	True
cell_comparison	S67	23	M00161 | Photosystem II	Pink biofilm microbial 3300003104	Richmond-AMD	76	69	Incomplete	Incomplete	True
cell_comparison	S67	23	M00161 | Photosystem II	Acid mine drainage 3300038681	Richmond-AMD	77	86	Incomplete	Incomplete	True
cell_comparison	S67	23	M00161 | Photosystem II	Acid mine drainage 3300030228	Richmond-AMD	78	70	Incomplete	Incomplete	True
cell_comparison	S67	23	M00161 | Photosystem II	Metatransc of lab 3300055069	Akron-AMD	79	23	Incomplete	Incomplete	True
cell_comparison	S67	23	M00161 | Photosystem II	Acid Mine Drainage 2010484004	Richmond-AMD	80	66	Incomplete	Incomplete	True
cell_comparison	S67	23	M00161 | Photosystem II	Hydrotherm Fe rich 3300023307	Hydrothermal-Fe-mats	81	33	Incomplete	Incomplete	True
cell_comparison	S67	23	M00161 | Photosystem II	Freshwater sediment microbial 3300031876	Lake-Towuti	82	58	Incomplete	Incomplete	True
cell_comparison	S67	23	M00161 | Photosystem II	Freshwater microbial communitie 3300023177	Lake-Matano	83	42	Incomplete	Incomplete	True
cell_comparison	S67	23	M00161 | Photosystem II	Biofilm microbial communitie 3300021476	Other-Fe	84	61	Incomplete	Incomplete	True
cell_comparison	S67	23	M00161 | Photosystem II	Acid Mine Drainage 3300003083	Richmond-AMD	85	76	Incomplete	Incomplete	True
cell_comparison	S67	23	M00161 | Photosystem II	Hydrotherm Fe rich 3300023444	Hydrothermal-Fe-mats	86	38	Incomplete	Incomplete	True
cell_comparison	S67	24	M00162 | Cytochrome b6f complex	AM.P1.D	Amazonian - Amendoim	0	0	1 block missing	1 block missing	True
cell_comparison	S67	24	M00162 | Cytochrome b6f complex	AM.P1.R	Amazonian - Amendoim	1	1	1 block missing	1 block missing	True
cell_comparison	S67	24	M00162 | Cytochrome b6f complex	AM.P2.D	Amazonian - Amendoim	2	2	1 block missing	1 block missing	True
cell_comparison	S67	24	M00162 | Cytochrome b6f complex	AM.P2.R	Amazonian - Amendoim	3	3	1 block missing	1 block missing	True
cell_comparison	S67	24	M00162 | Cytochrome b6f complex	TIA.P1.D	Amazonian - Tres Irmas Adjacent	4	4	1 block missing	1 block missing	True
cell_comparison	S67	24	M00162 | Cytochrome b6f complex	TIA.P1.R	Amazonian - Tres Irmas Adjacent	5	5	1 block missing	1 block missing	True
cell_comparison	S67	24	M00162 | Cytochrome b6f complex	TIA.P2.D	Amazonian - Tres Irmas Adjacent	6	6	1 block missing	1 block missing	True
cell_comparison	S67	24	M00162 | Cytochrome b6f complex	TIA.P2.R	Amazonian - Tres Irmas Adjacent	7	7	1 block missing	1 block missing	True
cell_comparison	S67	24	M00162 | Cytochrome b6f complex	TI.P1.D	Amazonian - Tres Irmas	8	8	1 block missing	1 block missing	True
cell_comparison	S67	24	M00162 | Cytochrome b6f complex	TI.P1.R	Amazonian - Tres Irmas	9	9	1 block missing	1 block missing	True
cell_comparison	S67	24	M00162 | Cytochrome b6f complex	TI.P2.D	Amazonian - Tres Irmas	10	10	1 block missing	1 block missing	True
cell_comparison	S67	24	M00162 | Cytochrome b6f complex	TI.P2.R	Amazonian - Tres Irmas	11	11	1 block missing	1 block missing	True
cell_comparison	S67	24	M00162 | Cytochrome b6f complex	TI.P3.D	Amazonian - Tres Irmas	12	12	1 block missing	1 block missing	True
cell_comparison	S67	24	M00162 | Cytochrome b6f complex	TI.P3.R	Amazonian - Tres Irmas	13	13	1 block missing	1 block missing	True
cell_comparison	S67	24	M00162 | Cytochrome b6f complex	TI.P4.D	Amazonian - Tres Irmas	14	14	1 block missing	1 block missing	True
cell_comparison	S67	24	M00162 | Cytochrome b6f complex	TI.P4.R	Amazonian - Tres Irmas	15	15	1 block missing	1 block missing	True
cell_comparison	S67	24	M00162 | Cytochrome b6f complex	VI.P1.D	Amazonian - Violao	16	16	1 block missing	1 block missing	True
cell_comparison	S67	24	M00162 | Cytochrome b6f complex	VI.P1.R	Amazonian - Violao	17	17	1 block missing	1 block missing	True
cell_comparison	S67	24	M00162 | Cytochrome b6f complex	VI.P2.D	Amazonian - Violao	18	18	1 block missing	1 block missing	True
cell_comparison	S67	24	M00162 | Cytochrome b6f complex	VI.P2.R	Amazonian - Violao	19	19	1 block missing	1 block missing	True
cell_comparison	S67	24	M00162 | Cytochrome b6f complex	Acid mine drainage 3300038494	Richmond-AMD	20	84	Incomplete	Incomplete	True
cell_comparison	S67	24	M00162 | Cytochrome b6f complex	Lab enriched acid 3300038413	Akron-AMD	21	29	Incomplete	Incomplete	True
cell_comparison	S67	24	M00162 | Cytochrome b6f complex	Acid mine drainage 3300008567	Richmond-AMD	22	68	Incomplete	Incomplete	True
cell_comparison	S67	24	M00162 | Cytochrome b6f complex	Acid mine drainage 3300030091	Richmond-AMD	23	64	Incomplete	Incomplete	True
cell_comparison	S67	24	M00162 | Cytochrome b6f complex	Hydrotherm Fe rich 3300023310	Hydrothermal-Fe-mats	24	34	Incomplete	Incomplete	True
cell_comparison	S67	24	M00162 | Cytochrome b6f complex	Metatransc of lab 3300046014	Akron-AMD	25	26	Incomplete	Incomplete	True
cell_comparison	S67	24	M00162 | Cytochrome b6f complex	Metatransc of lab 3300055056	Akron-AMD	26	20	Incomplete	Incomplete	True
cell_comparison	S67	24	M00162 | Cytochrome b6f complex	Freshwater sediment microbial 3300010391	Lake-Superior	27	49	Incomplete	Incomplete	True
cell_comparison	S67	24	M00162 | Cytochrome b6f complex	Freshwater sediment microbial 3300031898	Lake-Towuti	28	57	Incomplete	Incomplete	True
cell_comparison	S67	24	M00162 | Cytochrome b6f complex	Freshwater microbial communitie 3300024300	Lake-Matano	29	43	Incomplete	Incomplete	True
cell_comparison	S67	24	M00162 | Cytochrome b6f complex	Metatransc of lab 3300055061	Akron-AMD	30	22	Incomplete	Incomplete	True
cell_comparison	S67	24	M00162 | Cytochrome b6f complex	Hydrotherm Fe rich 3300023368	Hydrothermal-Fe-mats	31	37	Incomplete	Incomplete	True
cell_comparison	S67	24	M00162 | Cytochrome b6f complex	Acid mine drainage 3300038487	Richmond-AMD	32	63	Incomplete	Incomplete	True
cell_comparison	S67	24	M00162 | Cytochrome b6f complex	Freshwater sediment microbial 3300031593	Lake-Towuti	33	52	Incomplete	Incomplete	True
cell_comparison	S67	24	M00162 | Cytochrome b6f complex	Acid mine drainage 3300030082	Richmond-AMD	34	71	Incomplete	Incomplete	True
cell_comparison	S67	24	M00162 | Cytochrome b6f complex	Freshwater sediment microbial 3300031604	Lake-Towuti	35	50	Incomplete	Incomplete	True
cell_comparison	S67	24	M00162 | Cytochrome b6f complex	Freshwater sediment microbial 3300021518	Lake-Towuti	36	51	Complete	Complete	True
cell_comparison	S67	24	M00162 | Cytochrome b6f complex	Acid mine drainage 3300030398	Richmond-AMD	37	83	Incomplete	Incomplete	True
cell_comparison	S67	24	M00162 | Cytochrome b6f complex	Acid mine drainage 3300030242	Richmond-AMD	38	79	Incomplete	Incomplete	True
cell_comparison	S67	24	M00162 | Cytochrome b6f complex	Hydrotherm Fe rich 3300023439	Hydrothermal-Fe-mats	39	40	Incomplete	Incomplete	True
cell_comparison	S67	24	M00162 | Cytochrome b6f complex	Freshwater microbial communitie 3300024333	Lake-Matano	40	44	Incomplete	Incomplete	True
cell_comparison	S67	24	M00162 | Cytochrome b6f complex	Lab enriched sediment 3300039027	Burr-Oak-BO4	41	31	Incomplete	Incomplete	True
cell_comparison	S67	24	M00162 | Cytochrome b6f complex	Acid mine drainage 3300039205	Richmond-AMD	42	75	Incomplete	Incomplete	True
cell_comparison	S67	24	M00162 | Cytochrome b6f complex	Freshwater microbial communitie 3300043827	Lake-Matano	43	47	Complete	Complete	True
cell_comparison	S67	24	M00162 | Cytochrome b6f complex	Lab enriched acid 3300038471	Akron-AMD	44	24	Incomplete	Incomplete	True
cell_comparison	S67	24	M00162 | Cytochrome b6f complex	Acid mine drainage 3300030335	Richmond-AMD	45	65	Incomplete	Incomplete	True
cell_comparison	S67	24	M00162 | Cytochrome b6f complex	Freshwater microbial communitie 3300028737	Lake-Matano	46	46	Incomplete	Incomplete	True
cell_comparison	S67	24	M00162 | Cytochrome b6f complex	Lab enriched acid 3300038411	Akron-AMD	47	25	Incomplete	Incomplete	True
cell_comparison	S67	24	M00162 | Cytochrome b6f complex	Freshwater sediment microbial 3300031877	Lake-Towuti	48	53	Incomplete	Incomplete	True
cell_comparison	S67	24	M00162 | Cytochrome b6f complex	Acid mine drainage 3300038731	Richmond-AMD	49	62	Incomplete	Incomplete	True
cell_comparison	S67	24	M00162 | Cytochrome b6f complex	Acid mine drainage 3300038979	Richmond-AMD	50	73	Incomplete	Incomplete	True
cell_comparison	S67	24	M00162 | Cytochrome b6f complex	Hydrotherm Fe rich 3300023548	Hydrothermal-Fe-mats	51	41	Incomplete	Incomplete	True
cell_comparison	S67	24	M00162 | Cytochrome b6f complex	Metatransc of freshwater 3300061576	Lake-Superior	52	48	Incomplete	Incomplete	True
cell_comparison	S67	24	M00162 | Cytochrome b6f complex	Acid mine drainage 3300038486	Richmond-AMD	53	82	Incomplete	Incomplete	True
cell_comparison	S67	24	M00162 | Cytochrome b6f complex	Freshwater sediment microbial 3300031587	Lake-Towuti	54	59	Incomplete	Incomplete	True
cell_comparison	S67	24	M00162 | Cytochrome b6f complex	Acid Mine Drainage 3300005360	Richmond-AMD	55	74	Incomplete	Incomplete	True
cell_comparison	S67	24	M00162 | Cytochrome b6f complex	Acid mine drainage 3300008723	Richmond-AMD	56	67	Incomplete	Incomplete	True
cell_comparison	S67	24	M00162 | Cytochrome b6f complex	Acid mine drainage 3300038493	Richmond-AMD	57	81	Incomplete	Incomplete	True
cell_comparison	S67	24	M00162 | Cytochrome b6f complex	Freshwater sediment microbial 3300036045	Lake-Towuti	58	55	Complete	Complete	True
cell_comparison	S67	24	M00162 | Cytochrome b6f complex	Metatransc of lab 3300046013	Akron-AMD	59	28	Incomplete	Incomplete	True
cell_comparison	S67	24	M00162 | Cytochrome b6f complex	Acid mine drainage 3300038729	Richmond-AMD	60	72	Incomplete	Incomplete	True
cell_comparison	S67	24	M00162 | Cytochrome b6f complex	Acid mine drainage 3300030413	Richmond-AMD	61	85	Incomplete	Incomplete	True
cell_comparison	S67	24	M00162 | Cytochrome b6f complex	Lab enriched acid 3300038412	Akron-AMD	62	27	Incomplete	Incomplete	True
cell_comparison	S67	24	M00162 | Cytochrome b6f complex	Freshwater sediment microbial 3300031806	Lake-Towuti	63	60	Incomplete	Incomplete	True
cell_comparison	S67	24	M00162 | Cytochrome b6f complex	Metatransc of lab 3300055057	Akron-AMD	64	30	Incomplete	Incomplete	True
cell_comparison	S67	24	M00162 | Cytochrome b6f complex	Hydrotherm Fe rich 3300023440	Hydrothermal-Fe-mats	65	39	Incomplete	Incomplete	True
cell_comparison	S67	24	M00162 | Cytochrome b6f complex	Lab enriched sediment 3300039028	Burr-Oak-BO4	66	32	Incomplete	Incomplete	True
cell_comparison	S67	24	M00162 | Cytochrome b6f complex	Acid mine drainage 3300008566	Richmond-AMD	67	77	Incomplete	Incomplete	True
cell_comparison	S67	24	M00162 | Cytochrome b6f complex	Freshwater microbial communitie 3300024341	Lake-Matano	68	45	Incomplete	Incomplete	True
cell_comparison	S67	24	M00162 | Cytochrome b6f complex	Freshwater sediment microbial 3300021517	Lake-Towuti	69	56	Complete	Complete	True
cell_comparison	S67	24	M00162 | Cytochrome b6f complex	Metatransc of lab 3300055062	Akron-AMD	70	21	Incomplete	Incomplete	True
cell_comparison	S67	24	M00162 | Cytochrome b6f complex	Hydrotherm Fe rich 3300023442	Hydrothermal-Fe-mats	71	35	Incomplete	Incomplete	True
cell_comparison	S67	24	M00162 | Cytochrome b6f complex	Freshwater sediment microbial 3300036046	Lake-Towuti	72	54	Complete	Complete	True
cell_comparison	S67	24	M00162 | Cytochrome b6f complex	Hydrotherm Fe rich 3300023313	Hydrothermal-Fe-mats	73	36	Incomplete	Incomplete	True
cell_comparison	S67	24	M00162 | Cytochrome b6f complex	Acid mine drainage 3300039211	Richmond-AMD	74	80	Incomplete	Incomplete	True
cell_comparison	S67	24	M00162 | Cytochrome b6f complex	Acid mine drainage 3300008721	Richmond-AMD	75	78	Incomplete	Incomplete	True
cell_comparison	S67	24	M00162 | Cytochrome b6f complex	Pink biofilm microbial 3300003104	Richmond-AMD	76	69	Incomplete	Incomplete	True
cell_comparison	S67	24	M00162 | Cytochrome b6f complex	Acid mine drainage 3300038681	Richmond-AMD	77	86	Incomplete	Incomplete	True
cell_comparison	S67	24	M00162 | Cytochrome b6f complex	Acid mine drainage 3300030228	Richmond-AMD	78	70	Incomplete	Incomplete	True
cell_comparison	S67	24	M00162 | Cytochrome b6f complex	Metatransc of lab 3300055069	Akron-AMD	79	23	Incomplete	Incomplete	True
cell_comparison	S67	24	M00162 | Cytochrome b6f complex	Acid Mine Drainage 2010484004	Richmond-AMD	80	66	Incomplete	Incomplete	True
cell_comparison	S67	24	M00162 | Cytochrome b6f complex	Hydrotherm Fe rich 3300023307	Hydrothermal-Fe-mats	81	33	Incomplete	Incomplete	True
cell_comparison	S67	24	M00162 | Cytochrome b6f complex	Freshwater sediment microbial 3300031876	Lake-Towuti	82	58	Incomplete	Incomplete	True
cell_comparison	S67	24	M00162 | Cytochrome b6f complex	Freshwater microbial communitie 3300023177	Lake-Matano	83	42	Incomplete	Incomplete	True
cell_comparison	S67	24	M00162 | Cytochrome b6f complex	Biofilm microbial communitie 3300021476	Other-Fe	84	61	Incomplete	Incomplete	True
cell_comparison	S67	24	M00162 | Cytochrome b6f complex	Acid Mine Drainage 3300003083	Richmond-AMD	85	76	Incomplete	Incomplete	True
cell_comparison	S67	24	M00162 | Cytochrome b6f complex	Hydrotherm Fe rich 3300023444	Hydrothermal-Fe-mats	86	38	Incomplete	Incomplete	True
cell_comparison	S67	25	M00163 | Photosystem I	AM.P1.D	Amazonian - Amendoim	0	0	1 block missing	1 block missing	True
cell_comparison	S67	25	M00163 | Photosystem I	AM.P1.R	Amazonian - Amendoim	1	1	1 block missing	1 block missing	True
cell_comparison	S67	25	M00163 | Photosystem I	AM.P2.D	Amazonian - Amendoim	2	2	1 block missing	1 block missing	True
cell_comparison	S67	25	M00163 | Photosystem I	AM.P2.R	Amazonian - Amendoim	3	3	1 block missing	1 block missing	True
cell_comparison	S67	25	M00163 | Photosystem I	TIA.P1.D	Amazonian - Tres Irmas Adjacent	4	4	1 block missing	1 block missing	True
cell_comparison	S67	25	M00163 | Photosystem I	TIA.P1.R	Amazonian - Tres Irmas Adjacent	5	5	1 block missing	1 block missing	True
cell_comparison	S67	25	M00163 | Photosystem I	TIA.P2.D	Amazonian - Tres Irmas Adjacent	6	6	1 block missing	1 block missing	True
cell_comparison	S67	25	M00163 | Photosystem I	TIA.P2.R	Amazonian - Tres Irmas Adjacent	7	7	1 block missing	1 block missing	True
cell_comparison	S67	25	M00163 | Photosystem I	TI.P1.D	Amazonian - Tres Irmas	8	8	Complete	Complete	True
cell_comparison	S67	25	M00163 | Photosystem I	TI.P1.R	Amazonian - Tres Irmas	9	9	1 block missing	1 block missing	True
cell_comparison	S67	25	M00163 | Photosystem I	TI.P2.D	Amazonian - Tres Irmas	10	10	1 block missing	1 block missing	True
cell_comparison	S67	25	M00163 | Photosystem I	TI.P2.R	Amazonian - Tres Irmas	11	11	1 block missing	1 block missing	True
cell_comparison	S67	25	M00163 | Photosystem I	TI.P3.D	Amazonian - Tres Irmas	12	12	1 block missing	1 block missing	True
cell_comparison	S67	25	M00163 | Photosystem I	TI.P3.R	Amazonian - Tres Irmas	13	13	1 block missing	1 block missing	True
cell_comparison	S67	25	M00163 | Photosystem I	TI.P4.D	Amazonian - Tres Irmas	14	14	1 block missing	1 block missing	True
cell_comparison	S67	25	M00163 | Photosystem I	TI.P4.R	Amazonian - Tres Irmas	15	15	1 block missing	1 block missing	True
cell_comparison	S67	25	M00163 | Photosystem I	VI.P1.D	Amazonian - Violao	16	16	1 block missing	1 block missing	True
cell_comparison	S67	25	M00163 | Photosystem I	VI.P1.R	Amazonian - Violao	17	17	1 block missing	1 block missing	True
cell_comparison	S67	25	M00163 | Photosystem I	VI.P2.D	Amazonian - Violao	18	18	1 block missing	1 block missing	True
cell_comparison	S67	25	M00163 | Photosystem I	VI.P2.R	Amazonian - Violao	19	19	1 block missing	1 block missing	True
cell_comparison	S67	25	M00163 | Photosystem I	Acid mine drainage 3300038494	Richmond-AMD	20	84	Incomplete	Incomplete	True
cell_comparison	S67	25	M00163 | Photosystem I	Lab enriched acid 3300038413	Akron-AMD	21	29	Incomplete	Incomplete	True
cell_comparison	S67	25	M00163 | Photosystem I	Acid mine drainage 3300008567	Richmond-AMD	22	68	Incomplete	Incomplete	True
cell_comparison	S67	25	M00163 | Photosystem I	Acid mine drainage 3300030091	Richmond-AMD	23	64	Incomplete	Incomplete	True
cell_comparison	S67	25	M00163 | Photosystem I	Hydrotherm Fe rich 3300023310	Hydrothermal-Fe-mats	24	34	Incomplete	Incomplete	True
cell_comparison	S67	25	M00163 | Photosystem I	Metatransc of lab 3300046014	Akron-AMD	25	26	Incomplete	Incomplete	True
cell_comparison	S67	25	M00163 | Photosystem I	Metatransc of lab 3300055056	Akron-AMD	26	20	1 block missing	1 block missing	True
cell_comparison	S67	25	M00163 | Photosystem I	Freshwater sediment microbial 3300010391	Lake-Superior	27	49	Incomplete	Incomplete	True
cell_comparison	S67	25	M00163 | Photosystem I	Freshwater sediment microbial 3300031898	Lake-Towuti	28	57	Incomplete	Incomplete	True
cell_comparison	S67	25	M00163 | Photosystem I	Freshwater microbial communitie 3300024300	Lake-Matano	29	43	Incomplete	Incomplete	True
cell_comparison	S67	25	M00163 | Photosystem I	Metatransc of lab 3300055061	Akron-AMD	30	22	Incomplete	Incomplete	True
cell_comparison	S67	25	M00163 | Photosystem I	Hydrotherm Fe rich 3300023368	Hydrothermal-Fe-mats	31	37	Incomplete	Incomplete	True
cell_comparison	S67	25	M00163 | Photosystem I	Acid mine drainage 3300038487	Richmond-AMD	32	63	Incomplete	Incomplete	True
cell_comparison	S67	25	M00163 | Photosystem I	Freshwater sediment microbial 3300031593	Lake-Towuti	33	52	Incomplete	Incomplete	True
cell_comparison	S67	25	M00163 | Photosystem I	Acid mine drainage 3300030082	Richmond-AMD	34	71	Incomplete	Incomplete	True
cell_comparison	S67	25	M00163 | Photosystem I	Freshwater sediment microbial 3300031604	Lake-Towuti	35	50	Incomplete	Incomplete	True
cell_comparison	S67	25	M00163 | Photosystem I	Freshwater sediment microbial 3300021518	Lake-Towuti	36	51	Complete	Complete	True
cell_comparison	S67	25	M00163 | Photosystem I	Acid mine drainage 3300030398	Richmond-AMD	37	83	Incomplete	Incomplete	True
cell_comparison	S67	25	M00163 | Photosystem I	Acid mine drainage 3300030242	Richmond-AMD	38	79	Incomplete	Incomplete	True
cell_comparison	S67	25	M00163 | Photosystem I	Hydrotherm Fe rich 3300023439	Hydrothermal-Fe-mats	39	40	Incomplete	Incomplete	True
cell_comparison	S67	25	M00163 | Photosystem I	Freshwater microbial communitie 3300024333	Lake-Matano	40	44	Incomplete	Incomplete	True
cell_comparison	S67	25	M00163 | Photosystem I	Lab enriched sediment 3300039027	Burr-Oak-BO4	41	31	Incomplete	Incomplete	True
cell_comparison	S67	25	M00163 | Photosystem I	Acid mine drainage 3300039205	Richmond-AMD	42	75	Incomplete	Incomplete	True
cell_comparison	S67	25	M00163 | Photosystem I	Freshwater microbial communitie 3300043827	Lake-Matano	43	47	Complete	Complete	True
cell_comparison	S67	25	M00163 | Photosystem I	Lab enriched acid 3300038471	Akron-AMD	44	24	Incomplete	Incomplete	True
cell_comparison	S67	25	M00163 | Photosystem I	Acid mine drainage 3300030335	Richmond-AMD	45	65	Incomplete	Incomplete	True
cell_comparison	S67	25	M00163 | Photosystem I	Freshwater microbial communitie 3300028737	Lake-Matano	46	46	Incomplete	Incomplete	True
cell_comparison	S67	25	M00163 | Photosystem I	Lab enriched acid 3300038411	Akron-AMD	47	25	Incomplete	Incomplete	True
cell_comparison	S67	25	M00163 | Photosystem I	Freshwater sediment microbial 3300031877	Lake-Towuti	48	53	Incomplete	Incomplete	True
cell_comparison	S67	25	M00163 | Photosystem I	Acid mine drainage 3300038731	Richmond-AMD	49	62	Incomplete	Incomplete	True
cell_comparison	S67	25	M00163 | Photosystem I	Acid mine drainage 3300038979	Richmond-AMD	50	73	Incomplete	Incomplete	True
cell_comparison	S67	25	M00163 | Photosystem I	Hydrotherm Fe rich 3300023548	Hydrothermal-Fe-mats	51	41	Incomplete	Incomplete	True
cell_comparison	S67	25	M00163 | Photosystem I	Metatransc of freshwater 3300061576	Lake-Superior	52	48	Complete	Complete	True
cell_comparison	S67	25	M00163 | Photosystem I	Acid mine drainage 3300038486	Richmond-AMD	53	82	Incomplete	Incomplete	True
cell_comparison	S67	25	M00163 | Photosystem I	Freshwater sediment microbial 3300031587	Lake-Towuti	54	59	Incomplete	Incomplete	True
cell_comparison	S67	25	M00163 | Photosystem I	Acid Mine Drainage 3300005360	Richmond-AMD	55	74	Incomplete	Incomplete	True
cell_comparison	S67	25	M00163 | Photosystem I	Acid mine drainage 3300008723	Richmond-AMD	56	67	Incomplete	Incomplete	True
cell_comparison	S67	25	M00163 | Photosystem I	Acid mine drainage 3300038493	Richmond-AMD	57	81	Incomplete	Incomplete	True
cell_comparison	S67	25	M00163 | Photosystem I	Freshwater sediment microbial 3300036045	Lake-Towuti	58	55	Complete	Complete	True
cell_comparison	S67	25	M00163 | Photosystem I	Metatransc of lab 3300046013	Akron-AMD	59	28	Incomplete	Incomplete	True
cell_comparison	S67	25	M00163 | Photosystem I	Acid mine drainage 3300038729	Richmond-AMD	60	72	Incomplete	Incomplete	True
cell_comparison	S67	25	M00163 | Photosystem I	Acid mine drainage 3300030413	Richmond-AMD	61	85	Incomplete	Incomplete	True
cell_comparison	S67	25	M00163 | Photosystem I	Lab enriched acid 3300038412	Akron-AMD	62	27	Incomplete	Incomplete	True
cell_comparison	S67	25	M00163 | Photosystem I	Freshwater sediment microbial 3300031806	Lake-Towuti	63	60	Incomplete	Incomplete	True
cell_comparison	S67	25	M00163 | Photosystem I	Metatransc of lab 3300055057	Akron-AMD	64	30	Incomplete	Incomplete	True
cell_comparison	S67	25	M00163 | Photosystem I	Hydrotherm Fe rich 3300023440	Hydrothermal-Fe-mats	65	39	Incomplete	Incomplete	True
cell_comparison	S67	25	M00163 | Photosystem I	Lab enriched sediment 3300039028	Burr-Oak-BO4	66	32	Incomplete	Incomplete	True
cell_comparison	S67	25	M00163 | Photosystem I	Acid mine drainage 3300008566	Richmond-AMD	67	77	Incomplete	Incomplete	True
cell_comparison	S67	25	M00163 | Photosystem I	Freshwater microbial communitie 3300024341	Lake-Matano	68	45	Incomplete	Incomplete	True
cell_comparison	S67	25	M00163 | Photosystem I	Freshwater sediment microbial 3300021517	Lake-Towuti	69	56	Complete	Complete	True
cell_comparison	S67	25	M00163 | Photosystem I	Metatransc of lab 3300055062	Akron-AMD	70	21	Incomplete	Incomplete	True
cell_comparison	S67	25	M00163 | Photosystem I	Hydrotherm Fe rich 3300023442	Hydrothermal-Fe-mats	71	35	Incomplete	Incomplete	True
cell_comparison	S67	25	M00163 | Photosystem I	Freshwater sediment microbial 3300036046	Lake-Towuti	72	54	Complete	Complete	True
cell_comparison	S67	25	M00163 | Photosystem I	Hydrotherm Fe rich 3300023313	Hydrothermal-Fe-mats	73	36	Incomplete	Incomplete	True
cell_comparison	S67	25	M00163 | Photosystem I	Acid mine drainage 3300039211	Richmond-AMD	74	80	Incomplete	Incomplete	True
cell_comparison	S67	25	M00163 | Photosystem I	Acid mine drainage 3300008721	Richmond-AMD	75	78	Incomplete	Incomplete	True
cell_comparison	S67	25	M00163 | Photosystem I	Pink biofilm microbial 3300003104	Richmond-AMD	76	69	Incomplete	Incomplete	True
cell_comparison	S67	25	M00163 | Photosystem I	Acid mine drainage 3300038681	Richmond-AMD	77	86	Incomplete	Incomplete	True
cell_comparison	S67	25	M00163 | Photosystem I	Acid mine drainage 3300030228	Richmond-AMD	78	70	Incomplete	Incomplete	True
cell_comparison	S67	25	M00163 | Photosystem I	Metatransc of lab 3300055069	Akron-AMD	79	23	Incomplete	Incomplete	True
cell_comparison	S67	25	M00163 | Photosystem I	Acid Mine Drainage 2010484004	Richmond-AMD	80	66	Incomplete	Incomplete	True
cell_comparison	S67	25	M00163 | Photosystem I	Hydrotherm Fe rich 3300023307	Hydrothermal-Fe-mats	81	33	Incomplete	Incomplete	True
cell_comparison	S67	25	M00163 | Photosystem I	Freshwater sediment microbial 3300031876	Lake-Towuti	82	58	Incomplete	Incomplete	True
cell_comparison	S67	25	M00163 | Photosystem I	Freshwater microbial communitie 3300023177	Lake-Matano	83	42	Incomplete	Incomplete	True
cell_comparison	S67	25	M00163 | Photosystem I	Biofilm microbial communitie 3300021476	Other-Fe	84	61	Incomplete	Incomplete	True
cell_comparison	S67	25	M00163 | Photosystem I	Acid Mine Drainage 3300003083	Richmond-AMD	85	76	Incomplete	Incomplete	True
cell_comparison	S67	25	M00163 | Photosystem I	Hydrotherm Fe rich 3300023444	Hydrothermal-Fe-mats	86	38	Incomplete	Incomplete	True
cell_comparison	S67	26	M00597 | Anoxygenic photosystem II	AM.P1.D	Amazonian - Amendoim	0	0	1 block missing	1 block missing	True
cell_comparison	S67	26	M00597 | Anoxygenic photosystem II	AM.P1.R	Amazonian - Amendoim	1	1	1 block missing	1 block missing	True
cell_comparison	S67	26	M00597 | Anoxygenic photosystem II	AM.P2.D	Amazonian - Amendoim	2	2	1 block missing	1 block missing	True
cell_comparison	S67	26	M00597 | Anoxygenic photosystem II	AM.P2.R	Amazonian - Amendoim	3	3	1 block missing	1 block missing	True
cell_comparison	S67	26	M00597 | Anoxygenic photosystem II	TIA.P1.D	Amazonian - Tres Irmas Adjacent	4	4	1 block missing	1 block missing	True
cell_comparison	S67	26	M00597 | Anoxygenic photosystem II	TIA.P1.R	Amazonian - Tres Irmas Adjacent	5	5	1 block missing	1 block missing	True
cell_comparison	S67	26	M00597 | Anoxygenic photosystem II	TIA.P2.D	Amazonian - Tres Irmas Adjacent	6	6	1 block missing	1 block missing	True
cell_comparison	S67	26	M00597 | Anoxygenic photosystem II	TIA.P2.R	Amazonian - Tres Irmas Adjacent	7	7	1 block missing	1 block missing	True
cell_comparison	S67	26	M00597 | Anoxygenic photosystem II	TI.P1.D	Amazonian - Tres Irmas	8	8	1 block missing	1 block missing	True
cell_comparison	S67	26	M00597 | Anoxygenic photosystem II	TI.P1.R	Amazonian - Tres Irmas	9	9	1 block missing	1 block missing	True
cell_comparison	S67	26	M00597 | Anoxygenic photosystem II	TI.P2.D	Amazonian - Tres Irmas	10	10	1 block missing	1 block missing	True
cell_comparison	S67	26	M00597 | Anoxygenic photosystem II	TI.P2.R	Amazonian - Tres Irmas	11	11	1 block missing	1 block missing	True
cell_comparison	S67	26	M00597 | Anoxygenic photosystem II	TI.P3.D	Amazonian - Tres Irmas	12	12	1 block missing	1 block missing	True
cell_comparison	S67	26	M00597 | Anoxygenic photosystem II	TI.P3.R	Amazonian - Tres Irmas	13	13	1 block missing	1 block missing	True
cell_comparison	S67	26	M00597 | Anoxygenic photosystem II	TI.P4.D	Amazonian - Tres Irmas	14	14	1 block missing	1 block missing	True
cell_comparison	S67	26	M00597 | Anoxygenic photosystem II	TI.P4.R	Amazonian - Tres Irmas	15	15	1 block missing	1 block missing	True
cell_comparison	S67	26	M00597 | Anoxygenic photosystem II	VI.P1.D	Amazonian - Violao	16	16	1 block missing	1 block missing	True
cell_comparison	S67	26	M00597 | Anoxygenic photosystem II	VI.P1.R	Amazonian - Violao	17	17	1 block missing	1 block missing	True
cell_comparison	S67	26	M00597 | Anoxygenic photosystem II	VI.P2.D	Amazonian - Violao	18	18	1 block missing	1 block missing	True
cell_comparison	S67	26	M00597 | Anoxygenic photosystem II	VI.P2.R	Amazonian - Violao	19	19	1 block missing	1 block missing	True
cell_comparison	S67	26	M00597 | Anoxygenic photosystem II	Acid mine drainage 3300038494	Richmond-AMD	20	84	Incomplete	Incomplete	True
cell_comparison	S67	26	M00597 | Anoxygenic photosystem II	Lab enriched acid 3300038413	Akron-AMD	21	29	Complete	Complete	True
cell_comparison	S67	26	M00597 | Anoxygenic photosystem II	Acid mine drainage 3300008567	Richmond-AMD	22	68	Incomplete	Incomplete	True
cell_comparison	S67	26	M00597 | Anoxygenic photosystem II	Acid mine drainage 3300030091	Richmond-AMD	23	64	Incomplete	Incomplete	True
cell_comparison	S67	26	M00597 | Anoxygenic photosystem II	Hydrotherm Fe rich 3300023310	Hydrothermal-Fe-mats	24	34	Incomplete	Incomplete	True
cell_comparison	S67	26	M00597 | Anoxygenic photosystem II	Metatransc of lab 3300046014	Akron-AMD	25	26	Incomplete	Incomplete	True
cell_comparison	S67	26	M00597 | Anoxygenic photosystem II	Metatransc of lab 3300055056	Akron-AMD	26	20	Incomplete	Incomplete	True
cell_comparison	S67	26	M00597 | Anoxygenic photosystem II	Freshwater sediment microbial 3300010391	Lake-Superior	27	49	Incomplete	Incomplete	True
cell_comparison	S67	26	M00597 | Anoxygenic photosystem II	Freshwater sediment microbial 3300031898	Lake-Towuti	28	57	Incomplete	Incomplete	True
cell_comparison	S67	26	M00597 | Anoxygenic photosystem II	Freshwater microbial communitie 3300024300	Lake-Matano	29	43	Complete	Complete	True
cell_comparison	S67	26	M00597 | Anoxygenic photosystem II	Metatransc of lab 3300055061	Akron-AMD	30	22	Incomplete	Incomplete	True
cell_comparison	S67	26	M00597 | Anoxygenic photosystem II	Hydrotherm Fe rich 3300023368	Hydrothermal-Fe-mats	31	37	Incomplete	Incomplete	True
cell_comparison	S67	26	M00597 | Anoxygenic photosystem II	Acid mine drainage 3300038487	Richmond-AMD	32	63	Incomplete	Incomplete	True
cell_comparison	S67	26	M00597 | Anoxygenic photosystem II	Freshwater sediment microbial 3300031593	Lake-Towuti	33	52	Incomplete	Incomplete	True
cell_comparison	S67	26	M00597 | Anoxygenic photosystem II	Acid mine drainage 3300030082	Richmond-AMD	34	71	Incomplete	Incomplete	True
cell_comparison	S67	26	M00597 | Anoxygenic photosystem II	Freshwater sediment microbial 3300031604	Lake-Towuti	35	50	Incomplete	Incomplete	True
cell_comparison	S67	26	M00597 | Anoxygenic photosystem II	Freshwater sediment microbial 3300021518	Lake-Towuti	36	51	Complete	Complete	True
cell_comparison	S67	26	M00597 | Anoxygenic photosystem II	Acid mine drainage 3300030398	Richmond-AMD	37	83	Incomplete	Incomplete	True
cell_comparison	S67	26	M00597 | Anoxygenic photosystem II	Acid mine drainage 3300030242	Richmond-AMD	38	79	Incomplete	Incomplete	True
cell_comparison	S67	26	M00597 | Anoxygenic photosystem II	Hydrotherm Fe rich 3300023439	Hydrothermal-Fe-mats	39	40	Incomplete	Incomplete	True
cell_comparison	S67	26	M00597 | Anoxygenic photosystem II	Freshwater microbial communitie 3300024333	Lake-Matano	40	44	Complete	Complete	True
cell_comparison	S67	26	M00597 | Anoxygenic photosystem II	Lab enriched sediment 3300039027	Burr-Oak-BO4	41	31	Complete	Complete	True
cell_comparison	S67	26	M00597 | Anoxygenic photosystem II	Acid mine drainage 3300039205	Richmond-AMD	42	75	Incomplete	Incomplete	True
cell_comparison	S67	26	M00597 | Anoxygenic photosystem II	Freshwater microbial communitie 3300043827	Lake-Matano	43	47	Complete	Complete	True
cell_comparison	S67	26	M00597 | Anoxygenic photosystem II	Lab enriched acid 3300038471	Akron-AMD	44	24	Complete	Complete	True
cell_comparison	S67	26	M00597 | Anoxygenic photosystem II	Acid mine drainage 3300030335	Richmond-AMD	45	65	Incomplete	Incomplete	True
cell_comparison	S67	26	M00597 | Anoxygenic photosystem II	Freshwater microbial communitie 3300028737	Lake-Matano	46	46	Complete	Complete	True
cell_comparison	S67	26	M00597 | Anoxygenic photosystem II	Lab enriched acid 3300038411	Akron-AMD	47	25	Complete	Complete	True
cell_comparison	S67	26	M00597 | Anoxygenic photosystem II	Freshwater sediment microbial 3300031877	Lake-Towuti	48	53	Incomplete	Incomplete	True
cell_comparison	S67	26	M00597 | Anoxygenic photosystem II	Acid mine drainage 3300038731	Richmond-AMD	49	62	Incomplete	Incomplete	True
cell_comparison	S67	26	M00597 | Anoxygenic photosystem II	Acid mine drainage 3300038979	Richmond-AMD	50	73	Incomplete	Incomplete	True
cell_comparison	S67	26	M00597 | Anoxygenic photosystem II	Hydrotherm Fe rich 3300023548	Hydrothermal-Fe-mats	51	41	Incomplete	Incomplete	True
cell_comparison	S67	26	M00597 | Anoxygenic photosystem II	Metatransc of freshwater 3300061576	Lake-Superior	52	48	Complete	Complete	True
cell_comparison	S67	26	M00597 | Anoxygenic photosystem II	Acid mine drainage 3300038486	Richmond-AMD	53	82	Incomplete	Incomplete	True
cell_comparison	S67	26	M00597 | Anoxygenic photosystem II	Freshwater sediment microbial 3300031587	Lake-Towuti	54	59	Incomplete	Incomplete	True
cell_comparison	S67	26	M00597 | Anoxygenic photosystem II	Acid Mine Drainage 3300005360	Richmond-AMD	55	74	Incomplete	Incomplete	True
cell_comparison	S67	26	M00597 | Anoxygenic photosystem II	Acid mine drainage 3300008723	Richmond-AMD	56	67	Incomplete	Incomplete	True
cell_comparison	S67	26	M00597 | Anoxygenic photosystem II	Acid mine drainage 3300038493	Richmond-AMD	57	81	Incomplete	Incomplete	True
cell_comparison	S67	26	M00597 | Anoxygenic photosystem II	Freshwater sediment microbial 3300036045	Lake-Towuti	58	55	Complete	Complete	True
cell_comparison	S67	26	M00597 | Anoxygenic photosystem II	Metatransc of lab 3300046013	Akron-AMD	59	28	Complete	Complete	True
cell_comparison	S67	26	M00597 | Anoxygenic photosystem II	Acid mine drainage 3300038729	Richmond-AMD	60	72	Incomplete	Incomplete	True
cell_comparison	S67	26	M00597 | Anoxygenic photosystem II	Acid mine drainage 3300030413	Richmond-AMD	61	85	Incomplete	Incomplete	True
cell_comparison	S67	26	M00597 | Anoxygenic photosystem II	Lab enriched acid 3300038412	Akron-AMD	62	27	Complete	Complete	True
cell_comparison	S67	26	M00597 | Anoxygenic photosystem II	Freshwater sediment microbial 3300031806	Lake-Towuti	63	60	Incomplete	Incomplete	True
cell_comparison	S67	26	M00597 | Anoxygenic photosystem II	Metatransc of lab 3300055057	Akron-AMD	64	30	Incomplete	Incomplete	True
cell_comparison	S67	26	M00597 | Anoxygenic photosystem II	Hydrotherm Fe rich 3300023440	Hydrothermal-Fe-mats	65	39	Incomplete	Incomplete	True
cell_comparison	S67	26	M00597 | Anoxygenic photosystem II	Lab enriched sediment 3300039028	Burr-Oak-BO4	66	32	Complete	Complete	True
cell_comparison	S67	26	M00597 | Anoxygenic photosystem II	Acid mine drainage 3300008566	Richmond-AMD	67	77	Incomplete	Incomplete	True
cell_comparison	S67	26	M00597 | Anoxygenic photosystem II	Freshwater microbial communitie 3300024341	Lake-Matano	68	45	Complete	Complete	True
cell_comparison	S67	26	M00597 | Anoxygenic photosystem II	Freshwater sediment microbial 3300021517	Lake-Towuti	69	56	Complete	Complete	True
cell_comparison	S67	26	M00597 | Anoxygenic photosystem II	Metatransc of lab 3300055062	Akron-AMD	70	21	Incomplete	Incomplete	True
cell_comparison	S67	26	M00597 | Anoxygenic photosystem II	Hydrotherm Fe rich 3300023442	Hydrothermal-Fe-mats	71	35	Incomplete	Incomplete	True
cell_comparison	S67	26	M00597 | Anoxygenic photosystem II	Freshwater sediment microbial 3300036046	Lake-Towuti	72	54	Complete	Complete	True
cell_comparison	S67	26	M00597 | Anoxygenic photosystem II	Hydrotherm Fe rich 3300023313	Hydrothermal-Fe-mats	73	36	Incomplete	Incomplete	True
cell_comparison	S67	26	M00597 | Anoxygenic photosystem II	Acid mine drainage 3300039211	Richmond-AMD	74	80	Incomplete	Incomplete	True
cell_comparison	S67	26	M00597 | Anoxygenic photosystem II	Acid mine drainage 3300008721	Richmond-AMD	75	78	Incomplete	Incomplete	True
cell_comparison	S67	26	M00597 | Anoxygenic photosystem II	Pink biofilm microbial 3300003104	Richmond-AMD	76	69	Incomplete	Incomplete	True
cell_comparison	S67	26	M00597 | Anoxygenic photosystem II	Acid mine drainage 3300038681	Richmond-AMD	77	86	Incomplete	Incomplete	True
cell_comparison	S67	26	M00597 | Anoxygenic photosystem II	Acid mine drainage 3300030228	Richmond-AMD	78	70	Incomplete	Incomplete	True
cell_comparison	S67	26	M00597 | Anoxygenic photosystem II	Metatransc of lab 3300055069	Akron-AMD	79	23	Incomplete	Incomplete	True
cell_comparison	S67	26	M00597 | Anoxygenic photosystem II	Acid Mine Drainage 2010484004	Richmond-AMD	80	66	Incomplete	Incomplete	True
cell_comparison	S67	26	M00597 | Anoxygenic photosystem II	Hydrotherm Fe rich 3300023307	Hydrothermal-Fe-mats	81	33	Incomplete	Incomplete	True
cell_comparison	S67	26	M00597 | Anoxygenic photosystem II	Freshwater sediment microbial 3300031876	Lake-Towuti	82	58	Incomplete	Incomplete	True
cell_comparison	S67	26	M00597 | Anoxygenic photosystem II	Freshwater microbial communitie 3300023177	Lake-Matano	83	42	Complete	Complete	True
cell_comparison	S67	26	M00597 | Anoxygenic photosystem II	Biofilm microbial communitie 3300021476	Other-Fe	84	61	Incomplete	Incomplete	True
cell_comparison	S67	26	M00597 | Anoxygenic photosystem II	Acid Mine Drainage 3300003083	Richmond-AMD	85	76	Incomplete	Incomplete	True
cell_comparison	S67	26	M00597 | Anoxygenic photosystem II	Hydrotherm Fe rich 3300023444	Hydrothermal-Fe-mats	86	38	Incomplete	Incomplete	True
cell_comparison	S67	27	M00598 | Anoxygenic photosystem I	AM.P1.D	Amazonian - Amendoim	0	0	1 block missing	1 block missing	True
cell_comparison	S67	27	M00598 | Anoxygenic photosystem I	AM.P1.R	Amazonian - Amendoim	1	1	1 block missing	1 block missing	True
cell_comparison	S67	27	M00598 | Anoxygenic photosystem I	AM.P2.D	Amazonian - Amendoim	2	2	1 block missing	1 block missing	True
cell_comparison	S67	27	M00598 | Anoxygenic photosystem I	AM.P2.R	Amazonian - Amendoim	3	3	1 block missing	1 block missing	True
cell_comparison	S67	27	M00598 | Anoxygenic photosystem I	TIA.P1.D	Amazonian - Tres Irmas Adjacent	4	4	1 block missing	1 block missing	True
cell_comparison	S67	27	M00598 | Anoxygenic photosystem I	TIA.P1.R	Amazonian - Tres Irmas Adjacent	5	5	1 block missing	1 block missing	True
cell_comparison	S67	27	M00598 | Anoxygenic photosystem I	TIA.P2.D	Amazonian - Tres Irmas Adjacent	6	6	1 block missing	1 block missing	True
cell_comparison	S67	27	M00598 | Anoxygenic photosystem I	TIA.P2.R	Amazonian - Tres Irmas Adjacent	7	7	1 block missing	1 block missing	True
cell_comparison	S67	27	M00598 | Anoxygenic photosystem I	TI.P1.D	Amazonian - Tres Irmas	8	8	1 block missing	1 block missing	True
cell_comparison	S67	27	M00598 | Anoxygenic photosystem I	TI.P1.R	Amazonian - Tres Irmas	9	9	1 block missing	1 block missing	True
cell_comparison	S67	27	M00598 | Anoxygenic photosystem I	TI.P2.D	Amazonian - Tres Irmas	10	10	1 block missing	1 block missing	True
cell_comparison	S67	27	M00598 | Anoxygenic photosystem I	TI.P2.R	Amazonian - Tres Irmas	11	11	1 block missing	1 block missing	True
cell_comparison	S67	27	M00598 | Anoxygenic photosystem I	TI.P3.D	Amazonian - Tres Irmas	12	12	1 block missing	1 block missing	True
cell_comparison	S67	27	M00598 | Anoxygenic photosystem I	TI.P3.R	Amazonian - Tres Irmas	13	13	1 block missing	1 block missing	True
cell_comparison	S67	27	M00598 | Anoxygenic photosystem I	TI.P4.D	Amazonian - Tres Irmas	14	14	1 block missing	1 block missing	True
cell_comparison	S67	27	M00598 | Anoxygenic photosystem I	TI.P4.R	Amazonian - Tres Irmas	15	15	1 block missing	1 block missing	True
cell_comparison	S67	27	M00598 | Anoxygenic photosystem I	VI.P1.D	Amazonian - Violao	16	16	1 block missing	1 block missing	True
cell_comparison	S67	27	M00598 | Anoxygenic photosystem I	VI.P1.R	Amazonian - Violao	17	17	1 block missing	1 block missing	True
cell_comparison	S67	27	M00598 | Anoxygenic photosystem I	VI.P2.D	Amazonian - Violao	18	18	1 block missing	1 block missing	True
cell_comparison	S67	27	M00598 | Anoxygenic photosystem I	VI.P2.R	Amazonian - Violao	19	19	1 block missing	1 block missing	True
cell_comparison	S67	27	M00598 | Anoxygenic photosystem I	Acid mine drainage 3300038494	Richmond-AMD	20	84	Incomplete	Incomplete	True
cell_comparison	S67	27	M00598 | Anoxygenic photosystem I	Lab enriched acid 3300038413	Akron-AMD	21	29	Incomplete	Incomplete	True
cell_comparison	S67	27	M00598 | Anoxygenic photosystem I	Acid mine drainage 3300008567	Richmond-AMD	22	68	Incomplete	Incomplete	True
cell_comparison	S67	27	M00598 | Anoxygenic photosystem I	Acid mine drainage 3300030091	Richmond-AMD	23	64	Incomplete	Incomplete	True
cell_comparison	S67	27	M00598 | Anoxygenic photosystem I	Hydrotherm Fe rich 3300023310	Hydrothermal-Fe-mats	24	34	Incomplete	Incomplete	True
cell_comparison	S67	27	M00598 | Anoxygenic photosystem I	Metatransc of lab 3300046014	Akron-AMD	25	26	Incomplete	Incomplete	True
cell_comparison	S67	27	M00598 | Anoxygenic photosystem I	Metatransc of lab 3300055056	Akron-AMD	26	20	Incomplete	Incomplete	True
cell_comparison	S67	27	M00598 | Anoxygenic photosystem I	Freshwater sediment microbial 3300010391	Lake-Superior	27	49	Incomplete	Incomplete	True
cell_comparison	S67	27	M00598 | Anoxygenic photosystem I	Freshwater sediment microbial 3300031898	Lake-Towuti	28	57	Incomplete	Incomplete	True
cell_comparison	S67	27	M00598 | Anoxygenic photosystem I	Freshwater microbial communitie 3300024300	Lake-Matano	29	43	Complete	Complete	True
cell_comparison	S67	27	M00598 | Anoxygenic photosystem I	Metatransc of lab 3300055061	Akron-AMD	30	22	Incomplete	Incomplete	True
cell_comparison	S67	27	M00598 | Anoxygenic photosystem I	Hydrotherm Fe rich 3300023368	Hydrothermal-Fe-mats	31	37	Incomplete	Incomplete	True
cell_comparison	S67	27	M00598 | Anoxygenic photosystem I	Acid mine drainage 3300038487	Richmond-AMD	32	63	Incomplete	Incomplete	True
cell_comparison	S67	27	M00598 | Anoxygenic photosystem I	Freshwater sediment microbial 3300031593	Lake-Towuti	33	52	Incomplete	Incomplete	True
cell_comparison	S67	27	M00598 | Anoxygenic photosystem I	Acid mine drainage 3300030082	Richmond-AMD	34	71	Incomplete	Incomplete	True
cell_comparison	S67	27	M00598 | Anoxygenic photosystem I	Freshwater sediment microbial 3300031604	Lake-Towuti	35	50	Incomplete	Incomplete	True
cell_comparison	S67	27	M00598 | Anoxygenic photosystem I	Freshwater sediment microbial 3300021518	Lake-Towuti	36	51	Incomplete	Incomplete	True
cell_comparison	S67	27	M00598 | Anoxygenic photosystem I	Acid mine drainage 3300030398	Richmond-AMD	37	83	Incomplete	Incomplete	True
cell_comparison	S67	27	M00598 | Anoxygenic photosystem I	Acid mine drainage 3300030242	Richmond-AMD	38	79	Incomplete	Incomplete	True
cell_comparison	S67	27	M00598 | Anoxygenic photosystem I	Hydrotherm Fe rich 3300023439	Hydrothermal-Fe-mats	39	40	Incomplete	Incomplete	True
cell_comparison	S67	27	M00598 | Anoxygenic photosystem I	Freshwater microbial communitie 3300024333	Lake-Matano	40	44	Complete	Complete	True
cell_comparison	S67	27	M00598 | Anoxygenic photosystem I	Lab enriched sediment 3300039027	Burr-Oak-BO4	41	31	Incomplete	Incomplete	True
cell_comparison	S67	27	M00598 | Anoxygenic photosystem I	Acid mine drainage 3300039205	Richmond-AMD	42	75	Incomplete	Incomplete	True
cell_comparison	S67	27	M00598 | Anoxygenic photosystem I	Freshwater microbial communitie 3300043827	Lake-Matano	43	47	Incomplete	Incomplete	True
cell_comparison	S67	27	M00598 | Anoxygenic photosystem I	Lab enriched acid 3300038471	Akron-AMD	44	24	Incomplete	Incomplete	True
cell_comparison	S67	27	M00598 | Anoxygenic photosystem I	Acid mine drainage 3300030335	Richmond-AMD	45	65	Incomplete	Incomplete	True
cell_comparison	S67	27	M00598 | Anoxygenic photosystem I	Freshwater microbial communitie 3300028737	Lake-Matano	46	46	Complete	Complete	True
cell_comparison	S67	27	M00598 | Anoxygenic photosystem I	Lab enriched acid 3300038411	Akron-AMD	47	25	Incomplete	Incomplete	True
cell_comparison	S67	27	M00598 | Anoxygenic photosystem I	Freshwater sediment microbial 3300031877	Lake-Towuti	48	53	Incomplete	Incomplete	True
cell_comparison	S67	27	M00598 | Anoxygenic photosystem I	Acid mine drainage 3300038731	Richmond-AMD	49	62	Incomplete	Incomplete	True
cell_comparison	S67	27	M00598 | Anoxygenic photosystem I	Acid mine drainage 3300038979	Richmond-AMD	50	73	Incomplete	Incomplete	True
cell_comparison	S67	27	M00598 | Anoxygenic photosystem I	Hydrotherm Fe rich 3300023548	Hydrothermal-Fe-mats	51	41	Incomplete	Incomplete	True
cell_comparison	S67	27	M00598 | Anoxygenic photosystem I	Metatransc of freshwater 3300061576	Lake-Superior	52	48	Incomplete	Incomplete	True
cell_comparison	S67	27	M00598 | Anoxygenic photosystem I	Acid mine drainage 3300038486	Richmond-AMD	53	82	Incomplete	Incomplete	True
cell_comparison	S67	27	M00598 | Anoxygenic photosystem I	Freshwater sediment microbial 3300031587	Lake-Towuti	54	59	Incomplete	Incomplete	True
cell_comparison	S67	27	M00598 | Anoxygenic photosystem I	Acid Mine Drainage 3300005360	Richmond-AMD	55	74	Incomplete	Incomplete	True
cell_comparison	S67	27	M00598 | Anoxygenic photosystem I	Acid mine drainage 3300008723	Richmond-AMD	56	67	Incomplete	Incomplete	True
cell_comparison	S67	27	M00598 | Anoxygenic photosystem I	Acid mine drainage 3300038493	Richmond-AMD	57	81	Incomplete	Incomplete	True
cell_comparison	S67	27	M00598 | Anoxygenic photosystem I	Freshwater sediment microbial 3300036045	Lake-Towuti	58	55	Incomplete	Incomplete	True
cell_comparison	S67	27	M00598 | Anoxygenic photosystem I	Metatransc of lab 3300046013	Akron-AMD	59	28	Incomplete	Incomplete	True
cell_comparison	S67	27	M00598 | Anoxygenic photosystem I	Acid mine drainage 3300038729	Richmond-AMD	60	72	Incomplete	Incomplete	True
cell_comparison	S67	27	M00598 | Anoxygenic photosystem I	Acid mine drainage 3300030413	Richmond-AMD	61	85	Incomplete	Incomplete	True
cell_comparison	S67	27	M00598 | Anoxygenic photosystem I	Lab enriched acid 3300038412	Akron-AMD	62	27	Incomplete	Incomplete	True
cell_comparison	S67	27	M00598 | Anoxygenic photosystem I	Freshwater sediment microbial 3300031806	Lake-Towuti	63	60	Incomplete	Incomplete	True
cell_comparison	S67	27	M00598 | Anoxygenic photosystem I	Metatransc of lab 3300055057	Akron-AMD	64	30	Incomplete	Incomplete	True
cell_comparison	S67	27	M00598 | Anoxygenic photosystem I	Hydrotherm Fe rich 3300023440	Hydrothermal-Fe-mats	65	39	Incomplete	Incomplete	True
cell_comparison	S67	27	M00598 | Anoxygenic photosystem I	Lab enriched sediment 3300039028	Burr-Oak-BO4	66	32	Incomplete	Incomplete	True
cell_comparison	S67	27	M00598 | Anoxygenic photosystem I	Acid mine drainage 3300008566	Richmond-AMD	67	77	Incomplete	Incomplete	True
cell_comparison	S67	27	M00598 | Anoxygenic photosystem I	Freshwater microbial communitie 3300024341	Lake-Matano	68	45	Complete	Complete	True
cell_comparison	S67	27	M00598 | Anoxygenic photosystem I	Freshwater sediment microbial 3300021517	Lake-Towuti	69	56	Incomplete	Incomplete	True
cell_comparison	S67	27	M00598 | Anoxygenic photosystem I	Metatransc of lab 3300055062	Akron-AMD	70	21	Incomplete	Incomplete	True
cell_comparison	S67	27	M00598 | Anoxygenic photosystem I	Hydrotherm Fe rich 3300023442	Hydrothermal-Fe-mats	71	35	Incomplete	Incomplete	True
cell_comparison	S67	27	M00598 | Anoxygenic photosystem I	Freshwater sediment microbial 3300036046	Lake-Towuti	72	54	1 block missing	1 block missing	True
cell_comparison	S67	27	M00598 | Anoxygenic photosystem I	Hydrotherm Fe rich 3300023313	Hydrothermal-Fe-mats	73	36	Incomplete	Incomplete	True
cell_comparison	S67	27	M00598 | Anoxygenic photosystem I	Acid mine drainage 3300039211	Richmond-AMD	74	80	Incomplete	Incomplete	True
cell_comparison	S67	27	M00598 | Anoxygenic photosystem I	Acid mine drainage 3300008721	Richmond-AMD	75	78	Incomplete	Incomplete	True
cell_comparison	S67	27	M00598 | Anoxygenic photosystem I	Pink biofilm microbial 3300003104	Richmond-AMD	76	69	Incomplete	Incomplete	True
cell_comparison	S67	27	M00598 | Anoxygenic photosystem I	Acid mine drainage 3300038681	Richmond-AMD	77	86	Incomplete	Incomplete	True
cell_comparison	S67	27	M00598 | Anoxygenic photosystem I	Acid mine drainage 3300030228	Richmond-AMD	78	70	Incomplete	Incomplete	True
cell_comparison	S67	27	M00598 | Anoxygenic photosystem I	Metatransc of lab 3300055069	Akron-AMD	79	23	Incomplete	Incomplete	True
cell_comparison	S67	27	M00598 | Anoxygenic photosystem I	Acid Mine Drainage 2010484004	Richmond-AMD	80	66	Incomplete	Incomplete	True
cell_comparison	S67	27	M00598 | Anoxygenic photosystem I	Hydrotherm Fe rich 3300023307	Hydrothermal-Fe-mats	81	33	Incomplete	Incomplete	True
cell_comparison	S67	27	M00598 | Anoxygenic photosystem I	Freshwater sediment microbial 3300031876	Lake-Towuti	82	58	Incomplete	Incomplete	True
cell_comparison	S67	27	M00598 | Anoxygenic photosystem I	Freshwater microbial communitie 3300023177	Lake-Matano	83	42	Complete	Complete	True
cell_comparison	S67	27	M00598 | Anoxygenic photosystem I	Biofilm microbial communitie 3300021476	Other-Fe	84	61	Incomplete	Incomplete	True
cell_comparison	S67	27	M00598 | Anoxygenic photosystem I	Acid Mine Drainage 3300003083	Richmond-AMD	85	76	Incomplete	Incomplete	True
cell_comparison	S67	27	M00598 | Anoxygenic photosystem I	Hydrotherm Fe rich 3300023444	Hydrothermal-Fe-mats	86	38	Incomplete	Incomplete	True
cell_comparison	S67	28	M00611 | Oxygenic photosynthesis in plants and cyanobacteria	AM.P1.D	Amazonian - Amendoim	0	0	1 block missing	1 block missing	True
cell_comparison	S67	28	M00611 | Oxygenic photosynthesis in plants and cyanobacteria	AM.P1.R	Amazonian - Amendoim	1	1	1 block missing	1 block missing	True
cell_comparison	S67	28	M00611 | Oxygenic photosynthesis in plants and cyanobacteria	AM.P2.D	Amazonian - Amendoim	2	2	Incomplete	Incomplete	True
cell_comparison	S67	28	M00611 | Oxygenic photosynthesis in plants and cyanobacteria	AM.P2.R	Amazonian - Amendoim	3	3	Incomplete	Incomplete	True
cell_comparison	S67	28	M00611 | Oxygenic photosynthesis in plants and cyanobacteria	TIA.P1.D	Amazonian - Tres Irmas Adjacent	4	4	1 block missing	1 block missing	True
cell_comparison	S67	28	M00611 | Oxygenic photosynthesis in plants and cyanobacteria	TIA.P1.R	Amazonian - Tres Irmas Adjacent	5	5	Incomplete	Incomplete	True
cell_comparison	S67	28	M00611 | Oxygenic photosynthesis in plants and cyanobacteria	TIA.P2.D	Amazonian - Tres Irmas Adjacent	6	6	Incomplete	Incomplete	True
cell_comparison	S67	28	M00611 | Oxygenic photosynthesis in plants and cyanobacteria	TIA.P2.R	Amazonian - Tres Irmas Adjacent	7	7	1 block missing	1 block missing	True
cell_comparison	S67	28	M00611 | Oxygenic photosynthesis in plants and cyanobacteria	TI.P1.D	Amazonian - Tres Irmas	8	8	Complete	Complete	True
cell_comparison	S67	28	M00611 | Oxygenic photosynthesis in plants and cyanobacteria	TI.P1.R	Amazonian - Tres Irmas	9	9	Incomplete	Incomplete	True
cell_comparison	S67	28	M00611 | Oxygenic photosynthesis in plants and cyanobacteria	TI.P2.D	Amazonian - Tres Irmas	10	10	Incomplete	Incomplete	True
cell_comparison	S67	28	M00611 | Oxygenic photosynthesis in plants and cyanobacteria	TI.P2.R	Amazonian - Tres Irmas	11	11	Incomplete	Incomplete	True
cell_comparison	S67	28	M00611 | Oxygenic photosynthesis in plants and cyanobacteria	TI.P3.D	Amazonian - Tres Irmas	12	12	1 block missing	1 block missing	True
cell_comparison	S67	28	M00611 | Oxygenic photosynthesis in plants and cyanobacteria	TI.P3.R	Amazonian - Tres Irmas	13	13	Incomplete	Incomplete	True
cell_comparison	S67	28	M00611 | Oxygenic photosynthesis in plants and cyanobacteria	TI.P4.D	Amazonian - Tres Irmas	14	14	1 block missing	1 block missing	True
cell_comparison	S67	28	M00611 | Oxygenic photosynthesis in plants and cyanobacteria	TI.P4.R	Amazonian - Tres Irmas	15	15	Incomplete	Incomplete	True
cell_comparison	S67	28	M00611 | Oxygenic photosynthesis in plants and cyanobacteria	VI.P1.D	Amazonian - Violao	16	16	Incomplete	Incomplete	True
cell_comparison	S67	28	M00611 | Oxygenic photosynthesis in plants and cyanobacteria	VI.P1.R	Amazonian - Violao	17	17	Incomplete	Incomplete	True
cell_comparison	S67	28	M00611 | Oxygenic photosynthesis in plants and cyanobacteria	VI.P2.D	Amazonian - Violao	18	18	Incomplete	Incomplete	True
cell_comparison	S67	28	M00611 | Oxygenic photosynthesis in plants and cyanobacteria	VI.P2.R	Amazonian - Violao	19	19	Incomplete	Incomplete	True
cell_comparison	S67	28	M00611 | Oxygenic photosynthesis in plants and cyanobacteria	Acid mine drainage 3300038494	Richmond-AMD	20	84	Incomplete	Incomplete	True
cell_comparison	S67	28	M00611 | Oxygenic photosynthesis in plants and cyanobacteria	Lab enriched acid 3300038413	Akron-AMD	21	29	Incomplete	Incomplete	True
cell_comparison	S67	28	M00611 | Oxygenic photosynthesis in plants and cyanobacteria	Acid mine drainage 3300008567	Richmond-AMD	22	68	Incomplete	Incomplete	True
cell_comparison	S67	28	M00611 | Oxygenic photosynthesis in plants and cyanobacteria	Acid mine drainage 3300030091	Richmond-AMD	23	64	Incomplete	Incomplete	True
cell_comparison	S67	28	M00611 | Oxygenic photosynthesis in plants and cyanobacteria	Hydrotherm Fe rich 3300023310	Hydrothermal-Fe-mats	24	34	Incomplete	Incomplete	True
cell_comparison	S67	28	M00611 | Oxygenic photosynthesis in plants and cyanobacteria	Metatransc of lab 3300046014	Akron-AMD	25	26	Incomplete	Incomplete	True
cell_comparison	S67	28	M00611 | Oxygenic photosynthesis in plants and cyanobacteria	Metatransc of lab 3300055056	Akron-AMD	26	20	Incomplete	Incomplete	True
cell_comparison	S67	28	M00611 | Oxygenic photosynthesis in plants and cyanobacteria	Freshwater sediment microbial 3300010391	Lake-Superior	27	49	Incomplete	Incomplete	True
cell_comparison	S67	28	M00611 | Oxygenic photosynthesis in plants and cyanobacteria	Freshwater sediment microbial 3300031898	Lake-Towuti	28	57	Incomplete	Incomplete	True
cell_comparison	S67	28	M00611 | Oxygenic photosynthesis in plants and cyanobacteria	Freshwater microbial communitie 3300024300	Lake-Matano	29	43	Incomplete	Incomplete	True
cell_comparison	S67	28	M00611 | Oxygenic photosynthesis in plants and cyanobacteria	Metatransc of lab 3300055061	Akron-AMD	30	22	Incomplete	Incomplete	True
cell_comparison	S67	28	M00611 | Oxygenic photosynthesis in plants and cyanobacteria	Hydrotherm Fe rich 3300023368	Hydrothermal-Fe-mats	31	37	Incomplete	Incomplete	True
cell_comparison	S67	28	M00611 | Oxygenic photosynthesis in plants and cyanobacteria	Acid mine drainage 3300038487	Richmond-AMD	32	63	Incomplete	Incomplete	True
cell_comparison	S67	28	M00611 | Oxygenic photosynthesis in plants and cyanobacteria	Freshwater sediment microbial 3300031593	Lake-Towuti	33	52	Incomplete	Incomplete	True
cell_comparison	S67	28	M00611 | Oxygenic photosynthesis in plants and cyanobacteria	Acid mine drainage 3300030082	Richmond-AMD	34	71	Incomplete	Incomplete	True
cell_comparison	S67	28	M00611 | Oxygenic photosynthesis in plants and cyanobacteria	Freshwater sediment microbial 3300031604	Lake-Towuti	35	50	Incomplete	Incomplete	True
cell_comparison	S67	28	M00611 | Oxygenic photosynthesis in plants and cyanobacteria	Freshwater sediment microbial 3300021518	Lake-Towuti	36	51	Incomplete	Incomplete	True
cell_comparison	S67	28	M00611 | Oxygenic photosynthesis in plants and cyanobacteria	Acid mine drainage 3300030398	Richmond-AMD	37	83	Incomplete	Incomplete	True
cell_comparison	S67	28	M00611 | Oxygenic photosynthesis in plants and cyanobacteria	Acid mine drainage 3300030242	Richmond-AMD	38	79	Incomplete	Incomplete	True
cell_comparison	S67	28	M00611 | Oxygenic photosynthesis in plants and cyanobacteria	Hydrotherm Fe rich 3300023439	Hydrothermal-Fe-mats	39	40	Incomplete	Incomplete	True
cell_comparison	S67	28	M00611 | Oxygenic photosynthesis in plants and cyanobacteria	Freshwater microbial communitie 3300024333	Lake-Matano	40	44	Incomplete	Incomplete	True
cell_comparison	S67	28	M00611 | Oxygenic photosynthesis in plants and cyanobacteria	Lab enriched sediment 3300039027	Burr-Oak-BO4	41	31	Incomplete	Incomplete	True
cell_comparison	S67	28	M00611 | Oxygenic photosynthesis in plants and cyanobacteria	Acid mine drainage 3300039205	Richmond-AMD	42	75	Incomplete	Incomplete	True
cell_comparison	S67	28	M00611 | Oxygenic photosynthesis in plants and cyanobacteria	Freshwater microbial communitie 3300043827	Lake-Matano	43	47	Incomplete	Incomplete	True
cell_comparison	S67	28	M00611 | Oxygenic photosynthesis in plants and cyanobacteria	Lab enriched acid 3300038471	Akron-AMD	44	24	Incomplete	Incomplete	True
cell_comparison	S67	28	M00611 | Oxygenic photosynthesis in plants and cyanobacteria	Acid mine drainage 3300030335	Richmond-AMD	45	65	Incomplete	Incomplete	True
cell_comparison	S67	28	M00611 | Oxygenic photosynthesis in plants and cyanobacteria	Freshwater microbial communitie 3300028737	Lake-Matano	46	46	Incomplete	Incomplete	True
cell_comparison	S67	28	M00611 | Oxygenic photosynthesis in plants and cyanobacteria	Lab enriched acid 3300038411	Akron-AMD	47	25	Incomplete	Incomplete	True
cell_comparison	S67	28	M00611 | Oxygenic photosynthesis in plants and cyanobacteria	Freshwater sediment microbial 3300031877	Lake-Towuti	48	53	Incomplete	Incomplete	True
cell_comparison	S67	28	M00611 | Oxygenic photosynthesis in plants and cyanobacteria	Acid mine drainage 3300038731	Richmond-AMD	49	62	Incomplete	Incomplete	True
cell_comparison	S67	28	M00611 | Oxygenic photosynthesis in plants and cyanobacteria	Acid mine drainage 3300038979	Richmond-AMD	50	73	Incomplete	Incomplete	True
cell_comparison	S67	28	M00611 | Oxygenic photosynthesis in plants and cyanobacteria	Hydrotherm Fe rich 3300023548	Hydrothermal-Fe-mats	51	41	Incomplete	Incomplete	True
cell_comparison	S67	28	M00611 | Oxygenic photosynthesis in plants and cyanobacteria	Metatransc of freshwater 3300061576	Lake-Superior	52	48	Incomplete	Incomplete	True
cell_comparison	S67	28	M00611 | Oxygenic photosynthesis in plants and cyanobacteria	Acid mine drainage 3300038486	Richmond-AMD	53	82	Incomplete	Incomplete	True
cell_comparison	S67	28	M00611 | Oxygenic photosynthesis in plants and cyanobacteria	Freshwater sediment microbial 3300031587	Lake-Towuti	54	59	Incomplete	Incomplete	True
cell_comparison	S67	28	M00611 | Oxygenic photosynthesis in plants and cyanobacteria	Acid Mine Drainage 3300005360	Richmond-AMD	55	74	Incomplete	Incomplete	True
cell_comparison	S67	28	M00611 | Oxygenic photosynthesis in plants and cyanobacteria	Acid mine drainage 3300008723	Richmond-AMD	56	67	Incomplete	Incomplete	True
cell_comparison	S67	28	M00611 | Oxygenic photosynthesis in plants and cyanobacteria	Acid mine drainage 3300038493	Richmond-AMD	57	81	Incomplete	Incomplete	True
cell_comparison	S67	28	M00611 | Oxygenic photosynthesis in plants and cyanobacteria	Freshwater sediment microbial 3300036045	Lake-Towuti	58	55	Incomplete	Incomplete	True
cell_comparison	S67	28	M00611 | Oxygenic photosynthesis in plants and cyanobacteria	Metatransc of lab 3300046013	Akron-AMD	59	28	Incomplete	Incomplete	True
cell_comparison	S67	28	M00611 | Oxygenic photosynthesis in plants and cyanobacteria	Acid mine drainage 3300038729	Richmond-AMD	60	72	Incomplete	Incomplete	True
cell_comparison	S67	28	M00611 | Oxygenic photosynthesis in plants and cyanobacteria	Acid mine drainage 3300030413	Richmond-AMD	61	85	Incomplete	Incomplete	True
cell_comparison	S67	28	M00611 | Oxygenic photosynthesis in plants and cyanobacteria	Lab enriched acid 3300038412	Akron-AMD	62	27	Incomplete	Incomplete	True
cell_comparison	S67	28	M00611 | Oxygenic photosynthesis in plants and cyanobacteria	Freshwater sediment microbial 3300031806	Lake-Towuti	63	60	Incomplete	Incomplete	True
cell_comparison	S67	28	M00611 | Oxygenic photosynthesis in plants and cyanobacteria	Metatransc of lab 3300055057	Akron-AMD	64	30	Incomplete	Incomplete	True
cell_comparison	S67	28	M00611 | Oxygenic photosynthesis in plants and cyanobacteria	Hydrotherm Fe rich 3300023440	Hydrothermal-Fe-mats	65	39	Incomplete	Incomplete	True
cell_comparison	S67	28	M00611 | Oxygenic photosynthesis in plants and cyanobacteria	Lab enriched sediment 3300039028	Burr-Oak-BO4	66	32	Incomplete	Incomplete	True
cell_comparison	S67	28	M00611 | Oxygenic photosynthesis in plants and cyanobacteria	Acid mine drainage 3300008566	Richmond-AMD	67	77	Incomplete	Incomplete	True
cell_comparison	S67	28	M00611 | Oxygenic photosynthesis in plants and cyanobacteria	Freshwater microbial communitie 3300024341	Lake-Matano	68	45	Incomplete	Incomplete	True
cell_comparison	S67	28	M00611 | Oxygenic photosynthesis in plants and cyanobacteria	Freshwater sediment microbial 3300021517	Lake-Towuti	69	56	Incomplete	Incomplete	True
cell_comparison	S67	28	M00611 | Oxygenic photosynthesis in plants and cyanobacteria	Metatransc of lab 3300055062	Akron-AMD	70	21	Incomplete	Incomplete	True
cell_comparison	S67	28	M00611 | Oxygenic photosynthesis in plants and cyanobacteria	Hydrotherm Fe rich 3300023442	Hydrothermal-Fe-mats	71	35	Incomplete	Incomplete	True
cell_comparison	S67	28	M00611 | Oxygenic photosynthesis in plants and cyanobacteria	Freshwater sediment microbial 3300036046	Lake-Towuti	72	54	Complete	Complete	True
cell_comparison	S67	28	M00611 | Oxygenic photosynthesis in plants and cyanobacteria	Hydrotherm Fe rich 3300023313	Hydrothermal-Fe-mats	73	36	Incomplete	Incomplete	True
cell_comparison	S67	28	M00611 | Oxygenic photosynthesis in plants and cyanobacteria	Acid mine drainage 3300039211	Richmond-AMD	74	80	Incomplete	Incomplete	True
cell_comparison	S67	28	M00611 | Oxygenic photosynthesis in plants and cyanobacteria	Acid mine drainage 3300008721	Richmond-AMD	75	78	Incomplete	Incomplete	True
cell_comparison	S67	28	M00611 | Oxygenic photosynthesis in plants and cyanobacteria	Pink biofilm microbial 3300003104	Richmond-AMD	76	69	Incomplete	Incomplete	True
cell_comparison	S67	28	M00611 | Oxygenic photosynthesis in plants and cyanobacteria	Acid mine drainage 3300038681	Richmond-AMD	77	86	Incomplete	Incomplete	True
cell_comparison	S67	28	M00611 | Oxygenic photosynthesis in plants and cyanobacteria	Acid mine drainage 3300030228	Richmond-AMD	78	70	Incomplete	Incomplete	True
cell_comparison	S67	28	M00611 | Oxygenic photosynthesis in plants and cyanobacteria	Metatransc of lab 3300055069	Akron-AMD	79	23	Incomplete	Incomplete	True
cell_comparison	S67	28	M00611 | Oxygenic photosynthesis in plants and cyanobacteria	Acid Mine Drainage 2010484004	Richmond-AMD	80	66	Incomplete	Incomplete	True
cell_comparison	S67	28	M00611 | Oxygenic photosynthesis in plants and cyanobacteria	Hydrotherm Fe rich 3300023307	Hydrothermal-Fe-mats	81	33	Incomplete	Incomplete	True
cell_comparison	S67	28	M00611 | Oxygenic photosynthesis in plants and cyanobacteria	Freshwater sediment microbial 3300031876	Lake-Towuti	82	58	Incomplete	Incomplete	True
cell_comparison	S67	28	M00611 | Oxygenic photosynthesis in plants and cyanobacteria	Freshwater microbial communitie 3300023177	Lake-Matano	83	42	Incomplete	Incomplete	True
cell_comparison	S67	28	M00611 | Oxygenic photosynthesis in plants and cyanobacteria	Biofilm microbial communitie 3300021476	Other-Fe	84	61	Incomplete	Incomplete	True
cell_comparison	S67	28	M00611 | Oxygenic photosynthesis in plants and cyanobacteria	Acid Mine Drainage 3300003083	Richmond-AMD	85	76	Incomplete	Incomplete	True
cell_comparison	S67	28	M00611 | Oxygenic photosynthesis in plants and cyanobacteria	Hydrotherm Fe rich 3300023444	Hydrothermal-Fe-mats	86	38	Incomplete	Incomplete	True
cell_comparison	S67	29	M00612 | Anoxygenic photosynthesis in purple bacteria	AM.P1.D	Amazonian - Amendoim	0	0	1 block missing	1 block missing	True
cell_comparison	S67	29	M00612 | Anoxygenic photosynthesis in purple bacteria	AM.P1.R	Amazonian - Amendoim	1	1	1 block missing	1 block missing	True
cell_comparison	S67	29	M00612 | Anoxygenic photosynthesis in purple bacteria	AM.P2.D	Amazonian - Amendoim	2	2	Incomplete	Incomplete	True
cell_comparison	S67	29	M00612 | Anoxygenic photosynthesis in purple bacteria	AM.P2.R	Amazonian - Amendoim	3	3	Incomplete	Incomplete	True
cell_comparison	S67	29	M00612 | Anoxygenic photosynthesis in purple bacteria	TIA.P1.D	Amazonian - Tres Irmas Adjacent	4	4	1 block missing	1 block missing	True
cell_comparison	S67	29	M00612 | Anoxygenic photosynthesis in purple bacteria	TIA.P1.R	Amazonian - Tres Irmas Adjacent	5	5	Incomplete	Incomplete	True
cell_comparison	S67	29	M00612 | Anoxygenic photosynthesis in purple bacteria	TIA.P2.D	Amazonian - Tres Irmas Adjacent	6	6	Incomplete	Incomplete	True
cell_comparison	S67	29	M00612 | Anoxygenic photosynthesis in purple bacteria	TIA.P2.R	Amazonian - Tres Irmas Adjacent	7	7	1 block missing	1 block missing	True
cell_comparison	S67	29	M00612 | Anoxygenic photosynthesis in purple bacteria	TI.P1.D	Amazonian - Tres Irmas	8	8	1 block missing	1 block missing	True
cell_comparison	S67	29	M00612 | Anoxygenic photosynthesis in purple bacteria	TI.P1.R	Amazonian - Tres Irmas	9	9	Incomplete	Incomplete	True
cell_comparison	S67	29	M00612 | Anoxygenic photosynthesis in purple bacteria	TI.P2.D	Amazonian - Tres Irmas	10	10	Incomplete	Incomplete	True
cell_comparison	S67	29	M00612 | Anoxygenic photosynthesis in purple bacteria	TI.P2.R	Amazonian - Tres Irmas	11	11	Incomplete	Incomplete	True
cell_comparison	S67	29	M00612 | Anoxygenic photosynthesis in purple bacteria	TI.P3.D	Amazonian - Tres Irmas	12	12	1 block missing	1 block missing	True
cell_comparison	S67	29	M00612 | Anoxygenic photosynthesis in purple bacteria	TI.P3.R	Amazonian - Tres Irmas	13	13	Incomplete	Incomplete	True
cell_comparison	S67	29	M00612 | Anoxygenic photosynthesis in purple bacteria	TI.P4.D	Amazonian - Tres Irmas	14	14	1 block missing	1 block missing	True
cell_comparison	S67	29	M00612 | Anoxygenic photosynthesis in purple bacteria	TI.P4.R	Amazonian - Tres Irmas	15	15	Incomplete	Incomplete	True
cell_comparison	S67	29	M00612 | Anoxygenic photosynthesis in purple bacteria	VI.P1.D	Amazonian - Violao	16	16	Incomplete	Incomplete	True
cell_comparison	S67	29	M00612 | Anoxygenic photosynthesis in purple bacteria	VI.P1.R	Amazonian - Violao	17	17	Incomplete	Incomplete	True
cell_comparison	S67	29	M00612 | Anoxygenic photosynthesis in purple bacteria	VI.P2.D	Amazonian - Violao	18	18	Incomplete	Incomplete	True
cell_comparison	S67	29	M00612 | Anoxygenic photosynthesis in purple bacteria	VI.P2.R	Amazonian - Violao	19	19	Incomplete	Incomplete	True
cell_comparison	S67	29	M00612 | Anoxygenic photosynthesis in purple bacteria	Acid mine drainage 3300038494	Richmond-AMD	20	84	Incomplete	Incomplete	True
cell_comparison	S67	29	M00612 | Anoxygenic photosynthesis in purple bacteria	Lab enriched acid 3300038413	Akron-AMD	21	29	Incomplete	Incomplete	True
cell_comparison	S67	29	M00612 | Anoxygenic photosynthesis in purple bacteria	Acid mine drainage 3300008567	Richmond-AMD	22	68	Incomplete	Incomplete	True
cell_comparison	S67	29	M00612 | Anoxygenic photosynthesis in purple bacteria	Acid mine drainage 3300030091	Richmond-AMD	23	64	Incomplete	Incomplete	True
cell_comparison	S67	29	M00612 | Anoxygenic photosynthesis in purple bacteria	Hydrotherm Fe rich 3300023310	Hydrothermal-Fe-mats	24	34	Incomplete	Incomplete	True
cell_comparison	S67	29	M00612 | Anoxygenic photosynthesis in purple bacteria	Metatransc of lab 3300046014	Akron-AMD	25	26	Incomplete	Incomplete	True
cell_comparison	S67	29	M00612 | Anoxygenic photosynthesis in purple bacteria	Metatransc of lab 3300055056	Akron-AMD	26	20	Incomplete	Incomplete	True
cell_comparison	S67	29	M00612 | Anoxygenic photosynthesis in purple bacteria	Freshwater sediment microbial 3300010391	Lake-Superior	27	49	Incomplete	Incomplete	True
cell_comparison	S67	29	M00612 | Anoxygenic photosynthesis in purple bacteria	Freshwater sediment microbial 3300031898	Lake-Towuti	28	57	Incomplete	Incomplete	True
cell_comparison	S67	29	M00612 | Anoxygenic photosynthesis in purple bacteria	Freshwater microbial communitie 3300024300	Lake-Matano	29	43	Incomplete	Incomplete	True
cell_comparison	S67	29	M00612 | Anoxygenic photosynthesis in purple bacteria	Metatransc of lab 3300055061	Akron-AMD	30	22	Incomplete	Incomplete	True
cell_comparison	S67	29	M00612 | Anoxygenic photosynthesis in purple bacteria	Hydrotherm Fe rich 3300023368	Hydrothermal-Fe-mats	31	37	Incomplete	Incomplete	True
cell_comparison	S67	29	M00612 | Anoxygenic photosynthesis in purple bacteria	Acid mine drainage 3300038487	Richmond-AMD	32	63	Incomplete	Incomplete	True
cell_comparison	S67	29	M00612 | Anoxygenic photosynthesis in purple bacteria	Freshwater sediment microbial 3300031593	Lake-Towuti	33	52	Incomplete	Incomplete	True
cell_comparison	S67	29	M00612 | Anoxygenic photosynthesis in purple bacteria	Acid mine drainage 3300030082	Richmond-AMD	34	71	Incomplete	Incomplete	True
cell_comparison	S67	29	M00612 | Anoxygenic photosynthesis in purple bacteria	Freshwater sediment microbial 3300031604	Lake-Towuti	35	50	Incomplete	Incomplete	True
cell_comparison	S67	29	M00612 | Anoxygenic photosynthesis in purple bacteria	Freshwater sediment microbial 3300021518	Lake-Towuti	36	51	Incomplete	Incomplete	True
cell_comparison	S67	29	M00612 | Anoxygenic photosynthesis in purple bacteria	Acid mine drainage 3300030398	Richmond-AMD	37	83	Incomplete	Incomplete	True
cell_comparison	S67	29	M00612 | Anoxygenic photosynthesis in purple bacteria	Acid mine drainage 3300030242	Richmond-AMD	38	79	Incomplete	Incomplete	True
cell_comparison	S67	29	M00612 | Anoxygenic photosynthesis in purple bacteria	Hydrotherm Fe rich 3300023439	Hydrothermal-Fe-mats	39	40	Incomplete	Incomplete	True
cell_comparison	S67	29	M00612 | Anoxygenic photosynthesis in purple bacteria	Freshwater microbial communitie 3300024333	Lake-Matano	40	44	1 block missing	1 block missing	True
cell_comparison	S67	29	M00612 | Anoxygenic photosynthesis in purple bacteria	Lab enriched sediment 3300039027	Burr-Oak-BO4	41	31	Incomplete	Incomplete	True
cell_comparison	S67	29	M00612 | Anoxygenic photosynthesis in purple bacteria	Acid mine drainage 3300039205	Richmond-AMD	42	75	Incomplete	Incomplete	True
cell_comparison	S67	29	M00612 | Anoxygenic photosynthesis in purple bacteria	Freshwater microbial communitie 3300043827	Lake-Matano	43	47	Incomplete	Incomplete	True
cell_comparison	S67	29	M00612 | Anoxygenic photosynthesis in purple bacteria	Lab enriched acid 3300038471	Akron-AMD	44	24	Incomplete	Incomplete	True
cell_comparison	S67	29	M00612 | Anoxygenic photosynthesis in purple bacteria	Acid mine drainage 3300030335	Richmond-AMD	45	65	Incomplete	Incomplete	True
cell_comparison	S67	29	M00612 | Anoxygenic photosynthesis in purple bacteria	Freshwater microbial communitie 3300028737	Lake-Matano	46	46	Complete	Complete	True
cell_comparison	S67	29	M00612 | Anoxygenic photosynthesis in purple bacteria	Lab enriched acid 3300038411	Akron-AMD	47	25	Incomplete	Incomplete	True
cell_comparison	S67	29	M00612 | Anoxygenic photosynthesis in purple bacteria	Freshwater sediment microbial 3300031877	Lake-Towuti	48	53	Incomplete	Incomplete	True
cell_comparison	S67	29	M00612 | Anoxygenic photosynthesis in purple bacteria	Acid mine drainage 3300038731	Richmond-AMD	49	62	Incomplete	Incomplete	True
cell_comparison	S67	29	M00612 | Anoxygenic photosynthesis in purple bacteria	Acid mine drainage 3300038979	Richmond-AMD	50	73	Incomplete	Incomplete	True
cell_comparison	S67	29	M00612 | Anoxygenic photosynthesis in purple bacteria	Hydrotherm Fe rich 3300023548	Hydrothermal-Fe-mats	51	41	Incomplete	Incomplete	True
cell_comparison	S67	29	M00612 | Anoxygenic photosynthesis in purple bacteria	Metatransc of freshwater 3300061576	Lake-Superior	52	48	Incomplete	Incomplete	True
cell_comparison	S67	29	M00612 | Anoxygenic photosynthesis in purple bacteria	Acid mine drainage 3300038486	Richmond-AMD	53	82	Incomplete	Incomplete	True
cell_comparison	S67	29	M00612 | Anoxygenic photosynthesis in purple bacteria	Freshwater sediment microbial 3300031587	Lake-Towuti	54	59	Incomplete	Incomplete	True
cell_comparison	S67	29	M00612 | Anoxygenic photosynthesis in purple bacteria	Acid Mine Drainage 3300005360	Richmond-AMD	55	74	Incomplete	Incomplete	True
cell_comparison	S67	29	M00612 | Anoxygenic photosynthesis in purple bacteria	Acid mine drainage 3300008723	Richmond-AMD	56	67	Incomplete	Incomplete	True
cell_comparison	S67	29	M00612 | Anoxygenic photosynthesis in purple bacteria	Acid mine drainage 3300038493	Richmond-AMD	57	81	Incomplete	Incomplete	True
cell_comparison	S67	29	M00612 | Anoxygenic photosynthesis in purple bacteria	Freshwater sediment microbial 3300036045	Lake-Towuti	58	55	Incomplete	Incomplete	True
cell_comparison	S67	29	M00612 | Anoxygenic photosynthesis in purple bacteria	Metatransc of lab 3300046013	Akron-AMD	59	28	Incomplete	Incomplete	True
cell_comparison	S67	29	M00612 | Anoxygenic photosynthesis in purple bacteria	Acid mine drainage 3300038729	Richmond-AMD	60	72	Incomplete	Incomplete	True
cell_comparison	S67	29	M00612 | Anoxygenic photosynthesis in purple bacteria	Acid mine drainage 3300030413	Richmond-AMD	61	85	Incomplete	Incomplete	True
cell_comparison	S67	29	M00612 | Anoxygenic photosynthesis in purple bacteria	Lab enriched acid 3300038412	Akron-AMD	62	27	Incomplete	Incomplete	True
cell_comparison	S67	29	M00612 | Anoxygenic photosynthesis in purple bacteria	Freshwater sediment microbial 3300031806	Lake-Towuti	63	60	Incomplete	Incomplete	True
cell_comparison	S67	29	M00612 | Anoxygenic photosynthesis in purple bacteria	Metatransc of lab 3300055057	Akron-AMD	64	30	Incomplete	Incomplete	True
cell_comparison	S67	29	M00612 | Anoxygenic photosynthesis in purple bacteria	Hydrotherm Fe rich 3300023440	Hydrothermal-Fe-mats	65	39	Incomplete	Incomplete	True
cell_comparison	S67	29	M00612 | Anoxygenic photosynthesis in purple bacteria	Lab enriched sediment 3300039028	Burr-Oak-BO4	66	32	Incomplete	Incomplete	True
cell_comparison	S67	29	M00612 | Anoxygenic photosynthesis in purple bacteria	Acid mine drainage 3300008566	Richmond-AMD	67	77	Incomplete	Incomplete	True
cell_comparison	S67	29	M00612 | Anoxygenic photosynthesis in purple bacteria	Freshwater microbial communitie 3300024341	Lake-Matano	68	45	Complete	Complete	True
cell_comparison	S67	29	M00612 | Anoxygenic photosynthesis in purple bacteria	Freshwater sediment microbial 3300021517	Lake-Towuti	69	56	Incomplete	Incomplete	True
cell_comparison	S67	29	M00612 | Anoxygenic photosynthesis in purple bacteria	Metatransc of lab 3300055062	Akron-AMD	70	21	Incomplete	Incomplete	True
cell_comparison	S67	29	M00612 | Anoxygenic photosynthesis in purple bacteria	Hydrotherm Fe rich 3300023442	Hydrothermal-Fe-mats	71	35	Incomplete	Incomplete	True
cell_comparison	S67	29	M00612 | Anoxygenic photosynthesis in purple bacteria	Freshwater sediment microbial 3300036046	Lake-Towuti	72	54	Complete	Complete	True
cell_comparison	S67	29	M00612 | Anoxygenic photosynthesis in purple bacteria	Hydrotherm Fe rich 3300023313	Hydrothermal-Fe-mats	73	36	Incomplete	Incomplete	True
cell_comparison	S67	29	M00612 | Anoxygenic photosynthesis in purple bacteria	Acid mine drainage 3300039211	Richmond-AMD	74	80	Incomplete	Incomplete	True
cell_comparison	S67	29	M00612 | Anoxygenic photosynthesis in purple bacteria	Acid mine drainage 3300008721	Richmond-AMD	75	78	Incomplete	Incomplete	True
cell_comparison	S67	29	M00612 | Anoxygenic photosynthesis in purple bacteria	Pink biofilm microbial 3300003104	Richmond-AMD	76	69	Incomplete	Incomplete	True
cell_comparison	S67	29	M00612 | Anoxygenic photosynthesis in purple bacteria	Acid mine drainage 3300038681	Richmond-AMD	77	86	Incomplete	Incomplete	True
cell_comparison	S67	29	M00612 | Anoxygenic photosynthesis in purple bacteria	Acid mine drainage 3300030228	Richmond-AMD	78	70	Incomplete	Incomplete	True
cell_comparison	S67	29	M00612 | Anoxygenic photosynthesis in purple bacteria	Metatransc of lab 3300055069	Akron-AMD	79	23	Incomplete	Incomplete	True
cell_comparison	S67	29	M00612 | Anoxygenic photosynthesis in purple bacteria	Acid Mine Drainage 2010484004	Richmond-AMD	80	66	Incomplete	Incomplete	True
cell_comparison	S67	29	M00612 | Anoxygenic photosynthesis in purple bacteria	Hydrotherm Fe rich 3300023307	Hydrothermal-Fe-mats	81	33	Incomplete	Incomplete	True
cell_comparison	S67	29	M00612 | Anoxygenic photosynthesis in purple bacteria	Freshwater sediment microbial 3300031876	Lake-Towuti	82	58	Incomplete	Incomplete	True
cell_comparison	S67	29	M00612 | Anoxygenic photosynthesis in purple bacteria	Freshwater microbial communitie 3300023177	Lake-Matano	83	42	1 block missing	1 block missing	True
cell_comparison	S67	29	M00612 | Anoxygenic photosynthesis in purple bacteria	Biofilm microbial communitie 3300021476	Other-Fe	84	61	Incomplete	Incomplete	True
cell_comparison	S67	29	M00612 | Anoxygenic photosynthesis in purple bacteria	Acid Mine Drainage 3300003083	Richmond-AMD	85	76	Incomplete	Incomplete	True
cell_comparison	S67	29	M00612 | Anoxygenic photosynthesis in purple bacteria	Hydrotherm Fe rich 3300023444	Hydrothermal-Fe-mats	86	38	Incomplete	Incomplete	True
cell_comparison	S67	30	M00613 | Anoxygenic photosynthesis in green nonsulfur bacteria	AM.P1.D	Amazonian - Amendoim	0	0	Incomplete	Incomplete	True
cell_comparison	S67	30	M00613 | Anoxygenic photosynthesis in green nonsulfur bacteria	AM.P1.R	Amazonian - Amendoim	1	1	Incomplete	Incomplete	True
cell_comparison	S67	30	M00613 | Anoxygenic photosynthesis in green nonsulfur bacteria	AM.P2.D	Amazonian - Amendoim	2	2	Incomplete	Incomplete	True
cell_comparison	S67	30	M00613 | Anoxygenic photosynthesis in green nonsulfur bacteria	AM.P2.R	Amazonian - Amendoim	3	3	Incomplete	Incomplete	True
cell_comparison	S67	30	M00613 | Anoxygenic photosynthesis in green nonsulfur bacteria	TIA.P1.D	Amazonian - Tres Irmas Adjacent	4	4	Incomplete	Incomplete	True
cell_comparison	S67	30	M00613 | Anoxygenic photosynthesis in green nonsulfur bacteria	TIA.P1.R	Amazonian - Tres Irmas Adjacent	5	5	Incomplete	Incomplete	True
cell_comparison	S67	30	M00613 | Anoxygenic photosynthesis in green nonsulfur bacteria	TIA.P2.D	Amazonian - Tres Irmas Adjacent	6	6	Incomplete	Incomplete	True
cell_comparison	S67	30	M00613 | Anoxygenic photosynthesis in green nonsulfur bacteria	TIA.P2.R	Amazonian - Tres Irmas Adjacent	7	7	Incomplete	Incomplete	True
cell_comparison	S67	30	M00613 | Anoxygenic photosynthesis in green nonsulfur bacteria	TI.P1.D	Amazonian - Tres Irmas	8	8	Incomplete	Incomplete	True
cell_comparison	S67	30	M00613 | Anoxygenic photosynthesis in green nonsulfur bacteria	TI.P1.R	Amazonian - Tres Irmas	9	9	Incomplete	Incomplete	True
cell_comparison	S67	30	M00613 | Anoxygenic photosynthesis in green nonsulfur bacteria	TI.P2.D	Amazonian - Tres Irmas	10	10	Incomplete	Incomplete	True
cell_comparison	S67	30	M00613 | Anoxygenic photosynthesis in green nonsulfur bacteria	TI.P2.R	Amazonian - Tres Irmas	11	11	Incomplete	Incomplete	True
cell_comparison	S67	30	M00613 | Anoxygenic photosynthesis in green nonsulfur bacteria	TI.P3.D	Amazonian - Tres Irmas	12	12	Incomplete	Incomplete	True
cell_comparison	S67	30	M00613 | Anoxygenic photosynthesis in green nonsulfur bacteria	TI.P3.R	Amazonian - Tres Irmas	13	13	Incomplete	Incomplete	True
cell_comparison	S67	30	M00613 | Anoxygenic photosynthesis in green nonsulfur bacteria	TI.P4.D	Amazonian - Tres Irmas	14	14	Incomplete	Incomplete	True
cell_comparison	S67	30	M00613 | Anoxygenic photosynthesis in green nonsulfur bacteria	TI.P4.R	Amazonian - Tres Irmas	15	15	Incomplete	Incomplete	True
cell_comparison	S67	30	M00613 | Anoxygenic photosynthesis in green nonsulfur bacteria	VI.P1.D	Amazonian - Violao	16	16	Incomplete	Incomplete	True
cell_comparison	S67	30	M00613 | Anoxygenic photosynthesis in green nonsulfur bacteria	VI.P1.R	Amazonian - Violao	17	17	Incomplete	Incomplete	True
cell_comparison	S67	30	M00613 | Anoxygenic photosynthesis in green nonsulfur bacteria	VI.P2.D	Amazonian - Violao	18	18	Incomplete	Incomplete	True
cell_comparison	S67	30	M00613 | Anoxygenic photosynthesis in green nonsulfur bacteria	VI.P2.R	Amazonian - Violao	19	19	Incomplete	Incomplete	True
cell_comparison	S67	30	M00613 | Anoxygenic photosynthesis in green nonsulfur bacteria	Acid mine drainage 3300038494	Richmond-AMD	20	84	Incomplete	Incomplete	True
cell_comparison	S67	30	M00613 | Anoxygenic photosynthesis in green nonsulfur bacteria	Lab enriched acid 3300038413	Akron-AMD	21	29	Complete	Complete	True
cell_comparison	S67	30	M00613 | Anoxygenic photosynthesis in green nonsulfur bacteria	Acid mine drainage 3300008567	Richmond-AMD	22	68	Incomplete	Incomplete	True
cell_comparison	S67	30	M00613 | Anoxygenic photosynthesis in green nonsulfur bacteria	Acid mine drainage 3300030091	Richmond-AMD	23	64	Incomplete	Incomplete	True
cell_comparison	S67	30	M00613 | Anoxygenic photosynthesis in green nonsulfur bacteria	Hydrotherm Fe rich 3300023310	Hydrothermal-Fe-mats	24	34	Incomplete	Incomplete	True
cell_comparison	S67	30	M00613 | Anoxygenic photosynthesis in green nonsulfur bacteria	Metatransc of lab 3300046014	Akron-AMD	25	26	Incomplete	Incomplete	True
cell_comparison	S67	30	M00613 | Anoxygenic photosynthesis in green nonsulfur bacteria	Metatransc of lab 3300055056	Akron-AMD	26	20	Incomplete	Incomplete	True
cell_comparison	S67	30	M00613 | Anoxygenic photosynthesis in green nonsulfur bacteria	Freshwater sediment microbial 3300010391	Lake-Superior	27	49	Incomplete	Incomplete	True
cell_comparison	S67	30	M00613 | Anoxygenic photosynthesis in green nonsulfur bacteria	Freshwater sediment microbial 3300031898	Lake-Towuti	28	57	Incomplete	Incomplete	True
cell_comparison	S67	30	M00613 | Anoxygenic photosynthesis in green nonsulfur bacteria	Freshwater microbial communitie 3300024300	Lake-Matano	29	43	1 block missing	1 block missing	True
cell_comparison	S67	30	M00613 | Anoxygenic photosynthesis in green nonsulfur bacteria	Metatransc of lab 3300055061	Akron-AMD	30	22	Incomplete	Incomplete	True
cell_comparison	S67	30	M00613 | Anoxygenic photosynthesis in green nonsulfur bacteria	Hydrotherm Fe rich 3300023368	Hydrothermal-Fe-mats	31	37	Incomplete	Incomplete	True
cell_comparison	S67	30	M00613 | Anoxygenic photosynthesis in green nonsulfur bacteria	Acid mine drainage 3300038487	Richmond-AMD	32	63	Incomplete	Incomplete	True
cell_comparison	S67	30	M00613 | Anoxygenic photosynthesis in green nonsulfur bacteria	Freshwater sediment microbial 3300031593	Lake-Towuti	33	52	Incomplete	Incomplete	True
cell_comparison	S67	30	M00613 | Anoxygenic photosynthesis in green nonsulfur bacteria	Acid mine drainage 3300030082	Richmond-AMD	34	71	Incomplete	Incomplete	True
cell_comparison	S67	30	M00613 | Anoxygenic photosynthesis in green nonsulfur bacteria	Freshwater sediment microbial 3300031604	Lake-Towuti	35	50	Incomplete	Incomplete	True
cell_comparison	S67	30	M00613 | Anoxygenic photosynthesis in green nonsulfur bacteria	Freshwater sediment microbial 3300021518	Lake-Towuti	36	51	Complete	Complete	True
cell_comparison	S67	30	M00613 | Anoxygenic photosynthesis in green nonsulfur bacteria	Acid mine drainage 3300030398	Richmond-AMD	37	83	Incomplete	Incomplete	True
cell_comparison	S67	30	M00613 | Anoxygenic photosynthesis in green nonsulfur bacteria	Acid mine drainage 3300030242	Richmond-AMD	38	79	Incomplete	Incomplete	True
cell_comparison	S67	30	M00613 | Anoxygenic photosynthesis in green nonsulfur bacteria	Hydrotherm Fe rich 3300023439	Hydrothermal-Fe-mats	39	40	Incomplete	Incomplete	True
cell_comparison	S67	30	M00613 | Anoxygenic photosynthesis in green nonsulfur bacteria	Freshwater microbial communitie 3300024333	Lake-Matano	40	44	1 block missing	1 block missing	True
cell_comparison	S67	30	M00613 | Anoxygenic photosynthesis in green nonsulfur bacteria	Lab enriched sediment 3300039027	Burr-Oak-BO4	41	31	Incomplete	Incomplete	True
cell_comparison	S67	30	M00613 | Anoxygenic photosynthesis in green nonsulfur bacteria	Acid mine drainage 3300039205	Richmond-AMD	42	75	Incomplete	Incomplete	True
cell_comparison	S67	30	M00613 | Anoxygenic photosynthesis in green nonsulfur bacteria	Freshwater microbial communitie 3300043827	Lake-Matano	43	47	Incomplete	Incomplete	True
cell_comparison	S67	30	M00613 | Anoxygenic photosynthesis in green nonsulfur bacteria	Lab enriched acid 3300038471	Akron-AMD	44	24	Incomplete	Incomplete	True
cell_comparison	S67	30	M00613 | Anoxygenic photosynthesis in green nonsulfur bacteria	Acid mine drainage 3300030335	Richmond-AMD	45	65	Incomplete	Incomplete	True
cell_comparison	S67	30	M00613 | Anoxygenic photosynthesis in green nonsulfur bacteria	Freshwater microbial communitie 3300028737	Lake-Matano	46	46	Complete	Complete	True
cell_comparison	S67	30	M00613 | Anoxygenic photosynthesis in green nonsulfur bacteria	Lab enriched acid 3300038411	Akron-AMD	47	25	1 block missing	1 block missing	True
cell_comparison	S67	30	M00613 | Anoxygenic photosynthesis in green nonsulfur bacteria	Freshwater sediment microbial 3300031877	Lake-Towuti	48	53	Incomplete	Incomplete	True
cell_comparison	S67	30	M00613 | Anoxygenic photosynthesis in green nonsulfur bacteria	Acid mine drainage 3300038731	Richmond-AMD	49	62	Incomplete	Incomplete	True
cell_comparison	S67	30	M00613 | Anoxygenic photosynthesis in green nonsulfur bacteria	Acid mine drainage 3300038979	Richmond-AMD	50	73	Incomplete	Incomplete	True
cell_comparison	S67	30	M00613 | Anoxygenic photosynthesis in green nonsulfur bacteria	Hydrotherm Fe rich 3300023548	Hydrothermal-Fe-mats	51	41	Incomplete	Incomplete	True
cell_comparison	S67	30	M00613 | Anoxygenic photosynthesis in green nonsulfur bacteria	Metatransc of freshwater 3300061576	Lake-Superior	52	48	Incomplete	Incomplete	True
cell_comparison	S67	30	M00613 | Anoxygenic photosynthesis in green nonsulfur bacteria	Acid mine drainage 3300038486	Richmond-AMD	53	82	Incomplete	Incomplete	True
cell_comparison	S67	30	M00613 | Anoxygenic photosynthesis in green nonsulfur bacteria	Freshwater sediment microbial 3300031587	Lake-Towuti	54	59	Incomplete	Incomplete	True
cell_comparison	S67	30	M00613 | Anoxygenic photosynthesis in green nonsulfur bacteria	Acid Mine Drainage 3300005360	Richmond-AMD	55	74	Incomplete	Incomplete	True
cell_comparison	S67	30	M00613 | Anoxygenic photosynthesis in green nonsulfur bacteria	Acid mine drainage 3300008723	Richmond-AMD	56	67	Incomplete	Incomplete	True
cell_comparison	S67	30	M00613 | Anoxygenic photosynthesis in green nonsulfur bacteria	Acid mine drainage 3300038493	Richmond-AMD	57	81	Incomplete	Incomplete	True
cell_comparison	S67	30	M00613 | Anoxygenic photosynthesis in green nonsulfur bacteria	Freshwater sediment microbial 3300036045	Lake-Towuti	58	55	Complete	Complete	True
cell_comparison	S67	30	M00613 | Anoxygenic photosynthesis in green nonsulfur bacteria	Metatransc of lab 3300046013	Akron-AMD	59	28	Incomplete	Incomplete	True
cell_comparison	S67	30	M00613 | Anoxygenic photosynthesis in green nonsulfur bacteria	Acid mine drainage 3300038729	Richmond-AMD	60	72	Incomplete	Incomplete	True
cell_comparison	S67	30	M00613 | Anoxygenic photosynthesis in green nonsulfur bacteria	Acid mine drainage 3300030413	Richmond-AMD	61	85	Incomplete	Incomplete	True
cell_comparison	S67	30	M00613 | Anoxygenic photosynthesis in green nonsulfur bacteria	Lab enriched acid 3300038412	Akron-AMD	62	27	Incomplete	Incomplete	True
cell_comparison	S67	30	M00613 | Anoxygenic photosynthesis in green nonsulfur bacteria	Freshwater sediment microbial 3300031806	Lake-Towuti	63	60	Incomplete	Incomplete	True
cell_comparison	S67	30	M00613 | Anoxygenic photosynthesis in green nonsulfur bacteria	Metatransc of lab 3300055057	Akron-AMD	64	30	Incomplete	Incomplete	True
cell_comparison	S67	30	M00613 | Anoxygenic photosynthesis in green nonsulfur bacteria	Hydrotherm Fe rich 3300023440	Hydrothermal-Fe-mats	65	39	Incomplete	Incomplete	True
cell_comparison	S67	30	M00613 | Anoxygenic photosynthesis in green nonsulfur bacteria	Lab enriched sediment 3300039028	Burr-Oak-BO4	66	32	Incomplete	Incomplete	True
cell_comparison	S67	30	M00613 | Anoxygenic photosynthesis in green nonsulfur bacteria	Acid mine drainage 3300008566	Richmond-AMD	67	77	Incomplete	Incomplete	True
cell_comparison	S67	30	M00613 | Anoxygenic photosynthesis in green nonsulfur bacteria	Freshwater microbial communitie 3300024341	Lake-Matano	68	45	Complete	Complete	True
cell_comparison	S67	30	M00613 | Anoxygenic photosynthesis in green nonsulfur bacteria	Freshwater sediment microbial 3300021517	Lake-Towuti	69	56	Complete	Complete	True
cell_comparison	S67	30	M00613 | Anoxygenic photosynthesis in green nonsulfur bacteria	Metatransc of lab 3300055062	Akron-AMD	70	21	Incomplete	Incomplete	True
cell_comparison	S67	30	M00613 | Anoxygenic photosynthesis in green nonsulfur bacteria	Hydrotherm Fe rich 3300023442	Hydrothermal-Fe-mats	71	35	Incomplete	Incomplete	True
cell_comparison	S67	30	M00613 | Anoxygenic photosynthesis in green nonsulfur bacteria	Freshwater sediment microbial 3300036046	Lake-Towuti	72	54	Complete	Complete	True
cell_comparison	S67	30	M00613 | Anoxygenic photosynthesis in green nonsulfur bacteria	Hydrotherm Fe rich 3300023313	Hydrothermal-Fe-mats	73	36	Incomplete	Incomplete	True
cell_comparison	S67	30	M00613 | Anoxygenic photosynthesis in green nonsulfur bacteria	Acid mine drainage 3300039211	Richmond-AMD	74	80	Incomplete	Incomplete	True
cell_comparison	S67	30	M00613 | Anoxygenic photosynthesis in green nonsulfur bacteria	Acid mine drainage 3300008721	Richmond-AMD	75	78	Incomplete	Incomplete	True
cell_comparison	S67	30	M00613 | Anoxygenic photosynthesis in green nonsulfur bacteria	Pink biofilm microbial 3300003104	Richmond-AMD	76	69	Incomplete	Incomplete	True
cell_comparison	S67	30	M00613 | Anoxygenic photosynthesis in green nonsulfur bacteria	Acid mine drainage 3300038681	Richmond-AMD	77	86	Incomplete	Incomplete	True
cell_comparison	S67	30	M00613 | Anoxygenic photosynthesis in green nonsulfur bacteria	Acid mine drainage 3300030228	Richmond-AMD	78	70	Incomplete	Incomplete	True
cell_comparison	S67	30	M00613 | Anoxygenic photosynthesis in green nonsulfur bacteria	Metatransc of lab 3300055069	Akron-AMD	79	23	Incomplete	Incomplete	True
cell_comparison	S67	30	M00613 | Anoxygenic photosynthesis in green nonsulfur bacteria	Acid Mine Drainage 2010484004	Richmond-AMD	80	66	Incomplete	Incomplete	True
cell_comparison	S67	30	M00613 | Anoxygenic photosynthesis in green nonsulfur bacteria	Hydrotherm Fe rich 3300023307	Hydrothermal-Fe-mats	81	33	Incomplete	Incomplete	True
cell_comparison	S67	30	M00613 | Anoxygenic photosynthesis in green nonsulfur bacteria	Freshwater sediment microbial 3300031876	Lake-Towuti	82	58	Incomplete	Incomplete	True
cell_comparison	S67	30	M00613 | Anoxygenic photosynthesis in green nonsulfur bacteria	Freshwater microbial communitie 3300023177	Lake-Matano	83	42	Complete	Complete	True
cell_comparison	S67	30	M00613 | Anoxygenic photosynthesis in green nonsulfur bacteria	Biofilm microbial communitie 3300021476	Other-Fe	84	61	Incomplete	Incomplete	True
cell_comparison	S67	30	M00613 | Anoxygenic photosynthesis in green nonsulfur bacteria	Acid Mine Drainage 3300003083	Richmond-AMD	85	76	Incomplete	Incomplete	True
cell_comparison	S67	30	M00613 | Anoxygenic photosynthesis in green nonsulfur bacteria	Hydrotherm Fe rich 3300023444	Hydrothermal-Fe-mats	86	38	Incomplete	Incomplete	True
cell_comparison	S67	31	M00121 | Heme biosynthesis, plants and bacteria, glutamate -> heme	AM.P1.D	Amazonian - Amendoim	0	0	Complete	Complete	True
cell_comparison	S67	31	M00121 | Heme biosynthesis, plants and bacteria, glutamate -> heme	AM.P1.R	Amazonian - Amendoim	1	1	Complete	Complete	True
cell_comparison	S67	31	M00121 | Heme biosynthesis, plants and bacteria, glutamate -> heme	AM.P2.D	Amazonian - Amendoim	2	2	Incomplete	Incomplete	True
cell_comparison	S67	31	M00121 | Heme biosynthesis, plants and bacteria, glutamate -> heme	AM.P2.R	Amazonian - Amendoim	3	3	Complete	Complete	True
cell_comparison	S67	31	M00121 | Heme biosynthesis, plants and bacteria, glutamate -> heme	TIA.P1.D	Amazonian - Tres Irmas Adjacent	4	4	Complete	Complete	True
cell_comparison	S67	31	M00121 | Heme biosynthesis, plants and bacteria, glutamate -> heme	TIA.P1.R	Amazonian - Tres Irmas Adjacent	5	5	Complete	Complete	True
cell_comparison	S67	31	M00121 | Heme biosynthesis, plants and bacteria, glutamate -> heme	TIA.P2.D	Amazonian - Tres Irmas Adjacent	6	6	Complete	Complete	True
cell_comparison	S67	31	M00121 | Heme biosynthesis, plants and bacteria, glutamate -> heme	TIA.P2.R	Amazonian - Tres Irmas Adjacent	7	7	1 block missing	1 block missing	True
cell_comparison	S67	31	M00121 | Heme biosynthesis, plants and bacteria, glutamate -> heme	TI.P1.D	Amazonian - Tres Irmas	8	8	Complete	Complete	True
cell_comparison	S67	31	M00121 | Heme biosynthesis, plants and bacteria, glutamate -> heme	TI.P1.R	Amazonian - Tres Irmas	9	9	Complete	Complete	True
cell_comparison	S67	31	M00121 | Heme biosynthesis, plants and bacteria, glutamate -> heme	TI.P2.D	Amazonian - Tres Irmas	10	10	1 block missing	1 block missing	True
cell_comparison	S67	31	M00121 | Heme biosynthesis, plants and bacteria, glutamate -> heme	TI.P2.R	Amazonian - Tres Irmas	11	11	Complete	Complete	True
cell_comparison	S67	31	M00121 | Heme biosynthesis, plants and bacteria, glutamate -> heme	TI.P3.D	Amazonian - Tres Irmas	12	12	Complete	Complete	True
cell_comparison	S67	31	M00121 | Heme biosynthesis, plants and bacteria, glutamate -> heme	TI.P3.R	Amazonian - Tres Irmas	13	13	Complete	Complete	True
cell_comparison	S67	31	M00121 | Heme biosynthesis, plants and bacteria, glutamate -> heme	TI.P4.D	Amazonian - Tres Irmas	14	14	1 block missing	1 block missing	True
cell_comparison	S67	31	M00121 | Heme biosynthesis, plants and bacteria, glutamate -> heme	TI.P4.R	Amazonian - Tres Irmas	15	15	Complete	Complete	True
cell_comparison	S67	31	M00121 | Heme biosynthesis, plants and bacteria, glutamate -> heme	VI.P1.D	Amazonian - Violao	16	16	1 block missing	1 block missing	True
cell_comparison	S67	31	M00121 | Heme biosynthesis, plants and bacteria, glutamate -> heme	VI.P1.R	Amazonian - Violao	17	17	1 block missing	1 block missing	True
cell_comparison	S67	31	M00121 | Heme biosynthesis, plants and bacteria, glutamate -> heme	VI.P2.D	Amazonian - Violao	18	18	1 block missing	1 block missing	True
cell_comparison	S67	31	M00121 | Heme biosynthesis, plants and bacteria, glutamate -> heme	VI.P2.R	Amazonian - Violao	19	19	1 block missing	1 block missing	True
cell_comparison	S67	31	M00121 | Heme biosynthesis, plants and bacteria, glutamate -> heme	Acid mine drainage 3300038494	Richmond-AMD	20	84	Incomplete	Incomplete	True
cell_comparison	S67	31	M00121 | Heme biosynthesis, plants and bacteria, glutamate -> heme	Lab enriched acid 3300038413	Akron-AMD	21	29	1 block missing	1 block missing	True
cell_comparison	S67	31	M00121 | Heme biosynthesis, plants and bacteria, glutamate -> heme	Acid mine drainage 3300008567	Richmond-AMD	22	68	Incomplete	Incomplete	True
cell_comparison	S67	31	M00121 | Heme biosynthesis, plants and bacteria, glutamate -> heme	Acid mine drainage 3300030091	Richmond-AMD	23	64	Incomplete	Incomplete	True
cell_comparison	S67	31	M00121 | Heme biosynthesis, plants and bacteria, glutamate -> heme	Hydrotherm Fe rich 3300023310	Hydrothermal-Fe-mats	24	34	Incomplete	Incomplete	True
cell_comparison	S67	31	M00121 | Heme biosynthesis, plants and bacteria, glutamate -> heme	Metatransc of lab 3300046014	Akron-AMD	25	26	Incomplete	Incomplete	True
cell_comparison	S67	31	M00121 | Heme biosynthesis, plants and bacteria, glutamate -> heme	Metatransc of lab 3300055056	Akron-AMD	26	20	Incomplete	Incomplete	True
cell_comparison	S67	31	M00121 | Heme biosynthesis, plants and bacteria, glutamate -> heme	Freshwater sediment microbial 3300010391	Lake-Superior	27	49	Complete	Complete	True
cell_comparison	S67	31	M00121 | Heme biosynthesis, plants and bacteria, glutamate -> heme	Freshwater sediment microbial 3300031898	Lake-Towuti	28	57	Incomplete	Incomplete	True
cell_comparison	S67	31	M00121 | Heme biosynthesis, plants and bacteria, glutamate -> heme	Freshwater microbial communitie 3300024300	Lake-Matano	29	43	Complete	Complete	True
cell_comparison	S67	31	M00121 | Heme biosynthesis, plants and bacteria, glutamate -> heme	Metatransc of lab 3300055061	Akron-AMD	30	22	Incomplete	Incomplete	True
cell_comparison	S67	31	M00121 | Heme biosynthesis, plants and bacteria, glutamate -> heme	Hydrotherm Fe rich 3300023368	Hydrothermal-Fe-mats	31	37	1 block missing	1 block missing	True
cell_comparison	S67	31	M00121 | Heme biosynthesis, plants and bacteria, glutamate -> heme	Acid mine drainage 3300038487	Richmond-AMD	32	63	Incomplete	Incomplete	True
cell_comparison	S67	31	M00121 | Heme biosynthesis, plants and bacteria, glutamate -> heme	Freshwater sediment microbial 3300031593	Lake-Towuti	33	52	Incomplete	Incomplete	True
cell_comparison	S67	31	M00121 | Heme biosynthesis, plants and bacteria, glutamate -> heme	Acid mine drainage 3300030082	Richmond-AMD	34	71	Incomplete	Incomplete	True
cell_comparison	S67	31	M00121 | Heme biosynthesis, plants and bacteria, glutamate -> heme	Freshwater sediment microbial 3300031604	Lake-Towuti	35	50	Incomplete	Incomplete	True
cell_comparison	S67	31	M00121 | Heme biosynthesis, plants and bacteria, glutamate -> heme	Freshwater sediment microbial 3300021518	Lake-Towuti	36	51	Complete	Complete	True
cell_comparison	S67	31	M00121 | Heme biosynthesis, plants and bacteria, glutamate -> heme	Acid mine drainage 3300030398	Richmond-AMD	37	83	Incomplete	Incomplete	True
cell_comparison	S67	31	M00121 | Heme biosynthesis, plants and bacteria, glutamate -> heme	Acid mine drainage 3300030242	Richmond-AMD	38	79	Incomplete	Incomplete	True
cell_comparison	S67	31	M00121 | Heme biosynthesis, plants and bacteria, glutamate -> heme	Hydrotherm Fe rich 3300023439	Hydrothermal-Fe-mats	39	40	1 block missing	1 block missing	True
cell_comparison	S67	31	M00121 | Heme biosynthesis, plants and bacteria, glutamate -> heme	Freshwater microbial communitie 3300024333	Lake-Matano	40	44	Complete	Complete	True
cell_comparison	S67	31	M00121 | Heme biosynthesis, plants and bacteria, glutamate -> heme	Lab enriched sediment 3300039027	Burr-Oak-BO4	41	31	Incomplete	Incomplete	True
cell_comparison	S67	31	M00121 | Heme biosynthesis, plants and bacteria, glutamate -> heme	Acid mine drainage 3300039205	Richmond-AMD	42	75	Incomplete	Incomplete	True
cell_comparison	S67	31	M00121 | Heme biosynthesis, plants and bacteria, glutamate -> heme	Freshwater microbial communitie 3300043827	Lake-Matano	43	47	1 block missing	1 block missing	True
cell_comparison	S67	31	M00121 | Heme biosynthesis, plants and bacteria, glutamate -> heme	Lab enriched acid 3300038471	Akron-AMD	44	24	1 block missing	1 block missing	True
cell_comparison	S67	31	M00121 | Heme biosynthesis, plants and bacteria, glutamate -> heme	Acid mine drainage 3300030335	Richmond-AMD	45	65	Incomplete	Incomplete	True
cell_comparison	S67	31	M00121 | Heme biosynthesis, plants and bacteria, glutamate -> heme	Freshwater microbial communitie 3300028737	Lake-Matano	46	46	1 block missing	1 block missing	True
cell_comparison	S67	31	M00121 | Heme biosynthesis, plants and bacteria, glutamate -> heme	Lab enriched acid 3300038411	Akron-AMD	47	25	1 block missing	1 block missing	True
cell_comparison	S67	31	M00121 | Heme biosynthesis, plants and bacteria, glutamate -> heme	Freshwater sediment microbial 3300031877	Lake-Towuti	48	53	Incomplete	Incomplete	True
cell_comparison	S67	31	M00121 | Heme biosynthesis, plants and bacteria, glutamate -> heme	Acid mine drainage 3300038731	Richmond-AMD	49	62	Incomplete	Incomplete	True
cell_comparison	S67	31	M00121 | Heme biosynthesis, plants and bacteria, glutamate -> heme	Acid mine drainage 3300038979	Richmond-AMD	50	73	Incomplete	Incomplete	True
cell_comparison	S67	31	M00121 | Heme biosynthesis, plants and bacteria, glutamate -> heme	Hydrotherm Fe rich 3300023548	Hydrothermal-Fe-mats	51	41	Incomplete	Incomplete	True
cell_comparison	S67	31	M00121 | Heme biosynthesis, plants and bacteria, glutamate -> heme	Metatransc of freshwater 3300061576	Lake-Superior	52	48	Incomplete	Incomplete	True
cell_comparison	S67	31	M00121 | Heme biosynthesis, plants and bacteria, glutamate -> heme	Acid mine drainage 3300038486	Richmond-AMD	53	82	Incomplete	Incomplete	True
cell_comparison	S67	31	M00121 | Heme biosynthesis, plants and bacteria, glutamate -> heme	Freshwater sediment microbial 3300031587	Lake-Towuti	54	59	Incomplete	Incomplete	True
cell_comparison	S67	31	M00121 | Heme biosynthesis, plants and bacteria, glutamate -> heme	Acid Mine Drainage 3300005360	Richmond-AMD	55	74	Incomplete	Incomplete	True
cell_comparison	S67	31	M00121 | Heme biosynthesis, plants and bacteria, glutamate -> heme	Acid mine drainage 3300008723	Richmond-AMD	56	67	Incomplete	Incomplete	True
cell_comparison	S67	31	M00121 | Heme biosynthesis, plants and bacteria, glutamate -> heme	Acid mine drainage 3300038493	Richmond-AMD	57	81	Incomplete	Incomplete	True
cell_comparison	S67	31	M00121 | Heme biosynthesis, plants and bacteria, glutamate -> heme	Freshwater sediment microbial 3300036045	Lake-Towuti	58	55	Complete	Complete	True
cell_comparison	S67	31	M00121 | Heme biosynthesis, plants and bacteria, glutamate -> heme	Metatransc of lab 3300046013	Akron-AMD	59	28	Incomplete	Incomplete	True
cell_comparison	S67	31	M00121 | Heme biosynthesis, plants and bacteria, glutamate -> heme	Acid mine drainage 3300038729	Richmond-AMD	60	72	Incomplete	Incomplete	True
cell_comparison	S67	31	M00121 | Heme biosynthesis, plants and bacteria, glutamate -> heme	Acid mine drainage 3300030413	Richmond-AMD	61	85	Incomplete	Incomplete	True
cell_comparison	S67	31	M00121 | Heme biosynthesis, plants and bacteria, glutamate -> heme	Lab enriched acid 3300038412	Akron-AMD	62	27	1 block missing	1 block missing	True
cell_comparison	S67	31	M00121 | Heme biosynthesis, plants and bacteria, glutamate -> heme	Freshwater sediment microbial 3300031806	Lake-Towuti	63	60	Incomplete	Incomplete	True
cell_comparison	S67	31	M00121 | Heme biosynthesis, plants and bacteria, glutamate -> heme	Metatransc of lab 3300055057	Akron-AMD	64	30	Incomplete	Incomplete	True
cell_comparison	S67	31	M00121 | Heme biosynthesis, plants and bacteria, glutamate -> heme	Hydrotherm Fe rich 3300023440	Hydrothermal-Fe-mats	65	39	1 block missing	1 block missing	True
cell_comparison	S67	31	M00121 | Heme biosynthesis, plants and bacteria, glutamate -> heme	Lab enriched sediment 3300039028	Burr-Oak-BO4	66	32	Incomplete	Incomplete	True
cell_comparison	S67	31	M00121 | Heme biosynthesis, plants and bacteria, glutamate -> heme	Acid mine drainage 3300008566	Richmond-AMD	67	77	Incomplete	Incomplete	True
cell_comparison	S67	31	M00121 | Heme biosynthesis, plants and bacteria, glutamate -> heme	Freshwater microbial communitie 3300024341	Lake-Matano	68	45	Complete	Complete	True
cell_comparison	S67	31	M00121 | Heme biosynthesis, plants and bacteria, glutamate -> heme	Freshwater sediment microbial 3300021517	Lake-Towuti	69	56	Complete	Complete	True
cell_comparison	S67	31	M00121 | Heme biosynthesis, plants and bacteria, glutamate -> heme	Metatransc of lab 3300055062	Akron-AMD	70	21	Incomplete	Incomplete	True
cell_comparison	S67	31	M00121 | Heme biosynthesis, plants and bacteria, glutamate -> heme	Hydrotherm Fe rich 3300023442	Hydrothermal-Fe-mats	71	35	1 block missing	1 block missing	True
cell_comparison	S67	31	M00121 | Heme biosynthesis, plants and bacteria, glutamate -> heme	Freshwater sediment microbial 3300036046	Lake-Towuti	72	54	Complete	Complete	True
cell_comparison	S67	31	M00121 | Heme biosynthesis, plants and bacteria, glutamate -> heme	Hydrotherm Fe rich 3300023313	Hydrothermal-Fe-mats	73	36	1 block missing	1 block missing	True
cell_comparison	S67	31	M00121 | Heme biosynthesis, plants and bacteria, glutamate -> heme	Acid mine drainage 3300039211	Richmond-AMD	74	80	Incomplete	Incomplete	True
cell_comparison	S67	31	M00121 | Heme biosynthesis, plants and bacteria, glutamate -> heme	Acid mine drainage 3300008721	Richmond-AMD	75	78	Incomplete	Incomplete	True
cell_comparison	S67	31	M00121 | Heme biosynthesis, plants and bacteria, glutamate -> heme	Pink biofilm microbial 3300003104	Richmond-AMD	76	69	Incomplete	Incomplete	True
cell_comparison	S67	31	M00121 | Heme biosynthesis, plants and bacteria, glutamate -> heme	Acid mine drainage 3300038681	Richmond-AMD	77	86	Incomplete	Incomplete	True
cell_comparison	S67	31	M00121 | Heme biosynthesis, plants and bacteria, glutamate -> heme	Acid mine drainage 3300030228	Richmond-AMD	78	70	Incomplete	Incomplete	True
cell_comparison	S67	31	M00121 | Heme biosynthesis, plants and bacteria, glutamate -> heme	Metatransc of lab 3300055069	Akron-AMD	79	23	Incomplete	Incomplete	True
cell_comparison	S67	31	M00121 | Heme biosynthesis, plants and bacteria, glutamate -> heme	Acid Mine Drainage 2010484004	Richmond-AMD	80	66	Incomplete	Incomplete	True
cell_comparison	S67	31	M00121 | Heme biosynthesis, plants and bacteria, glutamate -> heme	Hydrotherm Fe rich 3300023307	Hydrothermal-Fe-mats	81	33	Incomplete	Incomplete	True
cell_comparison	S67	31	M00121 | Heme biosynthesis, plants and bacteria, glutamate -> heme	Freshwater sediment microbial 3300031876	Lake-Towuti	82	58	Incomplete	Incomplete	True
cell_comparison	S67	31	M00121 | Heme biosynthesis, plants and bacteria, glutamate -> heme	Freshwater microbial communitie 3300023177	Lake-Matano	83	42	1 block missing	1 block missing	True
cell_comparison	S67	31	M00121 | Heme biosynthesis, plants and bacteria, glutamate -> heme	Biofilm microbial communitie 3300021476	Other-Fe	84	61	1 block missing	1 block missing	True
cell_comparison	S67	31	M00121 | Heme biosynthesis, plants and bacteria, glutamate -> heme	Acid Mine Drainage 3300003083	Richmond-AMD	85	76	Incomplete	Incomplete	True
cell_comparison	S67	31	M00121 | Heme biosynthesis, plants and bacteria, glutamate -> heme	Hydrotherm Fe rich 3300023444	Hydrothermal-Fe-mats	86	38	1 block missing	1 block missing	True
cell_comparison	S67	32	M00144 | NADH:quinone oxidoreductase, prokaryotes	AM.P1.D	Amazonian - Amendoim	0	0	Complete	Complete	True
cell_comparison	S67	32	M00144 | NADH:quinone oxidoreductase, prokaryotes	AM.P1.R	Amazonian - Amendoim	1	1	Complete	Complete	True
cell_comparison	S67	32	M00144 | NADH:quinone oxidoreductase, prokaryotes	AM.P2.D	Amazonian - Amendoim	2	2	1 block missing	1 block missing	True
cell_comparison	S67	32	M00144 | NADH:quinone oxidoreductase, prokaryotes	AM.P2.R	Amazonian - Amendoim	3	3	1 block missing	1 block missing	True
cell_comparison	S67	32	M00144 | NADH:quinone oxidoreductase, prokaryotes	TIA.P1.D	Amazonian - Tres Irmas Adjacent	4	4	Complete	Complete	True
cell_comparison	S67	32	M00144 | NADH:quinone oxidoreductase, prokaryotes	TIA.P1.R	Amazonian - Tres Irmas Adjacent	5	5	1 block missing	1 block missing	True
cell_comparison	S67	32	M00144 | NADH:quinone oxidoreductase, prokaryotes	TIA.P2.D	Amazonian - Tres Irmas Adjacent	6	6	1 block missing	1 block missing	True
cell_comparison	S67	32	M00144 | NADH:quinone oxidoreductase, prokaryotes	TIA.P2.R	Amazonian - Tres Irmas Adjacent	7	7	1 block missing	1 block missing	True
cell_comparison	S67	32	M00144 | NADH:quinone oxidoreductase, prokaryotes	TI.P1.D	Amazonian - Tres Irmas	8	8	Complete	Complete	True
cell_comparison	S67	32	M00144 | NADH:quinone oxidoreductase, prokaryotes	TI.P1.R	Amazonian - Tres Irmas	9	9	1 block missing	1 block missing	True
cell_comparison	S67	32	M00144 | NADH:quinone oxidoreductase, prokaryotes	TI.P2.D	Amazonian - Tres Irmas	10	10	Complete	Complete	True
cell_comparison	S67	32	M00144 | NADH:quinone oxidoreductase, prokaryotes	TI.P2.R	Amazonian - Tres Irmas	11	11	Complete	Complete	True
cell_comparison	S67	32	M00144 | NADH:quinone oxidoreductase, prokaryotes	TI.P3.D	Amazonian - Tres Irmas	12	12	1 block missing	1 block missing	True
cell_comparison	S67	32	M00144 | NADH:quinone oxidoreductase, prokaryotes	TI.P3.R	Amazonian - Tres Irmas	13	13	1 block missing	1 block missing	True
cell_comparison	S67	32	M00144 | NADH:quinone oxidoreductase, prokaryotes	TI.P4.D	Amazonian - Tres Irmas	14	14	Complete	Complete	True
cell_comparison	S67	32	M00144 | NADH:quinone oxidoreductase, prokaryotes	TI.P4.R	Amazonian - Tres Irmas	15	15	Complete	Complete	True
cell_comparison	S67	32	M00144 | NADH:quinone oxidoreductase, prokaryotes	VI.P1.D	Amazonian - Violao	16	16	1 block missing	1 block missing	True
cell_comparison	S67	32	M00144 | NADH:quinone oxidoreductase, prokaryotes	VI.P1.R	Amazonian - Violao	17	17	Complete	Complete	True
cell_comparison	S67	32	M00144 | NADH:quinone oxidoreductase, prokaryotes	VI.P2.D	Amazonian - Violao	18	18	1 block missing	1 block missing	True
cell_comparison	S67	32	M00144 | NADH:quinone oxidoreductase, prokaryotes	VI.P2.R	Amazonian - Violao	19	19	Complete	Complete	True
cell_comparison	S67	32	M00144 | NADH:quinone oxidoreductase, prokaryotes	Acid mine drainage 3300038494	Richmond-AMD	20	84	Incomplete	Incomplete	True
cell_comparison	S67	32	M00144 | NADH:quinone oxidoreductase, prokaryotes	Lab enriched acid 3300038413	Akron-AMD	21	29	Incomplete	Incomplete	True
cell_comparison	S67	32	M00144 | NADH:quinone oxidoreductase, prokaryotes	Acid mine drainage 3300008567	Richmond-AMD	22	68	Incomplete	Incomplete	True
cell_comparison	S67	32	M00144 | NADH:quinone oxidoreductase, prokaryotes	Acid mine drainage 3300030091	Richmond-AMD	23	64	Incomplete	Incomplete	True
cell_comparison	S67	32	M00144 | NADH:quinone oxidoreductase, prokaryotes	Hydrotherm Fe rich 3300023310	Hydrothermal-Fe-mats	24	34	1 block missing	1 block missing	True
cell_comparison	S67	32	M00144 | NADH:quinone oxidoreductase, prokaryotes	Metatransc of lab 3300046014	Akron-AMD	25	26	Incomplete	Incomplete	True
cell_comparison	S67	32	M00144 | NADH:quinone oxidoreductase, prokaryotes	Metatransc of lab 3300055056	Akron-AMD	26	20	Incomplete	Incomplete	True
cell_comparison	S67	32	M00144 | NADH:quinone oxidoreductase, prokaryotes	Freshwater sediment microbial 3300010391	Lake-Superior	27	49	1 block missing	1 block missing	True
cell_comparison	S67	32	M00144 | NADH:quinone oxidoreductase, prokaryotes	Freshwater sediment microbial 3300031898	Lake-Towuti	28	57	1 block missing	1 block missing	True
cell_comparison	S67	32	M00144 | NADH:quinone oxidoreductase, prokaryotes	Freshwater microbial communitie 3300024300	Lake-Matano	29	43	1 block missing	1 block missing	True
cell_comparison	S67	32	M00144 | NADH:quinone oxidoreductase, prokaryotes	Metatransc of lab 3300055061	Akron-AMD	30	22	Incomplete	Incomplete	True
cell_comparison	S67	32	M00144 | NADH:quinone oxidoreductase, prokaryotes	Hydrotherm Fe rich 3300023368	Hydrothermal-Fe-mats	31	37	1 block missing	1 block missing	True
cell_comparison	S67	32	M00144 | NADH:quinone oxidoreductase, prokaryotes	Acid mine drainage 3300038487	Richmond-AMD	32	63	Incomplete	Incomplete	True
cell_comparison	S67	32	M00144 | NADH:quinone oxidoreductase, prokaryotes	Freshwater sediment microbial 3300031593	Lake-Towuti	33	52	1 block missing	1 block missing	True
cell_comparison	S67	32	M00144 | NADH:quinone oxidoreductase, prokaryotes	Acid mine drainage 3300030082	Richmond-AMD	34	71	Incomplete	Incomplete	True
cell_comparison	S67	32	M00144 | NADH:quinone oxidoreductase, prokaryotes	Freshwater sediment microbial 3300031604	Lake-Towuti	35	50	Complete	Complete	True
cell_comparison	S67	32	M00144 | NADH:quinone oxidoreductase, prokaryotes	Freshwater sediment microbial 3300021518	Lake-Towuti	36	51	1 block missing	1 block missing	True
cell_comparison	S67	32	M00144 | NADH:quinone oxidoreductase, prokaryotes	Acid mine drainage 3300030398	Richmond-AMD	37	83	Incomplete	Incomplete	True
cell_comparison	S67	32	M00144 | NADH:quinone oxidoreductase, prokaryotes	Acid mine drainage 3300030242	Richmond-AMD	38	79	Incomplete	Incomplete	True
cell_comparison	S67	32	M00144 | NADH:quinone oxidoreductase, prokaryotes	Hydrotherm Fe rich 3300023439	Hydrothermal-Fe-mats	39	40	1 block missing	1 block missing	True
cell_comparison	S67	32	M00144 | NADH:quinone oxidoreductase, prokaryotes	Freshwater microbial communitie 3300024333	Lake-Matano	40	44	1 block missing	1 block missing	True
cell_comparison	S67	32	M00144 | NADH:quinone oxidoreductase, prokaryotes	Lab enriched sediment 3300039027	Burr-Oak-BO4	41	31	Incomplete	Incomplete	True
cell_comparison	S67	32	M00144 | NADH:quinone oxidoreductase, prokaryotes	Acid mine drainage 3300039205	Richmond-AMD	42	75	Incomplete	Incomplete	True
cell_comparison	S67	32	M00144 | NADH:quinone oxidoreductase, prokaryotes	Freshwater microbial communitie 3300043827	Lake-Matano	43	47	Incomplete	Incomplete	True
cell_comparison	S67	32	M00144 | NADH:quinone oxidoreductase, prokaryotes	Lab enriched acid 3300038471	Akron-AMD	44	24	Incomplete	Incomplete	True
cell_comparison	S67	32	M00144 | NADH:quinone oxidoreductase, prokaryotes	Acid mine drainage 3300030335	Richmond-AMD	45	65	Incomplete	Incomplete	True
cell_comparison	S67	32	M00144 | NADH:quinone oxidoreductase, prokaryotes	Freshwater microbial communitie 3300028737	Lake-Matano	46	46	1 block missing	1 block missing	True
cell_comparison	S67	32	M00144 | NADH:quinone oxidoreductase, prokaryotes	Lab enriched acid 3300038411	Akron-AMD	47	25	1 block missing	1 block missing	True
cell_comparison	S67	32	M00144 | NADH:quinone oxidoreductase, prokaryotes	Freshwater sediment microbial 3300031877	Lake-Towuti	48	53	1 block missing	1 block missing	True
cell_comparison	S67	32	M00144 | NADH:quinone oxidoreductase, prokaryotes	Acid mine drainage 3300038731	Richmond-AMD	49	62	Incomplete	Incomplete	True
cell_comparison	S67	32	M00144 | NADH:quinone oxidoreductase, prokaryotes	Acid mine drainage 3300038979	Richmond-AMD	50	73	Incomplete	Incomplete	True
cell_comparison	S67	32	M00144 | NADH:quinone oxidoreductase, prokaryotes	Hydrotherm Fe rich 3300023548	Hydrothermal-Fe-mats	51	41	1 block missing	1 block missing	True
cell_comparison	S67	32	M00144 | NADH:quinone oxidoreductase, prokaryotes	Metatransc of freshwater 3300061576	Lake-Superior	52	48	Incomplete	Incomplete	True
cell_comparison	S67	32	M00144 | NADH:quinone oxidoreductase, prokaryotes	Acid mine drainage 3300038486	Richmond-AMD	53	82	Incomplete	Incomplete	True
cell_comparison	S67	32	M00144 | NADH:quinone oxidoreductase, prokaryotes	Freshwater sediment microbial 3300031587	Lake-Towuti	54	59	1 block missing	1 block missing	True
cell_comparison	S67	32	M00144 | NADH:quinone oxidoreductase, prokaryotes	Acid Mine Drainage 3300005360	Richmond-AMD	55	74	Incomplete	Incomplete	True
cell_comparison	S67	32	M00144 | NADH:quinone oxidoreductase, prokaryotes	Acid mine drainage 3300008723	Richmond-AMD	56	67	Incomplete	Incomplete	True
cell_comparison	S67	32	M00144 | NADH:quinone oxidoreductase, prokaryotes	Acid mine drainage 3300038493	Richmond-AMD	57	81	Incomplete	Incomplete	True
cell_comparison	S67	32	M00144 | NADH:quinone oxidoreductase, prokaryotes	Freshwater sediment microbial 3300036045	Lake-Towuti	58	55	1 block missing	1 block missing	True
cell_comparison	S67	32	M00144 | NADH:quinone oxidoreductase, prokaryotes	Metatransc of lab 3300046013	Akron-AMD	59	28	Incomplete	Incomplete	True
cell_comparison	S67	32	M00144 | NADH:quinone oxidoreductase, prokaryotes	Acid mine drainage 3300038729	Richmond-AMD	60	72	Incomplete	Incomplete	True
cell_comparison	S67	32	M00144 | NADH:quinone oxidoreductase, prokaryotes	Acid mine drainage 3300030413	Richmond-AMD	61	85	Incomplete	Incomplete	True
cell_comparison	S67	32	M00144 | NADH:quinone oxidoreductase, prokaryotes	Lab enriched acid 3300038412	Akron-AMD	62	27	1 block missing	1 block missing	True
cell_comparison	S67	32	M00144 | NADH:quinone oxidoreductase, prokaryotes	Freshwater sediment microbial 3300031806	Lake-Towuti	63	60	1 block missing	1 block missing	True
cell_comparison	S67	32	M00144 | NADH:quinone oxidoreductase, prokaryotes	Metatransc of lab 3300055057	Akron-AMD	64	30	Incomplete	Incomplete	True
cell_comparison	S67	32	M00144 | NADH:quinone oxidoreductase, prokaryotes	Hydrotherm Fe rich 3300023440	Hydrothermal-Fe-mats	65	39	1 block missing	1 block missing	True
cell_comparison	S67	32	M00144 | NADH:quinone oxidoreductase, prokaryotes	Lab enriched sediment 3300039028	Burr-Oak-BO4	66	32	Incomplete	Incomplete	True
cell_comparison	S67	32	M00144 | NADH:quinone oxidoreductase, prokaryotes	Acid mine drainage 3300008566	Richmond-AMD	67	77	Incomplete	Incomplete	True
cell_comparison	S67	32	M00144 | NADH:quinone oxidoreductase, prokaryotes	Freshwater microbial communitie 3300024341	Lake-Matano	68	45	1 block missing	1 block missing	True
cell_comparison	S67	32	M00144 | NADH:quinone oxidoreductase, prokaryotes	Freshwater sediment microbial 3300021517	Lake-Towuti	69	56	1 block missing	1 block missing	True
cell_comparison	S67	32	M00144 | NADH:quinone oxidoreductase, prokaryotes	Metatransc of lab 3300055062	Akron-AMD	70	21	Incomplete	Incomplete	True
cell_comparison	S67	32	M00144 | NADH:quinone oxidoreductase, prokaryotes	Hydrotherm Fe rich 3300023442	Hydrothermal-Fe-mats	71	35	1 block missing	1 block missing	True
cell_comparison	S67	32	M00144 | NADH:quinone oxidoreductase, prokaryotes	Freshwater sediment microbial 3300036046	Lake-Towuti	72	54	1 block missing	1 block missing	True
cell_comparison	S67	32	M00144 | NADH:quinone oxidoreductase, prokaryotes	Hydrotherm Fe rich 3300023313	Hydrothermal-Fe-mats	73	36	Incomplete	Incomplete	True
cell_comparison	S67	32	M00144 | NADH:quinone oxidoreductase, prokaryotes	Acid mine drainage 3300039211	Richmond-AMD	74	80	Incomplete	Incomplete	True
cell_comparison	S67	32	M00144 | NADH:quinone oxidoreductase, prokaryotes	Acid mine drainage 3300008721	Richmond-AMD	75	78	Incomplete	Incomplete	True
cell_comparison	S67	32	M00144 | NADH:quinone oxidoreductase, prokaryotes	Pink biofilm microbial 3300003104	Richmond-AMD	76	69	Incomplete	Incomplete	True
cell_comparison	S67	32	M00144 | NADH:quinone oxidoreductase, prokaryotes	Acid mine drainage 3300038681	Richmond-AMD	77	86	Incomplete	Incomplete	True
cell_comparison	S67	32	M00144 | NADH:quinone oxidoreductase, prokaryotes	Acid mine drainage 3300030228	Richmond-AMD	78	70	Incomplete	Incomplete	True
cell_comparison	S67	32	M00144 | NADH:quinone oxidoreductase, prokaryotes	Metatransc of lab 3300055069	Akron-AMD	79	23	Incomplete	Incomplete	True
cell_comparison	S67	32	M00144 | NADH:quinone oxidoreductase, prokaryotes	Acid Mine Drainage 2010484004	Richmond-AMD	80	66	Incomplete	Incomplete	True
cell_comparison	S67	32	M00144 | NADH:quinone oxidoreductase, prokaryotes	Hydrotherm Fe rich 3300023307	Hydrothermal-Fe-mats	81	33	Incomplete	Incomplete	True
cell_comparison	S67	32	M00144 | NADH:quinone oxidoreductase, prokaryotes	Freshwater sediment microbial 3300031876	Lake-Towuti	82	58	Complete	Complete	True
cell_comparison	S67	32	M00144 | NADH:quinone oxidoreductase, prokaryotes	Freshwater microbial communitie 3300023177	Lake-Matano	83	42	1 block missing	1 block missing	True
cell_comparison	S67	32	M00144 | NADH:quinone oxidoreductase, prokaryotes	Biofilm microbial communitie 3300021476	Other-Fe	84	61	Incomplete	Incomplete	True
cell_comparison	S67	32	M00144 | NADH:quinone oxidoreductase, prokaryotes	Acid Mine Drainage 3300003083	Richmond-AMD	85	76	Incomplete	Incomplete	True
cell_comparison	S67	32	M00144 | NADH:quinone oxidoreductase, prokaryotes	Hydrotherm Fe rich 3300023444	Hydrothermal-Fe-mats	86	38	1 block missing	1 block missing	True
cell_comparison	S67	33	M00151 | Cytochrome bc1 complex respiratory unit	AM.P1.D	Amazonian - Amendoim	0	0	Complete	Complete	True
cell_comparison	S67	33	M00151 | Cytochrome bc1 complex respiratory unit	AM.P1.R	Amazonian - Amendoim	1	1	Complete	Complete	True
cell_comparison	S67	33	M00151 | Cytochrome bc1 complex respiratory unit	AM.P2.D	Amazonian - Amendoim	2	2	1 block missing	1 block missing	True
cell_comparison	S67	33	M00151 | Cytochrome bc1 complex respiratory unit	AM.P2.R	Amazonian - Amendoim	3	3	Complete	Complete	True
cell_comparison	S67	33	M00151 | Cytochrome bc1 complex respiratory unit	TIA.P1.D	Amazonian - Tres Irmas Adjacent	4	4	1 block missing	1 block missing	True
cell_comparison	S67	33	M00151 | Cytochrome bc1 complex respiratory unit	TIA.P1.R	Amazonian - Tres Irmas Adjacent	5	5	Complete	Complete	True
cell_comparison	S67	33	M00151 | Cytochrome bc1 complex respiratory unit	TIA.P2.D	Amazonian - Tres Irmas Adjacent	6	6	1 block missing	1 block missing	True
cell_comparison	S67	33	M00151 | Cytochrome bc1 complex respiratory unit	TIA.P2.R	Amazonian - Tres Irmas Adjacent	7	7	1 block missing	1 block missing	True
cell_comparison	S67	33	M00151 | Cytochrome bc1 complex respiratory unit	TI.P1.D	Amazonian - Tres Irmas	8	8	Complete	Complete	True
cell_comparison	S67	33	M00151 | Cytochrome bc1 complex respiratory unit	TI.P1.R	Amazonian - Tres Irmas	9	9	1 block missing	1 block missing	True
cell_comparison	S67	33	M00151 | Cytochrome bc1 complex respiratory unit	TI.P2.D	Amazonian - Tres Irmas	10	10	1 block missing	1 block missing	True
cell_comparison	S67	33	M00151 | Cytochrome bc1 complex respiratory unit	TI.P2.R	Amazonian - Tres Irmas	11	11	1 block missing	1 block missing	True
cell_comparison	S67	33	M00151 | Cytochrome bc1 complex respiratory unit	TI.P3.D	Amazonian - Tres Irmas	12	12	1 block missing	1 block missing	True
cell_comparison	S67	33	M00151 | Cytochrome bc1 complex respiratory unit	TI.P3.R	Amazonian - Tres Irmas	13	13	1 block missing	1 block missing	True
cell_comparison	S67	33	M00151 | Cytochrome bc1 complex respiratory unit	TI.P4.D	Amazonian - Tres Irmas	14	14	Complete	Complete	True
cell_comparison	S67	33	M00151 | Cytochrome bc1 complex respiratory unit	TI.P4.R	Amazonian - Tres Irmas	15	15	1 block missing	1 block missing	True
cell_comparison	S67	33	M00151 | Cytochrome bc1 complex respiratory unit	VI.P1.D	Amazonian - Violao	16	16	1 block missing	1 block missing	True
cell_comparison	S67	33	M00151 | Cytochrome bc1 complex respiratory unit	VI.P1.R	Amazonian - Violao	17	17	1 block missing	1 block missing	True
cell_comparison	S67	33	M00151 | Cytochrome bc1 complex respiratory unit	VI.P2.D	Amazonian - Violao	18	18	1 block missing	1 block missing	True
cell_comparison	S67	33	M00151 | Cytochrome bc1 complex respiratory unit	VI.P2.R	Amazonian - Violao	19	19	1 block missing	1 block missing	True
cell_comparison	S67	33	M00151 | Cytochrome bc1 complex respiratory unit	Acid mine drainage 3300038494	Richmond-AMD	20	84	Incomplete	Incomplete	True
cell_comparison	S67	33	M00151 | Cytochrome bc1 complex respiratory unit	Lab enriched acid 3300038413	Akron-AMD	21	29	Complete	Complete	True
cell_comparison	S67	33	M00151 | Cytochrome bc1 complex respiratory unit	Acid mine drainage 3300008567	Richmond-AMD	22	68	Incomplete	Incomplete	True
cell_comparison	S67	33	M00151 | Cytochrome bc1 complex respiratory unit	Acid mine drainage 3300030091	Richmond-AMD	23	64	Incomplete	Incomplete	True
cell_comparison	S67	33	M00151 | Cytochrome bc1 complex respiratory unit	Hydrotherm Fe rich 3300023310	Hydrothermal-Fe-mats	24	34	Incomplete	Incomplete	True
cell_comparison	S67	33	M00151 | Cytochrome bc1 complex respiratory unit	Metatransc of lab 3300046014	Akron-AMD	25	26	Incomplete	Incomplete	True
cell_comparison	S67	33	M00151 | Cytochrome bc1 complex respiratory unit	Metatransc of lab 3300055056	Akron-AMD	26	20	Incomplete	Incomplete	True
cell_comparison	S67	33	M00151 | Cytochrome bc1 complex respiratory unit	Freshwater sediment microbial 3300010391	Lake-Superior	27	49	Complete	Complete	True
cell_comparison	S67	33	M00151 | Cytochrome bc1 complex respiratory unit	Freshwater sediment microbial 3300031898	Lake-Towuti	28	57	Incomplete	Incomplete	True
cell_comparison	S67	33	M00151 | Cytochrome bc1 complex respiratory unit	Freshwater microbial communitie 3300024300	Lake-Matano	29	43	Complete	Complete	True
cell_comparison	S67	33	M00151 | Cytochrome bc1 complex respiratory unit	Metatransc of lab 3300055061	Akron-AMD	30	22	Incomplete	Incomplete	True
cell_comparison	S67	33	M00151 | Cytochrome bc1 complex respiratory unit	Hydrotherm Fe rich 3300023368	Hydrothermal-Fe-mats	31	37	Complete	Complete	True
cell_comparison	S67	33	M00151 | Cytochrome bc1 complex respiratory unit	Acid mine drainage 3300038487	Richmond-AMD	32	63	Incomplete	Incomplete	True
cell_comparison	S67	33	M00151 | Cytochrome bc1 complex respiratory unit	Freshwater sediment microbial 3300031593	Lake-Towuti	33	52	Incomplete	Incomplete	True
cell_comparison	S67	33	M00151 | Cytochrome bc1 complex respiratory unit	Acid mine drainage 3300030082	Richmond-AMD	34	71	Incomplete	Incomplete	True
cell_comparison	S67	33	M00151 | Cytochrome bc1 complex respiratory unit	Freshwater sediment microbial 3300031604	Lake-Towuti	35	50	Incomplete	Incomplete	True
cell_comparison	S67	33	M00151 | Cytochrome bc1 complex respiratory unit	Freshwater sediment microbial 3300021518	Lake-Towuti	36	51	Complete	Complete	True
cell_comparison	S67	33	M00151 | Cytochrome bc1 complex respiratory unit	Acid mine drainage 3300030398	Richmond-AMD	37	83	Incomplete	Incomplete	True
cell_comparison	S67	33	M00151 | Cytochrome bc1 complex respiratory unit	Acid mine drainage 3300030242	Richmond-AMD	38	79	Incomplete	Incomplete	True
cell_comparison	S67	33	M00151 | Cytochrome bc1 complex respiratory unit	Hydrotherm Fe rich 3300023439	Hydrothermal-Fe-mats	39	40	Incomplete	Incomplete	True
cell_comparison	S67	33	M00151 | Cytochrome bc1 complex respiratory unit	Freshwater microbial communitie 3300024333	Lake-Matano	40	44	Complete	Complete	True
cell_comparison	S67	33	M00151 | Cytochrome bc1 complex respiratory unit	Lab enriched sediment 3300039027	Burr-Oak-BO4	41	31	Incomplete	Incomplete	True
cell_comparison	S67	33	M00151 | Cytochrome bc1 complex respiratory unit	Acid mine drainage 3300039205	Richmond-AMD	42	75	Incomplete	Incomplete	True
cell_comparison	S67	33	M00151 | Cytochrome bc1 complex respiratory unit	Freshwater microbial communitie 3300043827	Lake-Matano	43	47	Incomplete	Incomplete	True
cell_comparison	S67	33	M00151 | Cytochrome bc1 complex respiratory unit	Lab enriched acid 3300038471	Akron-AMD	44	24	Complete	Complete	True
cell_comparison	S67	33	M00151 | Cytochrome bc1 complex respiratory unit	Acid mine drainage 3300030335	Richmond-AMD	45	65	Incomplete	Incomplete	True
cell_comparison	S67	33	M00151 | Cytochrome bc1 complex respiratory unit	Freshwater microbial communitie 3300028737	Lake-Matano	46	46	Complete	Complete	True
cell_comparison	S67	33	M00151 | Cytochrome bc1 complex respiratory unit	Lab enriched acid 3300038411	Akron-AMD	47	25	Complete	Complete	True
cell_comparison	S67	33	M00151 | Cytochrome bc1 complex respiratory unit	Freshwater sediment microbial 3300031877	Lake-Towuti	48	53	Incomplete	Incomplete	True
cell_comparison	S67	33	M00151 | Cytochrome bc1 complex respiratory unit	Acid mine drainage 3300038731	Richmond-AMD	49	62	Incomplete	Incomplete	True
cell_comparison	S67	33	M00151 | Cytochrome bc1 complex respiratory unit	Acid mine drainage 3300038979	Richmond-AMD	50	73	Incomplete	Incomplete	True
cell_comparison	S67	33	M00151 | Cytochrome bc1 complex respiratory unit	Hydrotherm Fe rich 3300023548	Hydrothermal-Fe-mats	51	41	Incomplete	Incomplete	True
cell_comparison	S67	33	M00151 | Cytochrome bc1 complex respiratory unit	Metatransc of freshwater 3300061576	Lake-Superior	52	48	Complete	Complete	True
cell_comparison	S67	33	M00151 | Cytochrome bc1 complex respiratory unit	Acid mine drainage 3300038486	Richmond-AMD	53	82	Incomplete	Incomplete	True
cell_comparison	S67	33	M00151 | Cytochrome bc1 complex respiratory unit	Freshwater sediment microbial 3300031587	Lake-Towuti	54	59	Incomplete	Incomplete	True
cell_comparison	S67	33	M00151 | Cytochrome bc1 complex respiratory unit	Acid Mine Drainage 3300005360	Richmond-AMD	55	74	Incomplete	Incomplete	True
cell_comparison	S67	33	M00151 | Cytochrome bc1 complex respiratory unit	Acid mine drainage 3300008723	Richmond-AMD	56	67	Incomplete	Incomplete	True
cell_comparison	S67	33	M00151 | Cytochrome bc1 complex respiratory unit	Acid mine drainage 3300038493	Richmond-AMD	57	81	Incomplete	Incomplete	True
cell_comparison	S67	33	M00151 | Cytochrome bc1 complex respiratory unit	Freshwater sediment microbial 3300036045	Lake-Towuti	58	55	Complete	Complete	True
cell_comparison	S67	33	M00151 | Cytochrome bc1 complex respiratory unit	Metatransc of lab 3300046013	Akron-AMD	59	28	1 block missing	1 block missing	True
cell_comparison	S67	33	M00151 | Cytochrome bc1 complex respiratory unit	Acid mine drainage 3300038729	Richmond-AMD	60	72	Incomplete	Incomplete	True
cell_comparison	S67	33	M00151 | Cytochrome bc1 complex respiratory unit	Acid mine drainage 3300030413	Richmond-AMD	61	85	Incomplete	Incomplete	True
cell_comparison	S67	33	M00151 | Cytochrome bc1 complex respiratory unit	Lab enriched acid 3300038412	Akron-AMD	62	27	1 block missing	1 block missing	True
cell_comparison	S67	33	M00151 | Cytochrome bc1 complex respiratory unit	Freshwater sediment microbial 3300031806	Lake-Towuti	63	60	Incomplete	Incomplete	True
cell_comparison	S67	33	M00151 | Cytochrome bc1 complex respiratory unit	Metatransc of lab 3300055057	Akron-AMD	64	30	Incomplete	Incomplete	True
cell_comparison	S67	33	M00151 | Cytochrome bc1 complex respiratory unit	Hydrotherm Fe rich 3300023440	Hydrothermal-Fe-mats	65	39	1 block missing	1 block missing	True
cell_comparison	S67	33	M00151 | Cytochrome bc1 complex respiratory unit	Lab enriched sediment 3300039028	Burr-Oak-BO4	66	32	Incomplete	Incomplete	True
cell_comparison	S67	33	M00151 | Cytochrome bc1 complex respiratory unit	Acid mine drainage 3300008566	Richmond-AMD	67	77	Incomplete	Incomplete	True
cell_comparison	S67	33	M00151 | Cytochrome bc1 complex respiratory unit	Freshwater microbial communitie 3300024341	Lake-Matano	68	45	Complete	Complete	True
cell_comparison	S67	33	M00151 | Cytochrome bc1 complex respiratory unit	Freshwater sediment microbial 3300021517	Lake-Towuti	69	56	Complete	Complete	True
cell_comparison	S67	33	M00151 | Cytochrome bc1 complex respiratory unit	Metatransc of lab 3300055062	Akron-AMD	70	21	Incomplete	Incomplete	True
cell_comparison	S67	33	M00151 | Cytochrome bc1 complex respiratory unit	Hydrotherm Fe rich 3300023442	Hydrothermal-Fe-mats	71	35	Complete	Complete	True
cell_comparison	S67	33	M00151 | Cytochrome bc1 complex respiratory unit	Freshwater sediment microbial 3300036046	Lake-Towuti	72	54	Complete	Complete	True
cell_comparison	S67	33	M00151 | Cytochrome bc1 complex respiratory unit	Hydrotherm Fe rich 3300023313	Hydrothermal-Fe-mats	73	36	Incomplete	Incomplete	True
cell_comparison	S67	33	M00151 | Cytochrome bc1 complex respiratory unit	Acid mine drainage 3300039211	Richmond-AMD	74	80	Incomplete	Incomplete	True
cell_comparison	S67	33	M00151 | Cytochrome bc1 complex respiratory unit	Acid mine drainage 3300008721	Richmond-AMD	75	78	Incomplete	Incomplete	True
cell_comparison	S67	33	M00151 | Cytochrome bc1 complex respiratory unit	Pink biofilm microbial 3300003104	Richmond-AMD	76	69	Incomplete	Incomplete	True
cell_comparison	S67	33	M00151 | Cytochrome bc1 complex respiratory unit	Acid mine drainage 3300038681	Richmond-AMD	77	86	Incomplete	Incomplete	True
cell_comparison	S67	33	M00151 | Cytochrome bc1 complex respiratory unit	Acid mine drainage 3300030228	Richmond-AMD	78	70	Incomplete	Incomplete	True
cell_comparison	S67	33	M00151 | Cytochrome bc1 complex respiratory unit	Metatransc of lab 3300055069	Akron-AMD	79	23	Incomplete	Incomplete	True
cell_comparison	S67	33	M00151 | Cytochrome bc1 complex respiratory unit	Acid Mine Drainage 2010484004	Richmond-AMD	80	66	Incomplete	Incomplete	True
cell_comparison	S67	33	M00151 | Cytochrome bc1 complex respiratory unit	Hydrotherm Fe rich 3300023307	Hydrothermal-Fe-mats	81	33	Incomplete	Incomplete	True
cell_comparison	S67	33	M00151 | Cytochrome bc1 complex respiratory unit	Freshwater sediment microbial 3300031876	Lake-Towuti	82	58	Incomplete	Incomplete	True
cell_comparison	S67	33	M00151 | Cytochrome bc1 complex respiratory unit	Freshwater microbial communitie 3300023177	Lake-Matano	83	42	1 block missing	1 block missing	True
cell_comparison	S67	33	M00151 | Cytochrome bc1 complex respiratory unit	Biofilm microbial communitie 3300021476	Other-Fe	84	61	Complete	Complete	True
cell_comparison	S67	33	M00151 | Cytochrome bc1 complex respiratory unit	Acid Mine Drainage 3300003083	Richmond-AMD	85	76	Incomplete	Incomplete	True
cell_comparison	S67	33	M00151 | Cytochrome bc1 complex respiratory unit	Hydrotherm Fe rich 3300023444	Hydrothermal-Fe-mats	86	38	Incomplete	Incomplete	True
cell_comparison	S67	34	M00155 | Cytochrome c oxidase, prokaryotes	AM.P1.D	Amazonian - Amendoim	0	0	Complete	Complete	True
cell_comparison	S67	34	M00155 | Cytochrome c oxidase, prokaryotes	AM.P1.R	Amazonian - Amendoim	1	1	Complete	Complete	True
cell_comparison	S67	34	M00155 | Cytochrome c oxidase, prokaryotes	AM.P2.D	Amazonian - Amendoim	2	2	1 block missing	1 block missing	True
cell_comparison	S67	34	M00155 | Cytochrome c oxidase, prokaryotes	AM.P2.R	Amazonian - Amendoim	3	3	Complete	Complete	True
cell_comparison	S67	34	M00155 | Cytochrome c oxidase, prokaryotes	TIA.P1.D	Amazonian - Tres Irmas Adjacent	4	4	Complete	Complete	True
cell_comparison	S67	34	M00155 | Cytochrome c oxidase, prokaryotes	TIA.P1.R	Amazonian - Tres Irmas Adjacent	5	5	Complete	Complete	True
cell_comparison	S67	34	M00155 | Cytochrome c oxidase, prokaryotes	TIA.P2.D	Amazonian - Tres Irmas Adjacent	6	6	Complete	Complete	True
cell_comparison	S67	34	M00155 | Cytochrome c oxidase, prokaryotes	TIA.P2.R	Amazonian - Tres Irmas Adjacent	7	7	Complete	Complete	True
cell_comparison	S67	34	M00155 | Cytochrome c oxidase, prokaryotes	TI.P1.D	Amazonian - Tres Irmas	8	8	Complete	Complete	True
cell_comparison	S67	34	M00155 | Cytochrome c oxidase, prokaryotes	TI.P1.R	Amazonian - Tres Irmas	9	9	Complete	Complete	True
cell_comparison	S67	34	M00155 | Cytochrome c oxidase, prokaryotes	TI.P2.D	Amazonian - Tres Irmas	10	10	Complete	Complete	True
cell_comparison	S67	34	M00155 | Cytochrome c oxidase, prokaryotes	TI.P2.R	Amazonian - Tres Irmas	11	11	Complete	Complete	True
cell_comparison	S67	34	M00155 | Cytochrome c oxidase, prokaryotes	TI.P3.D	Amazonian - Tres Irmas	12	12	Complete	Complete	True
cell_comparison	S67	34	M00155 | Cytochrome c oxidase, prokaryotes	TI.P3.R	Amazonian - Tres Irmas	13	13	1 block missing	1 block missing	True
cell_comparison	S67	34	M00155 | Cytochrome c oxidase, prokaryotes	TI.P4.D	Amazonian - Tres Irmas	14	14	Complete	Complete	True
cell_comparison	S67	34	M00155 | Cytochrome c oxidase, prokaryotes	TI.P4.R	Amazonian - Tres Irmas	15	15	1 block missing	1 block missing	True
cell_comparison	S67	34	M00155 | Cytochrome c oxidase, prokaryotes	VI.P1.D	Amazonian - Violao	16	16	Complete	Complete	True
cell_comparison	S67	34	M00155 | Cytochrome c oxidase, prokaryotes	VI.P1.R	Amazonian - Violao	17	17	Complete	Complete	True
cell_comparison	S67	34	M00155 | Cytochrome c oxidase, prokaryotes	VI.P2.D	Amazonian - Violao	18	18	Complete	Complete	True
cell_comparison	S67	34	M00155 | Cytochrome c oxidase, prokaryotes	VI.P2.R	Amazonian - Violao	19	19	1 block missing	1 block missing	True
cell_comparison	S67	34	M00155 | Cytochrome c oxidase, prokaryotes	Acid mine drainage 3300038494	Richmond-AMD	20	84	Incomplete	Incomplete	True
cell_comparison	S67	34	M00155 | Cytochrome c oxidase, prokaryotes	Lab enriched acid 3300038413	Akron-AMD	21	29	Complete	Complete	True
cell_comparison	S67	34	M00155 | Cytochrome c oxidase, prokaryotes	Acid mine drainage 3300008567	Richmond-AMD	22	68	Incomplete	Incomplete	True
cell_comparison	S67	34	M00155 | Cytochrome c oxidase, prokaryotes	Acid mine drainage 3300030091	Richmond-AMD	23	64	Incomplete	Incomplete	True
cell_comparison	S67	34	M00155 | Cytochrome c oxidase, prokaryotes	Hydrotherm Fe rich 3300023310	Hydrothermal-Fe-mats	24	34	1 block missing	1 block missing	True
cell_comparison	S67	34	M00155 | Cytochrome c oxidase, prokaryotes	Metatransc of lab 3300046014	Akron-AMD	25	26	Incomplete	Incomplete	True
cell_comparison	S67	34	M00155 | Cytochrome c oxidase, prokaryotes	Metatransc of lab 3300055056	Akron-AMD	26	20	Incomplete	Incomplete	True
cell_comparison	S67	34	M00155 | Cytochrome c oxidase, prokaryotes	Freshwater sediment microbial 3300010391	Lake-Superior	27	49	Complete	Complete	True
cell_comparison	S67	34	M00155 | Cytochrome c oxidase, prokaryotes	Freshwater sediment microbial 3300031898	Lake-Towuti	28	57	Incomplete	Incomplete	True
cell_comparison	S67	34	M00155 | Cytochrome c oxidase, prokaryotes	Freshwater microbial communitie 3300024300	Lake-Matano	29	43	Complete	Complete	True
cell_comparison	S67	34	M00155 | Cytochrome c oxidase, prokaryotes	Metatransc of lab 3300055061	Akron-AMD	30	22	1 block missing	1 block missing	True
cell_comparison	S67	34	M00155 | Cytochrome c oxidase, prokaryotes	Hydrotherm Fe rich 3300023368	Hydrothermal-Fe-mats	31	37	Complete	Complete	True
cell_comparison	S67	34	M00155 | Cytochrome c oxidase, prokaryotes	Acid mine drainage 3300038487	Richmond-AMD	32	63	Incomplete	Incomplete	True
cell_comparison	S67	34	M00155 | Cytochrome c oxidase, prokaryotes	Freshwater sediment microbial 3300031593	Lake-Towuti	33	52	Complete	Complete	True
cell_comparison	S67	34	M00155 | Cytochrome c oxidase, prokaryotes	Acid mine drainage 3300030082	Richmond-AMD	34	71	Incomplete	Incomplete	True
cell_comparison	S67	34	M00155 | Cytochrome c oxidase, prokaryotes	Freshwater sediment microbial 3300031604	Lake-Towuti	35	50	1 block missing	1 block missing	True
cell_comparison	S67	34	M00155 | Cytochrome c oxidase, prokaryotes	Freshwater sediment microbial 3300021518	Lake-Towuti	36	51	Complete	Complete	True
cell_comparison	S67	34	M00155 | Cytochrome c oxidase, prokaryotes	Acid mine drainage 3300030398	Richmond-AMD	37	83	Incomplete	Incomplete	True
cell_comparison	S67	34	M00155 | Cytochrome c oxidase, prokaryotes	Acid mine drainage 3300030242	Richmond-AMD	38	79	1 block missing	1 block missing	True
cell_comparison	S67	34	M00155 | Cytochrome c oxidase, prokaryotes	Hydrotherm Fe rich 3300023439	Hydrothermal-Fe-mats	39	40	Complete	Complete	True
cell_comparison	S67	34	M00155 | Cytochrome c oxidase, prokaryotes	Freshwater microbial communitie 3300024333	Lake-Matano	40	44	Complete	Complete	True
cell_comparison	S67	34	M00155 | Cytochrome c oxidase, prokaryotes	Lab enriched sediment 3300039027	Burr-Oak-BO4	41	31	Incomplete	Incomplete	True
cell_comparison	S67	34	M00155 | Cytochrome c oxidase, prokaryotes	Acid mine drainage 3300039205	Richmond-AMD	42	75	Incomplete	Incomplete	True
cell_comparison	S67	34	M00155 | Cytochrome c oxidase, prokaryotes	Freshwater microbial communitie 3300043827	Lake-Matano	43	47	Complete	Complete	True
cell_comparison	S67	34	M00155 | Cytochrome c oxidase, prokaryotes	Lab enriched acid 3300038471	Akron-AMD	44	24	Complete	Complete	True
cell_comparison	S67	34	M00155 | Cytochrome c oxidase, prokaryotes	Acid mine drainage 3300030335	Richmond-AMD	45	65	Incomplete	Incomplete	True
cell_comparison	S67	34	M00155 | Cytochrome c oxidase, prokaryotes	Freshwater microbial communitie 3300028737	Lake-Matano	46	46	Complete	Complete	True
cell_comparison	S67	34	M00155 | Cytochrome c oxidase, prokaryotes	Lab enriched acid 3300038411	Akron-AMD	47	25	Complete	Complete	True
cell_comparison	S67	34	M00155 | Cytochrome c oxidase, prokaryotes	Freshwater sediment microbial 3300031877	Lake-Towuti	48	53	1 block missing	1 block missing	True
cell_comparison	S67	34	M00155 | Cytochrome c oxidase, prokaryotes	Acid mine drainage 3300038731	Richmond-AMD	49	62	Incomplete	Incomplete	True
cell_comparison	S67	34	M00155 | Cytochrome c oxidase, prokaryotes	Acid mine drainage 3300038979	Richmond-AMD	50	73	Incomplete	Incomplete	True
cell_comparison	S67	34	M00155 | Cytochrome c oxidase, prokaryotes	Hydrotherm Fe rich 3300023548	Hydrothermal-Fe-mats	51	41	Complete	Complete	True
cell_comparison	S67	34	M00155 | Cytochrome c oxidase, prokaryotes	Metatransc of freshwater 3300061576	Lake-Superior	52	48	1 block missing	1 block missing	True
cell_comparison	S67	34	M00155 | Cytochrome c oxidase, prokaryotes	Acid mine drainage 3300038486	Richmond-AMD	53	82	Incomplete	Incomplete	True
cell_comparison	S67	34	M00155 | Cytochrome c oxidase, prokaryotes	Freshwater sediment microbial 3300031587	Lake-Towuti	54	59	Complete	Complete	True
cell_comparison	S67	34	M00155 | Cytochrome c oxidase, prokaryotes	Acid Mine Drainage 3300005360	Richmond-AMD	55	74	Incomplete	Incomplete	True
cell_comparison	S67	34	M00155 | Cytochrome c oxidase, prokaryotes	Acid mine drainage 3300008723	Richmond-AMD	56	67	Incomplete	Incomplete	True
cell_comparison	S67	34	M00155 | Cytochrome c oxidase, prokaryotes	Acid mine drainage 3300038493	Richmond-AMD	57	81	Incomplete	Incomplete	True
cell_comparison	S67	34	M00155 | Cytochrome c oxidase, prokaryotes	Freshwater sediment microbial 3300036045	Lake-Towuti	58	55	Complete	Complete	True
cell_comparison	S67	34	M00155 | Cytochrome c oxidase, prokaryotes	Metatransc of lab 3300046013	Akron-AMD	59	28	1 block missing	1 block missing	True
cell_comparison	S67	34	M00155 | Cytochrome c oxidase, prokaryotes	Acid mine drainage 3300038729	Richmond-AMD	60	72	Incomplete	Incomplete	True
cell_comparison	S67	34	M00155 | Cytochrome c oxidase, prokaryotes	Acid mine drainage 3300030413	Richmond-AMD	61	85	1 block missing	1 block missing	True
cell_comparison	S67	34	M00155 | Cytochrome c oxidase, prokaryotes	Lab enriched acid 3300038412	Akron-AMD	62	27	Complete	Complete	True
cell_comparison	S67	34	M00155 | Cytochrome c oxidase, prokaryotes	Freshwater sediment microbial 3300031806	Lake-Towuti	63	60	1 block missing	1 block missing	True
cell_comparison	S67	34	M00155 | Cytochrome c oxidase, prokaryotes	Metatransc of lab 3300055057	Akron-AMD	64	30	Incomplete	Incomplete	True
cell_comparison	S67	34	M00155 | Cytochrome c oxidase, prokaryotes	Hydrotherm Fe rich 3300023440	Hydrothermal-Fe-mats	65	39	Complete	Complete	True
cell_comparison	S67	34	M00155 | Cytochrome c oxidase, prokaryotes	Lab enriched sediment 3300039028	Burr-Oak-BO4	66	32	Incomplete	Incomplete	True
cell_comparison	S67	34	M00155 | Cytochrome c oxidase, prokaryotes	Acid mine drainage 3300008566	Richmond-AMD	67	77	Incomplete	Incomplete	True
cell_comparison	S67	34	M00155 | Cytochrome c oxidase, prokaryotes	Freshwater microbial communitie 3300024341	Lake-Matano	68	45	Complete	Complete	True
cell_comparison	S67	34	M00155 | Cytochrome c oxidase, prokaryotes	Freshwater sediment microbial 3300021517	Lake-Towuti	69	56	Complete	Complete	True
cell_comparison	S67	34	M00155 | Cytochrome c oxidase, prokaryotes	Metatransc of lab 3300055062	Akron-AMD	70	21	Incomplete	Incomplete	True
cell_comparison	S67	34	M00155 | Cytochrome c oxidase, prokaryotes	Hydrotherm Fe rich 3300023442	Hydrothermal-Fe-mats	71	35	Complete	Complete	True
cell_comparison	S67	34	M00155 | Cytochrome c oxidase, prokaryotes	Freshwater sediment microbial 3300036046	Lake-Towuti	72	54	Complete	Complete	True
cell_comparison	S67	34	M00155 | Cytochrome c oxidase, prokaryotes	Hydrotherm Fe rich 3300023313	Hydrothermal-Fe-mats	73	36	Complete	Complete	True
cell_comparison	S67	34	M00155 | Cytochrome c oxidase, prokaryotes	Acid mine drainage 3300039211	Richmond-AMD	74	80	Incomplete	Incomplete	True
cell_comparison	S67	34	M00155 | Cytochrome c oxidase, prokaryotes	Acid mine drainage 3300008721	Richmond-AMD	75	78	Incomplete	Incomplete	True
cell_comparison	S67	34	M00155 | Cytochrome c oxidase, prokaryotes	Pink biofilm microbial 3300003104	Richmond-AMD	76	69	Incomplete	Incomplete	True
cell_comparison	S67	34	M00155 | Cytochrome c oxidase, prokaryotes	Acid mine drainage 3300038681	Richmond-AMD	77	86	Incomplete	Incomplete	True
cell_comparison	S67	34	M00155 | Cytochrome c oxidase, prokaryotes	Acid mine drainage 3300030228	Richmond-AMD	78	70	Incomplete	Incomplete	True
cell_comparison	S67	34	M00155 | Cytochrome c oxidase, prokaryotes	Metatransc of lab 3300055069	Akron-AMD	79	23	1 block missing	1 block missing	True
cell_comparison	S67	34	M00155 | Cytochrome c oxidase, prokaryotes	Acid Mine Drainage 2010484004	Richmond-AMD	80	66	Incomplete	Incomplete	True
cell_comparison	S67	34	M00155 | Cytochrome c oxidase, prokaryotes	Hydrotherm Fe rich 3300023307	Hydrothermal-Fe-mats	81	33	1 block missing	1 block missing	True
cell_comparison	S67	34	M00155 | Cytochrome c oxidase, prokaryotes	Freshwater sediment microbial 3300031876	Lake-Towuti	82	58	1 block missing	1 block missing	True
cell_comparison	S67	34	M00155 | Cytochrome c oxidase, prokaryotes	Freshwater microbial communitie 3300023177	Lake-Matano	83	42	Complete	Complete	True
cell_comparison	S67	34	M00155 | Cytochrome c oxidase, prokaryotes	Biofilm microbial communitie 3300021476	Other-Fe	84	61	Complete	Complete	True
cell_comparison	S67	34	M00155 | Cytochrome c oxidase, prokaryotes	Acid Mine Drainage 3300003083	Richmond-AMD	85	76	Incomplete	Incomplete	True
cell_comparison	S67	34	M00155 | Cytochrome c oxidase, prokaryotes	Hydrotherm Fe rich 3300023444	Hydrothermal-Fe-mats	86	38	Complete	Complete	True
cell_comparison	S67	35	M00156 | Cytochrome c oxidase, cbb3-type	AM.P1.D	Amazonian - Amendoim	0	0	1 block missing	1 block missing	True
cell_comparison	S67	35	M00156 | Cytochrome c oxidase, cbb3-type	AM.P1.R	Amazonian - Amendoim	1	1	1 block missing	1 block missing	True
cell_comparison	S67	35	M00156 | Cytochrome c oxidase, cbb3-type	AM.P2.D	Amazonian - Amendoim	2	2	1 block missing	1 block missing	True
cell_comparison	S67	35	M00156 | Cytochrome c oxidase, cbb3-type	AM.P2.R	Amazonian - Amendoim	3	3	1 block missing	1 block missing	True
cell_comparison	S67	35	M00156 | Cytochrome c oxidase, cbb3-type	TIA.P1.D	Amazonian - Tres Irmas Adjacent	4	4	1 block missing	1 block missing	True
cell_comparison	S67	35	M00156 | Cytochrome c oxidase, cbb3-type	TIA.P1.R	Amazonian - Tres Irmas Adjacent	5	5	1 block missing	1 block missing	True
cell_comparison	S67	35	M00156 | Cytochrome c oxidase, cbb3-type	TIA.P2.D	Amazonian - Tres Irmas Adjacent	6	6	1 block missing	1 block missing	True
cell_comparison	S67	35	M00156 | Cytochrome c oxidase, cbb3-type	TIA.P2.R	Amazonian - Tres Irmas Adjacent	7	7	1 block missing	1 block missing	True
cell_comparison	S67	35	M00156 | Cytochrome c oxidase, cbb3-type	TI.P1.D	Amazonian - Tres Irmas	8	8	1 block missing	1 block missing	True
cell_comparison	S67	35	M00156 | Cytochrome c oxidase, cbb3-type	TI.P1.R	Amazonian - Tres Irmas	9	9	1 block missing	1 block missing	True
cell_comparison	S67	35	M00156 | Cytochrome c oxidase, cbb3-type	TI.P2.D	Amazonian - Tres Irmas	10	10	1 block missing	1 block missing	True
cell_comparison	S67	35	M00156 | Cytochrome c oxidase, cbb3-type	TI.P2.R	Amazonian - Tres Irmas	11	11	1 block missing	1 block missing	True
cell_comparison	S67	35	M00156 | Cytochrome c oxidase, cbb3-type	TI.P3.D	Amazonian - Tres Irmas	12	12	1 block missing	1 block missing	True
cell_comparison	S67	35	M00156 | Cytochrome c oxidase, cbb3-type	TI.P3.R	Amazonian - Tres Irmas	13	13	1 block missing	1 block missing	True
cell_comparison	S67	35	M00156 | Cytochrome c oxidase, cbb3-type	TI.P4.D	Amazonian - Tres Irmas	14	14	1 block missing	1 block missing	True
cell_comparison	S67	35	M00156 | Cytochrome c oxidase, cbb3-type	TI.P4.R	Amazonian - Tres Irmas	15	15	1 block missing	1 block missing	True
cell_comparison	S67	35	M00156 | Cytochrome c oxidase, cbb3-type	VI.P1.D	Amazonian - Violao	16	16	1 block missing	1 block missing	True
cell_comparison	S67	35	M00156 | Cytochrome c oxidase, cbb3-type	VI.P1.R	Amazonian - Violao	17	17	1 block missing	1 block missing	True
cell_comparison	S67	35	M00156 | Cytochrome c oxidase, cbb3-type	VI.P2.D	Amazonian - Violao	18	18	1 block missing	1 block missing	True
cell_comparison	S67	35	M00156 | Cytochrome c oxidase, cbb3-type	VI.P2.R	Amazonian - Violao	19	19	1 block missing	1 block missing	True
cell_comparison	S67	35	M00156 | Cytochrome c oxidase, cbb3-type	Acid mine drainage 3300038494	Richmond-AMD	20	84	Incomplete	Incomplete	True
cell_comparison	S67	35	M00156 | Cytochrome c oxidase, cbb3-type	Lab enriched acid 3300038413	Akron-AMD	21	29	Complete	Complete	True
cell_comparison	S67	35	M00156 | Cytochrome c oxidase, cbb3-type	Acid mine drainage 3300008567	Richmond-AMD	22	68	Incomplete	Incomplete	True
cell_comparison	S67	35	M00156 | Cytochrome c oxidase, cbb3-type	Acid mine drainage 3300030091	Richmond-AMD	23	64	Incomplete	Incomplete	True
cell_comparison	S67	35	M00156 | Cytochrome c oxidase, cbb3-type	Hydrotherm Fe rich 3300023310	Hydrothermal-Fe-mats	24	34	Complete	Complete	True
cell_comparison	S67	35	M00156 | Cytochrome c oxidase, cbb3-type	Metatransc of lab 3300046014	Akron-AMD	25	26	1 block missing	1 block missing	True
cell_comparison	S67	35	M00156 | Cytochrome c oxidase, cbb3-type	Metatransc of lab 3300055056	Akron-AMD	26	20	Incomplete	Incomplete	True
cell_comparison	S67	35	M00156 | Cytochrome c oxidase, cbb3-type	Freshwater sediment microbial 3300010391	Lake-Superior	27	49	Complete	Complete	True
cell_comparison	S67	35	M00156 | Cytochrome c oxidase, cbb3-type	Freshwater sediment microbial 3300031898	Lake-Towuti	28	57	1 block missing	1 block missing	True
cell_comparison	S67	35	M00156 | Cytochrome c oxidase, cbb3-type	Freshwater microbial communitie 3300024300	Lake-Matano	29	43	Complete	Complete	True
cell_comparison	S67	35	M00156 | Cytochrome c oxidase, cbb3-type	Metatransc of lab 3300055061	Akron-AMD	30	22	Incomplete	Incomplete	True
cell_comparison	S67	35	M00156 | Cytochrome c oxidase, cbb3-type	Hydrotherm Fe rich 3300023368	Hydrothermal-Fe-mats	31	37	Complete	Complete	True
cell_comparison	S67	35	M00156 | Cytochrome c oxidase, cbb3-type	Acid mine drainage 3300038487	Richmond-AMD	32	63	Incomplete	Incomplete	True
cell_comparison	S67	35	M00156 | Cytochrome c oxidase, cbb3-type	Freshwater sediment microbial 3300031593	Lake-Towuti	33	52	Incomplete	Incomplete	True
cell_comparison	S67	35	M00156 | Cytochrome c oxidase, cbb3-type	Acid mine drainage 3300030082	Richmond-AMD	34	71	Incomplete	Incomplete	True
cell_comparison	S67	35	M00156 | Cytochrome c oxidase, cbb3-type	Freshwater sediment microbial 3300031604	Lake-Towuti	35	50	Incomplete	Incomplete	True
cell_comparison	S67	35	M00156 | Cytochrome c oxidase, cbb3-type	Freshwater sediment microbial 3300021518	Lake-Towuti	36	51	Complete	Complete	True
cell_comparison	S67	35	M00156 | Cytochrome c oxidase, cbb3-type	Acid mine drainage 3300030398	Richmond-AMD	37	83	Incomplete	Incomplete	True
cell_comparison	S67	35	M00156 | Cytochrome c oxidase, cbb3-type	Acid mine drainage 3300030242	Richmond-AMD	38	79	Incomplete	Incomplete	True
cell_comparison	S67	35	M00156 | Cytochrome c oxidase, cbb3-type	Hydrotherm Fe rich 3300023439	Hydrothermal-Fe-mats	39	40	Complete	Complete	True
cell_comparison	S67	35	M00156 | Cytochrome c oxidase, cbb3-type	Freshwater microbial communitie 3300024333	Lake-Matano	40	44	Complete	Complete	True
cell_comparison	S67	35	M00156 | Cytochrome c oxidase, cbb3-type	Lab enriched sediment 3300039027	Burr-Oak-BO4	41	31	1 block missing	1 block missing	True
cell_comparison	S67	35	M00156 | Cytochrome c oxidase, cbb3-type	Acid mine drainage 3300039205	Richmond-AMD	42	75	Incomplete	Incomplete	True
cell_comparison	S67	35	M00156 | Cytochrome c oxidase, cbb3-type	Freshwater microbial communitie 3300043827	Lake-Matano	43	47	Complete	Complete	True
cell_comparison	S67	35	M00156 | Cytochrome c oxidase, cbb3-type	Lab enriched acid 3300038471	Akron-AMD	44	24	Complete	Complete	True
cell_comparison	S67	35	M00156 | Cytochrome c oxidase, cbb3-type	Acid mine drainage 3300030335	Richmond-AMD	45	65	Incomplete	Incomplete	True
cell_comparison	S67	35	M00156 | Cytochrome c oxidase, cbb3-type	Freshwater microbial communitie 3300028737	Lake-Matano	46	46	Complete	Complete	True
cell_comparison	S67	35	M00156 | Cytochrome c oxidase, cbb3-type	Lab enriched acid 3300038411	Akron-AMD	47	25	Complete	Complete	True
cell_comparison	S67	35	M00156 | Cytochrome c oxidase, cbb3-type	Freshwater sediment microbial 3300031877	Lake-Towuti	48	53	Incomplete	Incomplete	True
cell_comparison	S67	35	M00156 | Cytochrome c oxidase, cbb3-type	Acid mine drainage 3300038731	Richmond-AMD	49	62	Incomplete	Incomplete	True
cell_comparison	S67	35	M00156 | Cytochrome c oxidase, cbb3-type	Acid mine drainage 3300038979	Richmond-AMD	50	73	Incomplete	Incomplete	True
cell_comparison	S67	35	M00156 | Cytochrome c oxidase, cbb3-type	Hydrotherm Fe rich 3300023548	Hydrothermal-Fe-mats	51	41	Complete	Complete	True
cell_comparison	S67	35	M00156 | Cytochrome c oxidase, cbb3-type	Metatransc of freshwater 3300061576	Lake-Superior	52	48	1 block missing	1 block missing	True
cell_comparison	S67	35	M00156 | Cytochrome c oxidase, cbb3-type	Acid mine drainage 3300038486	Richmond-AMD	53	82	Incomplete	Incomplete	True
cell_comparison	S67	35	M00156 | Cytochrome c oxidase, cbb3-type	Freshwater sediment microbial 3300031587	Lake-Towuti	54	59	Incomplete	Incomplete	True
cell_comparison	S67	35	M00156 | Cytochrome c oxidase, cbb3-type	Acid Mine Drainage 3300005360	Richmond-AMD	55	74	Incomplete	Incomplete	True
cell_comparison	S67	35	M00156 | Cytochrome c oxidase, cbb3-type	Acid mine drainage 3300008723	Richmond-AMD	56	67	Incomplete	Incomplete	True
cell_comparison	S67	35	M00156 | Cytochrome c oxidase, cbb3-type	Acid mine drainage 3300038493	Richmond-AMD	57	81	Incomplete	Incomplete	True
cell_comparison	S67	35	M00156 | Cytochrome c oxidase, cbb3-type	Freshwater sediment microbial 3300036045	Lake-Towuti	58	55	Complete	Complete	True
cell_comparison	S67	35	M00156 | Cytochrome c oxidase, cbb3-type	Metatransc of lab 3300046013	Akron-AMD	59	28	Complete	Complete	True
cell_comparison	S67	35	M00156 | Cytochrome c oxidase, cbb3-type	Acid mine drainage 3300038729	Richmond-AMD	60	72	Incomplete	Incomplete	True
cell_comparison	S67	35	M00156 | Cytochrome c oxidase, cbb3-type	Acid mine drainage 3300030413	Richmond-AMD	61	85	Incomplete	Incomplete	True
cell_comparison	S67	35	M00156 | Cytochrome c oxidase, cbb3-type	Lab enriched acid 3300038412	Akron-AMD	62	27	Complete	Complete	True
cell_comparison	S67	35	M00156 | Cytochrome c oxidase, cbb3-type	Freshwater sediment microbial 3300031806	Lake-Towuti	63	60	1 block missing	1 block missing	True
cell_comparison	S67	35	M00156 | Cytochrome c oxidase, cbb3-type	Metatransc of lab 3300055057	Akron-AMD	64	30	Incomplete	Incomplete	True
cell_comparison	S67	35	M00156 | Cytochrome c oxidase, cbb3-type	Hydrotherm Fe rich 3300023440	Hydrothermal-Fe-mats	65	39	Complete	Complete	True
cell_comparison	S67	35	M00156 | Cytochrome c oxidase, cbb3-type	Lab enriched sediment 3300039028	Burr-Oak-BO4	66	32	Complete	Complete	True
cell_comparison	S67	35	M00156 | Cytochrome c oxidase, cbb3-type	Acid mine drainage 3300008566	Richmond-AMD	67	77	Incomplete	Incomplete	True
cell_comparison	S67	35	M00156 | Cytochrome c oxidase, cbb3-type	Freshwater microbial communitie 3300024341	Lake-Matano	68	45	Complete	Complete	True
cell_comparison	S67	35	M00156 | Cytochrome c oxidase, cbb3-type	Freshwater sediment microbial 3300021517	Lake-Towuti	69	56	Complete	Complete	True
cell_comparison	S67	35	M00156 | Cytochrome c oxidase, cbb3-type	Metatransc of lab 3300055062	Akron-AMD	70	21	1 block missing	1 block missing	True
cell_comparison	S67	35	M00156 | Cytochrome c oxidase, cbb3-type	Hydrotherm Fe rich 3300023442	Hydrothermal-Fe-mats	71	35	Complete	Complete	True
cell_comparison	S67	35	M00156 | Cytochrome c oxidase, cbb3-type	Freshwater sediment microbial 3300036046	Lake-Towuti	72	54	Complete	Complete	True
cell_comparison	S67	35	M00156 | Cytochrome c oxidase, cbb3-type	Hydrotherm Fe rich 3300023313	Hydrothermal-Fe-mats	73	36	Complete	Complete	True
cell_comparison	S67	35	M00156 | Cytochrome c oxidase, cbb3-type	Acid mine drainage 3300039211	Richmond-AMD	74	80	Incomplete	Incomplete	True
cell_comparison	S67	35	M00156 | Cytochrome c oxidase, cbb3-type	Acid mine drainage 3300008721	Richmond-AMD	75	78	Incomplete	Incomplete	True
cell_comparison	S67	35	M00156 | Cytochrome c oxidase, cbb3-type	Pink biofilm microbial 3300003104	Richmond-AMD	76	69	Incomplete	Incomplete	True
cell_comparison	S67	35	M00156 | Cytochrome c oxidase, cbb3-type	Acid mine drainage 3300038681	Richmond-AMD	77	86	Incomplete	Incomplete	True
cell_comparison	S67	35	M00156 | Cytochrome c oxidase, cbb3-type	Acid mine drainage 3300030228	Richmond-AMD	78	70	Incomplete	Incomplete	True
cell_comparison	S67	35	M00156 | Cytochrome c oxidase, cbb3-type	Metatransc of lab 3300055069	Akron-AMD	79	23	1 block missing	1 block missing	True
cell_comparison	S67	35	M00156 | Cytochrome c oxidase, cbb3-type	Acid Mine Drainage 2010484004	Richmond-AMD	80	66	Incomplete	Incomplete	True
cell_comparison	S67	35	M00156 | Cytochrome c oxidase, cbb3-type	Hydrotherm Fe rich 3300023307	Hydrothermal-Fe-mats	81	33	Complete	Complete	True
cell_comparison	S67	35	M00156 | Cytochrome c oxidase, cbb3-type	Freshwater sediment microbial 3300031876	Lake-Towuti	82	58	Incomplete	Incomplete	True
cell_comparison	S67	35	M00156 | Cytochrome c oxidase, cbb3-type	Freshwater microbial communitie 3300023177	Lake-Matano	83	42	Complete	Complete	True
cell_comparison	S67	35	M00156 | Cytochrome c oxidase, cbb3-type	Biofilm microbial communitie 3300021476	Other-Fe	84	61	Complete	Complete	True
cell_comparison	S67	35	M00156 | Cytochrome c oxidase, cbb3-type	Acid Mine Drainage 3300003083	Richmond-AMD	85	76	Incomplete	Incomplete	True
cell_comparison	S67	35	M00156 | Cytochrome c oxidase, cbb3-type	Hydrotherm Fe rich 3300023444	Hydrothermal-Fe-mats	86	38	Complete	Complete	True
cell_comparison	S67	36	M00847 | Heme biosynthesis, archaea, siroheme -> heme	AM.P1.D	Amazonian - Amendoim	0	0	Incomplete	Incomplete	True
cell_comparison	S67	36	M00847 | Heme biosynthesis, archaea, siroheme -> heme	AM.P1.R	Amazonian - Amendoim	1	1	Incomplete	Incomplete	True
cell_comparison	S67	36	M00847 | Heme biosynthesis, archaea, siroheme -> heme	AM.P2.D	Amazonian - Amendoim	2	2	Incomplete	Incomplete	True
cell_comparison	S67	36	M00847 | Heme biosynthesis, archaea, siroheme -> heme	AM.P2.R	Amazonian - Amendoim	3	3	Incomplete	Incomplete	True
cell_comparison	S67	36	M00847 | Heme biosynthesis, archaea, siroheme -> heme	TIA.P1.D	Amazonian - Tres Irmas Adjacent	4	4	Incomplete	Incomplete	True
cell_comparison	S67	36	M00847 | Heme biosynthesis, archaea, siroheme -> heme	TIA.P1.R	Amazonian - Tres Irmas Adjacent	5	5	Incomplete	Incomplete	True
cell_comparison	S67	36	M00847 | Heme biosynthesis, archaea, siroheme -> heme	TIA.P2.D	Amazonian - Tres Irmas Adjacent	6	6	Incomplete	Incomplete	True
cell_comparison	S67	36	M00847 | Heme biosynthesis, archaea, siroheme -> heme	TIA.P2.R	Amazonian - Tres Irmas Adjacent	7	7	Incomplete	Incomplete	True
cell_comparison	S67	36	M00847 | Heme biosynthesis, archaea, siroheme -> heme	TI.P1.D	Amazonian - Tres Irmas	8	8	Incomplete	Incomplete	True
cell_comparison	S67	36	M00847 | Heme biosynthesis, archaea, siroheme -> heme	TI.P1.R	Amazonian - Tres Irmas	9	9	Incomplete	Incomplete	True
cell_comparison	S67	36	M00847 | Heme biosynthesis, archaea, siroheme -> heme	TI.P2.D	Amazonian - Tres Irmas	10	10	Incomplete	Incomplete	True
cell_comparison	S67	36	M00847 | Heme biosynthesis, archaea, siroheme -> heme	TI.P2.R	Amazonian - Tres Irmas	11	11	Incomplete	Incomplete	True
cell_comparison	S67	36	M00847 | Heme biosynthesis, archaea, siroheme -> heme	TI.P3.D	Amazonian - Tres Irmas	12	12	Incomplete	Incomplete	True
cell_comparison	S67	36	M00847 | Heme biosynthesis, archaea, siroheme -> heme	TI.P3.R	Amazonian - Tres Irmas	13	13	Incomplete	Incomplete	True
cell_comparison	S67	36	M00847 | Heme biosynthesis, archaea, siroheme -> heme	TI.P4.D	Amazonian - Tres Irmas	14	14	Incomplete	Incomplete	True
cell_comparison	S67	36	M00847 | Heme biosynthesis, archaea, siroheme -> heme	TI.P4.R	Amazonian - Tres Irmas	15	15	Incomplete	Incomplete	True
cell_comparison	S67	36	M00847 | Heme biosynthesis, archaea, siroheme -> heme	VI.P1.D	Amazonian - Violao	16	16	Incomplete	Incomplete	True
cell_comparison	S67	36	M00847 | Heme biosynthesis, archaea, siroheme -> heme	VI.P1.R	Amazonian - Violao	17	17	Incomplete	Incomplete	True
cell_comparison	S67	36	M00847 | Heme biosynthesis, archaea, siroheme -> heme	VI.P2.D	Amazonian - Violao	18	18	Incomplete	Incomplete	True
cell_comparison	S67	36	M00847 | Heme biosynthesis, archaea, siroheme -> heme	VI.P2.R	Amazonian - Violao	19	19	Incomplete	Incomplete	True
cell_comparison	S67	36	M00847 | Heme biosynthesis, archaea, siroheme -> heme	Acid mine drainage 3300038494	Richmond-AMD	20	84	Incomplete	Incomplete	True
cell_comparison	S67	36	M00847 | Heme biosynthesis, archaea, siroheme -> heme	Lab enriched acid 3300038413	Akron-AMD	21	29	Incomplete	Incomplete	True
cell_comparison	S67	36	M00847 | Heme biosynthesis, archaea, siroheme -> heme	Acid mine drainage 3300008567	Richmond-AMD	22	68	Incomplete	Incomplete	True
cell_comparison	S67	36	M00847 | Heme biosynthesis, archaea, siroheme -> heme	Acid mine drainage 3300030091	Richmond-AMD	23	64	Incomplete	Incomplete	True
cell_comparison	S67	36	M00847 | Heme biosynthesis, archaea, siroheme -> heme	Hydrotherm Fe rich 3300023310	Hydrothermal-Fe-mats	24	34	Incomplete	Incomplete	True
cell_comparison	S67	36	M00847 | Heme biosynthesis, archaea, siroheme -> heme	Metatransc of lab 3300046014	Akron-AMD	25	26	Incomplete	Incomplete	True
cell_comparison	S67	36	M00847 | Heme biosynthesis, archaea, siroheme -> heme	Metatransc of lab 3300055056	Akron-AMD	26	20	Incomplete	Incomplete	True
cell_comparison	S67	36	M00847 | Heme biosynthesis, archaea, siroheme -> heme	Freshwater sediment microbial 3300010391	Lake-Superior	27	49	Incomplete	Incomplete	True
cell_comparison	S67	36	M00847 | Heme biosynthesis, archaea, siroheme -> heme	Freshwater sediment microbial 3300031898	Lake-Towuti	28	57	Incomplete	Incomplete	True
cell_comparison	S67	36	M00847 | Heme biosynthesis, archaea, siroheme -> heme	Freshwater microbial communitie 3300024300	Lake-Matano	29	43	Incomplete	Incomplete	True
cell_comparison	S67	36	M00847 | Heme biosynthesis, archaea, siroheme -> heme	Metatransc of lab 3300055061	Akron-AMD	30	22	Incomplete	Incomplete	True
cell_comparison	S67	36	M00847 | Heme biosynthesis, archaea, siroheme -> heme	Hydrotherm Fe rich 3300023368	Hydrothermal-Fe-mats	31	37	Incomplete	Incomplete	True
cell_comparison	S67	36	M00847 | Heme biosynthesis, archaea, siroheme -> heme	Acid mine drainage 3300038487	Richmond-AMD	32	63	Incomplete	Incomplete	True
cell_comparison	S67	36	M00847 | Heme biosynthesis, archaea, siroheme -> heme	Freshwater sediment microbial 3300031593	Lake-Towuti	33	52	Incomplete	Incomplete	True
cell_comparison	S67	36	M00847 | Heme biosynthesis, archaea, siroheme -> heme	Acid mine drainage 3300030082	Richmond-AMD	34	71	Incomplete	Incomplete	True
cell_comparison	S67	36	M00847 | Heme biosynthesis, archaea, siroheme -> heme	Freshwater sediment microbial 3300031604	Lake-Towuti	35	50	Incomplete	Incomplete	True
cell_comparison	S67	36	M00847 | Heme biosynthesis, archaea, siroheme -> heme	Freshwater sediment microbial 3300021518	Lake-Towuti	36	51	Incomplete	Incomplete	True
cell_comparison	S67	36	M00847 | Heme biosynthesis, archaea, siroheme -> heme	Acid mine drainage 3300030398	Richmond-AMD	37	83	Incomplete	Incomplete	True
cell_comparison	S67	36	M00847 | Heme biosynthesis, archaea, siroheme -> heme	Acid mine drainage 3300030242	Richmond-AMD	38	79	Incomplete	Incomplete	True
cell_comparison	S67	36	M00847 | Heme biosynthesis, archaea, siroheme -> heme	Hydrotherm Fe rich 3300023439	Hydrothermal-Fe-mats	39	40	Incomplete	Incomplete	True
cell_comparison	S67	36	M00847 | Heme biosynthesis, archaea, siroheme -> heme	Freshwater microbial communitie 3300024333	Lake-Matano	40	44	Incomplete	Incomplete	True
cell_comparison	S67	36	M00847 | Heme biosynthesis, archaea, siroheme -> heme	Lab enriched sediment 3300039027	Burr-Oak-BO4	41	31	Incomplete	Incomplete	True
cell_comparison	S67	36	M00847 | Heme biosynthesis, archaea, siroheme -> heme	Acid mine drainage 3300039205	Richmond-AMD	42	75	Incomplete	Incomplete	True
cell_comparison	S67	36	M00847 | Heme biosynthesis, archaea, siroheme -> heme	Freshwater microbial communitie 3300043827	Lake-Matano	43	47	Incomplete	Incomplete	True
cell_comparison	S67	36	M00847 | Heme biosynthesis, archaea, siroheme -> heme	Lab enriched acid 3300038471	Akron-AMD	44	24	Incomplete	Incomplete	True
cell_comparison	S67	36	M00847 | Heme biosynthesis, archaea, siroheme -> heme	Acid mine drainage 3300030335	Richmond-AMD	45	65	Incomplete	Incomplete	True
cell_comparison	S67	36	M00847 | Heme biosynthesis, archaea, siroheme -> heme	Freshwater microbial communitie 3300028737	Lake-Matano	46	46	Incomplete	Incomplete	True
cell_comparison	S67	36	M00847 | Heme biosynthesis, archaea, siroheme -> heme	Lab enriched acid 3300038411	Akron-AMD	47	25	Incomplete	Incomplete	True
cell_comparison	S67	36	M00847 | Heme biosynthesis, archaea, siroheme -> heme	Freshwater sediment microbial 3300031877	Lake-Towuti	48	53	Incomplete	Incomplete	True
cell_comparison	S67	36	M00847 | Heme biosynthesis, archaea, siroheme -> heme	Acid mine drainage 3300038731	Richmond-AMD	49	62	Incomplete	Incomplete	True
cell_comparison	S67	36	M00847 | Heme biosynthesis, archaea, siroheme -> heme	Acid mine drainage 3300038979	Richmond-AMD	50	73	Incomplete	Incomplete	True
cell_comparison	S67	36	M00847 | Heme biosynthesis, archaea, siroheme -> heme	Hydrotherm Fe rich 3300023548	Hydrothermal-Fe-mats	51	41	Incomplete	Incomplete	True
cell_comparison	S67	36	M00847 | Heme biosynthesis, archaea, siroheme -> heme	Metatransc of freshwater 3300061576	Lake-Superior	52	48	Complete	Complete	True
cell_comparison	S67	36	M00847 | Heme biosynthesis, archaea, siroheme -> heme	Acid mine drainage 3300038486	Richmond-AMD	53	82	Incomplete	Incomplete	True
cell_comparison	S67	36	M00847 | Heme biosynthesis, archaea, siroheme -> heme	Freshwater sediment microbial 3300031587	Lake-Towuti	54	59	Incomplete	Incomplete	True
cell_comparison	S67	36	M00847 | Heme biosynthesis, archaea, siroheme -> heme	Acid Mine Drainage 3300005360	Richmond-AMD	55	74	Incomplete	Incomplete	True
cell_comparison	S67	36	M00847 | Heme biosynthesis, archaea, siroheme -> heme	Acid mine drainage 3300008723	Richmond-AMD	56	67	Incomplete	Incomplete	True
cell_comparison	S67	36	M00847 | Heme biosynthesis, archaea, siroheme -> heme	Acid mine drainage 3300038493	Richmond-AMD	57	81	Incomplete	Incomplete	True
cell_comparison	S67	36	M00847 | Heme biosynthesis, archaea, siroheme -> heme	Freshwater sediment microbial 3300036045	Lake-Towuti	58	55	Incomplete	Incomplete	True
cell_comparison	S67	36	M00847 | Heme biosynthesis, archaea, siroheme -> heme	Metatransc of lab 3300046013	Akron-AMD	59	28	Incomplete	Incomplete	True
cell_comparison	S67	36	M00847 | Heme biosynthesis, archaea, siroheme -> heme	Acid mine drainage 3300038729	Richmond-AMD	60	72	Incomplete	Incomplete	True
cell_comparison	S67	36	M00847 | Heme biosynthesis, archaea, siroheme -> heme	Acid mine drainage 3300030413	Richmond-AMD	61	85	Incomplete	Incomplete	True
cell_comparison	S67	36	M00847 | Heme biosynthesis, archaea, siroheme -> heme	Lab enriched acid 3300038412	Akron-AMD	62	27	Incomplete	Incomplete	True
cell_comparison	S67	36	M00847 | Heme biosynthesis, archaea, siroheme -> heme	Freshwater sediment microbial 3300031806	Lake-Towuti	63	60	Incomplete	Incomplete	True
cell_comparison	S67	36	M00847 | Heme biosynthesis, archaea, siroheme -> heme	Metatransc of lab 3300055057	Akron-AMD	64	30	Incomplete	Incomplete	True
cell_comparison	S67	36	M00847 | Heme biosynthesis, archaea, siroheme -> heme	Hydrotherm Fe rich 3300023440	Hydrothermal-Fe-mats	65	39	Incomplete	Incomplete	True
cell_comparison	S67	36	M00847 | Heme biosynthesis, archaea, siroheme -> heme	Lab enriched sediment 3300039028	Burr-Oak-BO4	66	32	Incomplete	Incomplete	True
cell_comparison	S67	36	M00847 | Heme biosynthesis, archaea, siroheme -> heme	Acid mine drainage 3300008566	Richmond-AMD	67	77	Incomplete	Incomplete	True
cell_comparison	S67	36	M00847 | Heme biosynthesis, archaea, siroheme -> heme	Freshwater microbial communitie 3300024341	Lake-Matano	68	45	Incomplete	Incomplete	True
cell_comparison	S67	36	M00847 | Heme biosynthesis, archaea, siroheme -> heme	Freshwater sediment microbial 3300021517	Lake-Towuti	69	56	Incomplete	Incomplete	True
cell_comparison	S67	36	M00847 | Heme biosynthesis, archaea, siroheme -> heme	Metatransc of lab 3300055062	Akron-AMD	70	21	Incomplete	Incomplete	True
cell_comparison	S67	36	M00847 | Heme biosynthesis, archaea, siroheme -> heme	Hydrotherm Fe rich 3300023442	Hydrothermal-Fe-mats	71	35	Incomplete	Incomplete	True
cell_comparison	S67	36	M00847 | Heme biosynthesis, archaea, siroheme -> heme	Freshwater sediment microbial 3300036046	Lake-Towuti	72	54	Incomplete	Incomplete	True
cell_comparison	S67	36	M00847 | Heme biosynthesis, archaea, siroheme -> heme	Hydrotherm Fe rich 3300023313	Hydrothermal-Fe-mats	73	36	Incomplete	Incomplete	True
cell_comparison	S67	36	M00847 | Heme biosynthesis, archaea, siroheme -> heme	Acid mine drainage 3300039211	Richmond-AMD	74	80	Incomplete	Incomplete	True
cell_comparison	S67	36	M00847 | Heme biosynthesis, archaea, siroheme -> heme	Acid mine drainage 3300008721	Richmond-AMD	75	78	Incomplete	Incomplete	True
cell_comparison	S67	36	M00847 | Heme biosynthesis, archaea, siroheme -> heme	Pink biofilm microbial 3300003104	Richmond-AMD	76	69	Incomplete	Incomplete	True
cell_comparison	S67	36	M00847 | Heme biosynthesis, archaea, siroheme -> heme	Acid mine drainage 3300038681	Richmond-AMD	77	86	Incomplete	Incomplete	True
cell_comparison	S67	36	M00847 | Heme biosynthesis, archaea, siroheme -> heme	Acid mine drainage 3300030228	Richmond-AMD	78	70	Incomplete	Incomplete	True
cell_comparison	S67	36	M00847 | Heme biosynthesis, archaea, siroheme -> heme	Metatransc of lab 3300055069	Akron-AMD	79	23	Incomplete	Incomplete	True
cell_comparison	S67	36	M00847 | Heme biosynthesis, archaea, siroheme -> heme	Acid Mine Drainage 2010484004	Richmond-AMD	80	66	Incomplete	Incomplete	True
cell_comparison	S67	36	M00847 | Heme biosynthesis, archaea, siroheme -> heme	Hydrotherm Fe rich 3300023307	Hydrothermal-Fe-mats	81	33	Incomplete	Incomplete	True
cell_comparison	S67	36	M00847 | Heme biosynthesis, archaea, siroheme -> heme	Freshwater sediment microbial 3300031876	Lake-Towuti	82	58	Incomplete	Incomplete	True
cell_comparison	S67	36	M00847 | Heme biosynthesis, archaea, siroheme -> heme	Freshwater microbial communitie 3300023177	Lake-Matano	83	42	Incomplete	Incomplete	True
cell_comparison	S67	36	M00847 | Heme biosynthesis, archaea, siroheme -> heme	Biofilm microbial communitie 3300021476	Other-Fe	84	61	Incomplete	Incomplete	True
cell_comparison	S67	36	M00847 | Heme biosynthesis, archaea, siroheme -> heme	Acid Mine Drainage 3300003083	Richmond-AMD	85	76	Incomplete	Incomplete	True
cell_comparison	S67	36	M00847 | Heme biosynthesis, archaea, siroheme -> heme	Hydrotherm Fe rich 3300023444	Hydrothermal-Fe-mats	86	38	Incomplete	Incomplete	True
cell_comparison	S67	37	M00868 | Heme biosynthesis, animals and fungi, glycine -> heme	AM.P1.D	Amazonian - Amendoim	0	0	Incomplete	Incomplete	True
cell_comparison	S67	37	M00868 | Heme biosynthesis, animals and fungi, glycine -> heme	AM.P1.R	Amazonian - Amendoim	1	1	Complete	Complete	True
cell_comparison	S67	37	M00868 | Heme biosynthesis, animals and fungi, glycine -> heme	AM.P2.D	Amazonian - Amendoim	2	2	Incomplete	Incomplete	True
cell_comparison	S67	37	M00868 | Heme biosynthesis, animals and fungi, glycine -> heme	AM.P2.R	Amazonian - Amendoim	3	3	1 block missing	1 block missing	True
cell_comparison	S67	37	M00868 | Heme biosynthesis, animals and fungi, glycine -> heme	TIA.P1.D	Amazonian - Tres Irmas Adjacent	4	4	Incomplete	Incomplete	True
cell_comparison	S67	37	M00868 | Heme biosynthesis, animals and fungi, glycine -> heme	TIA.P1.R	Amazonian - Tres Irmas Adjacent	5	5	Incomplete	Incomplete	True
cell_comparison	S67	37	M00868 | Heme biosynthesis, animals and fungi, glycine -> heme	TIA.P2.D	Amazonian - Tres Irmas Adjacent	6	6	Incomplete	Incomplete	True
cell_comparison	S67	37	M00868 | Heme biosynthesis, animals and fungi, glycine -> heme	TIA.P2.R	Amazonian - Tres Irmas Adjacent	7	7	Incomplete	Incomplete	True
cell_comparison	S67	37	M00868 | Heme biosynthesis, animals and fungi, glycine -> heme	TI.P1.D	Amazonian - Tres Irmas	8	8	Complete	Complete	True
cell_comparison	S67	37	M00868 | Heme biosynthesis, animals and fungi, glycine -> heme	TI.P1.R	Amazonian - Tres Irmas	9	9	Incomplete	Incomplete	True
cell_comparison	S67	37	M00868 | Heme biosynthesis, animals and fungi, glycine -> heme	TI.P2.D	Amazonian - Tres Irmas	10	10	Incomplete	Incomplete	True
cell_comparison	S67	37	M00868 | Heme biosynthesis, animals and fungi, glycine -> heme	TI.P2.R	Amazonian - Tres Irmas	11	11	1 block missing	1 block missing	True
cell_comparison	S67	37	M00868 | Heme biosynthesis, animals and fungi, glycine -> heme	TI.P3.D	Amazonian - Tres Irmas	12	12	Incomplete	Incomplete	True
cell_comparison	S67	37	M00868 | Heme biosynthesis, animals and fungi, glycine -> heme	TI.P3.R	Amazonian - Tres Irmas	13	13	Incomplete	Incomplete	True
cell_comparison	S67	37	M00868 | Heme biosynthesis, animals and fungi, glycine -> heme	TI.P4.D	Amazonian - Tres Irmas	14	14	Incomplete	Incomplete	True
cell_comparison	S67	37	M00868 | Heme biosynthesis, animals and fungi, glycine -> heme	TI.P4.R	Amazonian - Tres Irmas	15	15	1 block missing	1 block missing	True
cell_comparison	S67	37	M00868 | Heme biosynthesis, animals and fungi, glycine -> heme	VI.P1.D	Amazonian - Violao	16	16	Incomplete	Incomplete	True
cell_comparison	S67	37	M00868 | Heme biosynthesis, animals and fungi, glycine -> heme	VI.P1.R	Amazonian - Violao	17	17	Incomplete	Incomplete	True
cell_comparison	S67	37	M00868 | Heme biosynthesis, animals and fungi, glycine -> heme	VI.P2.D	Amazonian - Violao	18	18	1 block missing	1 block missing	True
cell_comparison	S67	37	M00868 | Heme biosynthesis, animals and fungi, glycine -> heme	VI.P2.R	Amazonian - Violao	19	19	Incomplete	Incomplete	True
cell_comparison	S67	37	M00868 | Heme biosynthesis, animals and fungi, glycine -> heme	Acid mine drainage 3300038494	Richmond-AMD	20	84	Incomplete	Incomplete	True
cell_comparison	S67	37	M00868 | Heme biosynthesis, animals and fungi, glycine -> heme	Lab enriched acid 3300038413	Akron-AMD	21	29	Complete	Complete	True
cell_comparison	S67	37	M00868 | Heme biosynthesis, animals and fungi, glycine -> heme	Acid mine drainage 3300008567	Richmond-AMD	22	68	Incomplete	Incomplete	True
cell_comparison	S67	37	M00868 | Heme biosynthesis, animals and fungi, glycine -> heme	Acid mine drainage 3300030091	Richmond-AMD	23	64	Incomplete	Incomplete	True
cell_comparison	S67	37	M00868 | Heme biosynthesis, animals and fungi, glycine -> heme	Hydrotherm Fe rich 3300023310	Hydrothermal-Fe-mats	24	34	Complete	Complete	True
cell_comparison	S67	37	M00868 | Heme biosynthesis, animals and fungi, glycine -> heme	Metatransc of lab 3300046014	Akron-AMD	25	26	Incomplete	Incomplete	True
cell_comparison	S67	37	M00868 | Heme biosynthesis, animals and fungi, glycine -> heme	Metatransc of lab 3300055056	Akron-AMD	26	20	Incomplete	Incomplete	True
cell_comparison	S67	37	M00868 | Heme biosynthesis, animals and fungi, glycine -> heme	Freshwater sediment microbial 3300010391	Lake-Superior	27	49	Complete	Complete	True
cell_comparison	S67	37	M00868 | Heme biosynthesis, animals and fungi, glycine -> heme	Freshwater sediment microbial 3300031898	Lake-Towuti	28	57	1 block missing	1 block missing	True
cell_comparison	S67	37	M00868 | Heme biosynthesis, animals and fungi, glycine -> heme	Freshwater microbial communitie 3300024300	Lake-Matano	29	43	Complete	Complete	True
cell_comparison	S67	37	M00868 | Heme biosynthesis, animals and fungi, glycine -> heme	Metatransc of lab 3300055061	Akron-AMD	30	22	Incomplete	Incomplete	True
cell_comparison	S67	37	M00868 | Heme biosynthesis, animals and fungi, glycine -> heme	Hydrotherm Fe rich 3300023368	Hydrothermal-Fe-mats	31	37	Complete	Complete	True
cell_comparison	S67	37	M00868 | Heme biosynthesis, animals and fungi, glycine -> heme	Acid mine drainage 3300038487	Richmond-AMD	32	63	Incomplete	Incomplete	True
cell_comparison	S67	37	M00868 | Heme biosynthesis, animals and fungi, glycine -> heme	Freshwater sediment microbial 3300031593	Lake-Towuti	33	52	Incomplete	Incomplete	True
cell_comparison	S67	37	M00868 | Heme biosynthesis, animals and fungi, glycine -> heme	Acid mine drainage 3300030082	Richmond-AMD	34	71	Incomplete	Incomplete	True
cell_comparison	S67	37	M00868 | Heme biosynthesis, animals and fungi, glycine -> heme	Freshwater sediment microbial 3300031604	Lake-Towuti	35	50	Incomplete	Incomplete	True
cell_comparison	S67	37	M00868 | Heme biosynthesis, animals and fungi, glycine -> heme	Freshwater sediment microbial 3300021518	Lake-Towuti	36	51	Complete	Complete	True
cell_comparison	S67	37	M00868 | Heme biosynthesis, animals and fungi, glycine -> heme	Acid mine drainage 3300030398	Richmond-AMD	37	83	Incomplete	Incomplete	True
cell_comparison	S67	37	M00868 | Heme biosynthesis, animals and fungi, glycine -> heme	Acid mine drainage 3300030242	Richmond-AMD	38	79	Incomplete	Incomplete	True
cell_comparison	S67	37	M00868 | Heme biosynthesis, animals and fungi, glycine -> heme	Hydrotherm Fe rich 3300023439	Hydrothermal-Fe-mats	39	40	Complete	Complete	True
cell_comparison	S67	37	M00868 | Heme biosynthesis, animals and fungi, glycine -> heme	Freshwater microbial communitie 3300024333	Lake-Matano	40	44	Complete	Complete	True
cell_comparison	S67	37	M00868 | Heme biosynthesis, animals and fungi, glycine -> heme	Lab enriched sediment 3300039027	Burr-Oak-BO4	41	31	Complete	Complete	True
cell_comparison	S67	37	M00868 | Heme biosynthesis, animals and fungi, glycine -> heme	Acid mine drainage 3300039205	Richmond-AMD	42	75	Incomplete	Incomplete	True
cell_comparison	S67	37	M00868 | Heme biosynthesis, animals and fungi, glycine -> heme	Freshwater microbial communitie 3300043827	Lake-Matano	43	47	Complete	Complete	True
cell_comparison	S67	37	M00868 | Heme biosynthesis, animals and fungi, glycine -> heme	Lab enriched acid 3300038471	Akron-AMD	44	24	Complete	Complete	True
cell_comparison	S67	37	M00868 | Heme biosynthesis, animals and fungi, glycine -> heme	Acid mine drainage 3300030335	Richmond-AMD	45	65	Incomplete	Incomplete	True
cell_comparison	S67	37	M00868 | Heme biosynthesis, animals and fungi, glycine -> heme	Freshwater microbial communitie 3300028737	Lake-Matano	46	46	Complete	Complete	True
cell_comparison	S67	37	M00868 | Heme biosynthesis, animals and fungi, glycine -> heme	Lab enriched acid 3300038411	Akron-AMD	47	25	Complete	Complete	True
cell_comparison	S67	37	M00868 | Heme biosynthesis, animals and fungi, glycine -> heme	Freshwater sediment microbial 3300031877	Lake-Towuti	48	53	Incomplete	Incomplete	True
cell_comparison	S67	37	M00868 | Heme biosynthesis, animals and fungi, glycine -> heme	Acid mine drainage 3300038731	Richmond-AMD	49	62	Incomplete	Incomplete	True
cell_comparison	S67	37	M00868 | Heme biosynthesis, animals and fungi, glycine -> heme	Acid mine drainage 3300038979	Richmond-AMD	50	73	Incomplete	Incomplete	True
cell_comparison	S67	37	M00868 | Heme biosynthesis, animals and fungi, glycine -> heme	Hydrotherm Fe rich 3300023548	Hydrothermal-Fe-mats	51	41	Complete	Complete	True
cell_comparison	S67	37	M00868 | Heme biosynthesis, animals and fungi, glycine -> heme	Metatransc of freshwater 3300061576	Lake-Superior	52	48	Complete	Complete	True
cell_comparison	S67	37	M00868 | Heme biosynthesis, animals and fungi, glycine -> heme	Acid mine drainage 3300038486	Richmond-AMD	53	82	Incomplete	Incomplete	True
cell_comparison	S67	37	M00868 | Heme biosynthesis, animals and fungi, glycine -> heme	Freshwater sediment microbial 3300031587	Lake-Towuti	54	59	Incomplete	Incomplete	True
cell_comparison	S67	37	M00868 | Heme biosynthesis, animals and fungi, glycine -> heme	Acid Mine Drainage 3300005360	Richmond-AMD	55	74	Incomplete	Incomplete	True
cell_comparison	S67	37	M00868 | Heme biosynthesis, animals and fungi, glycine -> heme	Acid mine drainage 3300008723	Richmond-AMD	56	67	Incomplete	Incomplete	True
cell_comparison	S67	37	M00868 | Heme biosynthesis, animals and fungi, glycine -> heme	Acid mine drainage 3300038493	Richmond-AMD	57	81	Incomplete	Incomplete	True
cell_comparison	S67	37	M00868 | Heme biosynthesis, animals and fungi, glycine -> heme	Freshwater sediment microbial 3300036045	Lake-Towuti	58	55	Complete	Complete	True
cell_comparison	S67	37	M00868 | Heme biosynthesis, animals and fungi, glycine -> heme	Metatransc of lab 3300046013	Akron-AMD	59	28	Complete	Complete	True
cell_comparison	S67	37	M00868 | Heme biosynthesis, animals and fungi, glycine -> heme	Acid mine drainage 3300038729	Richmond-AMD	60	72	Incomplete	Incomplete	True
cell_comparison	S67	37	M00868 | Heme biosynthesis, animals and fungi, glycine -> heme	Acid mine drainage 3300030413	Richmond-AMD	61	85	Incomplete	Incomplete	True
cell_comparison	S67	37	M00868 | Heme biosynthesis, animals and fungi, glycine -> heme	Lab enriched acid 3300038412	Akron-AMD	62	27	Complete	Complete	True
cell_comparison	S67	37	M00868 | Heme biosynthesis, animals and fungi, glycine -> heme	Freshwater sediment microbial 3300031806	Lake-Towuti	63	60	Incomplete	Incomplete	True
cell_comparison	S67	37	M00868 | Heme biosynthesis, animals and fungi, glycine -> heme	Metatransc of lab 3300055057	Akron-AMD	64	30	Incomplete	Incomplete	True
cell_comparison	S67	37	M00868 | Heme biosynthesis, animals and fungi, glycine -> heme	Hydrotherm Fe rich 3300023440	Hydrothermal-Fe-mats	65	39	Complete	Complete	True
cell_comparison	S67	37	M00868 | Heme biosynthesis, animals and fungi, glycine -> heme	Lab enriched sediment 3300039028	Burr-Oak-BO4	66	32	Complete	Complete	True
cell_comparison	S67	37	M00868 | Heme biosynthesis, animals and fungi, glycine -> heme	Acid mine drainage 3300008566	Richmond-AMD	67	77	Incomplete	Incomplete	True
cell_comparison	S67	37	M00868 | Heme biosynthesis, animals and fungi, glycine -> heme	Freshwater microbial communitie 3300024341	Lake-Matano	68	45	Complete	Complete	True
cell_comparison	S67	37	M00868 | Heme biosynthesis, animals and fungi, glycine -> heme	Freshwater sediment microbial 3300021517	Lake-Towuti	69	56	Complete	Complete	True
cell_comparison	S67	37	M00868 | Heme biosynthesis, animals and fungi, glycine -> heme	Metatransc of lab 3300055062	Akron-AMD	70	21	Complete	Complete	True
cell_comparison	S67	37	M00868 | Heme biosynthesis, animals and fungi, glycine -> heme	Hydrotherm Fe rich 3300023442	Hydrothermal-Fe-mats	71	35	Complete	Complete	True
cell_comparison	S67	37	M00868 | Heme biosynthesis, animals and fungi, glycine -> heme	Freshwater sediment microbial 3300036046	Lake-Towuti	72	54	Complete	Complete	True
cell_comparison	S67	37	M00868 | Heme biosynthesis, animals and fungi, glycine -> heme	Hydrotherm Fe rich 3300023313	Hydrothermal-Fe-mats	73	36	Complete	Complete	True
cell_comparison	S67	37	M00868 | Heme biosynthesis, animals and fungi, glycine -> heme	Acid mine drainage 3300039211	Richmond-AMD	74	80	Incomplete	Incomplete	True
cell_comparison	S67	37	M00868 | Heme biosynthesis, animals and fungi, glycine -> heme	Acid mine drainage 3300008721	Richmond-AMD	75	78	Incomplete	Incomplete	True
cell_comparison	S67	37	M00868 | Heme biosynthesis, animals and fungi, glycine -> heme	Pink biofilm microbial 3300003104	Richmond-AMD	76	69	Incomplete	Incomplete	True
cell_comparison	S67	37	M00868 | Heme biosynthesis, animals and fungi, glycine -> heme	Acid mine drainage 3300038681	Richmond-AMD	77	86	Incomplete	Incomplete	True
cell_comparison	S67	37	M00868 | Heme biosynthesis, animals and fungi, glycine -> heme	Acid mine drainage 3300030228	Richmond-AMD	78	70	Incomplete	Incomplete	True
cell_comparison	S67	37	M00868 | Heme biosynthesis, animals and fungi, glycine -> heme	Metatransc of lab 3300055069	Akron-AMD	79	23	Incomplete	Incomplete	True
cell_comparison	S67	37	M00868 | Heme biosynthesis, animals and fungi, glycine -> heme	Acid Mine Drainage 2010484004	Richmond-AMD	80	66	Incomplete	Incomplete	True
cell_comparison	S67	37	M00868 | Heme biosynthesis, animals and fungi, glycine -> heme	Hydrotherm Fe rich 3300023307	Hydrothermal-Fe-mats	81	33	Incomplete	Incomplete	True
cell_comparison	S67	37	M00868 | Heme biosynthesis, animals and fungi, glycine -> heme	Freshwater sediment microbial 3300031876	Lake-Towuti	82	58	Incomplete	Incomplete	True
cell_comparison	S67	37	M00868 | Heme biosynthesis, animals and fungi, glycine -> heme	Freshwater microbial communitie 3300023177	Lake-Matano	83	42	Complete	Complete	True
cell_comparison	S67	37	M00868 | Heme biosynthesis, animals and fungi, glycine -> heme	Biofilm microbial communitie 3300021476	Other-Fe	84	61	Complete	Complete	True
cell_comparison	S67	37	M00868 | Heme biosynthesis, animals and fungi, glycine -> heme	Acid Mine Drainage 3300003083	Richmond-AMD	85	76	Incomplete	Incomplete	True
cell_comparison	S67	37	M00868 | Heme biosynthesis, animals and fungi, glycine -> heme	Hydrotherm Fe rich 3300023444	Hydrothermal-Fe-mats	86	38	Complete	Complete	True
cell_comparison	S67	38	M00926 | Heme biosynthesis bacteria	AM.P1.D	Amazonian - Amendoim	0	0	Complete	Complete	True
cell_comparison	S67	38	M00926 | Heme biosynthesis bacteria	AM.P1.R	Amazonian - Amendoim	1	1	Complete	Complete	True
cell_comparison	S67	38	M00926 | Heme biosynthesis bacteria	AM.P2.D	Amazonian - Amendoim	2	2	Incomplete	Incomplete	True
cell_comparison	S67	38	M00926 | Heme biosynthesis bacteria	AM.P2.R	Amazonian - Amendoim	3	3	Complete	Complete	True
cell_comparison	S67	38	M00926 | Heme biosynthesis bacteria	TIA.P1.D	Amazonian - Tres Irmas Adjacent	4	4	1 block missing	1 block missing	True
cell_comparison	S67	38	M00926 | Heme biosynthesis bacteria	TIA.P1.R	Amazonian - Tres Irmas Adjacent	5	5	1 block missing	1 block missing	True
cell_comparison	S67	38	M00926 | Heme biosynthesis bacteria	TIA.P2.D	Amazonian - Tres Irmas Adjacent	6	6	1 block missing	1 block missing	True
cell_comparison	S67	38	M00926 | Heme biosynthesis bacteria	TIA.P2.R	Amazonian - Tres Irmas Adjacent	7	7	Incomplete	Incomplete	True
cell_comparison	S67	38	M00926 | Heme biosynthesis bacteria	TI.P1.D	Amazonian - Tres Irmas	8	8	1 block missing	1 block missing	True
cell_comparison	S67	38	M00926 | Heme biosynthesis bacteria	TI.P1.R	Amazonian - Tres Irmas	9	9	1 block missing	1 block missing	True
cell_comparison	S67	38	M00926 | Heme biosynthesis bacteria	TI.P2.D	Amazonian - Tres Irmas	10	10	1 block missing	1 block missing	True
cell_comparison	S67	38	M00926 | Heme biosynthesis bacteria	TI.P2.R	Amazonian - Tres Irmas	11	11	1 block missing	1 block missing	True
cell_comparison	S67	38	M00926 | Heme biosynthesis bacteria	TI.P3.D	Amazonian - Tres Irmas	12	12	Complete	Complete	True
cell_comparison	S67	38	M00926 | Heme biosynthesis bacteria	TI.P3.R	Amazonian - Tres Irmas	13	13	1 block missing	1 block missing	True
cell_comparison	S67	38	M00926 | Heme biosynthesis bacteria	TI.P4.D	Amazonian - Tres Irmas	14	14	Incomplete	Incomplete	True
cell_comparison	S67	38	M00926 | Heme biosynthesis bacteria	TI.P4.R	Amazonian - Tres Irmas	15	15	1 block missing	1 block missing	True
cell_comparison	S67	38	M00926 | Heme biosynthesis bacteria	VI.P1.D	Amazonian - Violao	16	16	1 block missing	1 block missing	True
cell_comparison	S67	38	M00926 | Heme biosynthesis bacteria	VI.P1.R	Amazonian - Violao	17	17	1 block missing	1 block missing	True
cell_comparison	S67	38	M00926 | Heme biosynthesis bacteria	VI.P2.D	Amazonian - Violao	18	18	1 block missing	1 block missing	True
cell_comparison	S67	38	M00926 | Heme biosynthesis bacteria	VI.P2.R	Amazonian - Violao	19	19	1 block missing	1 block missing	True
cell_comparison	S67	38	M00926 | Heme biosynthesis bacteria	Acid mine drainage 3300038494	Richmond-AMD	20	84	1 block missing	1 block missing	True
cell_comparison	S67	38	M00926 | Heme biosynthesis bacteria	Lab enriched acid 3300038413	Akron-AMD	21	29	Complete	Complete	True
cell_comparison	S67	38	M00926 | Heme biosynthesis bacteria	Acid mine drainage 3300008567	Richmond-AMD	22	68	Incomplete	Incomplete	True
cell_comparison	S67	38	M00926 | Heme biosynthesis bacteria	Acid mine drainage 3300030091	Richmond-AMD	23	64	1 block missing	1 block missing	True
cell_comparison	S67	38	M00926 | Heme biosynthesis bacteria	Hydrotherm Fe rich 3300023310	Hydrothermal-Fe-mats	24	34	1 block missing	1 block missing	True
cell_comparison	S67	38	M00926 | Heme biosynthesis bacteria	Metatransc of lab 3300046014	Akron-AMD	25	26	Incomplete	Incomplete	True
cell_comparison	S67	38	M00926 | Heme biosynthesis bacteria	Metatransc of lab 3300055056	Akron-AMD	26	20	Incomplete	Incomplete	True
cell_comparison	S67	38	M00926 | Heme biosynthesis bacteria	Freshwater sediment microbial 3300010391	Lake-Superior	27	49	Complete	Complete	True
cell_comparison	S67	38	M00926 | Heme biosynthesis bacteria	Freshwater sediment microbial 3300031898	Lake-Towuti	28	57	Complete	Complete	True
cell_comparison	S67	38	M00926 | Heme biosynthesis bacteria	Freshwater microbial communitie 3300024300	Lake-Matano	29	43	Complete	Complete	True
cell_comparison	S67	38	M00926 | Heme biosynthesis bacteria	Metatransc of lab 3300055061	Akron-AMD	30	22	Incomplete	Incomplete	True
cell_comparison	S67	38	M00926 | Heme biosynthesis bacteria	Hydrotherm Fe rich 3300023368	Hydrothermal-Fe-mats	31	37	Complete	Complete	True
cell_comparison	S67	38	M00926 | Heme biosynthesis bacteria	Acid mine drainage 3300038487	Richmond-AMD	32	63	1 block missing	1 block missing	True
cell_comparison	S67	38	M00926 | Heme biosynthesis bacteria	Freshwater sediment microbial 3300031593	Lake-Towuti	33	52	1 block missing	1 block missing	True
cell_comparison	S67	38	M00926 | Heme biosynthesis bacteria	Acid mine drainage 3300030082	Richmond-AMD	34	71	1 block missing	1 block missing	True
cell_comparison	S67	38	M00926 | Heme biosynthesis bacteria	Freshwater sediment microbial 3300031604	Lake-Towuti	35	50	1 block missing	1 block missing	True
cell_comparison	S67	38	M00926 | Heme biosynthesis bacteria	Freshwater sediment microbial 3300021518	Lake-Towuti	36	51	Complete	Complete	True
cell_comparison	S67	38	M00926 | Heme biosynthesis bacteria	Acid mine drainage 3300030398	Richmond-AMD	37	83	1 block missing	1 block missing	True
cell_comparison	S67	38	M00926 | Heme biosynthesis bacteria	Acid mine drainage 3300030242	Richmond-AMD	38	79	1 block missing	1 block missing	True
cell_comparison	S67	38	M00926 | Heme biosynthesis bacteria	Hydrotherm Fe rich 3300023439	Hydrothermal-Fe-mats	39	40	Complete	Complete	True
cell_comparison	S67	38	M00926 | Heme biosynthesis bacteria	Freshwater microbial communitie 3300024333	Lake-Matano	40	44	Complete	Complete	True
cell_comparison	S67	38	M00926 | Heme biosynthesis bacteria	Lab enriched sediment 3300039027	Burr-Oak-BO4	41	31	Complete	Complete	True
cell_comparison	S67	38	M00926 | Heme biosynthesis bacteria	Acid mine drainage 3300039205	Richmond-AMD	42	75	Incomplete	Incomplete	True
cell_comparison	S67	38	M00926 | Heme biosynthesis bacteria	Freshwater microbial communitie 3300043827	Lake-Matano	43	47	Complete	Complete	True
cell_comparison	S67	38	M00926 | Heme biosynthesis bacteria	Lab enriched acid 3300038471	Akron-AMD	44	24	Complete	Complete	True
cell_comparison	S67	38	M00926 | Heme biosynthesis bacteria	Acid mine drainage 3300030335	Richmond-AMD	45	65	1 block missing	1 block missing	True
cell_comparison	S67	38	M00926 | Heme biosynthesis bacteria	Freshwater microbial communitie 3300028737	Lake-Matano	46	46	Complete	Complete	True
cell_comparison	S67	38	M00926 | Heme biosynthesis bacteria	Lab enriched acid 3300038411	Akron-AMD	47	25	Complete	Complete	True
cell_comparison	S67	38	M00926 | Heme biosynthesis bacteria	Freshwater sediment microbial 3300031877	Lake-Towuti	48	53	1 block missing	1 block missing	True
cell_comparison	S67	38	M00926 | Heme biosynthesis bacteria	Acid mine drainage 3300038731	Richmond-AMD	49	62	Incomplete	Incomplete	True
cell_comparison	S67	38	M00926 | Heme biosynthesis bacteria	Acid mine drainage 3300038979	Richmond-AMD	50	73	Incomplete	Incomplete	True
cell_comparison	S67	38	M00926 | Heme biosynthesis bacteria	Hydrotherm Fe rich 3300023548	Hydrothermal-Fe-mats	51	41	Complete	Complete	True
cell_comparison	S67	38	M00926 | Heme biosynthesis bacteria	Metatransc of freshwater 3300061576	Lake-Superior	52	48	Complete	Complete	True
cell_comparison	S67	38	M00926 | Heme biosynthesis bacteria	Acid mine drainage 3300038486	Richmond-AMD	53	82	Incomplete	Incomplete	True
cell_comparison	S67	38	M00926 | Heme biosynthesis bacteria	Freshwater sediment microbial 3300031587	Lake-Towuti	54	59	Complete	Complete	True
cell_comparison	S67	38	M00926 | Heme biosynthesis bacteria	Acid Mine Drainage 3300005360	Richmond-AMD	55	74	1 block missing	1 block missing	True
cell_comparison	S67	38	M00926 | Heme biosynthesis bacteria	Acid mine drainage 3300008723	Richmond-AMD	56	67	Incomplete	Incomplete	True
cell_comparison	S67	38	M00926 | Heme biosynthesis bacteria	Acid mine drainage 3300038493	Richmond-AMD	57	81	1 block missing	1 block missing	True
cell_comparison	S67	38	M00926 | Heme biosynthesis bacteria	Freshwater sediment microbial 3300036045	Lake-Towuti	58	55	Complete	Complete	True
cell_comparison	S67	38	M00926 | Heme biosynthesis bacteria	Metatransc of lab 3300046013	Akron-AMD	59	28	Incomplete	Incomplete	True
cell_comparison	S67	38	M00926 | Heme biosynthesis bacteria	Acid mine drainage 3300038729	Richmond-AMD	60	72	1 block missing	1 block missing	True
cell_comparison	S67	38	M00926 | Heme biosynthesis bacteria	Acid mine drainage 3300030413	Richmond-AMD	61	85	1 block missing	1 block missing	True
cell_comparison	S67	38	M00926 | Heme biosynthesis bacteria	Lab enriched acid 3300038412	Akron-AMD	62	27	Complete	Complete	True
cell_comparison	S67	38	M00926 | Heme biosynthesis bacteria	Freshwater sediment microbial 3300031806	Lake-Towuti	63	60	Complete	Complete	True
cell_comparison	S67	38	M00926 | Heme biosynthesis bacteria	Metatransc of lab 3300055057	Akron-AMD	64	30	Incomplete	Incomplete	True
cell_comparison	S67	38	M00926 | Heme biosynthesis bacteria	Hydrotherm Fe rich 3300023440	Hydrothermal-Fe-mats	65	39	Complete	Complete	True
cell_comparison	S67	38	M00926 | Heme biosynthesis bacteria	Lab enriched sediment 3300039028	Burr-Oak-BO4	66	32	1 block missing	1 block missing	True
cell_comparison	S67	38	M00926 | Heme biosynthesis bacteria	Acid mine drainage 3300008566	Richmond-AMD	67	77	Incomplete	Incomplete	True
cell_comparison	S67	38	M00926 | Heme biosynthesis bacteria	Freshwater microbial communitie 3300024341	Lake-Matano	68	45	Complete	Complete	True
cell_comparison	S67	38	M00926 | Heme biosynthesis bacteria	Freshwater sediment microbial 3300021517	Lake-Towuti	69	56	Complete	Complete	True
cell_comparison	S67	38	M00926 | Heme biosynthesis bacteria	Metatransc of lab 3300055062	Akron-AMD	70	21	Incomplete	Incomplete	True
cell_comparison	S67	38	M00926 | Heme biosynthesis bacteria	Hydrotherm Fe rich 3300023442	Hydrothermal-Fe-mats	71	35	Complete	Complete	True
cell_comparison	S67	38	M00926 | Heme biosynthesis bacteria	Freshwater sediment microbial 3300036046	Lake-Towuti	72	54	Complete	Complete	True
cell_comparison	S67	38	M00926 | Heme biosynthesis bacteria	Hydrotherm Fe rich 3300023313	Hydrothermal-Fe-mats	73	36	Complete	Complete	True
cell_comparison	S67	38	M00926 | Heme biosynthesis bacteria	Acid mine drainage 3300039211	Richmond-AMD	74	80	Incomplete	Incomplete	True
cell_comparison	S67	38	M00926 | Heme biosynthesis bacteria	Acid mine drainage 3300008721	Richmond-AMD	75	78	Incomplete	Incomplete	True
cell_comparison	S67	38	M00926 | Heme biosynthesis bacteria	Pink biofilm microbial 3300003104	Richmond-AMD	76	69	1 block missing	1 block missing	True
cell_comparison	S67	38	M00926 | Heme biosynthesis bacteria	Acid mine drainage 3300038681	Richmond-AMD	77	86	Incomplete	Incomplete	True
cell_comparison	S67	38	M00926 | Heme biosynthesis bacteria	Acid mine drainage 3300030228	Richmond-AMD	78	70	1 block missing	1 block missing	True
cell_comparison	S67	38	M00926 | Heme biosynthesis bacteria	Metatransc of lab 3300055069	Akron-AMD	79	23	Incomplete	Incomplete	True
cell_comparison	S67	38	M00926 | Heme biosynthesis bacteria	Acid Mine Drainage 2010484004	Richmond-AMD	80	66	Incomplete	Incomplete	True
cell_comparison	S67	38	M00926 | Heme biosynthesis bacteria	Hydrotherm Fe rich 3300023307	Hydrothermal-Fe-mats	81	33	Incomplete	Incomplete	True
cell_comparison	S67	38	M00926 | Heme biosynthesis bacteria	Freshwater sediment microbial 3300031876	Lake-Towuti	82	58	1 block missing	1 block missing	True
cell_comparison	S67	38	M00926 | Heme biosynthesis bacteria	Freshwater microbial communitie 3300023177	Lake-Matano	83	42	Complete	Complete	True
cell_comparison	S67	38	M00926 | Heme biosynthesis bacteria	Biofilm microbial communitie 3300021476	Other-Fe	84	61	Complete	Complete	True
cell_comparison	S67	38	M00926 | Heme biosynthesis bacteria	Acid Mine Drainage 3300003083	Richmond-AMD	85	76	Incomplete	Incomplete	True
cell_comparison	S67	38	M00926 | Heme biosynthesis bacteria	Hydrotherm Fe rich 3300023444	Hydrothermal-Fe-mats	86	38	Complete	Complete	True
